n_adj,n_adp,n_adv,n_aux,n_cconj,n_det,n_intj,n_noun,n_num,n_part,n_pron,n_propn,n_punct,n_sconj,n_sym,n_verb,n_space,n_uadj,n_uadp,n_uadv,n_uaux,n_ucconj,n_udet,n_uintj,n_unoun,n_unum,n_upart,n_upron,n_upropn,n_upunct,n_usconj,n_usym,n_uverb,n_uspace,a_word_ps,a_bry_ps,corr_ttr
1,3,3,3,1,2,0,3,2,0,2,0,2,0,0,2,0,1,1,1,1,1,1,0,1,1,0,1,0,1,0,0,1,0,24.0,10.0,0.433
13,17,13,16,5,16,0,35,3,5,13,5,12,4,0,15,0,1,1,1,3,1,1,0,1,1,2,7,1,1,1,0,2,0,28.5,15.0,0.595
3,2,6,4,1,3,1,4,2,1,9,1,9,2,0,5,2,1,1,1,1,1,1,1,1,1,1,3,1,1,1,0,1,1,13.75,7.0,0.381
24,24,19,17,12,17,0,54,2,4,25,8,34,5,1,27,2,1,1,1,4,1,1,0,1,1,2,8,1,1,1,1,2,1,24.909,12.545,0.513
9,8,11,6,4,2,0,7,9,3,15,11,23,3,5,13,5,1,1,1,3,1,1,0,1,1,2,5,1,1,1,1,1,1,31.25,21.0,0.506
8,12,14,9,3,14,1,25,6,4,9,54,19,2,2,15,35,1,1,1,2,1,1,1,1,1,2,5,1,1,1,1,2,1,19.167,4.298,0.373
13,14,5,12,8,19,0,26,1,15,39,0,22,7,0,38,3,1,1,1,2,1,1,0,1,1,2,7,0,1,1,0,2,1,13.059,12.471,0.475
6,5,4,5,2,7,0,14,1,1,6,0,6,1,0,7,0,1,1,1,2,1,1,0,1,1,1,4,0,1,1,0,1,0,21.667,10.667,0.526
4,14,7,9,5,9,0,15,0,7,28,0,13,9,2,18,2,1,1,1,3,1,1,0,1,0,2,5,0,1,1,1,3,1,20.286,18.571,0.593
2,5,3,2,1,3,0,5,0,0,8,1,4,0,0,5,0,1,1,1,2,1,1,0,1,0,0,3,1,1,0,0,1,0,19.5,10.0,0.453
4,2,3,5,1,5,0,6,0,1,6,0,6,1,2,4,0,1,1,1,2,1,1,0,1,0,1,4,0,1,1,1,2,0,22.0,26.5,0.746
25,32,15,21,15,15,0,38,10,7,35,20,41,4,2,25,3,1,1,1,4,1,1,0,1,1,2,8,1,1,1,1,3,1,43.857,20.714,0.484
10,3,5,7,4,5,2,22,0,2,12,3,12,3,1,7,5,1,1,1,2,1,1,1,1,0,2,6,1,1,1,1,1,1,14.429,7.429,0.563
4,2,3,7,2,1,0,4,1,2,7,2,8,4,0,8,2,1,1,1,3,1,1,0,1,1,1,5,1,1,1,0,1,1,57.0,35.0,0.656
3,0,0,0,1,3,0,4,0,1,0,1,4,0,0,0,0,1,0,0,0,1,1,0,1,0,1,0,1,1,0,0,0,0,16.0,7.0,0.354
9,9,4,3,5,6,0,14,0,4,9,3,10,0,0,13,3,1,1,1,3,1,1,0,1,0,1,5,1,1,0,0,1,1,11.5,4.071,0.516
11,18,9,10,5,16,0,19,5,2,13,10,16,3,1,14,2,1,1,1,2,1,1,0,1,1,1,3,1,1,1,1,1,1,38.0,10.5,0.287
3,3,1,2,1,0,0,5,2,0,5,0,3,0,1,3,0,1,1,1,2,1,0,0,1,1,0,3,0,1,0,1,2,0,14.0,14.5,0.802
3,3,1,0,1,0,0,1,0,0,3,0,3,0,0,0,0,1,1,1,0,1,0,0,1,0,0,2,0,1,0,0,0,0,15.0,7.0,0.365
28,21,7,15,12,19,2,52,1,9,32,2,42,5,1,34,11,1,1,1,3,1,1,1,1,1,2,8,1,1,1,1,2,1,19.4,7.2,0.456
14,9,7,15,1,8,0,14,5,2,10,5,11,8,0,11,2,1,1,1,2,1,1,0,1,1,1,4,1,1,1,0,2,1,40.667,12.333,0.384
3,2,1,4,3,1,0,2,1,1,5,4,4,1,0,4,0,1,1,1,2,1,1,0,1,1,1,2,1,1,1,0,1,0,18.0,13.0,0.589
0,1,0,2,1,0,0,1,0,0,3,0,0,0,0,3,0,0,1,0,2,1,0,0,1,0,0,2,0,0,0,0,1,0,11.0,8.0,0.64
1,2,2,1,4,2,0,5,0,0,7,5,2,0,0,7,1,1,1,1,1,1,1,0,1,0,0,3,1,1,0,0,1,1,19.5,16.286,0.566
1,2,1,1,0,1,0,1,0,0,2,1,1,0,0,2,0,1,1,1,1,0,1,0,1,0,0,2,1,1,0,0,1,0,13.0,9.0,0.588
2,4,0,5,1,4,1,13,3,0,6,0,11,1,0,6,4,1,1,0,2,1,1,1,1,1,0,3,0,1,1,0,1,1,10.5,5.167,0.356
6,3,6,7,4,3,0,12,0,1,12,3,11,2,0,6,2,1,1,1,2,1,1,0,1,0,1,5,1,1,1,0,1,1,19.5,10.0,0.56
1,2,2,4,0,2,0,9,0,1,5,2,3,2,0,7,0,1,1,1,3,0,1,0,1,0,1,4,1,1,1,0,1,0,39.0,30.0,0.793
9,7,2,4,4,7,1,11,0,1,9,5,6,0,0,6,2,1,1,1,3,1,1,1,1,0,1,4,1,1,0,0,1,1,12.333,3.833,0.493
1,1,1,1,0,2,0,3,0,0,1,0,1,1,0,2,1,1,1,1,1,0,1,0,1,0,0,1,0,1,1,0,1,1,15.0,6.0,0.548
1,2,1,1,1,2,0,5,1,1,4,2,6,1,0,4,2,1,1,1,1,1,1,0,1,1,1,4,1,1,1,0,1,1,33.0,18.0,0.615
5,6,1,2,2,3,0,10,0,2,6,0,5,3,0,6,0,1,1,1,1,1,1,0,1,0,1,4,0,1,1,0,1,0,17.0,6.0,0.396
4,7,5,3,4,2,1,14,1,0,8,9,16,1,0,7,8,1,1,1,2,1,1,1,1,1,0,5,1,1,1,0,1,1,22.25,6.25,0.525
0,0,5,2,0,2,0,4,2,1,3,0,4,1,0,4,0,0,0,1,2,0,1,0,1,1,1,3,0,1,1,0,2,0,14.0,10.75,0.668
2,4,5,4,1,3,0,9,1,2,10,1,7,3,1,8,0,1,1,1,3,1,1,0,1,1,2,4,1,1,1,1,2,0,12.2,9.75,0.724
5,6,4,2,1,4,0,7,2,1,6,3,4,1,0,4,1,1,1,1,1,1,1,0,1,1,1,4,1,1,1,0,1,1,49.0,15.0,0.505
3,4,4,4,2,1,0,9,1,2,9,39,35,1,12,7,8,1,1,1,4,1,1,0,1,1,1,5,1,1,1,1,1,1,16.375,4.321,0.494
1,0,5,4,1,1,0,3,0,0,7,2,5,1,0,8,1,1,0,1,2,1,1,0,1,0,0,5,1,1,1,0,2,1,13.0,10.167,0.793
8,14,9,5,2,8,1,28,0,2,15,1,21,2,1,13,0,1,1,1,3,1,1,1,1,0,1,7,1,1,1,1,2,0,18.857,6.929,0.554
6,4,3,6,2,2,0,8,1,1,11,8,5,3,0,8,0,1,1,1,1,1,1,0,1,1,1,5,1,1,1,0,1,0,13.6,6.6,0.514
4,2,0,4,2,2,0,6,0,2,3,2,7,0,0,1,0,1,1,0,2,1,1,0,1,0,2,3,1,1,0,0,1,0,12.0,5.667,0.589
12,14,5,12,7,10,0,21,1,3,24,3,16,2,0,23,0,1,1,1,3,1,1,0,1,1,2,7,1,1,1,0,2,0,30.6,17.6,0.572
5,11,2,6,3,6,0,18,2,2,7,3,5,1,0,7,2,1,1,1,2,1,1,0,1,1,1,5,1,1,1,0,1,1,20.0,6.75,0.474
2,5,5,5,0,6,1,10,1,4,10,12,5,3,0,9,7,1,1,1,3,0,1,1,1,1,2,4,1,1,1,0,2,1,21.25,12.893,0.614
3,6,5,6,1,8,2,12,1,3,10,0,9,2,0,8,1,1,1,1,4,1,1,1,1,1,2,4,0,1,1,0,1,1,12.833,8.625,0.725
24,17,11,12,21,16,0,41,2,5,27,6,30,2,0,30,2,1,1,1,3,1,1,0,1,1,2,10,1,1,1,0,4,1,12.35,6.2,0.63
0,1,2,1,0,0,0,0,1,1,1,0,2,0,0,2,0,0,1,1,1,0,0,0,0,1,1,1,0,1,0,0,1,0,11.0,4.0,0.64
1,1,3,2,2,3,0,2,0,2,6,0,2,1,0,6,0,1,1,1,2,1,1,0,1,0,2,3,0,1,1,0,2,0,15.5,16.5,0.889
8,19,16,13,7,11,0,25,3,8,25,1,18,8,1,31,0,1,1,1,4,1,1,0,1,1,3,6,1,1,1,1,4,0,24.125,19.406,0.611
8,7,12,7,4,13,0,18,6,4,19,3,16,2,2,16,2,1,1,1,3,1,1,0,1,1,2,5,1,1,1,1,1,1,17.125,9.469,0.483
1,2,0,6,2,1,0,5,0,1,9,0,6,3,0,6,0,1,1,0,3,1,1,0,1,0,1,3,0,1,1,0,1,0,7.0,9.667,0.655
2,3,3,5,3,0,1,7,1,1,9,1,3,1,0,6,0,1,1,1,2,1,0,1,1,1,1,3,1,1,1,0,2,0,46.0,17.0,0.521
2,5,1,2,0,0,0,4,0,0,7,0,3,1,0,5,0,1,1,1,1,0,0,0,1,0,0,5,0,1,1,0,1,0,15.0,13.0,0.775
14,10,12,11,3,10,0,19,5,6,14,4,13,4,0,15,2,1,1,1,3,1,1,0,1,1,2,4,1,1,1,0,2,1,14.2,5.7,0.415
22,26,18,21,7,20,0,60,3,8,28,0,30,11,5,35,1,1,1,1,3,1,1,0,1,1,2,8,0,1,1,1,2,1,58.0,32.6,0.457
5,7,5,7,4,5,0,11,3,2,11,0,8,3,0,8,0,1,1,1,3,1,1,0,1,1,1,5,0,1,1,0,1,0,13.333,11.167,0.632
0,4,0,0,0,1,0,2,0,0,6,7,6,0,0,3,0,0,1,0,0,0,1,0,1,0,0,5,1,1,0,0,3,0,15.0,13.5,0.904
2,9,5,8,3,6,1,16,0,8,11,1,15,3,0,17,2,1,1,1,3,1,1,1,1,0,2,5,1,1,1,0,1,1,53.5,44.625,0.615
1,1,1,5,1,1,1,3,0,1,9,0,6,1,0,4,1,1,1,1,3,1,1,1,1,0,1,5,0,1,1,0,1,1,12.0,15.857,0.943
1,2,3,0,0,3,0,3,2,0,3,2,3,1,1,2,0,1,1,1,0,0,1,0,1,1,0,3,1,1,1,1,1,0,25.0,11.0,0.566
2,6,2,1,2,5,0,11,0,0,7,6,5,3,0,4,1,1,1,1,1,1,1,0,1,0,0,5,1,1,1,0,1,1,18.333,6.0,0.572
2,4,4,5,3,2,0,7,0,0,12,1,8,0,0,7,0,1,1,1,2,1,1,0,1,0,0,5,1,1,0,0,2,0,11.0,9.0,0.667
6,3,13,9,5,2,1,9,0,3,16,2,10,2,0,13,1,1,1,1,3,1,1,1,1,0,2,6,1,1,1,0,2,1,9.5,9.4,0.653
17,34,19,27,11,32,0,55,14,9,32,21,11,11,1,26,12,1,1,1,4,1,1,0,1,1,2,7,1,1,1,1,2,1,65.8,41.0,0.429
7,4,3,6,2,4,0,7,1,1,5,0,6,1,0,5,0,1,1,1,4,1,1,0,1,1,1,2,0,1,1,0,1,0,17.333,7.333,0.49
4,8,0,2,0,4,0,10,11,0,2,13,19,0,0,4,10,1,1,0,1,0,1,0,1,1,0,2,1,1,0,0,1,1,7.25,1.233,0.303
12,16,23,11,8,11,1,28,2,5,21,6,22,3,1,29,2,1,1,1,5,1,1,1,1,1,2,5,1,1,1,1,2,1,20.0,7.975,0.5
14,15,8,12,4,22,0,29,2,4,12,1,10,3,0,16,0,1,1,1,3,1,1,0,1,1,2,5,1,1,1,0,3,0,21.714,12.179,0.574
1,6,1,1,0,3,0,4,21,0,1,17,43,0,0,1,11,1,1,1,1,0,1,0,1,1,0,1,1,1,0,0,1,1,10.0,0.779,0.202
2,1,0,0,0,1,0,13,14,0,0,11,11,0,0,0,9,1,1,0,0,0,1,0,1,1,0,0,1,1,0,0,0,1,7.875,0.0,0.089
13,15,7,9,7,8,0,36,3,4,22,2,12,2,2,25,5,1,1,1,3,1,1,0,1,1,2,8,1,1,1,1,2,1,24.571,17.143,0.593
11,19,23,11,6,13,1,39,0,4,47,10,31,8,0,33,6,1,1,1,3,1,1,1,1,0,2,9,1,1,1,0,3,1,20.308,13.385,0.566
4,2,0,2,0,5,0,8,1,1,3,0,8,2,0,3,0,1,1,0,2,0,1,0,1,1,1,2,0,1,1,0,2,0,13.0,6.0,0.566
26,13,18,19,7,9,0,31,5,8,26,0,31,5,3,25,0,1,1,1,2,1,1,0,1,1,2,7,0,1,1,1,3,0,44.6,27.0,0.474
0,6,4,4,4,2,0,12,0,3,8,4,11,0,0,9,0,0,1,1,2,1,1,0,1,0,2,2,1,1,0,0,1,0,16.5,4.75,0.348
3,6,2,7,1,2,1,5,0,1,9,2,8,3,0,6,1,1,1,1,3,1,1,1,1,0,1,5,1,1,1,0,2,1,14.25,14.143,0.749
0,0,0,3,0,2,0,4,0,0,6,0,5,1,0,5,1,0,0,0,2,0,1,0,1,0,0,3,0,1,1,0,2,1,14.0,8.5,0.535
7,7,8,13,6,5,0,12,1,3,21,2,12,1,0,11,1,1,1,1,3,1,1,0,1,1,2,6,1,1,1,0,2,1,13.625,12.071,0.677
1,2,0,2,0,2,0,4,0,0,4,1,1,0,0,2,0,1,1,0,2,0,1,0,1,0,0,4,1,1,0,0,1,0,9.5,6.5,0.811
7,6,4,6,5,8,0,11,0,3,18,0,2,5,0,19,0,1,1,1,2,1,1,0,1,0,1,5,0,1,1,0,3,0,18.8,10.8,0.583
11,19,11,8,6,14,1,31,1,4,20,15,7,8,0,24,2,1,1,1,2,1,1,1,1,1,3,5,1,1,1,0,3,1,30.333,16.083,0.472
15,10,12,11,5,8,0,13,1,2,17,4,14,4,0,12,4,1,1,1,3,1,1,0,1,1,2,7,1,1,1,0,3,1,18.571,11.857,0.62
15,23,10,13,7,16,1,73,2,4,22,34,19,3,2,29,33,1,1,1,3,1,1,1,1,1,2,7,1,1,1,1,2,1,50.5,11.833,0.447
1,0,1,3,0,1,0,1,1,1,3,0,0,2,0,3,0,1,0,1,2,0,1,0,1,1,1,3,0,0,1,0,2,0,17.0,16.0,0.857
17,24,19,16,14,12,0,37,11,3,30,16,17,5,4,27,1,1,1,1,4,1,1,0,1,1,2,10,1,1,1,1,1,1,27.667,12.194,0.627
0,4,2,2,2,2,0,4,3,1,6,1,3,2,0,5,0,0,1,1,2,1,1,0,1,1,1,4,1,1,1,0,2,0,12.333,8.333,0.814
6,4,11,3,2,3,0,7,0,0,5,3,9,1,0,5,1,1,1,1,1,1,1,0,1,0,0,2,1,1,1,0,1,1,20.0,4.0,0.274
1,2,1,1,0,1,0,2,0,0,2,0,0,0,0,2,0,1,1,1,1,0,1,0,1,0,0,2,0,0,0,0,1,0,12.0,2.0,0.408
0,3,5,1,3,1,0,3,0,2,4,1,1,1,0,6,0,0,1,1,1,1,1,0,1,0,1,3,1,1,1,0,1,0,15.5,4.5,0.508
2,2,3,4,1,3,0,7,4,3,3,0,4,2,0,5,2,1,1,1,1,1,1,0,1,1,1,3,0,1,1,0,1,1,22.5,2.0,0.316
7,3,5,4,1,4,0,16,2,3,7,1,13,3,0,11,0,1,1,1,1,1,1,0,1,1,1,4,1,1,1,0,1,0,26.333,7.667,0.398
4,2,3,2,4,2,1,5,4,0,7,1,2,0,0,9,0,1,1,1,1,1,1,1,1,1,0,2,1,1,0,0,1,0,23.0,3.0,0.209
13,10,11,10,2,9,2,23,5,4,8,0,17,3,0,13,0,1,1,1,3,1,1,1,1,1,2,4,0,1,1,0,1,0,16.0,6.0,0.438
23,21,21,19,10,7,0,35,1,11,30,0,27,10,0,32,8,1,1,1,3,1,1,0,1,1,2,5,0,1,1,0,1,1,23.182,10.364,0.354
32,38,21,27,11,21,0,50,2,8,41,5,41,14,1,34,5,1,1,1,3,1,1,0,1,1,2,6,1,1,1,1,1,1,29.167,12.5,0.34
1,3,2,2,1,1,0,3,0,0,2,7,5,0,0,2,1,1,1,1,1,1,1,0,1,0,0,2,1,1,0,0,1,1,14.5,1.0,0.263
13,13,5,4,3,3,1,16,0,3,13,0,11,2,0,21,1,1,1,1,2,1,1,1,1,0,2,5,0,1,1,0,1,1,18.5,8.333,0.47
8,7,7,3,2,5,0,5,3,0,7,4,7,1,0,8,0,1,1,1,2,1,1,0,1,1,0,3,1,1,1,0,2,0,22.0,10.333,0.435
2,2,1,4,1,0,0,1,3,1,5,0,3,1,1,4,0,1,1,1,2,1,0,0,1,1,1,2,0,1,1,1,2,0,28.0,12.0,0.401
11,15,8,4,8,8,0,21,0,2,18,2,13,2,0,14,4,1,1,1,2,1,1,0,1,0,1,5,1,1,1,0,3,1,32.5,21.25,0.496
5,5,2,1,0,3,0,6,0,0,3,2,5,1,0,3,0,1,1,1,1,0,1,0,1,0,0,3,1,1,1,0,2,0,36.0,23.0,0.471
1,8,18,8,2,3,0,6,9,2,11,4,9,1,0,11,0,1,1,1,3,1,1,0,1,1,2,3,1,1,1,0,1,0,18.6,9.2,0.44
3,1,2,2,3,3,0,4,1,0,2,5,3,0,0,4,0,1,1,1,1,1,1,0,1,1,0,2,1,1,0,0,1,0,33.0,6.0,0.369
11,2,7,6,3,7,1,16,0,5,3,8,3,0,0,4,14,1,1,1,2,1,1,1,1,0,2,2,1,1,0,0,1,1,22.5,10.0,0.298
0,2,0,2,1,0,0,1,2,0,3,1,2,1,0,3,0,0,1,0,1,1,0,0,1,1,0,3,1,1,1,0,1,0,9.0,5.0,0.5
25,30,15,17,10,22,0,49,1,1,17,3,21,7,0,22,1,1,1,1,4,1,1,0,1,1,1,8,1,1,1,0,2,1,80.333,33.667,0.592
3,4,1,7,1,3,0,9,1,3,7,0,5,2,0,6,1,1,1,1,2,1,1,0,1,1,1,3,0,1,1,0,1,1,17.667,6.667,0.389
5,7,1,2,2,4,0,7,1,0,9,1,4,1,0,6,0,1,1,1,1,1,1,0,1,1,0,5,1,1,1,0,2,0,10.0,6.4,0.7
7,11,9,7,2,5,1,20,1,3,10,20,29,3,5,17,4,1,1,1,3,1,1,1,1,1,1,7,1,1,1,1,2,1,29.8,11.4,0.579
1,1,2,1,1,1,0,1,0,0,2,1,2,0,0,2,0,1,1,1,1,1,1,0,1,0,0,2,1,1,0,0,1,0,15.0,9.0,0.548
5,15,8,10,2,9,0,19,1,4,20,0,20,1,1,16,3,1,1,1,2,1,1,0,1,1,2,7,0,1,1,1,1,1,14.778,7.333,0.552
12,18,8,10,16,12,1,39,1,5,17,18,27,1,0,17,6,1,1,1,4,1,1,1,1,1,1,8,1,1,1,0,1,1,26.25,10.688,0.537
1,3,0,1,0,2,0,7,0,0,1,0,4,0,0,3,0,1,1,0,1,0,1,0,1,0,0,1,0,1,0,0,2,0,20.0,5.0,0.474
11,13,7,10,9,5,0,21,2,3,13,0,9,4,0,18,2,1,1,1,4,1,1,0,1,1,1,5,0,1,1,0,2,1,25.4,13.6,0.502
7,15,8,12,5,5,1,22,4,6,29,4,21,3,0,20,1,1,1,1,3,1,1,1,1,1,2,8,1,1,1,0,2,1,14.818,11.909,0.609
2,2,1,0,0,2,0,4,0,1,1,2,2,1,0,1,0,1,1,1,0,0,1,0,1,0,1,1,1,1,1,0,1,0,19.0,0.0,0.162
1,1,2,0,1,1,0,4,0,1,2,0,1,1,0,4,1,1,1,1,0,1,1,0,1,0,1,1,0,1,1,0,1,1,20.0,4.0,0.316
2,4,1,2,2,1,1,10,0,1,3,0,8,0,0,2,2,1,1,1,1,1,1,1,1,0,1,3,0,1,0,0,1,1,9.5,2.5,0.459
4,7,2,3,3,6,0,16,0,4,1,8,9,1,0,8,2,1,1,1,3,1,1,0,1,0,2,1,1,1,1,0,1,1,37.0,7.0,0.329
6,9,2,8,2,7,0,21,0,4,9,3,11,3,3,15,2,1,1,1,3,1,1,0,1,0,2,7,1,1,1,1,1,1,20.4,13.6,0.7
8,10,7,7,6,8,1,17,1,4,5,0,12,3,1,15,1,1,1,1,3,1,1,1,1,1,2,2,0,1,1,1,1,1,21.2,6.2,0.343
1,2,0,2,1,1,0,3,0,0,4,4,2,1,0,2,0,1,1,0,1,1,1,0,1,0,0,2,1,1,1,0,1,0,23.0,18.0,0.442
3,6,3,3,4,2,0,7,2,0,5,0,0,0,0,4,0,1,1,1,3,1,1,0,1,1,0,2,0,0,0,0,2,0,19.5,12.0,0.453
8,6,4,9,2,3,0,12,1,3,18,0,9,3,0,12,1,1,1,1,3,1,1,0,1,1,2,7,0,1,1,0,3,1,22.75,20.25,0.889
4,7,5,6,3,10,0,19,0,1,11,4,10,3,0,14,0,1,1,1,3,1,1,0,1,0,1,5,1,1,1,0,2,0,32.333,14.667,0.503
2,2,3,1,2,3,0,8,0,1,9,1,5,1,2,8,0,1,1,1,1,1,1,0,1,0,1,2,1,1,1,1,3,0,15.333,6.333,0.417
0,1,0,3,0,1,0,5,0,0,6,0,5,0,0,1,0,0,1,0,2,0,1,0,1,0,0,4,0,1,0,0,1,0,11.0,6.5,0.754
4,2,1,3,1,2,0,5,1,3,2,0,3,0,0,3,0,1,1,1,2,1,1,0,1,1,2,2,0,1,0,0,1,0,10.0,4.333,0.516
2,1,1,5,1,1,0,4,0,3,5,0,4,0,0,5,0,1,1,1,1,1,1,0,1,0,1,4,0,1,0,0,1,0,10.667,4.667,0.5
1,4,1,3,1,2,0,6,0,0,4,1,2,0,0,2,0,1,1,1,1,1,1,0,1,0,0,4,1,1,0,0,2,0,27.0,15.0,0.816
7,5,2,4,2,7,0,11,1,0,7,0,7,2,0,5,0,1,1,1,2,1,1,0,1,1,0,6,0,1,1,0,1,0,59.0,29.0,0.736
0,9,6,4,5,8,0,15,1,0,15,4,6,6,0,16,0,0,1,1,3,1,1,0,1,1,0,6,1,1,1,0,2,0,23.75,12.75,0.58
5,2,5,3,1,2,0,7,0,0,9,0,7,2,0,5,4,1,1,1,1,1,1,0,1,0,0,4,0,1,1,0,3,1,52.0,38.0,0.588
8,7,7,12,3,11,0,20,1,3,13,0,7,3,0,11,0,1,1,1,2,1,1,0,1,1,2,5,0,1,1,0,1,0,17.667,7.167,0.481
9,7,6,6,2,9,0,10,0,3,10,1,9,1,0,4,2,1,1,1,2,1,1,0,1,0,1,5,1,1,1,0,1,1,26.333,16.0,0.557
0,3,1,1,0,1,0,2,1,0,5,0,3,0,0,2,0,0,1,1,1,0,1,0,1,1,0,3,0,1,0,0,1,0,6.333,2.667,0.649
0,2,1,4,0,1,1,4,2,2,5,0,3,1,0,2,0,0,1,1,3,0,1,1,1,1,1,3,0,1,1,0,1,0,27.0,31.0,0.816
2,5,3,7,3,6,0,12,3,2,14,6,12,1,0,11,0,1,1,1,2,1,1,0,1,1,2,4,1,1,1,0,1,0,17.4,7.6,0.455
2,4,1,2,0,0,0,4,0,1,2,0,2,1,0,2,0,1,1,1,2,0,0,0,1,0,1,2,0,1,1,0,1,0,21.0,10.0,0.617
8,6,4,12,5,5,0,12,0,1,8,0,5,4,0,7,1,1,1,1,3,1,1,0,1,0,1,4,0,1,1,0,1,1,26.0,10.667,0.56
4,8,4,8,3,11,0,19,6,2,9,1,11,3,1,11,2,1,1,1,3,1,1,0,1,1,2,3,1,1,1,1,1,1,20.4,7.2,0.42
5,3,5,6,1,5,0,13,1,3,6,0,10,3,0,12,0,1,1,1,3,1,1,0,1,1,2,3,0,1,1,0,2,0,9.125,6.375,0.579
5,0,2,1,2,4,1,2,1,0,5,0,6,1,0,5,0,1,0,1,1,1,1,1,1,1,0,3,0,1,1,0,1,0,9.0,2.75,0.471
0,1,0,0,0,0,1,3,0,1,5,0,0,1,0,4,0,0,1,0,0,0,0,1,1,0,1,3,0,0,1,0,1,0,16.0,8.0,0.53
4,8,12,5,5,4,1,9,2,3,9,4,9,3,0,18,1,1,1,1,1,1,1,1,1,1,1,3,1,1,1,0,1,1,24.5,4.25,0.286
8,12,7,7,7,3,0,18,3,2,19,1,11,5,1,16,0,1,1,1,2,1,1,0,1,1,1,6,1,1,1,1,2,0,59.5,32.5,0.454
22,43,24,15,12,21,0,67,2,4,20,0,26,4,3,27,4,1,1,1,3,1,1,0,1,1,2,7,0,1,1,1,2,1,20.929,5.929,0.413
18,21,20,19,12,12,0,35,4,8,42,0,19,12,2,30,5,1,1,1,5,1,1,0,1,1,2,6,0,1,1,1,1,1,28.444,18.119,0.486
4,9,3,4,2,4,0,9,3,1,2,5,4,3,0,7,0,1,1,1,3,1,1,0,1,1,1,2,1,1,1,0,1,0,20.0,7.333,0.456
5,5,9,7,2,3,2,11,3,0,14,4,15,1,0,10,1,1,1,1,3,1,1,1,1,1,0,5,1,1,1,0,1,1,13.143,8.857,0.59
2,6,7,3,0,4,0,10,3,0,5,0,4,0,0,5,1,1,1,1,2,0,1,0,1,1,0,3,0,1,0,0,2,1,16.667,15.333,0.5
2,1,1,2,0,0,0,5,1,0,5,12,15,1,4,2,4,1,1,1,1,0,0,0,1,1,0,4,1,1,1,1,1,1,26.0,10.0,0.49
9,8,1,5,3,6,0,9,4,3,12,3,4,3,0,4,0,1,1,1,2,1,1,0,1,1,1,4,1,1,1,0,1,0,18.5,9.75,0.493
1,3,2,5,0,5,0,6,0,0,5,2,4,0,0,4,1,1,1,1,3,0,1,0,1,0,0,3,1,1,0,0,1,1,12.667,5.333,0.574
3,7,5,5,1,4,0,12,0,1,10,2,6,0,0,7,0,1,1,1,3,1,1,0,1,0,1,4,1,1,0,0,1,0,12.6,7.6,0.624
1,4,1,4,1,2,0,11,0,0,7,1,8,0,3,3,3,1,1,1,2,1,1,0,1,0,0,3,1,1,0,1,1,1,15.333,8.667,0.417
6,6,7,9,0,5,1,7,0,5,13,0,5,5,0,9,1,1,1,1,2,0,1,1,1,0,2,5,0,1,1,0,1,1,19.75,20.0,0.557
0,2,0,5,0,1,0,2,0,0,8,0,4,1,0,3,0,0,1,0,1,0,1,0,1,0,0,3,0,1,1,0,2,0,8.667,8.667,0.555
0,2,1,2,3,0,0,5,0,1,6,0,2,0,0,5,0,0,1,1,2,1,0,0,1,0,1,4,0,1,0,0,1,0,27.0,26.571,0.953
8,7,3,3,6,4,0,15,0,3,8,1,6,3,0,7,1,1,1,1,2,1,1,0,1,0,2,3,1,1,1,0,1,1,25.0,12.583,0.49
0,3,0,1,1,1,0,3,1,0,2,0,1,1,0,4,0,0,1,0,1,1,1,0,1,1,0,1,0,1,1,0,1,0,18.0,6.0,0.5
0,5,0,0,1,0,0,4,0,0,1,4,2,0,0,2,0,0,1,0,0,1,0,0,1,0,0,1,1,1,0,0,1,0,19.0,2.0,0.324
1,3,3,3,1,4,0,6,4,1,4,10,8,1,0,3,1,1,1,1,2,1,1,0,1,1,1,2,1,1,1,0,1,1,26.5,5.0,0.389
3,8,2,5,1,5,3,11,0,2,9,0,4,3,0,8,0,1,1,1,1,1,1,1,1,0,1,4,0,1,1,0,2,0,21.333,16.167,0.619
3,11,4,4,2,5,0,16,2,1,8,16,22,2,0,7,2,1,1,1,2,1,1,0,1,1,1,5,1,1,1,0,1,1,21.0,7.474,0.552
5,2,2,2,0,1,1,5,1,0,8,2,5,0,0,4,1,1,1,1,1,0,1,1,1,1,0,4,1,1,0,0,1,1,9.75,7.5,0.566
10,11,6,6,3,6,0,12,5,3,11,0,8,4,1,10,0,1,1,1,2,1,1,0,1,1,2,4,0,1,1,1,2,0,19.0,13.6,0.508
15,27,16,18,9,28,1,53,1,3,33,3,27,7,0,26,2,1,1,1,3,1,1,1,1,1,2,10,1,1,1,0,1,1,33.625,19.344,0.56
2,3,1,1,2,2,0,7,0,1,4,0,2,1,0,5,0,1,1,1,1,1,1,0,1,0,1,2,0,1,1,0,2,0,31.0,29.0,0.508
2,3,0,1,0,0,0,2,0,0,4,1,2,0,0,1,0,1,1,0,1,0,0,0,1,0,0,4,1,1,0,0,1,0,8.0,5.0,0.707
11,9,4,2,2,7,0,18,0,1,8,3,10,2,2,6,0,1,1,1,1,1,1,0,1,0,1,4,1,1,1,1,2,0,27.333,8.333,0.469
2,2,0,3,0,2,0,5,0,0,4,1,7,2,0,3,3,1,1,0,2,0,1,0,1,0,0,3,1,1,1,0,1,1,34.0,18.0,0.485
17,10,8,14,4,6,0,15,1,4,21,2,17,2,0,20,4,1,1,1,2,1,1,0,1,1,2,7,1,1,1,0,1,1,14.5,6.5,0.528
7,9,5,7,2,10,0,18,1,7,11,1,12,3,0,16,0,1,1,1,3,1,1,0,1,1,2,5,1,1,1,0,2,0,12.111,5.333,0.61
4,3,1,0,1,1,0,3,0,0,3,1,1,0,0,4,0,1,1,1,0,1,1,0,1,0,0,3,1,1,0,0,1,0,22.0,9.0,0.603
1,2,0,2,1,1,0,2,0,0,3,0,2,0,0,1,0,1,1,0,2,1,1,0,1,0,0,2,0,1,0,0,1,0,15.0,17.0,0.913
5,17,11,13,7,12,1,26,4,5,35,6,23,3,0,27,1,1,1,1,2,1,1,1,1,1,2,10,1,1,1,0,3,1,16.333,8.967,0.707
0,0,2,1,1,0,1,0,0,0,4,0,0,1,0,3,0,0,0,1,1,1,0,1,0,0,0,4,0,0,1,0,1,0,13.0,9.0,0.981
0,4,2,5,1,4,0,7,0,0,9,1,2,2,0,5,0,0,1,1,2,1,1,0,1,0,0,4,1,1,1,0,1,0,14.0,8.0,0.546
2,3,2,5,1,4,0,6,0,2,8,0,3,1,0,4,0,1,1,1,2,1,1,0,1,0,2,5,0,1,1,0,1,0,20.5,18.5,0.773
0,2,0,1,1,0,0,3,0,1,2,0,1,1,0,0,0,0,1,0,1,1,0,0,1,0,1,2,0,1,1,0,0,0,12.0,8.0,0.612
3,1,0,0,0,1,0,5,0,0,1,0,1,0,0,1,0,1,1,0,0,0,1,0,1,0,0,1,0,1,0,0,1,0,13.0,14.0,0.588
4,7,4,2,1,3,0,6,0,2,8,0,5,1,0,8,0,1,1,1,2,1,1,0,1,0,1,4,0,1,1,0,3,0,12.75,16.25,0.693
10,14,11,16,4,11,2,19,0,8,19,4,11,2,0,18,2,1,1,1,5,1,1,1,1,0,2,7,1,1,1,0,2,1,18.875,17.571,0.691
2,2,3,4,1,2,0,5,2,0,5,1,5,2,0,5,1,1,1,1,2,1,1,0,1,1,0,3,1,1,1,0,2,1,20.0,21.5,0.671
2,3,1,3,0,1,0,4,0,0,4,2,3,1,0,2,0,1,1,1,2,0,1,0,1,0,0,4,1,1,1,0,1,0,13.0,11.0,0.832
5,3,1,4,2,5,0,7,2,1,7,0,5,2,0,5,0,1,1,1,2,1,1,0,1,1,1,3,0,1,1,0,1,0,16.333,6.667,0.505
0,4,0,1,1,3,0,4,2,0,2,1,2,0,0,3,1,0,1,0,1,1,1,0,1,1,0,1,1,1,0,0,1,1,12.0,3.0,0.433
13,28,11,8,5,10,0,34,1,5,18,22,31,4,1,12,5,1,1,1,4,1,1,0,1,1,2,6,1,1,1,1,1,1,18.909,7.795,0.49
10,14,14,10,11,7,0,24,0,4,22,2,13,4,0,20,3,1,1,1,3,1,1,0,1,0,2,6,1,1,1,0,3,1,31.6,17.4,0.506
1,7,4,4,4,4,0,5,0,1,12,4,6,2,0,4,0,1,1,1,1,1,1,0,1,0,1,5,1,1,1,0,1,0,11.6,8.6,0.65
13,13,10,14,9,15,0,26,2,6,14,4,12,3,0,20,4,1,1,1,2,1,1,0,1,1,2,5,1,1,1,0,1,1,23.571,10.714,0.385
8,10,8,12,5,9,0,11,13,3,12,8,18,5,5,17,1,1,1,1,3,1,1,0,1,1,2,5,1,1,1,1,2,1,69.5,35.0,0.48
4,5,7,5,2,4,0,14,1,1,11,27,28,1,6,4,6,1,1,1,3,1,1,0,1,1,1,4,1,1,1,1,1,1,17.429,4.714,0.384
8,6,4,11,2,9,0,16,0,0,12,2,41,4,2,8,7,1,1,1,3,1,1,0,1,0,0,4,1,1,1,1,1,1,13.0,7.4,0.372
1,2,0,0,1,1,0,6,0,0,2,2,2,1,0,3,1,1,1,0,0,1,1,0,1,0,0,1,1,1,1,0,1,1,11.0,0.0,0.151
2,7,2,3,4,4,0,8,1,1,6,1,4,0,0,3,1,1,1,1,2,1,1,0,1,1,1,4,1,1,0,0,1,1,23.5,16.5,0.619
4,1,5,2,1,2,0,4,0,2,7,3,4,4,0,5,0,1,1,1,2,1,1,0,1,0,2,4,1,1,1,0,1,0,22.0,13.0,0.746
4,5,6,5,0,3,0,2,1,1,11,3,6,0,0,7,3,1,1,1,2,0,1,0,1,1,1,2,1,1,0,0,2,1,11.4,7.2,0.375
1,3,1,2,2,0,0,1,0,0,3,6,1,1,0,3,0,1,1,1,2,1,0,0,1,0,0,2,1,1,1,0,1,0,25.0,8.0,0.566
1,3,2,2,0,3,0,5,2,0,4,1,4,0,0,4,0,1,1,1,2,0,1,0,1,1,0,1,1,1,0,0,2,0,10.333,8.0,0.508
0,2,1,6,0,3,0,6,0,1,6,0,6,3,0,5,0,0,1,1,1,0,1,0,1,0,1,3,0,1,1,0,2,0,7.8,2.4,0.453
3,2,4,5,2,1,0,5,0,1,5,0,2,1,0,4,0,1,1,1,2,1,1,0,1,0,1,3,0,1,1,0,1,0,35.0,29.0,0.717
5,13,7,8,5,10,0,18,1,4,8,7,18,2,0,11,7,1,1,1,3,1,1,0,1,1,2,5,1,1,1,0,2,1,31.0,15.5,0.572
5,9,9,7,1,4,1,7,0,0,13,3,8,3,0,9,0,1,1,1,2,1,1,1,1,0,0,7,1,1,1,0,2,0,19.75,9.75,0.636
2,5,2,4,2,4,0,7,3,0,11,0,5,2,0,8,0,1,1,1,2,1,1,0,1,1,0,4,0,1,1,0,1,0,27.5,13.5,0.572
1,1,0,2,0,1,0,3,0,0,3,3,2,1,0,1,0,1,1,0,2,0,1,0,1,0,0,2,1,1,1,0,1,0,18.0,8.0,0.5
2,3,4,7,1,5,1,8,3,2,7,2,6,3,0,6,0,1,1,1,3,1,1,1,1,1,2,5,1,1,1,0,1,0,20.0,10.667,0.73
1,5,1,6,0,5,0,6,0,0,6,3,3,4,0,3,0,1,1,1,2,0,1,0,1,0,0,2,1,1,1,0,1,0,21.5,13.0,0.431
0,0,0,0,1,1,0,4,5,2,0,35,7,0,2,0,11,0,0,0,0,1,1,0,1,1,1,0,1,1,0,1,0,1,64.0,0.0,0.088
3,3,3,6,2,2,0,9,0,4,11,0,4,1,0,7,0,1,1,1,2,1,1,0,1,0,2,5,0,1,1,0,1,0,13.75,12.0,0.667
17,25,8,26,14,28,0,42,13,13,24,34,48,8,7,22,10,1,1,1,3,1,1,0,1,1,2,8,1,1,1,1,2,1,27.667,9.75,0.466
2,2,2,3,2,2,0,5,2,0,6,0,6,1,0,7,0,1,1,1,2,1,1,0,1,1,0,3,0,1,1,0,1,0,20.0,9.0,0.559
4,3,5,4,3,3,0,7,4,1,6,0,6,0,1,7,1,1,1,1,2,1,1,0,1,1,1,5,0,1,0,1,1,1,27.0,13.5,0.577
11,10,7,7,5,8,0,21,3,0,19,0,10,4,0,13,0,1,1,1,4,1,1,0,1,1,0,9,0,1,1,0,1,0,16.857,11.931,0.781
2,5,3,1,0,2,0,7,0,1,4,1,5,0,0,6,1,1,1,1,1,0,1,0,1,0,1,2,1,1,0,0,1,1,38.0,4.0,0.344
1,4,1,4,2,3,0,6,3,3,7,1,7,0,0,11,1,1,1,1,2,1,1,0,1,1,2,4,1,1,0,0,2,1,13.5,10.5,0.674
5,13,4,10,2,17,1,24,5,1,18,5,19,6,2,18,1,1,1,1,2,1,1,1,1,1,1,9,1,1,1,1,3,1,16.667,8.583,0.751
8,12,19,9,4,7,1,16,9,1,15,0,10,3,1,15,0,1,1,1,2,1,1,1,1,1,1,6,0,1,1,1,2,0,25.8,11.0,0.498
7,9,8,11,10,10,0,24,1,4,15,1,10,4,0,18,0,1,1,1,3,1,1,0,1,1,2,4,1,1,1,0,1,0,14.667,7.222,0.431
1,4,1,1,3,3,0,6,4,1,2,6,13,0,0,6,3,1,1,1,1,1,1,0,1,1,1,2,1,1,0,0,2,1,13.5,2.643,0.385
1,4,3,3,1,1,0,8,0,0,4,0,3,2,0,4,0,1,1,1,1,1,1,0,1,0,0,3,0,1,1,0,1,0,34.0,16.0,0.606
10,5,14,6,5,5,0,12,2,3,12,0,9,4,1,10,0,1,1,1,3,1,1,0,1,1,2,2,0,1,1,1,3,0,24.25,15.5,0.574
0,0,1,1,1,1,0,0,1,0,0,9,3,0,0,2,0,0,0,1,1,1,1,0,0,1,0,0,1,1,0,0,1,0,9.5,0.0,0.162
3,5,2,10,3,3,0,9,0,1,7,4,4,2,0,8,0,1,1,1,2,1,1,0,1,0,1,4,1,1,1,0,1,0,62.0,30.75,0.539
1,5,8,4,3,5,0,8,2,1,7,1,8,1,0,9,3,1,1,1,2,1,1,0,1,1,1,6,1,1,1,0,1,1,22.0,6.0,0.609
12,20,12,7,6,15,0,31,6,4,16,5,20,0,2,18,3,1,1,1,2,1,1,0,1,1,2,8,1,1,0,1,2,1,22.0,8.375,0.586
0,2,1,1,1,1,0,5,0,0,3,1,2,2,0,5,0,0,1,1,1,1,1,0,1,0,0,2,1,1,1,0,1,0,24.0,14.0,0.433
18,17,13,8,6,14,0,30,0,4,20,3,11,3,0,21,0,1,1,1,2,1,1,0,1,0,2,7,1,1,1,0,1,0,42.0,18.5,0.491
1,3,4,2,3,3,0,2,1,2,4,0,7,1,0,3,2,1,1,1,2,1,1,0,1,1,1,2,0,1,1,0,1,1,12.333,10.583,0.697
9,11,7,9,2,9,0,19,1,6,14,4,10,5,1,17,0,1,1,1,2,1,1,0,1,1,2,6,1,1,1,1,2,0,24.6,12.8,0.574
2,12,7,4,2,12,0,15,0,0,7,28,5,0,0,9,9,1,1,1,3,1,1,0,1,0,0,3,1,1,0,0,2,1,28.0,12.375,0.468
9,6,7,15,5,9,0,20,0,5,16,1,17,4,0,22,2,1,1,1,2,1,1,0,1,0,2,4,1,1,1,0,1,1,17.25,10.25,0.361
7,7,9,8,4,7,0,17,0,4,19,1,10,5,0,21,1,1,1,1,3,1,1,0,1,0,2,7,1,1,1,0,2,1,20.0,13.625,0.71
2,6,3,3,5,4,1,8,1,0,5,4,14,0,1,5,3,1,1,1,2,1,1,1,1,1,0,5,1,1,0,1,1,1,12.8,3.8,0.619
5,4,2,4,1,5,0,7,0,2,2,0,2,1,0,3,0,1,1,1,3,1,1,0,1,0,2,1,0,1,1,0,1,0,38.0,23.571,0.574
0,2,3,2,1,3,0,7,0,1,6,0,1,1,0,6,0,0,1,1,1,1,1,0,1,0,1,5,0,1,1,0,1,0,33.0,19.0,0.739
3,16,10,5,2,9,0,11,5,0,15,2,14,3,1,11,2,1,1,1,3,1,1,0,1,1,0,3,1,1,1,1,2,1,15.429,5.286,0.34
5,9,2,11,6,9,1,17,0,1,12,12,15,2,1,15,0,1,1,1,3,1,1,1,1,0,1,6,1,1,1,1,1,0,23.0,8.8,0.528
4,0,0,0,0,2,0,2,2,0,0,7,5,0,0,0,0,1,0,0,0,0,1,0,1,1,0,0,1,1,0,0,0,0,10.5,0.0,0.154
1,2,0,2,0,3,0,4,0,0,3,6,2,1,0,4,0,1,1,0,2,0,1,0,1,0,0,3,1,1,1,0,1,0,29.0,15.0,0.657
1,1,1,0,1,0,0,3,0,1,6,0,2,0,0,5,0,1,1,1,0,1,0,0,1,0,1,6,0,1,0,0,1,0,21.0,17.0,0.926
0,1,2,2,0,2,0,2,0,0,1,0,1,1,0,1,1,0,1,1,1,0,1,0,1,0,0,1,0,1,1,0,1,1,14.0,7.0,0.567
17,23,15,27,11,26,1,33,11,3,20,38,61,10,3,30,4,1,1,1,3,1,1,1,1,1,1,5,1,1,1,1,2,1,41.125,12.875,0.273
0,1,1,0,1,2,0,3,0,0,3,0,1,0,0,2,0,0,1,1,0,1,1,0,1,0,0,2,0,1,0,0,2,0,14.0,4.0,0.567
4,0,1,1,0,1,0,1,0,0,1,0,2,0,0,1,0,1,0,1,1,0,1,0,1,0,0,1,0,1,0,0,1,0,6.0,2.5,0.408
1,3,4,1,1,2,0,2,0,2,5,3,3,0,0,4,0,1,1,1,1,1,1,0,1,0,2,4,1,1,0,0,1,0,10.333,7.0,0.762
6,5,0,4,3,5,0,14,1,3,5,3,7,2,0,12,1,1,1,0,2,1,1,0,1,1,1,4,1,1,1,0,1,1,14.2,3.6,0.42
2,2,2,2,1,0,0,5,0,0,11,1,6,1,0,7,1,1,1,1,1,1,0,0,1,0,0,5,1,1,1,0,2,1,20.5,11.5,0.663
4,6,1,8,1,6,0,12,1,2,6,1,4,2,0,7,1,1,1,1,3,1,1,0,1,1,1,4,1,1,1,0,1,1,15.5,8.75,0.629
2,7,11,5,4,1,1,15,0,4,12,1,5,0,2,12,5,1,1,1,1,1,1,1,1,0,2,5,1,1,0,1,2,1,14.167,8.167,0.614
2,3,1,5,0,0,0,8,0,0,2,0,3,0,0,3,1,1,1,1,1,0,0,0,1,0,0,2,0,1,0,0,1,1,7.0,1.0,0.401
4,2,4,4,0,1,0,6,0,0,4,0,6,0,0,1,0,1,1,1,1,0,1,0,1,0,0,4,0,1,0,0,1,0,8.0,4.25,0.625
2,4,1,2,1,3,0,5,0,0,1,0,2,0,0,2,0,1,1,1,2,1,1,0,1,0,0,1,0,1,0,0,1,0,11.5,4.0,0.442
1,2,0,1,0,2,0,5,0,0,1,0,1,0,0,1,1,1,1,0,1,0,1,0,1,0,0,1,0,1,0,0,1,1,15.0,5.0,0.548
2,2,1,3,2,2,0,5,0,0,5,0,2,1,0,4,1,1,1,1,2,1,1,0,1,0,0,4,0,1,1,0,1,1,15.0,10.0,0.645
10,11,14,11,5,12,1,22,1,9,14,0,16,4,0,16,6,1,1,1,4,1,1,1,1,1,2,4,0,1,1,0,2,1,19.0,11.312,0.459
0,8,6,4,2,3,0,12,3,0,5,1,5,3,0,8,0,0,1,1,2,1,1,0,1,1,0,4,1,1,1,0,1,0,20.0,7.667,0.456
16,16,4,9,6,12,0,24,8,3,15,29,27,4,2,10,0,1,1,1,2,1,1,0,1,1,2,6,1,1,1,1,2,0,26.143,11.429,0.523
6,4,1,2,2,1,1,5,0,0,4,0,5,0,0,1,2,1,1,1,1,1,1,1,1,0,0,3,0,1,0,0,1,1,10.667,4.667,0.5
0,0,1,0,1,1,0,4,1,0,1,1,3,0,0,2,1,0,0,1,0,1,1,0,1,1,0,1,1,1,0,0,1,1,8.0,0.0,0.177
1,2,0,1,2,0,0,2,2,2,1,1,0,0,0,3,0,1,1,0,1,1,0,0,1,1,1,1,1,0,0,0,1,0,17.0,2.0,0.343
1,2,1,5,0,0,1,6,1,1,9,1,5,3,0,5,0,1,1,1,2,0,0,1,1,1,1,6,1,1,1,0,1,0,41.0,31.0,0.773
6,3,2,5,2,0,0,11,0,0,3,0,3,3,0,3,1,1,1,1,2,1,0,0,1,0,0,3,0,1,1,0,2,1,14.0,7.667,0.546
3,3,0,2,1,1,0,5,0,0,0,0,2,0,0,0,0,1,1,0,1,1,1,0,1,0,0,0,0,1,0,0,0,0,8.5,0.0,0.171
2,1,1,2,2,1,0,2,0,1,2,0,2,0,0,1,1,1,1,1,1,1,1,0,1,0,1,2,0,1,0,0,1,1,18.0,10.0,0.5
6,15,17,11,4,9,1,14,6,2,22,2,13,5,0,17,1,1,1,1,3,1,1,1,1,1,2,8,1,1,1,0,2,1,16.0,9.444,0.648
5,8,5,9,2,8,1,10,4,4,12,5,11,2,0,13,2,1,1,1,3,1,1,1,1,1,2,5,1,1,1,0,1,1,12.625,8.094,0.633
0,0,1,1,0,1,0,2,1,1,1,0,3,0,0,1,0,0,0,1,1,0,1,0,1,1,1,1,0,1,0,0,1,0,12.0,9.0,0.612
8,9,0,9,0,8,0,16,1,2,15,0,9,2,1,14,0,1,1,0,1,0,1,0,1,1,1,4,0,1,1,1,1,0,11.625,7.625,0.367
1,1,1,3,0,2,0,4,1,1,5,0,3,1,0,4,1,1,1,1,1,0,1,0,1,1,1,3,0,1,1,0,2,1,13.0,10.0,0.555
0,3,4,1,1,2,0,7,2,1,6,0,4,0,1,5,0,0,1,1,1,1,1,0,1,1,1,3,0,1,0,1,2,0,18.0,6.0,0.471
5,2,0,6,2,0,0,6,0,0,6,0,4,1,0,5,1,1,1,0,2,1,0,0,1,0,0,4,0,1,1,0,1,1,9.5,7.5,0.574
21,20,12,19,7,16,0,46,2,6,33,8,30,7,1,34,8,1,1,1,4,1,1,0,1,1,2,11,1,1,1,1,2,1,20.692,14.596,0.647
1,1,0,0,0,2,0,1,0,0,2,1,1,0,0,2,0,1,1,0,0,0,1,0,1,0,0,2,1,1,0,0,1,0,11.0,4.0,0.64
23,27,15,14,18,17,0,57,6,6,24,21,27,7,4,34,15,1,1,1,3,1,1,0,1,1,1,5,1,1,1,1,1,1,62.2,24.5,0.321
23,31,21,28,8,25,2,51,0,15,47,9,25,10,0,42,5,1,1,1,6,1,1,1,1,0,2,8,1,1,1,0,3,1,22.867,13.917,0.535
4,6,2,5,4,3,0,13,2,1,7,0,4,1,0,2,0,1,1,1,3,1,1,0,1,1,1,5,0,1,1,0,1,0,54.0,32.75,0.77
2,0,0,2,1,1,0,3,0,1,5,2,2,0,0,4,0,1,0,0,2,1,1,0,1,0,1,3,1,1,0,0,2,0,23.0,20.5,0.737
1,2,1,3,0,1,0,3,1,0,4,2,1,1,0,1,0,1,1,1,2,0,1,0,1,1,0,3,1,1,1,0,1,0,21.0,12.0,0.772
1,2,1,3,0,1,0,3,1,0,4,2,1,1,0,1,0,1,1,1,2,0,1,0,1,1,0,3,1,1,1,0,1,0,21.0,12.0,0.772
6,4,3,6,1,3,0,6,0,3,12,0,6,3,0,10,0,1,1,1,2,1,1,0,1,0,2,4,0,1,1,0,2,0,20.667,10.0,0.539
6,5,6,4,1,2,0,8,0,1,10,1,4,2,0,8,0,1,1,1,2,1,1,0,1,0,1,5,1,1,1,0,2,0,19.0,10.0,0.656
1,2,3,1,1,3,0,7,0,2,7,1,3,1,0,6,0,1,1,1,1,1,1,0,1,0,1,4,1,1,1,0,3,0,9.5,7.25,0.688
18,23,24,22,11,10,0,33,19,11,29,15,27,3,2,26,6,1,1,1,4,1,1,0,1,1,2,6,1,1,1,1,3,1,27.5,14.05,0.426
2,5,7,6,3,3,0,6,0,1,11,14,15,3,4,9,1,1,1,1,3,1,1,0,1,0,1,6,1,1,1,1,2,1,28.667,20.5,0.762
21,30,13,15,7,17,0,40,2,7,21,14,24,4,1,27,0,1,1,1,3,1,1,0,1,1,2,8,1,1,1,1,2,0,22.0,11.364,0.5
13,21,18,20,9,19,0,45,31,3,22,18,44,5,6,34,4,1,1,1,3,1,1,0,1,1,2,5,1,1,1,1,3,1,16.889,6.341,0.365
16,19,11,15,12,10,0,35,2,6,23,6,32,2,0,19,11,1,1,1,2,1,1,0,1,1,2,8,1,1,1,0,2,1,12.882,6.176,0.526
8,14,5,8,7,15,1,27,0,7,28,1,13,3,0,24,3,1,1,1,3,1,1,1,1,0,2,8,1,1,1,0,2,1,20.5,10.969,0.663
10,25,16,22,11,18,0,38,3,9,37,13,33,9,6,42,4,1,1,1,6,1,1,0,1,1,2,10,1,1,1,1,2,1,21.0,15.898,0.66
1,0,0,1,0,1,0,1,2,0,4,2,3,2,0,4,0,1,0,0,1,0,1,0,1,1,0,1,1,1,1,0,1,0,10.5,12.0,0.309
3,2,0,3,0,1,0,1,0,0,5,0,3,0,0,1,0,1,1,0,2,0,1,0,1,0,0,4,0,1,0,0,1,0,6.333,5.333,0.811
10,11,7,9,4,8,1,18,0,8,21,3,15,2,1,21,1,1,1,1,2,1,1,1,1,0,2,7,1,1,1,1,1,1,23.167,15.0,0.54
4,8,3,6,2,5,0,24,2,3,6,6,11,2,1,5,1,1,1,1,3,1,1,0,1,1,2,5,1,1,1,1,1,1,29.333,14.667,0.603
0,0,1,1,1,1,0,1,0,0,4,7,9,0,0,2,0,0,0,1,1,1,1,0,1,0,0,3,1,1,0,0,1,0,27.0,4.0,0.408
6,6,1,11,2,3,0,19,12,1,5,11,38,2,6,9,5,1,1,1,3,1,1,0,1,1,1,4,1,1,1,1,2,1,31.25,7.375,0.379
7,0,2,3,3,2,0,7,0,0,3,1,4,0,0,5,0,1,0,1,1,1,1,0,1,0,0,3,1,1,0,0,1,0,18.0,6.0,0.471
14,21,7,9,8,9,0,27,1,4,13,9,18,1,0,14,3,1,1,1,2,1,1,0,1,1,2,4,1,1,1,0,2,1,19.75,9.375,0.394
0,2,3,5,1,2,0,3,0,0,6,0,4,0,0,4,0,0,1,1,2,1,1,0,1,0,0,3,0,1,0,0,1,0,7.5,5.0,0.516
0,5,1,0,1,1,0,8,0,0,3,0,5,0,0,4,0,0,1,1,0,1,1,0,1,0,0,2,0,1,0,0,1,0,14.0,2.0,0.267
5,7,2,6,0,5,0,12,1,3,10,1,7,3,0,12,0,1,1,1,2,0,1,0,1,1,1,7,1,1,1,0,1,0,18.25,8.5,0.662
1,0,1,3,1,0,0,2,0,0,3,0,1,1,0,1,0,1,0,1,2,1,0,0,1,0,0,2,0,1,1,0,1,0,14.0,16.571,0.945
20,12,8,14,7,6,1,24,1,8,16,2,5,5,0,21,2,1,1,1,3,1,1,1,1,1,2,6,1,1,1,0,1,1,30.4,16.4,0.516
7,0,0,1,1,2,0,5,0,0,6,0,6,2,0,4,0,1,0,0,1,1,1,0,1,0,0,4,0,1,1,0,2,0,11.0,8.667,0.739
5,3,3,1,3,0,0,10,0,0,4,0,3,0,0,4,1,1,1,1,1,1,0,0,1,0,0,3,0,1,0,0,1,1,12.333,2.667,0.465
28,23,20,18,4,19,2,40,0,17,30,2,36,9,0,49,1,1,1,1,3,1,1,1,1,0,2,9,1,1,1,0,2,1,17.529,10.0,0.492
3,7,3,7,6,8,0,19,1,5,14,3,15,4,0,14,2,1,1,1,3,1,1,0,1,1,2,5,1,1,1,0,2,1,27.75,14.75,0.537
7,7,4,3,1,2,1,9,0,2,5,1,6,0,0,9,1,1,1,1,2,1,1,1,1,0,1,4,1,1,0,0,2,1,19.333,8.0,0.557
8,5,5,5,5,3,0,6,2,1,6,0,8,1,1,5,0,1,1,1,2,1,1,0,1,1,1,5,0,1,1,1,1,0,30.0,8.0,0.548
2,2,4,3,2,2,0,4,0,1,4,3,3,1,0,7,1,1,1,1,2,1,1,0,1,0,1,2,1,1,1,0,2,1,19.0,14.0,0.688
2,4,1,3,3,1,0,7,0,2,6,2,3,4,0,8,0,1,1,1,3,1,1,0,1,0,1,5,1,1,1,0,1,0,23.0,12.0,0.73
1,5,1,3,2,1,0,5,1,0,4,1,1,2,0,3,0,1,1,1,1,1,1,0,1,1,0,2,1,0,1,0,2,0,29.0,26.0,0.657
0,0,1,2,1,1,0,1,1,0,2,0,1,0,0,1,0,0,0,1,2,1,1,0,1,1,0,1,0,1,0,0,1,0,5.5,6.5,0.853
1,2,2,4,1,3,0,5,1,0,6,1,4,0,0,3,0,1,1,1,2,1,1,0,1,1,0,2,1,1,0,0,1,0,6.6,3.6,0.492
1,1,1,1,0,1,0,0,1,0,2,1,0,1,0,2,0,1,1,1,1,0,1,0,0,1,0,2,1,0,1,0,1,0,12.0,7.0,0.816
3,13,6,9,6,6,0,12,8,0,19,6,21,5,2,18,4,1,1,1,4,1,1,0,1,1,0,8,1,1,1,1,2,1,22.5,13.167,0.669
1,1,1,2,0,0,0,2,0,1,4,4,3,1,0,3,1,1,1,1,1,0,0,0,1,0,1,3,1,1,1,0,1,1,12.0,6.5,0.577
4,4,1,4,4,5,0,9,0,4,14,5,11,1,0,13,2,1,1,1,2,1,1,0,1,0,2,7,1,1,1,0,2,1,16.2,11.6,0.786
4,10,6,12,1,7,0,19,2,7,18,37,40,0,10,10,11,1,1,1,3,1,1,0,1,1,2,7,1,1,0,1,2,1,15.833,5.964,0.564
1,0,0,1,0,0,0,3,0,0,0,1,3,0,0,2,0,1,0,0,1,0,0,0,1,0,0,0,1,1,0,0,1,0,11.0,2.0,0.426
3,2,2,3,1,0,0,2,9,0,4,3,3,1,1,2,4,1,1,1,2,1,0,0,1,1,0,3,1,1,1,1,1,1,41.0,23.0,0.442
3,1,2,1,0,0,0,2,0,1,4,0,1,1,0,4,0,1,1,1,1,0,0,0,1,0,1,3,0,1,1,0,1,0,20.0,14.0,0.791
5,15,3,8,1,9,0,21,2,2,15,3,17,4,2,15,3,1,1,1,2,1,1,0,1,1,1,7,1,1,1,1,3,1,30.5,16.75,0.64
8,2,2,5,3,2,1,20,2,0,7,2,8,1,0,3,1,1,1,1,2,1,1,1,1,1,0,5,1,1,1,0,1,1,22.667,10.667,0.514
17,16,10,8,7,10,0,26,0,2,17,0,50,2,1,24,7,1,1,1,3,1,1,0,1,0,1,6,0,1,1,1,1,1,23.875,7.5,0.409
1,4,2,2,1,2,0,3,0,0,2,6,8,0,0,3,1,1,1,1,1,1,1,0,1,0,0,2,1,1,0,0,1,1,12.0,3.0,0.471
5,2,2,3,2,2,1,13,0,1,5,0,8,0,0,3,1,1,1,1,2,1,1,1,1,0,1,3,0,1,0,0,1,1,16.333,4.0,0.404
0,3,0,2,2,3,0,6,0,0,4,1,3,1,0,3,0,0,1,0,2,1,1,0,1,0,0,3,1,1,1,0,1,0,14.0,8.0,0.535
19,26,9,26,6,18,0,43,2,5,31,31,30,4,3,28,9,1,1,1,5,1,1,0,1,1,2,11,1,1,1,1,1,1,28.8,14.507,0.667
0,1,0,2,1,2,0,3,0,0,5,0,1,0,0,2,0,0,1,0,1,1,1,0,1,0,0,4,0,1,0,0,1,0,17.0,12.0,0.857
3,3,2,7,1,4,0,12,0,6,9,1,6,4,1,11,2,1,1,1,2,1,1,0,1,0,2,4,1,1,1,1,2,1,23.667,21.333,0.504
2,7,1,8,1,4,1,11,2,3,13,1,7,1,1,9,1,1,1,1,2,1,1,1,1,1,1,5,1,1,1,1,1,1,18.25,11.0,0.497
3,2,4,2,2,1,0,2,0,1,2,4,1,0,0,1,0,1,1,1,1,1,1,0,1,0,1,1,1,1,0,0,1,0,12.5,7.5,0.566
3,3,0,2,1,1,0,4,0,0,2,2,3,0,0,1,0,1,1,0,2,1,1,0,1,0,0,2,1,1,0,0,1,0,22.0,8.8,0.603
18,12,5,5,10,10,1,18,6,1,10,16,16,1,0,10,1,1,1,1,2,1,1,1,1,1,1,4,1,1,1,0,2,1,35.0,9.5,0.418
1,0,1,1,0,0,0,1,2,0,2,0,2,0,1,2,0,1,0,1,1,0,0,0,1,1,0,1,0,1,0,1,1,0,12.0,12.0,0.408
3,2,3,5,2,3,0,11,0,1,8,1,11,1,0,9,1,1,1,1,3,1,1,0,1,0,1,4,1,1,1,0,2,1,20.333,18.167,0.543
7,3,6,2,1,6,1,12,2,2,8,2,9,1,1,11,2,1,1,1,1,1,1,1,1,1,1,3,1,1,1,1,3,1,12.5,4.667,0.49
2,2,1,1,1,1,0,5,0,2,3,1,2,1,0,3,0,1,1,1,1,1,1,0,1,0,2,2,1,1,1,0,1,0,25.0,19.0,0.707
0,1,1,0,1,0,0,0,6,0,0,0,5,0,0,1,0,0,1,1,0,1,0,0,0,1,0,0,0,1,0,0,1,0,15.0,0.0,0.183
4,5,4,8,2,2,0,9,1,2,14,0,7,2,0,12,0,1,1,1,3,1,1,0,1,1,2,6,0,1,1,0,1,0,24.0,19.0,0.75
1,3,1,2,1,1,0,3,2,0,4,0,2,2,0,2,0,1,1,1,1,1,1,0,1,1,0,2,0,1,1,0,2,0,12.0,11.5,0.722
3,3,1,3,0,4,0,3,2,0,8,5,3,1,0,5,0,1,1,1,1,0,1,0,1,1,0,4,1,1,1,0,1,0,41.0,18.0,0.552
10,4,6,9,2,5,0,10,0,1,11,2,8,1,1,5,0,1,1,1,2,1,1,0,1,0,1,5,1,1,1,1,1,0,18.5,11.25,0.658
2,3,3,2,1,2,1,7,0,0,1,2,5,0,0,3,1,1,1,1,2,1,1,1,1,0,0,1,1,1,0,0,1,1,16.0,2.0,0.375
14,11,7,12,3,12,0,20,3,0,15,4,13,4,1,10,1,1,1,1,3,1,1,0,1,1,0,5,1,1,1,1,2,1,25.6,13.0,0.5
2,1,0,1,0,3,0,4,1,0,1,0,1,0,0,0,0,1,1,0,1,0,1,0,1,1,0,1,0,1,0,0,0,0,14.0,6.8,0.567
0,1,1,2,0,1,0,1,0,0,2,3,2,0,0,2,0,0,1,1,2,0,1,0,1,0,0,1,1,1,0,0,1,0,7.5,6.0,0.548
9,5,4,9,4,4,0,22,3,2,11,21,8,1,1,9,16,1,1,1,3,1,1,0,1,1,1,7,1,1,1,1,1,1,25.6,10.56,0.562
3,2,0,3,2,4,0,10,1,1,8,0,5,4,0,8,2,1,1,0,2,1,1,0,1,1,1,5,0,1,1,0,1,1,13.25,11.0,0.777
7,10,8,2,2,6,0,12,1,2,8,4,10,4,1,11,2,1,1,1,2,1,1,0,1,1,1,6,1,1,1,1,2,1,17.6,6.6,0.678
14,8,6,7,4,5,0,15,0,4,11,4,8,0,0,14,2,1,1,1,3,1,1,0,1,0,1,5,1,1,0,0,1,1,33.667,14.667,0.493
0,0,0,1,1,1,0,2,0,0,1,7,1,0,0,1,4,0,0,0,1,1,1,0,1,0,0,1,1,1,0,0,1,1,19.0,2.0,0.324
5,9,4,6,3,6,0,16,0,1,11,9,8,1,0,7,2,1,1,1,2,1,1,0,1,0,1,4,1,1,1,0,1,1,22.0,9.25,0.452
3,2,6,9,3,7,0,11,0,2,10,0,6,1,0,9,0,1,1,1,3,1,1,0,1,0,1,3,0,1,1,0,2,0,23.0,23.917,0.596
13,18,11,15,4,12,0,24,7,5,9,0,15,4,1,12,1,1,1,1,2,1,1,0,1,1,2,3,0,1,1,1,1,1,37.5,11.25,0.289
7,3,5,7,2,3,0,5,3,3,9,9,11,1,1,9,1,1,1,1,2,1,1,0,1,1,1,4,1,1,1,1,1,1,39.5,19.5,0.477
2,1,0,0,0,0,0,3,1,0,2,1,4,0,1,1,0,1,1,0,0,0,0,0,1,1,0,2,1,1,0,1,1,0,8.0,7.5,0.707
6,9,11,13,7,13,0,14,6,4,15,6,17,4,0,20,1,1,1,1,3,1,1,0,1,1,2,5,1,1,1,0,1,1,73.0,48.5,0.468
1,0,2,2,0,1,0,2,0,0,3,1,2,0,0,2,0,1,0,1,2,0,1,0,1,0,0,3,1,1,0,0,1,0,8.0,7.0,0.707
8,6,7,7,3,6,0,14,0,1,13,3,7,3,0,11,1,1,1,1,3,1,1,0,1,0,1,6,1,1,1,0,1,1,30.0,21.0,0.596
0,1,0,2,1,2,0,6,0,2,3,1,2,1,0,5,0,0,1,0,1,1,1,0,1,0,1,2,1,1,1,0,1,0,26.0,14.0,0.555
0,1,0,1,2,0,0,2,1,0,4,10,5,0,0,2,4,0,1,0,1,1,0,0,1,1,0,4,1,1,0,0,1,1,32.0,17.8,0.75
2,3,1,4,0,1,0,2,0,0,4,3,2,0,0,1,0,1,1,1,2,0,1,0,1,0,0,4,1,1,0,0,1,0,11.5,6.5,0.737
3,1,3,3,2,2,0,6,0,2,3,1,1,1,0,6,0,1,1,1,2,1,1,0,1,0,1,2,1,1,1,0,1,0,34.0,20.0,0.485
5,5,6,3,2,2,0,4,0,0,9,2,3,2,0,7,0,1,1,1,2,1,1,0,1,0,0,5,1,1,1,0,1,0,16.667,8.333,0.6
14,11,12,12,6,9,1,14,5,5,17,2,20,4,1,11,0,1,1,1,3,1,1,1,1,1,2,6,1,1,1,1,3,0,47.667,38.333,0.65
8,6,6,1,6,3,0,8,3,1,5,5,13,0,0,7,0,1,1,1,1,1,1,0,1,1,1,3,1,1,0,0,2,0,14.2,5.2,0.504
6,11,5,3,5,2,0,13,6,0,2,8,13,1,0,8,0,1,1,1,2,1,1,0,1,1,0,2,1,1,1,0,2,0,16.2,2.2,0.314
7,9,8,12,4,4,0,9,1,4,18,2,12,4,0,12,1,1,1,1,3,1,1,0,1,1,2,5,1,1,1,0,2,1,26.75,20.393,0.547
5,4,5,3,3,2,0,21,0,0,6,9,5,1,0,2,17,1,1,1,2,1,1,0,1,0,0,4,1,1,1,0,1,1,20.75,4.45,0.466
4,7,0,9,2,8,0,14,1,3,6,3,6,2,1,13,1,1,1,0,2,1,1,0,1,1,2,5,1,1,1,1,2,1,19.75,11.25,0.636
0,2,1,2,1,2,0,3,1,0,4,0,0,2,0,2,0,0,1,1,2,1,1,0,1,1,0,4,0,0,1,0,1,0,20.0,10.8,0.791
1,1,0,2,0,1,0,1,1,1,3,0,1,1,0,2,2,1,1,0,2,0,1,0,1,1,1,2,0,1,1,0,1,1,8.5,10.786,0.857
10,12,8,17,6,9,0,21,0,6,19,2,6,4,0,22,3,1,1,1,5,1,1,0,1,0,1,7,1,1,1,0,1,1,36.25,27.161,0.646
10,4,10,4,5,6,0,8,3,1,6,0,6,1,0,6,0,1,1,1,1,1,1,0,1,1,1,3,0,1,1,0,2,0,14.0,3.0,0.338
18,22,18,20,8,11,0,24,4,3,40,1,12,14,1,32,3,1,1,1,3,1,1,0,1,1,1,7,1,1,1,1,1,1,25.556,18.333,0.42
1,6,2,5,2,6,0,14,0,2,8,3,18,1,2,7,1,1,1,1,3,1,1,0,1,0,1,5,1,1,1,1,1,1,38.0,20.5,0.649
2,1,1,2,2,1,0,2,1,0,5,2,2,3,0,5,2,1,1,1,2,1,1,0,1,1,0,3,1,1,1,0,1,1,31.0,22.0,0.508
5,5,3,4,1,4,0,10,0,2,7,2,9,0,0,9,0,1,1,1,3,1,1,0,1,0,1,5,1,1,0,0,1,0,12.2,8.6,0.634
4,2,3,1,2,0,0,7,0,1,6,1,3,1,0,6,0,1,1,1,1,1,0,0,1,0,1,3,1,1,1,0,1,0,18.5,5.0,0.349
3,3,2,3,0,3,2,8,0,2,7,1,8,4,0,5,4,1,1,1,1,0,1,1,1,0,2,4,1,1,1,0,1,1,13.75,9.25,0.572
5,2,4,3,0,3,0,4,2,3,6,1,5,1,0,8,0,1,1,1,1,0,1,0,1,1,1,3,1,1,1,0,2,0,11.75,3.5,0.413
2,7,2,3,3,7,1,16,0,0,8,2,6,1,0,9,2,1,1,1,2,1,1,1,1,0,0,4,1,1,1,0,1,1,17.25,7.0,0.426
1,2,1,2,1,0,0,0,0,0,5,0,3,0,0,0,0,1,1,1,1,1,0,0,0,0,0,3,0,1,0,0,0,0,7.5,9.0,0.73
0,2,1,0,0,2,0,2,1,0,2,0,0,0,0,2,0,0,1,1,0,0,1,0,1,1,0,2,0,0,0,0,1,0,12.0,5.0,0.612
2,1,0,1,1,1,0,3,0,0,3,0,0,0,0,1,0,1,1,0,1,1,1,0,1,0,0,2,0,0,0,0,1,0,13.0,4.0,0.588
3,7,7,7,9,2,1,14,0,4,15,2,12,3,0,12,1,1,1,1,3,1,1,1,1,0,2,6,1,1,1,0,2,1,24.75,24.0,0.711
2,2,0,4,1,1,0,3,0,0,3,0,2,1,0,0,0,1,1,0,2,1,1,0,1,0,0,2,0,1,1,0,0,0,9.5,3.0,0.487
10,20,6,10,6,4,0,27,1,2,17,0,18,1,0,16,1,1,1,1,4,1,1,0,1,1,2,8,0,1,1,0,1,1,34.75,19.893,0.72
2,2,2,2,0,0,0,1,0,0,2,0,2,0,0,1,0,1,1,1,2,0,0,0,1,0,0,2,0,1,0,0,1,0,7.0,6.0,0.756
3,1,3,4,0,0,0,1,0,1,5,5,2,2,0,2,0,1,1,1,2,0,0,0,1,0,1,5,1,1,1,0,1,0,29.0,29.0,0.919
2,1,0,3,0,2,0,3,0,0,3,1,5,0,0,2,0,1,1,0,2,0,1,0,1,0,0,3,1,1,0,0,1,0,7.333,3.667,0.603
3,3,1,3,1,3,1,6,1,1,6,0,8,1,0,5,0,1,1,1,2,1,1,1,1,1,1,3,0,1,1,0,1,0,8.6,7.2,0.431
7,7,3,7,3,3,0,18,0,2,14,8,10,0,0,9,0,1,1,1,3,1,1,0,1,0,2,4,1,1,0,0,2,0,12.857,10.286,0.522
15,3,12,15,10,8,1,19,3,2,17,11,16,1,0,14,6,1,1,1,5,1,1,1,1,1,1,7,1,1,1,0,3,1,13.0,8.964,0.736
5,4,4,7,6,9,0,8,6,1,8,2,7,1,0,8,0,1,1,1,3,1,1,0,1,1,1,3,1,1,1,0,2,0,38.0,21.25,0.406
10,8,6,4,5,4,1,16,2,2,17,5,22,1,0,11,7,1,1,1,2,1,1,1,1,1,1,5,1,1,1,0,2,1,20.167,13.833,0.45
10,11,11,8,7,10,0,25,8,4,14,3,27,1,0,16,8,1,1,1,4,1,1,0,1,1,2,8,1,1,1,0,2,1,20.5,8.969,0.663
6,10,6,4,3,6,0,11,5,3,6,5,7,1,0,7,0,1,1,1,2,1,1,0,1,1,1,3,1,1,1,0,2,0,19.75,2.75,0.318
6,7,6,3,3,10,1,17,7,2,8,3,13,2,3,12,1,1,1,1,1,1,1,1,1,1,2,4,1,1,1,1,2,1,33.667,14.0,0.493
5,4,1,3,2,4,0,9,5,0,4,2,4,2,0,6,0,1,1,1,1,1,1,0,1,1,0,4,1,1,1,0,2,0,50.0,24.0,0.6
0,3,1,1,0,0,0,2,1,0,4,3,4,2,0,3,0,0,1,1,1,0,0,0,1,1,0,3,1,1,1,0,1,0,24.0,6.0,0.433
0,5,1,1,0,2,2,4,0,0,4,3,5,0,0,5,0,0,1,1,1,0,1,1,1,0,0,3,1,1,0,0,1,0,10.667,2.333,0.375
1,2,1,3,0,1,2,2,0,0,6,0,9,0,0,3,0,1,1,1,2,0,1,1,1,0,0,3,0,1,0,0,1,0,10.0,7.19,0.645
2,1,0,3,0,1,0,3,1,2,2,0,4,1,0,2,0,1,1,0,2,0,1,0,1,1,2,2,0,1,1,0,1,0,11.0,10.5,0.754
2,1,1,2,0,0,0,1,1,0,2,2,4,0,0,1,1,1,1,1,2,0,0,0,1,1,0,2,1,1,0,0,1,1,6.0,1.333,0.5
1,1,1,2,0,2,0,2,0,2,2,0,2,0,0,3,0,1,1,1,2,0,1,0,1,0,2,2,0,1,0,0,1,0,18.0,17.0,0.833
1,1,2,1,1,2,1,6,0,2,4,1,4,1,0,3,0,1,1,1,1,1,1,1,1,0,1,2,1,1,1,0,1,0,10.0,3.667,0.387
3,1,1,5,1,0,0,3,0,2,6,0,4,0,0,5,1,1,1,1,3,1,0,0,1,0,2,3,0,1,0,0,1,1,16.0,16.786,0.875
6,8,2,8,1,2,1,9,0,1,5,5,8,1,0,7,1,1,1,1,2,1,1,1,1,0,1,4,1,1,1,0,1,1,21.667,15.667,0.526
2,1,1,2,0,1,0,0,2,0,1,1,3,0,0,0,0,1,1,1,1,0,1,0,0,1,0,1,1,1,0,0,0,0,7.0,1.0,0.378
2,2,1,1,1,1,0,2,1,1,1,2,2,0,0,3,0,1,1,1,1,1,1,0,1,1,1,1,1,1,0,0,1,0,10.0,3.5,0.316
0,1,1,1,0,0,0,2,0,3,3,0,2,0,0,4,0,0,1,1,1,0,0,0,1,0,2,2,0,1,0,0,1,0,8.5,12.0,0.686
0,0,3,3,2,1,0,1,2,0,1,1,3,0,0,0,0,0,0,1,2,1,1,0,1,1,0,1,1,1,0,0,0,0,17.0,4.0,0.514
2,3,3,5,0,3,0,6,1,1,7,2,6,2,0,5,1,1,1,1,3,0,1,0,1,1,1,4,1,1,1,0,1,1,15.667,9.667,0.619
2,1,0,0,0,0,0,6,1,0,0,3,16,0,4,3,3,1,1,0,0,0,0,0,1,1,0,0,1,1,0,1,1,1,35.0,0.0,0.12
0,3,0,1,0,1,0,0,3,0,1,0,2,0,1,1,0,0,1,0,1,0,1,0,0,1,0,1,0,1,0,1,1,0,12.0,2.0,0.408
2,2,3,2,2,2,1,3,0,1,2,0,2,0,0,2,0,1,1,1,2,1,1,1,1,0,1,2,0,1,0,0,1,0,12.0,2.5,0.433
3,1,1,1,1,3,0,4,0,1,1,2,4,0,1,0,0,1,1,1,1,1,1,0,1,0,1,1,1,1,0,1,0,0,11.0,4.5,0.452
4,9,5,4,2,6,0,10,4,0,3,1,6,1,0,4,1,1,1,1,2,1,1,0,1,1,0,3,1,1,1,0,1,1,20.0,6.0,0.456
1,3,1,1,0,1,0,1,1,0,2,2,3,0,0,1,0,1,1,1,1,0,1,0,1,1,0,2,1,1,0,0,1,0,17.0,4.0,0.514
3,0,2,3,1,3,0,3,2,2,3,0,5,0,0,2,1,1,0,1,1,1,1,0,1,1,1,2,0,1,0,0,1,1,9.667,4.333,0.525
2,0,0,0,1,0,0,5,3,0,2,1,5,0,0,0,2,1,0,0,0,1,0,0,1,1,0,2,1,1,0,0,0,1,7.0,1.333,0.463
1,0,1,1,0,1,0,1,1,2,0,1,2,0,0,1,0,1,0,1,1,0,1,0,1,1,2,0,1,1,0,0,1,0,12.0,9.0,0.612
4,1,4,7,3,3,0,6,0,4,11,1,6,2,0,11,0,1,1,1,4,1,1,0,1,0,2,6,1,1,1,0,3,0,15.75,19.5,0.891
2,2,0,1,1,2,0,5,0,0,3,0,4,2,0,2,0,1,1,0,1,1,1,0,1,0,0,2,0,1,1,0,1,0,8.0,6.333,0.577
2,0,1,1,2,0,0,2,0,1,4,0,2,0,0,5,2,1,0,1,1,1,0,0,1,0,1,2,0,1,0,0,1,1,7.333,7.0,0.754
11,15,5,14,3,11,1,21,2,4,11,4,11,3,0,16,3,1,1,1,4,1,1,1,1,1,2,4,1,1,1,0,2,1,15.0,7.611,0.548
1,0,1,1,1,1,0,2,0,1,1,0,2,1,0,1,0,1,0,1,1,1,1,0,1,0,1,1,0,1,1,0,1,0,13.0,21.0,0.784
3,1,4,2,1,0,0,4,0,1,3,1,5,0,0,5,0,1,1,1,2,1,0,0,1,0,1,3,1,1,0,0,1,0,7.5,5.0,0.775
2,0,0,2,0,2,0,2,0,0,1,0,1,1,0,0,0,1,0,0,1,0,1,0,1,0,0,1,0,1,1,0,0,0,11.0,4.0,0.426
4,5,6,3,2,3,0,8,0,1,6,0,6,1,1,5,0,1,1,1,2,1,1,0,1,0,1,4,0,1,1,1,2,0,16.667,9.0,0.7
1,2,1,2,2,2,1,10,1,0,6,0,10,0,0,9,1,1,1,1,1,1,1,1,1,1,0,3,0,1,0,0,1,1,9.6,4.0,0.408
0,2,1,3,1,4,0,4,1,0,5,1,2,2,0,3,0,0,1,1,2,1,1,0,1,1,0,3,1,1,1,0,1,0,14.5,5.5,0.525
8,17,6,9,5,13,0,24,10,2,11,2,18,3,2,17,2,1,1,1,3,1,1,0,1,1,2,4,1,1,1,1,3,1,21.0,7.857,0.467
0,1,2,2,0,0,0,0,2,0,2,0,3,0,0,1,0,0,1,1,1,0,0,0,0,1,0,1,0,1,0,0,1,0,6.5,4.0,0.588
13,15,10,15,3,11,0,29,16,8,18,5,16,2,1,19,3,1,1,1,4,1,1,0,1,1,2,5,1,1,1,1,3,1,36.0,20.0,0.474
6,10,7,7,4,8,0,18,9,2,9,8,14,2,5,8,4,1,1,1,2,1,1,0,1,1,2,5,1,1,1,1,1,1,58.0,16.5,0.46
4,8,1,4,1,2,0,7,12,0,7,2,11,2,4,6,4,1,1,1,3,1,1,0,1,1,0,4,1,1,1,1,1,1,23.667,8.167,0.504
1,5,2,5,2,2,0,4,2,0,14,3,7,4,0,10,0,1,1,1,2,1,1,0,1,1,0,4,1,1,1,0,1,0,20.333,20.381,0.543
0,3,0,2,0,1,0,1,2,0,2,1,2,1,0,1,0,0,1,0,1,0,1,0,1,1,0,1,1,1,1,0,1,0,16.0,8.0,0.53
5,1,1,4,2,1,0,2,2,1,7,0,3,0,0,6,0,1,1,1,2,1,1,0,1,1,1,3,0,1,0,0,1,0,35.0,26.0,0.478
7,8,5,5,4,8,0,12,2,1,18,3,9,5,0,14,2,1,1,1,2,1,1,0,1,1,1,4,1,1,1,0,2,1,14.714,5.714,0.348
4,7,6,3,1,2,1,4,1,0,4,1,5,0,0,4,0,1,1,1,1,1,1,1,1,1,0,3,1,1,0,0,1,0,21.5,7.0,0.431
1,0,4,3,1,1,0,4,2,0,4,0,4,0,0,0,1,1,0,1,1,1,1,0,1,1,0,4,0,1,0,0,0,1,25.0,17.0,0.707
1,1,2,3,0,0,0,2,2,1,5,0,3,1,0,4,0,1,1,1,1,0,0,0,1,1,1,2,0,1,1,0,1,0,12.5,6.0,0.424
5,1,3,2,4,2,0,9,0,2,7,4,5,1,0,6,2,1,1,1,2,1,1,0,1,0,1,6,1,1,1,0,2,1,53.0,50.0,0.874
0,2,0,3,0,2,0,2,0,0,3,0,1,1,0,4,0,0,1,0,2,0,1,0,1,0,0,3,0,1,1,0,1,0,18.0,16.0,0.833
3,2,1,2,0,0,0,2,0,0,6,3,6,0,0,3,1,1,1,1,2,0,0,0,1,0,0,4,1,1,0,0,1,1,10.0,6.667,0.775
1,2,1,1,1,0,0,0,0,0,4,1,1,0,0,3,0,1,1,1,1,1,0,0,0,0,0,3,1,1,0,0,1,0,15.0,10.0,0.73
0,0,1,1,0,2,0,2,1,0,2,1,3,1,0,2,0,0,0,1,1,0,1,0,1,1,0,1,1,1,1,0,2,0,8.0,10.5,0.707
4,8,6,4,1,2,0,11,2,2,9,1,7,0,1,6,0,1,1,1,2,1,1,0,1,1,2,4,1,1,0,1,2,0,21.0,13.0,0.624
1,1,2,2,0,0,0,2,1,1,5,0,2,0,0,3,0,1,1,1,2,0,0,0,1,1,1,3,0,1,0,0,1,0,10.0,8.0,0.632
1,2,5,2,1,2,0,4,1,2,3,0,5,1,0,5,0,1,1,1,2,1,1,0,1,1,2,2,0,1,1,0,1,0,17.0,8.375,0.485
3,4,3,4,1,3,1,7,0,3,7,2,4,1,0,3,0,1,1,1,3,1,1,1,1,0,1,5,1,1,1,0,1,0,11.5,11.25,0.834
18,28,18,10,9,6,0,30,6,3,23,10,25,2,0,22,2,1,1,1,5,1,1,0,1,1,2,9,1,1,1,0,2,1,52.25,23.143,0.685
1,2,0,1,1,2,0,8,0,1,3,0,2,0,0,5,0,1,1,0,1,1,1,0,1,0,1,2,0,1,0,0,1,0,8.667,3.333,0.416
1,0,1,1,0,0,0,3,1,0,1,0,3,0,0,1,0,1,0,1,1,0,0,0,1,1,0,1,0,1,0,0,1,0,6.0,2.0,0.612
1,1,1,2,0,1,1,1,0,0,1,0,1,0,0,1,0,1,1,1,1,0,1,1,1,0,0,1,0,1,0,0,1,0,11.0,7.0,0.426
1,0,1,1,1,3,1,2,0,1,4,2,3,0,0,4,0,1,0,1,1,1,1,1,1,0,1,3,1,1,0,0,1,0,8.0,4.0,0.577
9,12,6,9,3,13,0,22,1,2,8,0,15,0,0,13,2,1,1,1,2,1,1,0,1,1,2,5,0,1,0,0,1,1,16.429,5.714,0.462
2,2,0,2,0,2,0,4,1,1,1,1,1,0,0,3,0,1,1,0,2,0,1,0,1,1,1,1,1,1,0,0,2,0,10.0,6.625,0.791
0,2,1,1,0,3,0,0,0,0,1,6,1,1,0,2,0,0,1,1,1,0,1,0,0,0,0,1,1,1,1,0,1,0,18.0,6.0,0.5
9,14,5,4,7,3,0,6,11,4,8,21,21,4,0,21,1,1,1,1,3,1,1,0,1,1,2,4,1,1,1,0,2,1,27.6,5.4,0.421
3,4,1,0,2,0,1,0,1,1,1,4,2,1,0,3,0,1,1,1,0,1,0,1,0,1,1,1,1,1,1,0,1,0,23.0,3.0,0.295
1,3,1,5,0,1,0,3,2,0,3,1,1,0,0,3,0,1,1,1,2,0,1,0,1,1,0,2,1,1,0,0,1,0,12.0,2.5,0.433
3,3,1,1,1,1,0,8,2,1,2,5,15,2,1,4,0,1,1,1,1,1,1,0,1,1,1,2,1,1,1,1,1,0,24.0,5.25,0.306
4,2,3,6,1,3,0,3,3,1,3,0,4,2,0,3,0,1,1,1,3,1,1,0,1,1,1,1,0,1,1,0,1,0,12.667,7.833,0.574
5,13,3,10,2,7,0,12,9,0,9,4,12,3,1,8,1,1,1,1,4,1,1,0,1,1,0,3,1,1,1,1,1,1,32.0,15.5,0.505
4,11,5,12,5,3,0,7,8,3,13,6,7,3,0,15,1,1,1,1,3,1,1,0,1,1,2,5,1,1,1,0,2,1,102.0,76.5,0.56
16,15,7,16,9,10,0,32,7,3,11,0,16,0,3,15,1,1,1,1,3,1,1,0,1,1,2,3,0,1,0,1,1,1,22.286,6.571,0.34
0,2,2,2,0,0,0,0,0,0,2,2,2,0,0,2,1,0,1,1,2,0,0,0,0,0,0,2,1,1,0,0,1,1,7.5,8.0,0.73
2,13,7,11,6,11,0,20,7,4,11,3,12,3,0,13,2,1,1,1,3,1,1,0,1,1,2,5,1,1,1,0,1,1,17.857,9.5,0.506
3,1,2,4,2,3,0,4,0,1,6,2,1,2,0,3,0,1,1,1,2,1,1,0,1,0,1,3,1,1,1,0,1,0,17.0,15.5,0.728
2,2,6,3,3,1,0,5,1,0,7,12,7,3,0,4,1,1,1,1,2,1,1,0,1,1,0,3,1,1,1,0,1,1,19.0,6.667,0.468
4,3,3,2,1,2,0,3,0,1,5,0,3,0,0,4,0,1,1,1,1,1,1,0,1,0,1,3,0,1,0,0,1,0,15.5,9.5,0.635
5,5,4,3,2,3,0,6,0,0,7,4,5,1,0,6,0,1,1,1,2,1,1,0,1,0,0,4,1,1,1,0,1,0,25.5,14.5,0.495
1,3,3,0,1,1,1,2,3,0,4,0,4,0,0,3,0,1,1,1,0,1,1,1,1,1,0,3,0,1,0,0,1,0,13.0,4.5,0.555
3,2,1,2,2,2,2,4,1,1,8,0,0,1,0,5,1,1,1,1,1,1,1,1,1,1,1,4,0,0,1,0,2,1,11.667,11.75,0.956
5,9,8,7,1,5,0,17,0,3,4,4,8,3,0,6,4,1,1,1,2,1,1,0,1,0,1,2,1,1,1,0,1,1,84.0,24.0,0.231
11,19,4,8,10,12,0,35,2,3,13,7,17,1,0,22,2,1,1,1,3,1,1,0,1,1,1,6,1,1,1,0,2,1,20.75,9.75,0.494
1,5,2,3,0,5,0,5,2,1,3,0,5,1,0,4,0,1,1,1,2,0,1,0,1,1,1,2,0,1,1,0,1,0,37.0,12.5,0.349
5,7,1,6,2,3,0,13,0,3,9,6,3,3,0,11,0,1,1,1,2,1,1,0,1,0,1,5,1,1,1,0,1,0,36.0,9.5,0.5
4,1,4,2,1,1,0,4,0,0,3,1,4,1,0,3,0,1,1,1,2,1,1,0,1,0,0,2,1,1,1,0,1,0,14.5,2.0,0.394
0,1,2,1,1,1,0,3,1,1,0,0,1,0,0,0,0,0,1,1,1,1,1,0,1,1,1,0,0,1,0,0,0,0,12.0,9.0,0.612
0,0,0,0,0,3,0,4,0,0,3,0,0,0,0,3,0,0,0,0,0,0,1,0,1,0,0,2,0,0,0,0,2,0,13.0,4.0,0.588
1,2,5,5,1,4,0,6,1,3,5,0,3,1,0,6,1,1,1,1,3,1,1,0,1,1,2,2,0,1,1,0,1,1,22.0,12.0,0.533
11,15,8,5,5,8,2,28,2,6,20,15,20,3,0,28,12,1,1,1,2,1,1,1,1,1,2,9,1,1,1,0,2,1,15.75,7.0,0.617
1,1,0,1,0,0,0,2,0,1,1,1,2,0,1,1,0,1,1,0,1,0,0,0,1,0,1,1,1,1,0,1,1,0,12.0,2.0,0.408
1,0,6,3,0,0,0,0,0,3,5,0,4,1,0,3,0,1,0,1,2,0,0,0,0,0,2,5,0,1,1,0,1,0,8.667,12.667,1.109
1,2,0,1,0,2,3,4,0,1,2,0,2,1,0,3,0,1,1,0,1,0,1,1,1,0,1,1,0,1,1,0,1,0,7.333,2.333,0.452
2,2,1,0,0,1,0,4,0,1,2,2,3,1,0,4,0,1,1,1,0,0,1,0,1,0,1,1,1,1,1,0,1,0,11.5,4.0,0.295
0,3,3,2,2,5,0,6,1,1,6,2,4,0,0,5,1,0,1,1,2,1,1,0,1,1,1,3,1,1,0,0,1,1,20.5,11.0,0.663
9,4,6,8,3,5,0,8,0,2,16,1,10,3,1,11,1,1,1,1,4,1,1,0,1,0,1,5,1,1,1,1,2,1,44.0,40.286,0.678
9,7,2,7,3,6,0,34,7,0,7,29,61,2,30,5,5,1,1,1,2,1,1,0,1,1,0,5,1,1,1,1,1,1,14.692,1.692,0.307
1,0,0,0,0,0,0,2,0,0,0,12,16,0,7,0,2,1,0,0,0,0,0,0,1,0,0,0,1,1,0,1,0,1,35.0,0.0,0.12
2,3,2,8,1,4,0,5,0,2,4,2,2,0,0,6,0,1,1,1,2,1,1,0,1,0,1,3,1,1,0,0,1,0,13.667,5.333,0.442
0,1,1,2,1,1,0,2,0,1,1,1,1,1,0,2,0,0,1,1,2,1,1,0,1,0,1,1,1,1,1,0,1,0,7.5,12.036,0.913
3,1,0,0,2,1,0,6,0,1,1,1,2,2,0,5,0,1,1,0,0,1,1,0,1,0,1,1,1,1,1,0,1,0,12.5,0.0,0.141
3,3,1,1,1,3,1,4,0,0,5,2,5,1,1,3,0,1,1,1,1,1,1,1,1,0,0,2,1,1,1,1,2,0,11.0,3.333,0.369
8,9,7,9,2,8,1,11,0,2,9,11,12,0,0,8,0,1,1,1,4,1,1,1,1,0,1,5,1,1,0,0,2,0,14.0,7.653,0.714
3,1,3,3,1,2,0,2,0,1,1,2,3,0,0,1,0,1,1,1,1,1,1,0,1,0,1,1,1,1,0,0,1,0,23.0,7.0,0.295
2,1,1,2,1,2,0,4,0,0,4,1,3,0,0,3,0,1,1,1,2,1,1,0,1,0,0,4,1,1,0,0,1,0,12.0,6.5,0.722
9,16,12,6,3,10,0,26,1,2,11,1,22,1,1,14,1,1,1,1,2,1,1,0,1,1,1,4,1,1,1,1,1,1,34.25,9.5,0.302
2,6,4,2,1,5,0,29,8,0,2,30,55,0,29,3,5,1,1,1,1,1,1,0,1,1,0,2,1,1,0,1,1,1,22.429,1.0,0.169
0,1,2,3,1,0,0,1,0,1,2,0,5,0,0,2,0,0,1,1,1,1,0,0,1,0,1,2,0,1,0,0,1,0,9.0,4.5,0.5
2,1,1,4,1,1,0,1,0,1,6,0,3,2,0,3,0,1,1,1,3,1,1,0,1,0,1,3,0,1,1,0,1,0,13.0,14.875,0.832
6,5,5,4,2,1,0,6,0,1,12,0,9,0,1,9,0,1,1,1,1,1,1,0,1,0,1,6,0,1,0,1,1,0,20.0,13.0,0.639
21,20,14,12,13,11,1,47,9,7,25,5,43,7,0,32,2,1,1,1,3,1,1,1,1,1,2,8,1,1,1,0,4,1,24.273,9.164,0.563
1,1,2,2,0,3,1,3,3,0,5,1,9,0,0,3,0,1,1,1,1,0,1,1,1,1,0,4,1,1,0,0,2,0,11.333,7.333,0.728
1,0,3,1,3,0,1,1,3,1,3,1,3,1,0,3,0,1,0,1,1,1,0,1,1,1,1,2,1,1,1,0,1,0,25.0,10.0,0.424
4,1,2,2,1,2,0,5,0,1,1,0,2,1,0,5,1,1,1,1,1,1,1,0,1,0,1,1,0,1,1,0,1,1,14.0,4.5,0.401
11,22,0,18,11,17,0,39,42,3,18,21,46,12,14,26,8,1,1,0,4,1,1,0,1,1,2,6,1,1,1,1,2,1,41.571,16.643,0.456
0,0,0,0,0,0,0,16,22,0,0,13,20,0,7,0,7,0,0,0,0,0,0,0,1,1,0,0,1,1,0,1,0,1,71.0,0.0,0.084
0,2,2,1,0,3,0,3,0,2,3,2,0,0,0,5,1,0,1,1,1,0,1,0,1,0,1,2,1,0,0,0,1,1,24.0,16.0,0.433
2,1,0,2,1,1,0,1,0,2,2,0,2,0,0,3,0,1,1,0,1,1,1,0,1,0,2,2,0,1,0,0,1,0,8.5,6.5,0.686
0,1,3,1,0,1,0,1,0,0,1,2,1,0,0,1,0,0,1,1,1,0,1,0,1,0,0,1,1,1,0,0,1,0,13.0,9.0,0.588
3,1,1,1,1,1,0,4,0,1,1,2,1,1,0,3,0,1,1,1,1,1,1,0,1,0,1,1,1,1,1,0,1,0,10.5,3.5,0.463
0,0,2,1,0,1,0,1,0,1,2,0,2,0,0,4,0,0,0,1,1,0,1,0,1,0,1,2,0,1,0,0,2,0,7.0,9.0,1.134
1,1,2,3,1,2,0,3,0,1,3,0,0,0,0,2,0,1,1,1,2,1,1,0,1,0,1,2,0,1,0,0,1,0,20.0,11.0,0.632
0,1,1,1,0,1,0,3,1,0,2,1,0,0,0,2,0,0,1,1,1,0,1,0,1,1,0,1,1,0,0,0,1,0,13.0,6.0,0.588
2,1,2,2,0,3,0,3,1,3,4,2,3,3,1,5,0,1,1,1,2,0,1,0,1,1,2,2,1,1,1,1,1,0,11.333,6.167,0.485
3,2,0,2,1,1,0,1,0,2,1,0,0,0,0,2,0,1,1,0,1,1,1,0,1,0,2,1,0,0,0,0,1,0,15.0,13.0,0.73
2,2,2,0,0,1,0,4,0,1,4,0,2,1,1,4,0,1,1,1,0,0,1,0,1,0,1,4,0,1,1,1,1,0,23.0,12.0,0.59
2,2,4,3,1,1,1,3,6,1,4,1,8,2,1,5,1,1,1,1,2,1,1,1,1,1,1,2,1,1,1,1,1,1,21.5,8.5,0.431
1,0,1,4,0,2,0,2,0,1,2,2,0,2,0,1,0,1,0,1,2,0,1,0,1,0,1,2,1,0,1,0,1,0,18.0,17.0,0.833
5,4,5,8,2,3,1,3,0,4,9,0,6,1,0,6,1,1,1,1,2,1,1,1,1,0,2,5,0,1,1,0,2,1,29.0,26.0,0.743
3,3,0,2,0,1,0,2,0,0,5,0,1,2,0,4,0,1,1,0,1,0,1,0,1,0,0,2,0,1,1,0,1,0,23.0,18.0,0.442
0,2,1,1,1,0,0,1,2,0,2,2,4,0,0,1,0,0,1,1,1,1,0,0,1,1,0,2,1,1,0,0,1,0,8.5,4.0,0.686
0,0,2,0,0,0,1,1,0,0,1,4,1,0,0,1,0,0,0,1,0,0,0,1,1,0,0,1,1,1,0,0,1,0,11.0,7.0,0.426
17,10,10,13,1,12,0,18,2,5,10,9,30,4,0,14,4,1,1,1,4,1,1,0,1,1,1,4,1,1,1,0,2,1,22.714,13.429,0.449
0,1,1,2,0,2,1,3,0,0,1,0,2,0,0,2,1,0,1,1,2,0,1,1,1,0,0,1,0,1,0,0,1,1,16.0,10.5,0.53
4,8,3,4,1,4,0,5,2,1,6,0,1,2,0,5,0,1,1,1,3,1,1,0,1,1,1,4,0,1,1,0,1,0,46.0,31.0,0.626
3,4,4,7,2,0,0,8,4,0,13,0,5,2,0,4,2,1,1,1,1,1,0,0,1,1,0,6,0,1,1,0,2,1,19.333,17.333,0.743
1,4,1,3,0,1,0,6,1,1,6,5,8,1,4,2,0,1,1,1,1,0,1,0,1,1,1,4,1,1,1,1,1,0,40.0,35.0,0.671
2,6,6,9,3,1,0,8,14,0,5,7,13,0,3,7,1,1,1,1,2,1,1,0,1,1,0,3,1,1,0,1,1,1,20.5,8.25,0.39
1,2,1,1,1,0,1,0,0,0,3,0,2,0,0,3,0,1,1,1,1,1,0,1,0,0,0,3,0,1,0,0,1,0,15.0,15.0,0.73
1,4,3,4,1,2,0,4,1,0,2,3,3,0,0,2,0,1,1,1,1,1,1,0,1,1,0,2,1,1,0,0,1,0,15.0,5.5,0.387
0,0,0,1,1,3,0,2,0,1,2,1,2,0,0,2,0,0,0,0,1,1,1,0,1,0,1,2,1,1,0,0,1,0,15.0,12.0,0.73
1,1,1,2,0,0,0,3,0,0,1,0,2,0,0,0,0,1,1,1,1,0,0,0,1,0,0,1,0,1,0,0,0,0,4.0,1.333,0.408
2,2,2,4,0,1,0,2,1,1,4,1,4,1,0,4,0,1,1,1,3,0,1,0,1,1,1,1,1,1,1,0,1,0,29.0,19.0,0.525
1,2,1,0,0,3,0,3,0,0,3,2,5,0,0,1,1,1,1,1,0,0,1,0,1,0,0,3,1,1,0,0,1,1,7.333,3.667,0.603
1,0,2,2,1,1,0,1,0,0,3,0,2,0,0,2,0,1,0,1,1,1,1,0,1,0,0,2,0,1,0,0,1,0,15.0,7.0,0.548
14,13,11,11,4,7,0,13,0,3,18,2,11,2,0,10,3,1,1,1,2,1,1,0,1,0,2,9,1,1,1,0,2,1,30.5,22.7,0.704
12,7,16,12,7,7,1,19,0,10,18,2,13,4,0,16,0,1,1,1,3,1,1,1,1,0,2,7,1,1,1,0,1,0,36.5,23.5,0.585
2,1,3,2,1,1,0,1,0,3,3,1,3,2,0,2,0,1,1,1,2,1,1,0,1,0,2,2,1,1,1,0,1,0,12.5,14.0,0.566
5,3,2,1,1,0,0,5,0,0,4,0,3,0,0,2,0,1,1,1,1,1,0,0,1,0,0,3,0,1,0,0,2,0,13.0,5.0,0.555
2,3,1,4,2,2,0,6,0,2,8,0,1,1,0,6,0,1,1,1,3,1,1,0,1,0,2,4,0,1,1,0,1,0,38.0,48.571,0.803
3,4,0,3,1,2,0,6,0,0,6,0,2,1,0,3,0,1,1,0,2,1,1,0,1,0,0,4,0,1,1,0,1,0,31.0,27.0,0.762
13,7,8,10,3,12,0,25,2,11,5,5,12,2,0,12,0,1,1,1,2,1,1,0,1,1,2,4,1,1,1,0,2,0,20.833,9.833,0.443
3,1,0,1,0,2,2,4,1,1,3,0,4,1,0,3,0,1,1,0,1,0,1,1,1,1,1,2,0,1,1,0,2,0,8.667,6.333,0.693
1,6,8,5,2,2,0,6,0,0,7,5,8,3,0,5,0,1,1,1,2,1,1,0,1,0,0,3,1,1,1,0,1,0,58.0,47.0,0.371
1,0,1,0,1,1,0,1,0,1,5,1,0,0,0,5,0,1,0,1,0,1,1,0,1,0,1,4,1,0,0,0,1,0,17.0,15.0,0.686
12,12,8,5,7,9,0,21,1,4,9,5,8,2,0,13,0,1,1,1,1,1,1,0,1,1,2,5,1,1,1,0,2,0,23.0,7.2,0.462
1,1,2,3,1,0,0,4,0,1,5,0,4,2,0,4,1,1,1,1,2,1,0,0,1,0,1,3,0,1,1,0,1,1,7.25,4.75,0.657
2,4,4,2,2,0,0,6,2,0,8,3,4,0,0,3,0,1,1,1,1,1,0,0,1,1,0,5,1,1,0,0,1,0,19.5,10.5,0.679
13,11,11,6,6,10,0,24,0,2,14,0,12,10,1,15,2,1,1,1,2,1,1,0,1,0,1,6,0,1,1,1,1,1,34.25,11.25,0.423
0,1,1,0,0,1,1,2,0,0,2,0,1,1,0,3,0,0,1,1,0,0,1,1,1,0,0,2,0,1,1,0,1,0,13.0,8.0,0.588
16,16,10,15,13,16,0,38,7,10,24,0,31,5,0,32,1,1,1,1,3,1,1,0,1,1,2,8,0,1,1,0,2,1,29.125,16.0,0.556
3,1,2,1,0,0,0,1,0,0,1,0,4,0,0,0,0,1,1,1,1,0,0,0,1,0,0,1,0,1,0,0,0,0,13.0,9.0,0.588
3,3,2,1,3,2,0,7,1,1,6,2,7,0,0,8,0,1,1,1,1,1,1,0,1,1,1,3,1,1,0,0,2,0,15.0,6.333,0.527
4,0,3,1,3,1,2,8,1,0,2,3,6,0,0,4,1,1,0,1,1,1,1,1,1,1,0,2,1,1,0,0,1,1,39.0,6.0,0.453
4,11,11,9,5,6,0,21,1,3,18,0,14,3,0,18,0,1,1,1,2,1,1,0,1,1,2,9,0,1,1,0,3,0,31.25,19.812,0.822
0,1,3,1,0,0,2,0,0,0,2,0,3,0,0,1,0,0,1,1,1,0,0,1,0,0,0,2,0,1,0,0,1,0,13.0,7.0,0.392
2,1,1,3,2,1,1,3,0,0,1,0,2,1,0,2,0,1,1,1,2,1,1,1,1,0,0,1,0,1,1,0,1,0,20.0,9.0,0.474
2,3,2,2,0,3,0,3,0,1,5,0,3,0,0,3,0,1,1,1,2,0,1,0,1,0,1,4,0,1,0,0,1,0,13.5,15.286,0.953
2,3,1,3,2,1,0,1,0,0,3,2,1,2,0,4,0,1,1,1,2,1,1,0,1,0,0,2,1,1,1,0,1,0,25.0,28.571,0.707
0,4,3,1,1,1,0,3,1,2,3,4,4,1,0,5,1,0,1,1,1,1,1,0,1,1,2,1,1,1,1,0,2,1,17.5,10.0,0.478
1,2,1,1,0,0,0,0,0,1,4,0,1,1,0,4,0,1,1,1,1,0,0,0,0,0,1,3,0,1,1,0,2,0,16.0,24.571,0.884
1,4,3,4,2,4,1,8,0,1,3,3,6,2,3,6,0,1,1,1,3,1,1,1,1,0,1,2,1,1,1,1,1,0,24.0,9.0,0.408
5,2,1,3,1,5,2,7,0,0,4,1,4,0,0,2,0,1,1,1,3,1,1,1,1,0,0,2,1,1,0,0,1,0,35.0,12.571,0.478
1,3,2,4,0,2,1,5,1,0,5,0,6,0,0,3,0,1,1,1,2,0,1,1,1,1,0,4,0,1,0,0,1,0,11.0,3.0,0.615
2,0,0,1,0,0,0,3,0,0,0,1,3,0,0,1,0,1,0,0,1,0,0,0,1,0,0,0,1,1,0,0,1,0,11.0,2.0,0.426
0,0,1,2,0,0,0,0,0,1,3,0,2,1,0,1,0,0,0,1,2,0,0,0,0,0,1,2,0,1,1,0,1,0,11.0,18.0,1.066
10,3,1,3,1,5,0,9,0,1,0,2,8,2,0,2,1,1,1,1,2,1,1,0,1,0,1,0,1,1,1,0,1,1,16.0,1.333,0.204
8,4,12,6,4,6,0,9,1,2,10,3,7,0,0,7,0,1,1,1,3,1,1,0,1,1,1,5,1,1,0,0,1,0,11.286,6.082,0.557
1,3,3,1,0,2,0,3,0,0,4,1,2,0,0,2,0,1,1,1,1,0,1,0,1,0,0,3,1,1,0,0,2,0,11.0,10.286,0.754
2,0,1,2,0,0,1,0,0,2,2,0,0,0,0,1,0,1,0,1,2,0,0,1,0,0,1,2,0,0,0,0,1,0,11.0,9.0,0.853
4,2,2,3,1,0,0,5,0,0,3,2,4,0,0,2,0,1,1,1,2,1,0,0,1,0,0,1,1,1,0,0,1,0,9.0,3.333,0.408
2,2,0,1,0,1,2,4,0,1,6,0,7,0,0,4,0,1,1,0,1,0,1,1,1,0,1,5,0,1,0,0,1,0,30.0,30.571,0.904
6,8,2,2,2,5,1,11,1,1,4,2,3,1,0,4,0,1,1,1,2,1,1,1,1,1,1,4,1,1,1,0,1,0,27.0,5.5,0.481
3,2,3,1,2,4,0,6,0,2,6,0,2,0,0,6,0,1,1,1,1,1,1,0,1,0,2,4,0,1,0,0,2,0,37.0,27.0,0.93
4,6,6,6,7,2,0,12,1,3,9,2,4,1,0,8,1,1,1,1,2,1,1,0,1,1,2,4,1,1,1,0,1,1,10.286,5.286,0.583
4,2,4,4,2,2,1,3,2,0,4,2,2,0,0,4,0,1,1,1,1,1,1,1,1,1,0,1,1,1,0,0,1,0,9.0,4.0,0.354
3,1,0,2,1,2,0,5,0,0,1,0,1,0,0,2,0,1,1,0,2,1,1,0,1,0,0,1,0,1,0,0,1,0,18.0,9.0,0.5
1,6,6,3,3,2,1,4,2,2,7,11,15,1,0,8,2,1,1,1,2,1,1,1,1,1,2,4,1,1,1,0,1,1,14.6,6.314,0.579
0,2,1,3,1,0,0,2,0,1,4,1,2,1,0,3,0,0,1,1,2,1,0,0,1,0,1,3,1,1,1,0,1,0,21.0,20.0,0.772
1,0,2,1,1,0,0,3,0,0,1,0,1,0,0,1,0,1,0,1,1,1,0,0,1,0,0,1,0,1,0,0,1,0,5.5,1.0,0.426
2,0,3,5,1,3,0,3,0,1,5,0,1,0,0,3,0,1,0,1,4,1,1,0,1,0,1,3,0,1,0,0,2,0,13.5,16.75,0.816
1,0,0,1,0,0,0,2,0,1,4,0,1,0,0,2,0,1,0,0,1,0,0,0,1,0,1,2,0,1,0,0,1,0,12.0,28.0,0.816
9,9,5,4,5,5,0,19,1,1,6,2,8,2,3,10,0,1,1,1,2,1,1,0,1,1,1,3,1,1,1,1,1,0,28.667,8.667,0.457
2,0,5,2,0,1,0,2,0,1,3,0,3,2,1,4,0,1,0,1,1,0,1,0,1,0,1,3,0,1,1,1,1,0,25.0,23.0,0.849
2,0,0,6,2,5,0,6,0,1,3,1,4,0,0,2,0,1,0,0,3,1,1,0,1,0,1,3,1,1,0,0,2,0,8.0,9.188,0.875
1,4,2,3,2,2,0,6,1,0,5,3,3,0,1,1,0,1,1,1,1,1,1,0,1,1,0,2,1,1,0,1,1,0,16.5,11.5,0.615
0,2,1,1,5,1,0,3,0,1,1,7,3,0,0,4,0,0,1,1,1,1,1,0,1,0,1,1,1,1,0,0,2,0,28.0,22.0,0.535
1,0,2,2,1,1,0,3,0,0,4,0,1,0,0,3,0,1,0,1,1,1,1,0,1,0,0,2,0,1,0,0,2,0,9.0,4.0,0.5
5,9,6,3,5,8,0,11,0,1,7,0,9,0,0,15,1,1,1,1,2,1,1,0,1,0,1,3,0,1,0,0,2,1,40.0,13.786,0.474
1,2,8,4,1,0,1,1,0,1,3,0,4,1,0,3,0,1,1,1,3,1,0,1,1,0,1,2,0,1,1,0,1,0,15.0,15.0,0.904
1,1,0,1,0,0,3,1,0,0,2,0,3,0,0,2,0,1,1,0,1,0,0,1,1,0,0,2,0,1,0,0,1,0,4.667,3.0,0.567
3,1,1,0,0,0,0,2,0,0,2,2,2,0,0,2,0,1,1,1,0,0,0,0,1,0,0,2,1,1,0,0,1,0,15.0,5.0,0.548
3,1,1,1,0,1,1,2,1,1,3,0,1,0,0,1,1,1,1,1,1,0,1,1,1,1,1,3,0,1,0,0,1,1,9.0,4.5,0.833
9,10,3,6,3,14,1,20,0,4,14,3,12,3,0,12,0,1,1,1,2,1,1,1,1,0,2,6,1,1,1,0,2,0,22.8,15.6,0.596
10,10,16,9,4,6,0,19,0,2,9,6,19,2,0,8,1,1,1,1,2,1,1,0,1,0,1,6,1,1,1,0,2,1,15.25,9.75,0.576
1,3,2,0,1,2,0,5,0,0,3,1,2,0,0,5,0,1,1,1,0,1,1,0,1,0,0,3,1,1,0,0,1,0,25.0,8.0,0.424
2,4,2,3,1,4,3,7,2,1,9,2,7,1,1,7,0,1,1,1,1,1,1,1,1,1,1,5,1,1,1,1,2,0,55.0,37.0,0.667
6,5,4,3,2,2,0,9,1,2,12,0,6,1,0,8,0,1,1,1,3,1,1,0,1,1,2,4,0,1,1,0,2,0,15.25,9.75,0.724
0,2,1,2,0,1,0,2,0,1,1,1,2,0,0,1,0,0,1,1,1,0,1,0,1,0,1,1,1,1,0,0,1,0,14.0,14.0,0.756
1,0,0,1,0,1,0,1,0,2,4,0,2,2,0,2,0,1,0,0,1,0,1,0,1,0,2,4,0,1,1,0,1,0,16.0,22.0,1.061
2,3,0,1,0,2,0,2,0,0,2,0,2,0,0,2,0,1,1,0,1,0,1,0,1,0,0,2,0,1,0,0,1,0,16.0,7.0,0.354
6,2,2,4,3,1,0,5,1,0,6,0,4,1,0,4,0,1,1,1,2,1,1,0,1,1,0,4,0,1,1,0,2,0,19.5,10.5,0.679
4,4,1,4,1,2,0,6,0,1,4,1,2,2,0,4,0,1,1,1,2,1,1,0,1,0,1,3,1,1,1,0,1,0,36.0,24.0,0.707
1,0,0,1,0,1,0,2,0,2,1,0,2,1,0,0,0,1,0,0,1,0,1,0,1,0,1,1,0,1,1,0,0,0,5.5,8.0,0.64
1,1,1,2,1,1,0,5,0,2,5,1,5,1,0,4,0,1,1,1,2,1,1,0,1,0,2,4,1,1,1,0,1,0,30.0,25.75,0.904
1,1,4,3,2,2,0,8,0,2,4,3,3,0,1,4,1,1,1,1,1,1,1,0,1,0,2,2,1,1,0,1,1,1,12.667,3.667,0.344
2,1,2,2,0,0,0,2,0,1,3,0,2,1,0,2,0,1,1,1,1,0,0,0,1,0,1,3,0,1,1,0,1,0,9.0,4.0,0.667
2,1,2,3,0,1,0,0,1,1,8,0,1,3,0,3,0,1,1,1,2,0,1,0,0,1,1,4,0,1,1,0,1,0,26.0,39.5,0.832
1,1,0,3,3,2,0,3,1,4,4,0,3,0,0,7,0,1,1,0,1,1,1,0,1,1,3,4,0,1,0,0,2,0,32.0,35.25,1.125
1,0,2,0,1,1,1,2,1,0,4,0,3,0,0,3,0,1,0,1,0,1,1,1,1,1,0,3,0,1,0,0,1,0,4.75,1.5,0.487
0,2,1,2,2,1,0,6,0,1,4,3,4,1,0,3,0,0,1,1,2,1,1,0,1,0,1,2,1,1,1,0,1,0,15.0,5.0,0.516
2,0,1,2,1,2,0,2,1,0,1,0,1,1,0,1,0,1,0,1,1,1,1,0,1,1,0,1,0,1,1,0,1,0,15.0,6.0,0.548
4,0,0,1,1,1,0,4,0,1,1,0,1,0,0,4,0,1,0,0,1,1,1,0,1,0,1,1,0,1,0,0,1,0,18.0,9.0,0.5
0,2,2,2,1,2,0,6,0,2,2,1,4,0,0,3,0,0,1,1,2,1,1,0,1,0,1,1,1,1,0,0,1,0,13.5,6.25,0.408
0,1,1,2,1,0,0,3,1,0,1,1,2,0,0,1,0,0,1,1,2,1,0,0,1,1,0,1,1,1,0,0,1,0,7.0,2.0,0.567
2,3,0,0,0,1,0,2,2,0,2,0,1,1,0,1,0,1,1,0,0,0,1,0,1,1,0,2,0,1,1,0,1,0,15.0,5.0,0.548
1,2,1,1,0,3,0,4,1,2,2,0,3,1,0,2,0,1,1,1,1,0,1,0,1,1,2,1,0,1,1,0,1,0,23.0,13.0,0.59
0,1,1,1,0,1,0,1,2,0,1,0,2,0,0,2,0,0,1,1,1,0,1,0,1,1,0,1,0,1,0,0,1,0,12.0,4.0,0.612
1,6,5,3,0,2,0,8,0,1,2,0,3,1,0,3,0,1,1,1,2,0,1,0,1,0,1,2,0,1,1,0,1,0,35.0,11.0,0.478
3,3,3,4,0,1,0,8,0,0,6,1,4,0,2,3,0,1,1,1,2,0,1,0,1,0,0,5,1,1,0,1,1,0,12.0,5.0,0.707
2,0,2,2,0,0,0,3,0,1,3,0,2,1,0,2,0,1,0,1,2,0,0,0,1,0,1,3,0,1,1,0,2,0,18.0,25.0,1.167
4,5,2,1,0,3,0,3,1,0,2,2,2,1,0,2,1,1,1,1,1,0,1,0,1,1,0,2,1,1,1,0,1,1,14.5,5.5,0.525
0,0,0,0,1,0,0,1,0,1,3,1,2,2,0,2,0,0,0,0,0,1,0,0,1,0,1,2,1,1,1,0,1,0,6.5,7.5,0.784
0,0,0,0,1,0,0,1,0,1,3,1,2,2,0,2,0,0,0,0,0,1,0,0,1,0,1,2,1,1,1,0,1,0,6.5,7.5,0.784
0,2,1,0,0,0,0,0,3,0,1,1,3,0,0,2,0,0,1,1,0,0,0,0,0,1,0,1,1,1,0,0,1,0,12.0,2.0,0.408
0,1,2,0,3,2,0,2,1,1,2,4,3,0,0,1,0,0,1,1,0,1,1,0,1,1,1,2,1,1,0,0,1,0,11.0,1.0,0.302
2,5,1,1,2,2,0,9,1,1,5,1,3,0,1,4,1,1,1,1,1,1,1,0,1,1,1,2,1,1,0,1,1,1,19.0,5.0,0.344
2,0,1,1,0,0,1,1,0,0,2,0,3,0,0,0,0,1,0,1,1,0,0,1,1,0,0,2,0,1,0,0,0,0,5.5,2.0,0.64
1,2,2,1,2,2,0,4,1,0,1,2,1,0,0,2,0,1,1,1,1,1,1,0,1,1,0,1,1,1,0,0,2,0,21.0,11.0,0.617
10,4,4,1,2,0,0,11,3,4,2,46,39,0,2,3,1,1,1,1,1,1,0,0,1,1,1,2,1,1,0,1,1,1,32.5,0.5,0.124
4,4,2,5,1,3,0,4,0,2,6,5,8,0,0,4,1,1,1,1,3,1,1,0,1,0,1,4,1,1,0,0,1,1,24.5,17.5,0.808
5,6,3,2,2,3,1,12,3,1,5,28,26,2,0,5,2,1,1,1,1,1,1,1,1,1,1,3,1,1,1,0,1,1,52.0,8.0,0.347
2,0,2,1,0,1,0,1,0,0,4,0,2,0,0,3,0,1,0,1,1,0,1,0,1,0,0,1,0,1,0,0,2,0,16.0,17.0,0.707
7,16,12,7,8,11,0,33,3,5,16,1,20,2,0,13,0,1,1,1,3,1,1,0,1,1,2,5,1,1,1,0,2,0,21.857,10.224,0.514
0,1,2,2,0,0,0,1,0,1,1,0,1,1,0,1,0,0,1,1,2,0,0,0,1,0,1,1,0,1,1,0,1,0,6.5,7.5,0.784
1,2,1,1,0,1,0,3,1,0,3,2,3,0,0,1,0,1,1,1,1,0,1,0,1,1,0,2,1,1,0,0,1,0,9.5,4.0,0.649
2,2,2,1,2,0,0,4,0,0,2,2,5,0,1,0,0,1,1,1,1,1,0,0,1,0,0,1,1,1,0,1,0,0,22.0,6.0,0.452
2,17,9,4,3,4,1,19,1,4,20,7,14,2,2,17,2,1,1,1,1,1,1,1,1,1,1,5,1,1,1,1,1,1,21.333,6.667,0.375
0,1,5,0,1,0,0,3,0,0,1,3,2,0,0,1,0,0,1,1,0,1,0,0,1,0,0,1,1,1,0,0,1,0,17.0,0.0,0.171
4,1,8,2,2,2,0,8,0,0,1,2,5,0,0,2,1,1,1,1,2,1,1,0,1,0,0,1,1,1,0,0,1,1,12.667,1.333,0.344
0,1,1,0,0,0,0,2,0,0,1,9,6,0,0,1,1,0,1,1,0,0,0,0,1,0,0,1,1,1,0,0,1,1,22.0,2.0,0.302
7,6,2,2,3,1,0,9,0,1,4,4,5,2,1,4,0,1,1,1,1,1,1,0,1,0,1,2,1,1,1,1,1,0,25.0,8.0,0.4
1,2,0,0,1,0,0,2,0,0,0,4,2,0,0,0,0,1,1,0,0,1,0,0,1,0,0,0,1,1,0,0,0,0,12.0,0.0,0.204
8,2,9,5,5,4,0,12,0,3,5,23,25,0,0,4,3,1,1,1,2,1,1,0,1,0,1,2,1,1,0,0,1,1,21.8,6.6,0.271
10,8,9,6,7,11,3,26,0,0,14,20,29,0,0,9,0,1,1,1,2,1,1,1,1,0,0,4,1,1,0,0,1,0,30.4,4.0,0.287
9,1,5,4,1,3,0,3,0,1,4,1,8,1,0,4,0,1,1,1,2,1,1,0,1,0,1,2,1,1,1,0,1,0,21.5,13.5,0.539
2,0,0,1,2,3,0,5,0,0,2,0,2,1,0,2,0,1,0,0,1,1,1,0,1,0,0,1,0,1,1,0,1,0,10.0,2.0,0.316
2,1,1,0,3,0,0,7,1,1,0,1,4,0,2,2,1,1,1,1,0,1,0,0,1,1,1,0,1,1,0,1,1,1,24.0,0.0,0.144
0,2,0,0,1,1,0,3,0,0,0,3,2,0,0,0,0,0,1,0,0,1,1,0,1,0,0,0,1,1,0,0,0,0,6.0,0.0,0.204
3,5,2,2,4,3,0,6,0,1,10,4,5,2,0,8,0,1,1,1,2,1,1,0,1,0,1,5,1,1,1,0,1,0,18.333,8.0,0.572
1,1,0,0,0,2,0,2,0,0,2,1,1,0,0,3,0,1,1,0,0,0,1,0,1,0,0,2,1,1,0,0,1,0,13.0,9.0,0.588
3,2,6,1,3,4,0,4,0,0,4,4,5,1,0,4,0,1,1,1,1,1,1,0,1,0,0,1,1,1,1,0,2,0,20.5,14.5,0.331
8,6,4,3,3,2,0,8,0,2,6,3,5,0,0,4,3,1,1,1,3,1,1,0,1,0,2,3,1,1,0,0,2,1,11.4,6.8,0.562
4,0,1,1,2,2,0,2,0,0,3,1,0,1,0,2,0,1,0,1,1,1,1,0,1,0,0,2,1,0,1,0,2,0,19.0,15.0,0.811
0,7,4,2,1,1,0,3,1,0,6,7,6,2,0,5,0,0,1,1,2,1,1,0,1,1,0,2,1,1,1,0,2,0,22.5,8.5,0.422
0,0,1,3,2,1,0,2,0,0,5,3,2,1,0,3,0,0,0,1,2,1,1,0,1,0,0,2,1,1,1,0,2,0,11.5,15.0,0.737
0,4,3,4,1,3,0,3,1,1,4,4,6,0,0,4,0,0,1,1,3,1,1,0,1,1,1,3,1,1,0,0,1,0,38.0,26.0,0.803
2,1,2,1,0,2,0,0,1,2,1,1,1,0,0,2,0,1,1,1,1,0,1,0,0,1,2,1,1,1,0,0,1,0,16.0,11.0,0.707
8,8,11,3,4,3,0,18,3,0,15,5,10,5,2,15,1,1,1,1,1,1,1,0,1,1,0,3,1,1,1,1,2,1,13.625,4.875,0.339
0,0,1,0,0,0,0,1,0,0,0,7,10,0,0,0,0,0,0,1,0,0,0,0,1,0,0,0,1,1,0,0,0,0,6.333,0.0,0.162
2,3,0,3,3,0,0,8,0,2,3,2,4,0,0,4,0,1,1,0,2,1,0,0,1,0,1,2,1,1,0,0,1,0,17.0,5.0,0.485
7,3,7,2,4,4,0,9,0,3,11,5,14,4,1,13,3,1,1,1,2,1,1,0,1,0,1,4,1,1,1,1,2,1,17.6,7.0,0.452
1,3,3,0,2,0,0,4,0,1,5,3,4,1,0,8,0,1,1,1,0,1,0,0,1,0,1,3,1,1,1,0,2,0,17.5,8.5,0.478
3,3,3,3,1,2,0,2,0,1,4,0,3,1,0,3,0,1,1,1,2,1,1,0,1,0,1,2,0,1,1,0,1,0,9.667,4.667,0.525
1,0,0,1,1,1,0,3,0,1,1,0,0,0,0,2,0,1,0,0,1,1,1,0,1,0,1,1,0,0,0,0,1,0,11.0,2.0,0.426
5,6,3,6,2,6,0,8,0,1,4,2,3,1,0,3,0,1,1,1,2,1,1,0,1,0,1,4,1,1,1,0,1,0,50.0,17.0,0.6
3,1,0,1,1,4,1,6,0,1,0,0,4,0,0,0,0,1,1,0,1,1,1,1,1,0,1,0,0,1,0,0,0,0,10.5,4.5,0.463
5,8,13,9,6,6,0,16,1,5,24,3,9,5,0,18,0,1,1,1,3,1,1,0,1,1,2,7,1,1,1,0,2,0,12.8,10.7,0.625
2,1,0,1,0,1,0,3,0,0,3,1,1,0,0,2,0,1,1,0,1,0,1,0,1,0,0,3,1,1,0,0,1,0,15.0,12.0,0.913
3,2,3,3,1,1,0,7,2,2,6,1,5,0,0,4,1,1,1,1,2,1,1,0,1,1,1,5,1,1,0,0,1,1,10.25,9.75,0.883
4,1,1,1,1,1,1,4,0,0,4,0,3,0,0,3,0,1,1,1,1,1,1,1,1,0,0,3,0,1,0,0,1,0,11.5,5.5,0.59
2,2,3,5,1,4,1,8,1,1,6,0,7,2,0,3,1,1,1,1,2,1,1,1,1,1,1,4,0,1,1,0,2,1,11.75,6.75,0.722
3,2,1,2,1,1,1,3,0,1,3,3,6,0,0,2,1,1,1,1,1,1,1,1,1,0,1,3,1,1,0,0,1,1,7.5,4.5,0.775
5,5,2,2,1,4,0,5,0,0,4,1,3,0,0,3,0,1,1,1,1,1,1,0,1,0,0,3,1,1,0,0,1,0,11.667,1.667,0.359
0,2,1,1,0,1,0,2,0,1,2,4,5,1,1,3,0,0,1,1,1,0,1,0,1,0,1,2,1,1,1,1,1,0,11.5,4.5,0.442
3,3,1,2,1,0,0,5,1,0,4,0,2,0,0,3,0,1,1,1,1,1,0,0,1,1,0,3,0,1,0,0,2,0,12.5,11.5,0.849
3,1,3,1,1,1,0,3,0,2,3,0,2,0,0,3,0,1,1,1,1,1,1,0,1,0,1,3,0,1,0,0,2,0,11.5,10.5,0.885
0,2,1,4,0,2,0,3,1,3,5,0,4,2,0,5,0,0,1,1,3,0,1,0,1,1,2,3,0,1,1,0,1,0,16.0,16.786,0.875
0,0,2,1,2,2,0,4,1,0,2,1,2,0,0,2,0,0,0,1,1,1,1,0,1,1,0,1,1,1,0,0,1,0,19.0,4.0,0.324
1,1,1,0,1,1,0,2,0,0,1,0,3,0,0,2,0,1,1,1,0,1,1,0,1,0,0,1,0,1,0,0,1,0,13.0,0.0,0.196
0,1,0,0,1,0,0,2,1,0,0,9,4,0,0,0,0,0,1,0,0,1,0,0,1,1,0,0,1,1,0,0,0,0,18.0,0.0,0.167
1,0,2,0,0,0,0,2,0,1,2,0,2,2,0,2,0,1,0,1,0,0,0,0,1,0,1,2,0,1,1,0,1,0,7.0,5.5,0.567
27,31,16,26,12,29,0,55,1,7,34,2,33,10,2,45,10,1,1,1,4,1,1,0,1,1,2,8,1,1,1,1,3,1,24.143,12.536,0.462
7,9,3,5,3,13,0,40,8,3,5,34,53,0,27,13,5,1,1,1,2,1,1,0,1,1,1,2,1,1,0,1,1,1,20.7,1.2,0.147
5,7,11,5,4,9,0,14,0,4,14,3,10,4,0,14,0,1,1,1,2,1,1,0,1,0,2,7,1,1,1,0,3,0,51.5,26.5,0.766
7,8,7,8,5,3,0,9,0,4,14,0,11,4,0,18,1,1,1,1,3,1,1,0,1,0,1,5,0,1,1,0,1,1,49.0,34.0,0.5
1,2,2,2,0,1,0,3,0,0,6,1,2,2,0,4,0,1,1,1,2,0,1,0,1,0,0,4,1,1,1,0,1,0,26.0,29.0,0.832
1,1,0,3,2,1,0,1,1,1,4,1,0,2,0,4,0,1,1,0,2,1,1,0,1,1,1,3,1,1,1,0,1,0,23.0,25.0,0.885
2,1,3,4,2,1,0,1,1,0,4,0,2,0,0,4,0,1,1,1,2,1,1,0,1,1,0,3,0,1,0,0,1,0,12.5,13.0,0.707
3,3,1,8,2,1,0,4,0,2,5,0,7,2,0,7,0,1,1,1,2,1,1,0,1,0,1,4,0,1,1,0,1,0,22.5,11.5,0.527
2,3,0,3,1,0,0,1,3,0,4,0,2,0,0,3,0,1,1,0,3,1,0,0,1,1,0,2,0,1,0,0,1,0,21.0,25.5,0.772
3,6,2,6,1,2,0,2,3,1,9,2,4,1,0,5,0,1,1,1,3,1,1,0,1,1,1,5,1,1,1,0,1,0,47.0,60.5,0.722
20,26,21,17,6,19,2,44,11,6,38,23,30,2,2,30,19,1,1,1,2,1,1,1,1,1,1,8,1,1,1,1,3,1,14.273,5.682,0.399
8,8,4,10,4,6,0,20,4,3,19,3,10,4,1,11,1,1,1,1,3,1,1,0,1,1,2,9,1,1,1,1,2,1,57.5,42.0,0.857
8,9,5,3,2,5,0,11,0,2,5,6,14,2,0,9,0,1,1,1,2,1,1,0,1,0,1,5,1,1,1,0,1,0,20.0,5.0,0.474
3,0,4,3,0,2,0,4,0,0,2,0,2,2,0,2,0,1,0,1,2,0,1,0,1,0,0,2,0,1,1,0,1,0,24.0,6.0,0.433
9,8,6,4,4,6,0,15,0,0,3,3,3,4,0,6,3,1,1,1,2,1,1,0,1,0,0,2,1,1,1,0,1,1,25.0,4.667,0.245
4,11,6,6,2,3,1,15,5,1,15,2,14,4,0,17,2,1,1,1,2,1,1,1,1,1,1,5,1,1,1,0,2,1,15.286,8.714,0.547
2,4,3,5,1,2,0,3,4,1,9,1,7,2,1,11,0,1,1,1,2,1,1,0,1,1,1,4,1,1,1,1,1,0,55.0,29.5,0.477
4,5,2,2,1,0,0,4,2,0,5,2,3,2,0,7,1,1,1,1,1,1,0,0,1,1,0,3,1,1,1,0,2,1,20.0,8.0,0.447
3,1,1,0,3,1,0,5,0,0,1,2,4,0,1,2,0,1,1,1,0,1,1,0,1,0,0,1,1,1,0,1,1,0,11.5,1.0,0.295
1,3,1,3,1,1,1,3,4,0,6,0,5,1,0,3,0,1,1,1,1,1,1,1,1,1,0,3,0,1,1,0,1,0,16.5,8.0,0.492
0,0,0,1,0,1,0,2,1,0,0,4,2,0,0,1,0,0,0,0,1,0,1,0,1,1,0,0,1,1,0,0,1,0,12.0,0.0,0.204
5,4,1,4,3,3,0,6,0,3,4,0,5,0,0,4,0,1,1,1,2,1,1,0,1,0,2,3,0,1,0,0,1,0,14.0,7.667,0.546
0,0,0,1,0,0,0,1,0,0,1,5,2,1,0,1,2,0,0,0,1,0,0,0,1,0,0,1,1,1,1,0,1,1,14.0,4.0,0.567
1,2,1,1,1,1,0,7,0,0,4,6,7,0,0,1,0,1,1,1,1,1,1,0,1,0,0,3,1,1,0,0,1,0,16.0,3.0,0.5
2,1,1,1,2,1,0,5,0,1,3,4,3,0,0,3,0,1,1,1,1,1,1,0,1,0,1,2,1,1,0,0,1,0,13.5,3.0,0.408
2,14,4,3,2,7,0,13,4,2,7,34,30,1,6,10,5,1,1,1,1,1,1,0,1,1,1,3,1,1,1,1,1,1,28.0,4.8,0.299
3,1,1,1,1,0,0,6,1,0,3,3,6,2,1,2,1,1,1,1,1,1,0,0,1,1,0,3,1,1,1,1,1,1,30.0,24.0,0.775
1,1,0,2,0,0,1,2,0,0,4,0,3,1,0,1,0,1,1,0,1,0,0,1,1,0,0,3,0,1,1,0,1,0,5.333,4.0,0.707
0,0,1,0,0,0,0,1,0,0,2,3,3,0,0,2,0,0,0,1,0,0,0,0,1,0,0,2,1,1,0,0,1,0,6.0,1.0,0.408
14,7,6,12,6,9,0,23,8,2,18,2,19,5,2,12,2,1,1,1,1,1,1,0,1,1,1,6,1,1,1,1,3,1,15.889,8.333,0.532
3,5,1,1,4,4,0,6,3,0,3,7,5,0,0,2,0,1,1,1,1,1,1,0,1,1,0,1,1,1,0,0,2,0,8.6,3.0,0.431
2,2,7,1,0,1,1,2,1,0,3,0,4,0,0,0,0,1,1,1,1,0,1,1,1,1,0,2,0,1,0,0,0,0,12.0,2.0,0.433
4,3,3,5,1,2,1,9,2,1,9,0,7,0,0,2,0,1,1,1,1,1,1,1,1,1,1,5,0,1,0,0,1,0,12.25,6.75,0.606
1,6,3,3,0,1,0,5,2,1,4,1,3,0,0,6,0,1,1,1,2,0,1,0,1,1,1,4,1,1,0,0,1,0,18.0,9.5,0.707
5,5,5,4,1,8,0,9,0,0,8,1,4,2,0,6,0,1,1,1,2,1,1,0,1,0,0,4,1,1,1,0,2,0,14.5,7.25,0.557
0,1,0,3,0,0,0,0,1,1,2,2,1,0,0,2,0,0,1,0,1,0,0,0,0,1,1,1,1,1,0,0,1,0,13.0,21.0,0.588
0,1,1,1,1,2,0,1,1,1,4,0,2,0,0,5,0,0,1,1,1,1,1,0,1,1,1,2,0,1,0,0,2,0,10.0,11.625,0.949
12,20,20,22,5,12,0,31,1,10,47,2,18,9,0,23,1,1,1,1,5,1,1,0,1,1,2,8,1,1,1,0,2,1,25.889,32.528,0.602
0,6,2,2,2,3,0,9,3,1,9,0,7,0,0,6,0,0,1,1,1,1,1,0,1,1,1,4,0,1,0,0,2,0,25.0,11.0,0.6
0,2,0,0,2,1,0,2,2,0,0,2,2,0,0,2,1,0,1,0,0,1,1,0,1,1,0,0,1,1,0,0,1,1,15.0,0.0,0.183
5,6,7,5,1,3,0,6,3,2,13,1,7,0,0,7,1,1,1,1,2,1,1,0,1,1,1,4,1,1,0,0,2,1,22.0,16.0,0.609
0,1,0,1,0,1,0,3,0,0,3,0,2,0,0,2,0,0,1,0,1,0,1,0,1,0,0,2,0,1,0,0,1,0,13.0,7.0,0.588
1,2,2,1,0,1,0,2,1,0,0,4,2,1,0,2,0,1,1,1,1,0,1,0,1,1,0,0,1,1,1,0,1,0,19.0,2.0,0.324
4,2,0,5,2,3,0,5,0,4,4,1,4,2,0,5,0,1,1,0,2,1,1,0,1,0,2,3,1,1,1,0,1,0,41.0,23.0,0.552
4,21,10,5,8,17,0,32,14,3,6,15,29,2,1,17,2,1,1,1,1,1,1,0,1,1,1,3,1,1,1,1,3,1,37.0,5.0,0.26
2,4,1,2,0,1,0,5,1,0,1,7,8,0,2,1,0,1,1,1,1,0,1,0,1,1,0,1,1,1,0,1,1,0,16.5,3.0,0.369
3,1,3,3,3,0,0,2,2,2,5,1,2,1,0,6,0,1,1,1,2,1,0,0,1,1,2,4,1,1,1,0,2,0,11.333,7.0,0.849
2,8,3,3,1,5,0,9,1,0,5,3,17,2,2,7,1,1,1,1,2,1,1,0,1,1,0,4,1,1,1,1,1,1,16.75,3.75,0.432
2,1,1,2,1,2,0,1,1,1,1,1,0,1,0,2,0,1,1,1,1,1,1,0,1,1,1,1,1,0,1,0,1,0,17.0,17.0,0.686
3,3,4,0,1,1,0,5,0,1,3,0,2,0,0,1,0,1,1,1,0,1,1,0,1,0,1,3,0,1,0,0,1,0,12.0,5.5,0.577
0,2,1,1,1,0,0,3,0,1,3,0,3,0,0,3,0,0,1,1,1,1,0,0,1,0,1,3,0,1,0,0,1,0,18.0,7.0,0.667
1,2,0,0,1,0,0,2,0,1,3,0,2,0,1,5,0,1,1,0,0,1,0,0,1,0,1,3,0,1,0,1,1,0,17.0,8.0,0.514
0,2,0,2,0,1,0,5,0,1,6,0,1,0,0,3,0,0,1,0,1,0,1,0,1,0,1,5,0,1,0,0,1,0,21.0,18.0,0.926
8,5,0,5,2,6,0,10,1,1,3,1,6,2,0,6,3,1,1,0,3,1,1,0,1,1,1,3,1,1,1,0,1,1,14.75,7.25,0.46
2,3,0,2,0,2,0,10,0,3,5,0,5,3,0,7,1,1,1,0,2,0,1,0,1,0,2,4,0,1,1,0,1,1,21.5,16.5,0.755
1,1,0,2,0,1,0,5,0,0,4,0,4,0,0,2,2,1,1,0,2,0,1,0,1,0,0,4,0,1,0,0,1,1,5.5,3.75,0.754
21,24,7,16,9,8,1,36,1,8,23,2,17,2,1,25,0,1,1,1,3,1,1,1,1,1,2,11,1,1,1,1,2,0,22.333,13.667,0.748
10,11,9,8,3,8,1,22,0,3,15,0,9,4,0,12,2,1,1,1,4,1,1,1,1,0,2,10,0,1,1,0,1,1,23.4,16.4,0.915
9,11,4,5,0,10,0,19,2,1,11,1,20,3,1,11,5,1,1,1,3,0,1,0,1,1,1,9,1,1,1,1,2,1,18.667,7.5,0.735
2,2,3,4,2,1,0,3,0,4,8,0,6,3,0,6,0,1,1,1,2,1,1,0,1,0,2,5,0,1,1,0,2,0,22.0,22.0,0.746
1,5,4,2,3,2,0,8,0,3,1,0,8,1,0,6,1,1,1,1,1,1,1,0,1,0,2,1,0,1,1,0,1,1,22.5,8.5,0.422
2,2,0,2,0,2,0,5,0,0,3,0,1,0,0,2,0,1,1,0,2,0,1,0,1,0,0,1,0,1,0,0,1,0,19.0,2.0,0.324
0,0,0,0,0,3,1,1,0,0,2,1,3,0,0,3,0,0,0,0,0,0,1,1,1,0,0,1,1,1,0,0,1,0,14.0,4.0,0.378
1,1,1,1,0,1,0,3,0,1,2,0,3,0,0,3,0,1,1,1,1,0,1,0,1,0,1,1,0,1,0,0,1,0,5.667,4.0,0.514
2,3,3,0,1,3,0,5,0,0,1,1,2,1,0,2,0,1,1,1,0,1,1,0,1,0,0,1,1,1,1,0,2,0,24.0,5.0,0.433
2,1,1,0,0,4,0,5,0,0,1,13,15,0,1,1,1,1,1,1,0,0,1,0,1,0,0,1,1,1,0,1,1,1,22.0,1.0,0.213
9,1,2,3,3,2,1,6,1,0,3,0,4,2,2,2,1,1,1,1,1,1,1,1,1,1,0,3,0,1,1,1,2,1,20.0,10.5,0.559
0,1,4,2,1,0,0,1,0,0,4,2,5,0,2,1,0,0,1,1,2,1,0,0,1,0,0,4,1,1,0,1,1,0,21.0,15.0,0.926
1,1,1,1,1,1,0,1,0,0,2,3,5,0,2,2,0,1,1,1,1,1,1,0,1,0,0,2,1,1,0,1,1,0,9.5,5.286,0.649
10,4,5,3,3,4,0,16,0,0,2,3,15,0,0,3,0,1,1,1,1,1,1,0,1,0,0,2,1,1,0,0,1,0,13.6,1.6,0.257
2,1,2,3,1,1,0,2,0,1,2,1,2,0,0,2,1,1,1,1,2,1,1,0,1,0,1,2,1,1,0,0,1,1,21.0,6.0,0.463
6,11,7,7,4,9,0,20,0,3,9,5,10,2,0,6,0,1,1,1,4,1,1,0,1,0,2,5,1,1,1,0,2,0,24.75,13.625,0.64
2,1,2,1,0,3,0,3,1,0,3,0,3,0,0,2,1,1,1,1,1,0,1,0,1,1,0,2,0,1,0,0,1,1,11.0,3.0,0.452
1,1,2,5,1,2,0,3,0,1,4,0,2,2,0,4,0,1,1,1,3,1,1,0,1,0,1,2,0,1,1,0,1,0,28.0,31.0,0.668
3,4,1,1,1,1,0,7,0,0,3,1,3,0,0,1,2,1,1,1,1,1,1,0,1,0,0,2,1,1,0,0,1,1,14.0,4.0,0.535
8,10,6,6,5,3,1,15,2,5,12,6,8,3,0,13,0,1,1,1,2,1,1,1,1,1,2,4,1,1,1,0,1,0,20.6,9.2,0.418
0,0,1,2,0,1,0,2,0,0,0,2,2,0,0,1,0,0,0,1,1,0,1,0,1,0,0,0,1,1,0,0,1,0,11.0,0.0,0.213
3,9,4,7,5,6,0,10,0,4,11,2,6,2,0,11,2,1,1,1,2,1,1,0,1,0,2,5,1,1,1,0,1,1,27.333,19.667,0.547
1,2,3,2,0,2,0,8,1,0,4,3,10,0,0,3,0,1,1,1,1,0,1,0,1,1,0,3,1,1,0,0,2,0,20.0,6.0,0.447
4,6,3,3,2,6,2,10,0,6,8,0,8,5,0,13,0,1,1,1,2,1,1,1,1,0,2,4,0,1,1,0,1,0,19.0,9.25,0.568
2,3,3,8,0,2,0,5,1,3,6,1,3,4,0,4,0,1,1,1,2,0,1,0,1,1,1,3,1,1,1,0,1,0,15.0,14.0,0.527
1,2,0,1,0,2,0,0,1,0,3,3,4,0,2,1,0,1,1,0,1,0,1,0,0,1,0,2,1,1,0,1,1,0,18.0,7.0,0.667
16,20,10,24,8,12,0,32,9,12,27,5,22,9,0,25,5,1,1,1,4,1,1,0,1,1,2,7,1,1,1,0,2,1,21.818,13.409,0.502
14,30,12,14,6,15,0,42,9,3,30,11,49,6,2,28,5,1,1,1,3,1,1,0,1,1,1,7,1,1,1,1,2,1,14.579,5.632,0.382
2,0,1,2,0,0,0,3,0,2,1,0,1,0,0,1,0,1,0,1,2,0,0,0,1,0,2,1,0,1,0,0,1,0,13.0,15.25,0.981
4,4,4,5,3,4,0,9,6,1,4,4,18,1,1,6,5,1,1,1,2,1,1,0,1,1,1,1,1,1,1,1,1,1,9.875,1.5,0.239
1,3,0,1,1,2,0,6,0,0,3,3,2,1,0,5,0,1,1,0,1,1,1,0,1,0,0,2,1,1,1,0,2,0,28.0,5.0,0.401
2,3,0,3,0,1,0,8,4,0,4,3,11,1,0,3,1,1,1,0,2,0,1,0,1,1,0,2,1,1,1,0,2,1,14.667,8.333,0.426
3,9,2,11,2,7,0,14,5,2,4,2,7,2,0,6,0,1,1,1,2,1,1,0,1,1,2,2,1,1,1,0,1,0,25.333,7.667,0.406
3,6,5,7,3,7,1,14,4,3,11,9,9,2,0,7,6,1,1,1,2,1,1,1,1,1,2,5,1,1,1,0,1,1,24.5,14.0,0.571
1,1,1,0,0,2,0,3,0,0,3,0,2,0,0,2,1,1,1,1,0,0,1,0,1,0,0,2,0,1,0,0,1,1,8.0,3.5,0.53
3,6,4,2,3,3,0,6,0,1,6,3,4,1,0,4,1,1,1,1,2,1,1,0,1,0,1,4,1,1,1,0,2,1,23.5,17.5,0.825
0,3,1,0,0,0,0,2,0,1,2,0,1,1,0,3,0,0,1,1,0,0,0,0,1,0,1,2,0,1,1,0,1,0,14.0,2.0,0.378
1,3,1,2,2,0,0,3,0,0,3,2,5,0,0,1,0,1,1,1,1,1,0,0,1,0,0,2,1,1,0,0,1,0,7.667,0.667,0.295
2,1,2,0,0,1,0,2,0,1,3,1,3,0,0,4,0,1,1,1,0,0,1,0,1,0,1,2,1,1,0,0,1,0,10.5,8.5,0.463
1,1,0,1,0,1,0,3,0,0,2,0,4,2,0,0,0,1,1,0,1,0,1,0,1,0,0,2,0,1,1,0,0,0,15.0,8.0,0.73
1,1,2,2,0,1,0,2,0,2,1,0,1,0,0,1,0,1,1,1,2,0,1,0,1,0,2,1,0,1,0,0,1,0,14.0,16.0,0.756
8,8,2,3,4,12,0,21,0,4,13,11,11,2,1,14,2,1,1,1,2,1,1,0,1,0,2,7,1,1,1,1,2,1,38.667,20.667,0.657
2,2,0,2,0,1,0,2,1,2,3,0,0,1,0,4,0,1,1,0,2,0,1,0,1,1,2,2,0,0,1,0,2,0,20.0,15.25,0.791
0,1,0,1,0,2,4,2,0,0,1,0,3,0,0,0,0,0,1,0,1,0,1,1,1,0,0,1,0,1,0,0,0,0,7.5,2.5,0.548
5,5,5,2,2,9,0,11,0,0,5,10,12,3,0,8,2,1,1,1,1,1,1,0,1,0,0,3,1,1,1,0,1,1,26.667,5.333,0.395
1,3,1,1,0,1,0,4,0,0,1,0,3,1,1,2,0,1,1,1,1,0,1,0,1,0,0,1,0,1,1,1,1,0,9.0,1.0,0.333
0,1,3,3,1,2,0,4,1,3,3,0,2,0,0,6,0,0,1,1,2,1,1,0,1,1,2,3,0,1,0,0,1,0,29.0,17.0,0.657
0,0,0,2,0,1,0,2,0,1,1,0,1,1,0,2,0,0,0,0,1,0,1,0,1,0,1,1,0,1,1,0,1,0,11.0,6.0,0.426
9,6,5,8,5,0,1,7,0,7,14,1,12,4,0,12,1,1,1,1,3,1,0,1,1,0,2,7,1,1,1,0,1,1,18.4,14.35,0.737
7,2,0,5,1,3,0,10,2,0,1,7,7,1,0,4,1,1,1,0,2,1,1,0,1,1,0,1,1,1,1,0,1,1,17.0,2.667,0.297
3,9,4,12,3,3,0,7,2,4,15,6,10,6,1,12,0,1,1,1,3,1,1,0,1,1,2,7,1,1,1,1,1,0,24.0,19.875,0.722
3,4,8,4,1,2,1,2,2,0,7,4,2,1,0,6,0,1,1,1,2,1,1,1,1,1,0,5,1,1,1,0,1,0,11.75,5.75,0.619
4,5,1,4,2,3,1,4,3,0,3,0,1,1,0,3,0,1,1,1,3,1,1,1,1,1,0,3,0,1,1,0,1,0,35.0,15.5,0.598
1,2,1,2,0,0,0,6,0,1,0,1,1,0,0,0,0,1,1,1,2,0,0,0,1,0,1,0,1,1,0,0,0,0,15.0,2.0,0.365
5,3,7,2,2,3,0,8,0,3,8,4,6,1,0,9,1,1,1,1,1,1,1,0,1,0,2,4,1,1,1,0,2,1,15.5,9.0,0.539
1,5,1,4,0,2,0,9,6,2,5,2,7,2,1,4,1,1,1,1,2,0,1,0,1,1,1,5,1,1,1,1,1,1,16.667,8.0,0.6
5,2,3,12,3,4,1,16,6,3,16,1,13,2,0,15,0,1,1,1,3,1,1,1,1,1,1,3,1,1,1,0,1,0,25.5,17.062,0.42
1,4,1,4,2,3,0,4,2,0,5,7,8,2,1,6,0,1,1,1,2,1,1,0,1,1,0,4,1,1,1,1,1,0,24.5,9.5,0.606
2,0,0,0,1,3,0,7,0,0,2,0,4,0,0,3,0,1,0,0,0,1,1,0,1,0,0,2,0,1,0,0,1,0,11.0,1.0,0.302
1,1,3,1,0,0,0,2,0,1,2,6,4,1,0,3,1,1,1,1,1,0,0,0,1,0,1,2,1,1,1,0,2,1,8.667,5.0,0.555
8,3,2,2,0,3,1,9,4,0,2,0,22,0,0,3,3,1,1,1,2,0,1,1,1,1,0,2,0,1,0,0,2,1,15.25,4.5,0.453
2,6,4,3,2,2,0,5,5,2,12,3,7,1,1,8,1,1,1,1,1,1,1,0,1,1,1,4,1,1,1,1,2,1,31.5,17.0,0.535
2,3,0,0,1,2,0,3,0,0,0,7,6,0,0,1,0,1,1,0,0,1,1,0,1,0,0,0,1,1,0,0,1,0,25.0,0.0,0.141
5,3,3,0,1,7,0,8,2,0,4,14,17,2,0,4,0,1,1,1,0,1,1,0,1,1,0,3,1,1,1,0,2,0,34.5,6.0,0.341
4,7,3,5,1,6,0,8,2,0,5,1,5,2,0,7,1,1,1,1,2,1,1,0,1,1,0,3,1,1,1,0,1,1,19.0,8.0,0.375
2,1,2,2,1,1,0,4,0,1,2,1,5,0,1,3,2,1,1,1,2,1,1,0,1,0,1,2,1,1,0,1,1,1,9.0,3.667,0.544
1,1,2,0,2,3,0,3,0,0,2,14,11,0,0,2,0,1,1,1,0,1,1,0,1,0,0,2,1,1,0,0,1,0,20.5,2.0,0.331
4,5,1,1,2,4,0,6,0,0,1,2,4,0,2,0,0,1,1,1,1,1,1,0,1,0,0,1,1,1,0,1,0,0,30.0,4.0,0.387
3,1,5,7,3,2,1,7,0,2,9,0,6,2,0,8,0,1,1,1,4,1,1,1,1,0,2,4,0,1,1,0,1,0,18.667,19.667,0.756
0,1,0,1,1,2,2,2,0,0,2,0,2,1,0,1,0,0,1,0,1,1,1,1,1,0,0,2,0,1,1,0,1,0,7.5,8.25,0.73
2,0,0,2,0,1,0,1,0,0,2,0,2,1,0,0,0,1,0,0,1,0,1,0,1,0,0,2,0,1,1,0,0,0,5.5,6.0,0.853
0,2,0,1,1,3,0,4,0,1,2,0,2,0,0,3,0,0,1,0,1,1,1,0,1,0,1,1,0,1,0,0,2,0,19.0,18.0,0.649
9,7,7,8,1,4,0,16,1,5,6,0,7,6,0,8,0,1,1,1,2,1,1,0,1,1,2,4,0,1,1,0,1,0,28.333,16.667,0.46
1,0,0,3,0,2,0,2,0,0,2,0,2,1,0,0,0,1,0,0,2,0,1,0,1,0,0,1,0,1,1,0,0,0,6.5,3.0,0.588
0,4,2,2,2,1,0,4,0,0,6,2,1,1,0,2,0,0,1,1,1,1,1,0,1,0,0,3,1,1,1,0,2,0,27.0,16.0,0.544
2,3,2,1,1,3,0,4,0,2,2,0,0,0,0,2,1,1,1,1,1,1,1,0,1,0,2,2,0,0,0,0,1,1,23.0,18.0,0.737
4,7,4,6,1,6,0,14,0,2,6,1,8,3,0,8,0,1,1,1,2,1,1,0,1,0,2,4,1,1,1,0,2,0,17.5,8.25,0.592
8,9,8,8,4,6,0,25,10,2,8,8,32,1,1,7,5,1,1,1,3,1,1,0,1,1,1,3,1,1,1,1,1,1,10.143,2.357,0.297
1,0,1,3,0,1,0,1,0,0,4,0,4,0,0,0,0,1,0,1,1,0,1,0,1,0,0,1,0,1,0,0,0,0,3.75,1.5,0.365
1,2,1,0,0,2,0,4,0,0,2,0,2,0,0,2,0,1,1,1,0,0,1,0,1,0,0,2,0,1,0,0,2,0,16.0,14.0,0.53
3,2,1,4,0,1,0,7,4,1,2,0,6,2,1,2,0,1,1,1,2,0,1,0,1,1,1,2,0,1,1,1,1,0,33.0,11.0,0.492
0,5,3,3,2,3,0,11,1,2,5,1,5,0,0,4,2,0,1,1,2,1,1,0,1,1,1,3,1,1,0,0,1,1,11.75,8.25,0.516
2,3,3,0,1,1,0,2,1,3,2,1,3,0,0,0,0,1,1,1,0,1,1,0,1,1,2,2,1,1,0,0,0,0,11.0,10.0,0.452
5,6,3,6,1,5,2,9,0,1,8,0,5,1,0,4,1,1,1,1,2,1,1,1,1,0,1,4,0,1,1,0,2,1,28.5,26.5,0.656
2,3,2,3,2,3,0,5,0,0,5,4,7,2,0,6,0,1,1,1,1,1,1,0,1,0,0,3,1,1,1,0,1,0,7.333,4.333,0.32
1,0,1,1,0,1,0,1,1,2,2,0,4,0,0,1,0,1,0,1,1,0,1,0,1,1,1,2,0,1,0,0,1,0,7.5,8.0,0.548
2,2,2,2,0,0,0,0,0,0,3,0,2,1,0,2,0,1,1,1,2,0,0,0,0,0,0,3,0,1,1,0,1,0,16.0,12.0,0.707
12,18,8,9,8,13,1,32,1,5,19,13,28,5,2,21,3,1,1,1,3,1,1,1,1,1,2,8,1,1,1,1,2,1,24.125,12.125,0.611
4,0,2,2,0,1,0,5,0,1,4,0,3,0,0,3,0,1,0,1,1,0,1,0,1,0,1,2,0,1,0,0,1,0,25.0,12.0,0.566
2,3,5,2,4,2,1,7,0,3,8,0,7,1,0,9,1,1,1,1,1,1,1,1,1,0,2,4,0,1,1,0,2,1,13.75,13.25,0.572
2,0,1,1,0,1,2,3,0,0,2,0,3,1,0,2,0,1,0,1,1,0,1,1,1,0,0,1,0,1,1,0,1,0,9.0,3.0,0.5
17,16,5,7,4,10,0,19,0,3,7,14,15,2,0,9,2,1,1,1,3,1,1,0,1,0,2,3,1,1,1,0,2,1,32.25,9.0,0.374
10,22,16,12,9,8,0,29,1,5,18,38,29,2,0,17,6,1,1,1,2,1,1,0,1,1,2,7,1,1,1,0,2,1,27.75,10.375,0.475
4,3,1,2,0,4,0,5,0,2,5,0,8,1,0,6,0,1,1,1,1,0,1,0,1,0,1,4,0,1,1,0,1,0,20.5,16.0,0.663
1,3,3,0,2,0,0,1,0,0,1,1,1,0,0,2,0,1,1,1,0,1,0,0,1,0,0,1,1,1,0,0,1,0,15.0,2.0,0.365
1,2,2,8,1,5,1,5,0,2,6,0,9,3,0,7,0,1,1,1,2,1,1,1,1,0,1,2,0,1,1,0,1,0,10.2,6.0,0.396
0,2,2,0,0,1,1,3,0,0,3,0,2,0,0,2,0,0,1,1,0,0,1,1,1,0,0,2,0,1,0,0,1,0,8.0,3.5,0.53
0,1,2,2,0,1,0,3,0,1,1,0,0,0,0,1,0,0,1,1,1,0,1,0,1,0,1,1,0,0,0,0,1,0,12.0,13.0,0.816
2,4,2,4,0,3,0,2,0,3,6,6,5,2,1,5,1,1,1,1,2,0,1,0,1,0,2,4,1,1,1,1,1,1,22.5,12.5,0.632
1,1,3,2,1,2,1,3,0,0,3,0,6,0,0,2,0,1,1,1,2,1,1,1,1,0,0,2,0,1,0,0,1,0,12.5,3.0,0.424
0,3,0,0,0,1,0,2,0,1,1,0,1,0,0,2,0,0,1,0,0,0,1,0,1,0,1,1,0,1,0,0,1,0,11.0,0.0,0.213
5,12,8,14,9,12,0,16,1,4,14,3,16,8,1,25,3,1,1,1,2,1,1,0,1,1,2,6,1,1,1,1,1,1,24.5,11.667,0.525
4,0,3,2,0,2,0,3,1,1,2,0,3,0,0,3,0,1,0,1,1,0,1,0,1,1,1,2,0,1,0,0,3,0,8.0,7.667,0.722
10,19,12,15,8,17,0,23,16,6,33,5,19,11,1,28,2,1,1,1,3,1,1,0,1,1,2,8,1,1,1,1,1,1,45.0,24.2,0.519
1,3,0,2,0,1,0,2,2,1,4,0,0,1,0,2,0,1,1,0,2,0,1,0,1,1,1,2,0,0,1,0,2,0,19.0,25.0,0.649
6,14,10,13,3,9,0,23,0,5,15,0,12,5,0,20,2,1,1,1,3,1,1,0,1,0,2,6,0,1,1,0,1,1,22.833,12.667,0.544
5,2,2,7,1,1,0,5,0,3,3,0,2,0,0,4,0,1,1,1,2,1,1,0,1,0,2,2,0,1,0,0,1,0,17.5,6.5,0.478
4,7,4,6,1,3,0,23,0,3,7,0,9,1,1,6,1,1,1,1,3,1,1,0,1,0,2,4,0,1,1,1,2,1,15.0,9.6,0.572
3,0,1,2,0,0,0,3,1,0,3,1,5,0,0,0,0,1,0,1,1,0,0,0,1,1,0,3,1,1,0,0,0,0,9.5,4.5,0.649
21,30,8,30,12,20,0,61,1,14,29,6,20,6,0,29,2,1,1,1,4,1,1,0,1,1,2,7,1,1,1,0,3,1,24.083,17.062,0.499
1,2,0,2,1,1,0,9,0,1,7,1,2,1,0,8,0,1,1,0,1,1,1,0,1,0,1,4,1,1,1,0,1,0,18.0,7.0,0.471
1,4,0,4,7,5,0,15,1,1,3,1,3,1,1,8,0,1,1,0,1,1,1,0,1,1,1,3,1,1,1,1,1,0,27.0,7.5,0.385
14,12,10,17,10,15,1,46,1,12,23,1,8,6,0,32,3,1,1,1,6,1,1,1,1,1,2,10,1,1,1,0,3,1,42.0,26.264,0.781
0,2,0,1,1,1,0,5,0,0,0,0,3,1,0,1,0,0,1,0,1,1,1,0,1,0,0,0,0,1,1,0,1,0,15.0,5.0,0.365
0,0,2,0,1,2,1,2,0,0,1,1,5,0,0,4,0,0,0,1,0,1,1,1,1,0,0,1,1,1,0,0,1,0,19.0,0.0,0.162
0,0,1,1,1,0,1,0,0,0,4,0,3,0,0,2,0,0,0,1,1,1,0,1,0,0,0,3,0,1,0,0,1,0,6.5,5.5,0.588
1,2,1,1,1,1,1,5,0,1,2,0,3,0,1,2,0,1,1,1,1,1,1,1,1,0,1,2,0,1,0,1,1,0,10.5,3.5,0.617
1,3,1,3,2,5,0,6,0,0,9,0,4,3,0,5,1,1,1,1,2,1,1,0,1,0,0,4,0,1,1,0,2,1,14.333,7.667,0.539
2,4,0,3,1,4,0,6,0,1,3,0,3,3,0,4,0,1,1,0,2,1,1,0,1,0,1,2,0,1,1,0,2,0,17.0,7.5,0.485
1,2,1,4,0,2,1,5,0,0,1,0,3,0,0,3,0,1,1,1,2,0,1,1,1,0,0,1,0,1,0,0,1,0,23.0,8.0,0.442
2,5,4,8,4,5,0,13,0,3,14,0,7,4,0,10,0,1,1,1,2,1,1,0,1,0,2,4,0,1,1,0,2,0,19.75,14.25,0.477
1,1,1,1,0,1,1,4,0,1,1,0,2,0,0,1,0,1,1,1,1,0,1,1,1,0,1,1,0,1,0,0,1,0,7.5,5.5,0.73
1,3,1,1,0,4,1,4,0,0,4,0,3,0,0,5,0,1,1,1,1,0,1,1,1,0,0,3,0,1,0,0,1,0,13.5,4.0,0.544
1,2,1,3,1,0,0,2,0,0,2,1,1,0,0,1,0,1,1,1,1,1,0,0,1,0,0,2,1,1,0,0,1,0,15.0,6.0,0.365
6,8,2,7,1,4,0,16,0,2,11,0,9,4,0,12,0,1,1,1,3,1,1,0,1,0,1,4,0,1,1,0,1,0,16.4,10.2,0.469
5,8,6,3,1,1,0,11,0,3,8,0,7,5,0,8,0,1,1,1,2,1,1,0,1,0,2,5,0,1,1,0,1,0,22.0,12.333,0.609
3,3,0,3,1,3,0,5,0,2,4,0,3,1,1,4,0,1,1,0,2,1,1,0,1,0,2,2,0,1,1,1,1,0,32.0,22.0,0.625
1,1,0,2,0,1,1,1,0,2,1,0,3,0,0,0,0,1,1,0,1,0,1,1,1,0,1,1,0,1,0,0,0,0,13.0,17.0,0.588
1,1,0,1,0,1,0,3,2,0,2,1,3,0,0,1,0,1,1,0,1,0,1,0,1,1,0,2,1,1,0,0,1,0,15.0,4.0,0.548
3,5,7,4,1,6,1,8,1,2,12,5,5,1,0,10,2,1,1,1,1,1,1,1,1,1,2,5,1,1,1,0,1,1,14.4,8.0,0.583
1,4,1,2,1,1,0,2,0,0,3,0,2,0,0,2,0,1,1,1,1,1,1,0,1,0,0,1,0,1,0,0,1,0,19.0,0.0,0.162
1,2,2,3,1,0,1,4,0,0,5,0,6,1,0,4,0,1,1,1,2,1,0,1,1,0,0,3,0,1,1,0,1,0,15.0,10.0,0.516
0,0,3,3,0,1,1,3,0,1,1,0,0,0,0,2,0,0,0,1,2,0,1,1,1,0,1,1,0,0,0,0,1,0,15.0,13.0,0.73
0,1,0,0,0,1,0,2,0,1,2,2,3,0,0,1,0,0,1,0,0,0,1,0,1,0,1,2,1,1,0,0,1,0,12.0,2.0,0.408
1,1,4,2,1,1,0,2,0,2,4,2,2,1,0,5,0,1,1,1,2,1,1,0,1,0,1,2,1,1,1,0,1,0,14.0,13.0,0.668
3,5,2,4,1,4,0,11,7,2,6,5,11,0,0,7,5,1,1,1,1,1,1,0,1,1,1,3,1,1,0,0,2,1,10.571,2.714,0.329
10,8,3,7,3,5,0,16,0,1,10,2,8,5,0,12,2,1,1,1,2,1,1,0,1,0,1,6,1,1,1,0,1,1,18.4,9.4,0.59
3,4,2,2,0,3,1,11,1,0,3,1,21,0,0,4,3,1,1,1,2,0,1,1,1,1,0,3,1,1,0,0,2,1,14.75,5.0,0.552
3,3,1,1,1,3,0,6,1,1,3,11,14,0,0,8,3,1,1,1,1,1,1,0,1,1,1,2,1,1,0,0,1,1,12.8,2.4,0.177
19,28,11,25,19,18,0,58,1,8,17,1,28,6,0,28,4,1,1,1,2,1,1,0,1,1,2,7,1,1,1,0,1,1,24.455,6.455,0.388
3,1,1,3,3,2,0,5,0,3,2,0,2,1,0,6,0,1,1,1,2,1,1,0,1,0,1,1,0,1,1,0,2,0,16.0,2.0,0.25
4,1,2,4,1,4,0,6,0,2,4,1,4,1,0,5,0,1,1,1,2,1,1,0,1,0,1,2,1,1,1,0,2,0,13.0,6.0,0.453
5,2,1,4,0,1,0,2,0,1,4,4,2,2,0,5,0,1,1,1,3,0,1,0,1,0,1,3,1,1,1,0,1,0,16.5,10.5,0.615
1,5,3,9,4,6,0,15,0,3,12,3,11,3,2,9,1,1,1,1,2,1,1,0,1,0,2,5,1,1,1,1,1,1,21.0,15.75,0.617
4,7,9,7,3,9,0,15,0,2,13,4,6,5,0,11,1,1,1,1,2,1,1,0,1,0,1,6,1,1,1,0,1,1,48.0,26.5,0.577
2,3,2,1,2,0,0,3,0,0,3,0,1,0,0,1,0,1,1,1,1,1,0,0,1,0,0,3,0,1,0,0,1,0,18.0,10.0,0.833
1,5,4,1,2,2,0,9,0,1,3,0,1,1,0,5,0,1,1,1,1,1,1,0,1,0,1,3,0,1,1,0,1,0,35.0,15.0,0.598
1,3,6,5,1,0,0,5,0,3,15,1,6,3,0,13,1,1,1,1,4,1,0,0,1,0,2,6,1,1,1,0,1,1,15.75,17.893,0.891
2,4,2,4,2,3,0,8,0,3,15,1,5,3,0,8,1,1,1,1,2,1,1,0,1,0,2,7,1,1,1,0,2,1,15.25,14.75,0.905
9,17,9,13,5,14,2,30,1,5,25,7,23,9,0,20,3,1,1,1,5,1,1,1,1,1,2,8,1,1,1,0,3,1,23.875,17.612,0.716
3,4,1,8,2,3,0,8,2,1,11,1,5,5,0,9,1,1,1,1,2,1,1,0,1,1,1,5,1,1,1,0,2,1,21.333,20.0,0.707
9,11,9,5,4,9,0,24,3,3,4,6,10,1,0,9,0,1,1,1,2,1,1,0,1,1,2,2,1,1,1,0,1,0,34.667,8.667,0.347
1,2,0,1,0,1,1,3,0,0,2,0,3,0,0,1,1,1,1,0,1,0,1,1,1,0,0,2,0,1,0,0,1,1,8.0,1.0,0.354
8,7,11,3,2,11,0,16,0,2,10,2,13,3,0,12,1,1,1,1,2,1,1,0,1,0,2,5,1,1,1,0,2,1,20.2,9.35,0.633
1,0,1,4,1,0,0,1,0,1,3,0,2,0,0,3,0,1,0,1,1,1,0,0,1,0,1,2,0,1,0,0,1,0,17.0,4.0,0.343
2,1,1,3,1,1,0,3,1,0,2,3,1,1,0,2,0,1,1,1,2,1,1,0,1,1,0,2,1,1,1,0,1,0,22.0,7.0,0.603
2,2,1,1,0,1,1,2,0,1,3,1,4,0,0,1,0,1,1,1,1,0,1,1,1,0,1,3,1,1,0,0,1,0,5.0,3.5,0.791
3,2,1,5,1,0,0,3,0,0,3,1,2,1,0,1,0,1,1,1,2,1,0,0,1,0,0,3,1,1,1,0,1,0,11.5,7.0,0.737
3,5,2,5,3,6,0,12,0,5,6,1,4,2,0,9,1,1,1,1,3,1,1,0,1,0,2,3,1,1,1,0,1,1,21.333,12.667,0.53
4,1,1,6,0,2,0,5,0,3,7,1,4,1,0,6,1,1,1,1,3,0,1,0,1,0,1,5,1,1,1,0,1,1,14.0,14.333,0.873
4,4,1,5,4,3,0,8,10,0,5,3,5,0,1,6,1,1,1,1,2,1,1,0,1,1,0,2,1,1,0,1,2,1,19.667,3.333,0.276
2,2,2,0,0,2,0,3,0,0,1,0,6,0,0,2,0,1,1,1,0,0,1,0,1,0,0,1,0,1,0,0,1,0,10.0,1.0,0.316
3,1,0,2,0,1,0,3,0,1,3,0,5,0,0,3,0,1,1,0,2,0,1,0,1,0,1,2,0,1,0,0,1,0,22.0,4.0,0.452
6,4,10,3,3,6,0,12,0,2,10,2,8,1,0,14,0,1,1,1,3,1,1,0,1,0,1,4,1,1,1,0,1,0,16.2,7.0,0.471
13,9,4,5,3,5,0,10,0,4,12,0,8,0,0,11,0,1,1,1,3,1,1,0,1,0,2,3,0,1,0,0,1,0,16.8,9.4,0.463
1,2,1,2,0,1,0,3,0,0,1,0,1,0,0,2,0,1,1,1,1,0,1,0,1,0,0,1,0,1,0,0,1,0,14.0,7.0,0.378
0,0,0,0,1,0,1,2,0,0,0,4,2,0,0,1,1,0,0,0,0,1,0,1,1,0,0,0,1,1,0,0,1,1,12.0,0.0,0.204
4,2,2,6,2,2,1,4,0,2,9,1,5,0,0,5,2,1,1,1,2,1,1,1,1,0,2,6,1,1,0,0,1,1,11.75,11.0,0.825
0,1,2,2,0,1,0,1,0,1,2,1,2,1,0,0,0,0,1,1,1,0,1,0,1,0,1,2,1,1,1,0,0,0,14.0,16.0,0.945
15,17,12,20,9,11,0,34,2,7,20,3,29,13,0,33,0,1,1,1,3,1,1,0,1,1,2,5,1,1,1,0,2,0,18.833,10.333,0.423
1,2,1,1,1,1,0,2,0,0,3,0,1,0,0,2,0,1,1,1,1,1,1,0,1,0,0,2,0,1,0,0,1,0,15.0,9.0,0.73
0,3,3,0,1,3,0,3,0,0,4,1,2,0,0,3,0,0,1,1,0,1,1,0,1,0,0,3,1,1,0,0,1,0,23.0,7.0,0.442
3,2,1,1,1,5,0,9,0,2,5,0,4,0,0,6,0,1,1,1,1,1,1,0,1,0,2,2,0,1,0,0,2,0,13.0,10.333,0.679
1,3,4,3,2,2,0,2,1,0,4,1,3,1,0,2,0,1,1,1,1,1,1,0,1,1,0,3,1,1,1,0,1,0,29.0,22.0,0.525
0,2,0,0,3,1,0,3,1,0,4,4,3,2,0,5,0,0,1,0,0,1,1,0,1,1,0,3,1,1,1,0,2,0,28.0,24.0,0.668
0,1,4,1,0,1,0,1,0,0,3,1,2,0,0,2,1,0,1,1,1,0,1,0,1,0,0,2,1,1,0,0,1,1,8.5,3.5,0.343
1,3,4,1,0,1,0,5,0,0,2,2,3,1,1,2,0,1,1,1,1,0,1,0,1,0,0,1,1,1,1,1,1,0,25.0,4.0,0.283
2,4,2,2,2,1,0,5,1,1,3,0,2,2,0,2,1,1,1,1,1,1,1,0,1,1,1,2,0,1,1,0,1,1,30.0,20.0,0.516
2,4,1,4,0,2,0,5,1,1,7,0,4,1,0,5,0,1,1,1,1,0,1,0,1,1,1,4,0,1,1,0,1,0,37.0,27.0,0.581
5,7,11,14,4,12,1,15,0,4,5,5,7,4,0,12,4,1,1,1,3,1,1,1,1,0,2,3,1,1,1,0,2,1,22.0,6.6,0.405
1,3,1,2,0,1,0,4,1,0,2,0,3,1,1,2,0,1,1,1,1,0,1,0,1,1,0,2,0,1,1,1,1,0,21.0,2.0,0.309
1,0,1,4,0,2,1,2,0,1,2,0,2,1,0,1,0,1,0,1,3,0,1,1,1,0,1,1,0,1,1,0,1,0,18.0,21.821,1.0
2,1,0,2,1,2,0,2,0,0,2,0,0,0,0,2,0,1,1,0,1,1,1,0,1,0,0,2,0,0,0,0,1,0,14.0,4.0,0.567
2,0,5,2,0,2,0,2,0,4,3,0,2,1,0,5,0,1,0,1,1,0,1,0,1,0,2,2,0,1,1,0,1,0,14.0,7.5,0.401
3,0,2,5,3,3,1,3,0,3,4,4,3,2,0,8,1,1,0,1,2,1,1,1,1,0,2,4,1,1,1,0,1,1,15.0,8.667,0.632
3,1,3,1,0,2,0,3,0,2,3,1,2,0,0,5,0,1,1,1,1,0,1,0,1,0,1,2,1,1,0,0,2,0,13.0,8.0,0.555
0,0,3,3,1,0,0,1,0,1,2,2,2,0,0,3,0,0,0,1,1,1,0,0,1,0,1,1,1,1,0,0,1,0,9.0,2.0,0.333
25,27,11,19,10,19,0,42,2,8,46,3,40,7,0,38,7,1,1,1,2,1,1,0,1,1,2,10,1,1,1,0,3,1,23.462,12.769,0.526
2,2,1,3,1,2,0,3,0,1,2,0,2,0,0,2,0,1,1,1,1,1,1,0,1,0,1,1,0,1,0,0,1,0,10.5,10.5,0.463
0,1,1,1,0,1,0,1,0,2,2,3,4,0,0,3,0,0,1,1,1,0,1,0,1,0,2,2,1,1,0,0,1,0,18.0,11.0,0.667
1,1,0,5,3,3,0,7,0,3,2,1,4,0,0,5,1,1,1,0,2,1,1,0,1,0,2,1,1,1,0,0,2,1,12.0,6.333,0.471
0,1,2,1,0,4,0,6,0,4,3,0,3,1,0,6,0,0,1,1,1,0,1,0,1,0,2,2,0,1,1,0,1,0,31.0,12.0,0.508
4,4,2,3,3,4,0,6,0,2,4,1,2,1,0,6,1,1,1,1,1,1,1,0,1,0,2,2,1,1,1,0,1,1,21.5,5.5,0.323
0,3,0,1,0,1,0,3,0,0,3,2,2,0,0,2,0,0,1,0,1,0,1,0,1,0,0,3,1,1,0,0,1,0,17.0,6.0,0.686
0,2,0,3,1,1,1,4,0,1,6,0,4,1,0,5,0,0,1,0,2,1,1,1,1,0,1,6,0,1,1,0,2,0,14.5,17.0,0.919
10,15,13,10,8,6,0,20,0,8,21,3,19,2,2,13,3,1,1,1,4,1,1,0,1,0,2,7,1,1,1,1,2,1,30.6,24.429,0.686
1,1,0,2,1,0,1,4,0,1,3,1,1,1,0,0,0,1,1,0,1,1,0,1,1,0,1,2,1,1,1,0,0,0,17.0,21.0,0.857
2,0,0,4,1,1,0,2,0,0,3,6,1,0,0,0,0,1,0,0,2,1,1,0,1,0,0,3,1,0,0,0,0,0,19.0,11.0,0.811
1,2,0,0,0,1,1,2,1,0,2,1,1,0,0,3,0,1,1,0,0,0,1,1,1,1,0,2,1,1,0,0,1,0,15.0,4.0,0.548
0,0,3,1,1,1,0,2,0,1,4,0,0,1,0,2,0,0,0,1,1,1,1,0,1,0,1,3,0,0,1,0,1,0,8.0,7.5,0.884
12,4,6,6,3,4,1,10,0,2,10,6,10,4,0,13,4,1,1,1,2,1,1,1,1,0,1,5,1,1,1,0,2,1,15.833,9.833,0.508
5,5,1,1,1,3,0,9,0,1,5,2,2,2,0,7,0,1,1,1,1,1,1,0,1,0,1,4,1,1,1,0,2,0,22.0,13.5,0.64
9,6,7,6,5,4,0,12,0,0,4,4,9,0,0,6,0,1,1,1,2,1,1,0,1,0,0,3,1,1,0,0,1,0,18.0,4.5,0.333
2,1,0,3,0,1,0,2,0,0,3,0,4,1,0,2,0,1,1,0,2,0,1,0,1,0,0,3,0,1,1,0,1,0,9.5,4.0,0.649
8,10,6,9,5,5,0,14,0,3,17,0,7,1,0,7,0,1,1,1,2,1,1,0,1,0,1,6,0,1,1,0,1,0,18.4,12.0,0.59
7,10,8,7,2,2,1,9,0,2,14,13,19,3,1,11,1,1,1,1,2,1,1,1,1,0,1,7,1,1,1,1,2,1,21.8,12.4,0.61
15,16,21,12,9,18,0,27,2,8,24,5,23,4,0,21,1,1,1,1,2,1,1,0,1,1,3,6,1,1,1,0,2,1,25.75,15.375,0.493
8,15,8,10,7,6,0,17,0,3,18,2,10,7,0,15,1,1,1,1,3,1,1,0,1,0,2,8,1,1,1,0,2,1,31.75,21.75,0.753
3,6,3,8,1,3,1,10,1,1,3,1,22,0,0,4,3,1,1,1,2,1,1,1,1,1,1,2,1,1,0,0,2,1,17.75,7.5,0.504
1,6,1,3,0,2,0,3,1,0,6,2,4,1,0,2,1,1,1,1,1,0,1,0,1,1,0,4,1,1,1,0,1,1,11.0,9.0,0.615
1,0,0,0,0,1,0,6,0,0,2,4,6,1,0,1,1,1,0,0,0,0,1,0,1,0,0,2,1,1,1,0,1,1,23.0,4.0,0.442
1,2,3,2,3,3,0,4,1,1,9,1,7,1,0,5,0,1,1,1,1,1,1,0,1,1,1,5,1,1,1,0,2,0,43.0,30.0,0.755
1,2,0,1,1,1,0,3,1,0,1,3,3,0,0,2,0,1,1,0,1,1,1,0,1,1,0,1,1,1,0,0,1,0,19.0,2.0,0.324
1,2,0,1,0,1,0,5,0,0,3,0,1,1,0,1,0,1,1,0,1,0,1,0,1,0,0,3,0,1,1,0,1,0,16.0,6.0,0.707
12,16,12,12,5,20,0,32,0,7,17,15,35,6,3,25,4,1,1,1,4,1,1,0,1,0,2,7,1,1,1,1,3,1,20.0,9.818,0.524
7,3,2,1,1,3,0,5,0,0,2,1,4,1,0,5,0,1,1,1,1,1,1,0,1,0,0,2,1,1,1,0,1,0,17.0,1.0,0.243
15,12,8,13,8,14,1,31,0,6,28,7,22,3,0,16,2,1,1,1,3,1,1,1,1,0,2,8,1,1,1,0,4,1,15.5,12.5,0.622
11,14,5,9,3,7,0,21,0,6,8,5,8,3,0,13,0,1,1,1,4,1,1,0,1,0,2,5,1,1,1,0,1,0,37.667,21.0,0.599
1,1,1,1,0,1,0,2,0,1,1,0,1,1,0,2,0,1,1,1,1,0,1,0,1,0,1,1,0,1,1,0,1,0,13.0,3.0,0.392
0,1,2,2,0,1,0,1,0,0,2,0,1,1,0,2,0,0,1,1,2,0,1,0,1,0,0,1,0,1,1,0,1,0,13.0,8.0,0.588
1,5,1,3,0,2,0,22,8,0,4,22,42,0,13,9,39,1,1,1,2,0,1,0,1,1,0,3,1,1,0,1,1,1,13.0,1.25,0.226
3,4,0,3,1,4,0,8,0,1,5,2,2,2,0,4,2,1,1,0,2,1,1,0,1,0,1,3,1,1,1,0,2,1,41.0,46.0,0.552
1,1,2,1,0,0,0,1,0,1,0,1,1,0,0,2,0,1,1,1,1,0,0,0,1,0,1,0,1,1,0,0,1,0,11.0,12.0,0.64
0,1,2,0,0,2,0,3,0,1,2,0,3,0,0,3,0,0,1,1,0,0,1,0,1,0,1,2,0,1,0,0,1,0,9.5,2.0,0.487
2,1,0,2,2,1,0,2,2,0,3,0,2,1,0,4,0,1,1,0,2,1,1,0,1,1,0,2,0,1,1,0,2,0,11.0,5.5,0.603
0,1,1,1,1,2,0,7,0,0,4,0,5,1,0,4,1,0,1,1,1,1,1,0,1,0,0,3,0,1,1,0,1,1,14.5,5.0,0.525
2,0,1,1,1,2,0,6,0,1,3,0,5,0,1,6,1,1,0,1,1,1,1,0,1,0,1,1,0,1,0,1,1,1,14.5,3.0,0.263
9,19,8,14,6,11,0,26,5,7,20,5,22,3,0,21,5,1,1,1,4,1,1,0,1,1,2,6,1,1,1,0,3,1,11.562,5.906,0.52
2,1,0,0,1,0,0,2,0,0,2,0,2,0,0,2,0,1,1,0,0,1,0,0,1,0,0,2,0,1,0,0,1,0,6.0,2.5,0.612
2,1,3,1,1,1,0,0,0,2,3,1,1,0,0,2,0,1,1,1,1,1,1,0,0,0,2,2,1,1,0,0,1,0,9.0,8.0,0.833
0,1,1,0,1,2,0,5,0,1,3,2,2,0,0,3,0,0,1,1,0,1,1,0,1,0,1,2,1,1,0,0,2,0,10.5,6.5,0.617
2,6,4,10,3,11,0,14,0,4,7,0,7,3,0,7,1,1,1,1,2,1,1,0,1,0,2,2,0,1,1,0,1,1,26.333,18.333,0.318
1,2,1,1,1,2,0,4,0,0,1,0,2,0,0,2,0,1,1,1,1,1,1,0,1,0,0,1,0,1,0,0,1,0,8.5,1.0,0.343
1,1,0,1,0,1,0,3,0,1,2,0,1,1,0,2,0,1,1,0,1,0,1,0,1,0,1,2,0,1,1,0,1,0,14.0,8.0,0.756
0,0,0,2,0,0,0,1,0,0,4,0,2,0,0,2,0,0,0,0,2,0,0,0,1,0,0,3,0,1,0,0,1,0,5.5,11.5,1.279
2,2,2,1,2,3,0,4,0,1,4,0,3,1,0,5,0,1,1,1,1,1,1,0,1,0,1,3,0,1,1,0,2,0,10.0,6.667,0.775
5,5,1,5,3,4,0,11,7,2,6,7,12,2,1,8,5,1,1,1,2,1,1,0,1,1,1,2,1,1,1,1,1,1,42.5,12.5,0.307
0,0,3,4,0,0,0,0,0,2,1,0,3,1,0,3,1,0,0,1,1,0,0,0,0,0,1,1,0,1,1,0,1,1,9.0,8.0,0.5
5,6,2,5,1,5,0,13,0,0,5,1,7,0,3,4,1,1,1,1,3,1,1,0,1,0,0,2,1,1,0,1,1,1,11.6,3.0,0.371
3,3,2,1,1,2,0,4,0,1,2,0,4,0,0,4,0,1,1,1,1,1,1,0,1,0,1,2,0,1,0,0,1,0,27.0,5.0,0.408
9,9,4,7,8,8,0,23,1,3,10,0,5,1,0,13,1,1,1,1,2,1,1,0,1,1,2,5,0,1,1,0,2,1,51.0,29.5,0.56
4,6,0,0,0,4,0,9,1,1,6,0,6,2,0,5,1,1,1,0,0,0,1,0,1,1,1,6,0,1,1,0,1,1,14.667,8.667,0.746
11,13,4,8,8,9,1,17,0,4,14,4,8,2,0,17,3,1,1,1,3,1,1,1,1,0,2,7,1,1,1,0,2,1,20.5,12.167,0.638
5,1,1,8,3,1,0,6,1,1,9,2,7,0,0,7,0,1,1,1,2,1,1,0,1,1,1,3,1,1,0,0,1,0,17.0,7.333,0.396
11,17,13,14,9,11,0,27,3,4,25,0,24,4,1,16,4,1,1,1,3,1,1,0,1,1,2,5,0,1,1,1,2,1,26.143,10.51,0.418
4,0,2,3,1,3,0,2,0,0,2,2,2,0,0,0,1,1,0,1,1,1,1,0,1,0,0,1,1,1,0,0,0,1,7.333,3.333,0.452
8,14,7,8,7,16,1,32,1,2,12,4,15,2,0,11,0,1,1,1,4,1,1,1,1,1,2,5,1,1,1,0,2,0,28.0,8.4,0.538
0,2,2,2,1,2,0,4,0,1,4,0,2,1,0,3,0,0,1,1,2,1,1,0,1,0,1,3,0,1,1,0,1,0,12.0,11.875,1.01
2,2,1,0,2,1,0,4,0,1,0,0,0,0,0,2,0,1,1,1,0,1,1,0,1,0,1,0,0,0,0,0,1,0,15.0,0.0,0.183
2,1,0,1,1,2,0,2,1,1,1,0,1,0,0,2,0,1,1,0,1,1,1,0,1,1,1,1,0,1,0,0,1,0,7.5,5.5,0.73
2,0,1,3,0,0,0,1,1,1,3,0,2,1,0,1,0,1,0,1,1,0,0,0,1,1,1,1,0,1,1,0,1,0,15.0,19.0,0.73
6,5,8,8,3,5,0,8,0,2,9,0,5,6,0,8,0,1,1,1,3,1,1,0,1,0,1,3,0,1,1,0,1,0,14.6,9.75,0.579
1,3,2,4,0,6,0,8,0,2,8,2,4,4,0,5,1,1,1,1,2,0,1,0,1,0,2,3,1,1,1,0,2,1,12.5,8.0,0.6
5,12,4,3,2,3,0,14,0,1,10,0,7,3,0,10,0,1,1,1,1,1,1,0,1,0,1,4,0,1,1,0,1,0,14.8,6.2,0.493
2,3,1,1,2,0,0,4,0,0,5,0,4,2,0,6,0,1,1,1,1,1,0,0,1,0,0,3,0,1,1,0,1,0,15.0,8.5,0.516
1,3,0,1,0,3,0,4,0,1,3,0,1,1,0,4,0,1,1,0,1,0,1,0,1,0,1,3,0,1,1,0,1,0,22.0,11.0,0.603
4,2,4,4,1,1,0,7,0,1,6,1,4,1,0,6,1,1,1,1,3,1,1,0,1,0,1,4,1,1,1,0,1,1,14.333,8.667,0.647
1,0,1,0,0,1,0,3,0,1,3,1,3,1,0,3,0,1,0,1,0,0,1,0,1,0,1,1,1,1,1,0,1,0,18.0,6.0,0.333
6,10,8,7,4,7,0,13,0,5,20,0,7,4,0,16,0,1,1,1,3,1,1,0,1,0,2,6,0,1,1,0,2,0,21.4,13.6,0.684
2,1,1,0,1,0,0,0,0,0,3,1,1,0,0,1,0,1,1,1,0,1,0,0,0,0,0,3,1,1,0,0,1,0,11.0,8.0,0.64
2,1,1,4,2,1,1,1,1,1,7,0,1,1,0,3,0,1,1,1,2,1,1,1,1,1,1,4,0,1,1,0,1,0,27.0,26.571,0.816
3,0,1,2,3,0,1,1,0,0,2,0,1,0,0,3,0,1,0,1,2,1,0,1,1,0,0,2,0,1,0,0,1,0,8.5,11.0,0.857
6,7,3,7,1,3,0,14,0,1,13,3,6,3,1,7,1,1,1,1,2,1,1,0,1,0,1,8,1,1,1,1,1,1,25.0,13.0,0.735
2,3,2,3,0,5,1,16,3,0,3,1,24,0,0,3,3,1,1,1,2,0,1,1,1,1,0,2,1,1,0,0,2,1,16.5,5.75,0.435
5,2,3,6,2,1,0,3,0,7,9,0,4,3,0,13,0,1,1,1,3,1,1,0,1,0,2,3,0,1,1,0,1,0,14.75,11.188,0.552
1,0,1,6,2,1,2,3,0,2,7,0,1,1,0,3,0,1,0,1,2,1,1,1,1,0,2,5,0,1,1,0,1,0,30.0,30.0,0.904
5,7,5,5,2,6,0,7,0,3,12,0,3,2,0,9,1,1,1,1,3,1,1,0,1,0,2,5,0,1,1,0,1,1,22.333,13.667,0.691
0,2,2,0,2,0,1,5,0,1,5,0,1,1,0,4,0,0,1,1,0,1,0,1,1,0,1,4,0,1,1,0,1,0,12.0,7.5,0.722
1,1,2,2,0,0,0,1,0,0,2,0,4,1,0,4,0,1,1,1,2,0,0,0,1,0,0,2,0,1,1,0,2,0,4.5,3.0,0.833
1,6,3,5,3,5,2,12,0,5,15,1,3,4,0,13,1,1,1,1,1,1,1,1,1,0,2,5,1,1,1,0,1,1,39.5,34.5,0.477
6,6,1,11,2,5,0,11,0,4,11,0,5,2,0,5,2,1,1,1,3,1,1,0,1,0,2,5,0,1,1,0,1,1,23.667,20.714,0.671
19,16,18,14,2,10,0,30,2,3,32,1,23,5,0,25,1,1,1,1,2,1,1,0,1,1,2,10,1,1,1,0,2,1,16.75,8.583,0.648
1,1,0,2,0,0,0,2,0,1,2,0,4,0,0,3,1,1,1,0,1,0,0,0,1,0,1,2,0,1,0,0,1,1,8.5,1.0,0.343
5,7,3,2,6,6,0,23,0,1,8,0,11,1,0,8,2,1,1,1,2,1,1,0,1,0,1,3,0,1,1,0,2,1,21.0,7.0,0.463
2,0,1,3,0,0,0,0,0,1,3,0,1,2,0,3,0,1,0,1,2,0,0,0,0,0,1,1,0,1,1,0,1,0,8.0,5.0,0.53
6,4,5,2,1,0,0,5,6,0,6,0,8,1,0,6,0,1,1,1,1,1,0,0,1,1,0,2,0,1,1,0,1,0,16.667,4.0,0.3
5,2,5,3,1,0,0,2,0,1,8,0,4,1,0,9,0,1,1,1,2,1,0,0,1,0,1,3,0,1,1,0,1,0,20.5,11.5,0.552
1,1,0,1,0,1,0,3,1,1,1,0,1,0,0,1,0,1,1,0,1,0,1,0,1,1,1,1,0,1,0,0,1,0,12.0,13.0,0.612
2,0,1,1,0,1,0,2,0,0,1,0,2,2,0,1,0,1,0,1,1,0,1,0,1,0,0,1,0,1,1,0,1,0,6.5,2.0,0.588
0,1,4,1,0,1,0,4,3,1,4,0,3,0,0,2,0,0,1,1,1,0,1,0,1,1,1,4,0,1,0,0,1,0,12.0,5.0,0.722
1,2,2,2,2,4,0,7,0,1,3,0,7,0,0,6,0,1,1,1,1,1,1,0,1,0,1,2,0,1,0,0,1,0,37.0,8.0,0.349
2,2,2,2,0,3,0,4,0,0,4,0,3,1,0,3,0,1,1,1,2,0,1,0,1,0,0,2,0,1,1,0,2,0,8.667,2.667,0.416
27,17,26,23,10,11,0,36,2,8,42,0,20,10,0,37,3,1,1,1,3,1,1,0,1,1,1,9,0,1,1,0,2,1,24.727,14.273,0.472
0,1,1,1,2,0,0,5,0,1,1,0,2,0,0,3,1,0,1,1,1,1,0,0,1,0,1,1,0,1,0,0,1,1,18.0,2.0,0.333
4,4,2,2,0,0,0,6,0,3,2,0,3,0,0,3,0,1,1,1,1,0,0,0,1,0,1,2,0,1,0,0,1,0,14.0,4.5,0.535
0,1,0,1,1,1,0,4,0,0,2,0,3,0,0,3,0,0,1,0,1,1,1,0,1,0,0,1,0,1,0,0,1,0,16.0,4.0,0.354
1,3,2,1,2,5,0,9,1,0,3,1,6,0,0,6,1,1,1,1,1,1,1,0,1,1,0,2,1,1,0,0,1,1,41.0,6.0,0.331
0,0,0,0,0,0,0,7,0,0,0,0,7,0,0,0,0,0,0,0,0,0,0,0,1,0,0,0,0,1,0,0,0,0,14.0,0.0,0.189
3,4,4,1,2,1,0,3,0,0,7,0,4,0,0,6,0,1,1,1,1,1,1,0,1,0,0,3,0,1,0,0,1,0,17.5,5.0,0.359
2,3,1,1,2,1,0,4,0,1,2,1,4,2,0,5,0,1,1,1,1,1,1,0,1,0,1,2,1,1,1,0,1,0,14.5,7.5,0.525
1,0,0,1,1,2,0,2,1,0,3,1,4,0,0,1,0,1,0,0,1,1,1,0,1,1,0,3,1,1,0,0,1,0,17.0,8.0,0.857
3,3,1,0,1,1,0,5,2,1,1,1,6,0,0,3,1,1,1,1,0,1,1,0,1,1,1,1,1,1,0,0,1,1,13.5,1.5,0.272
0,0,0,0,2,0,0,7,0,0,2,1,4,0,0,2,0,0,0,0,0,1,0,0,1,0,0,2,1,1,0,0,1,0,18.0,3.0,0.333
7,7,6,5,3,4,0,12,0,1,6,4,5,2,0,6,0,1,1,1,2,1,1,0,1,0,1,4,1,1,1,0,1,0,13.6,6.2,0.6
2,1,1,1,0,1,0,4,0,0,2,2,4,0,0,1,0,1,1,1,1,0,1,0,1,0,0,2,1,1,0,0,1,0,9.5,2.0,0.487
1,2,2,2,0,1,0,1,0,0,1,0,2,0,0,1,0,1,1,1,2,0,1,0,1,0,0,1,0,1,0,0,1,0,6.5,5.5,0.784
0,1,2,1,1,2,0,8,0,2,1,0,6,1,0,4,0,0,1,1,1,1,1,0,1,0,1,1,0,1,1,0,2,0,9.667,3.0,0.394
0,2,3,2,0,1,0,3,0,2,1,0,2,1,0,0,0,0,1,1,2,0,1,0,1,0,1,1,0,1,1,0,0,0,17.0,25.0,0.857
13,10,13,8,8,7,0,24,0,2,10,1,11,6,0,18,2,1,1,1,2,1,1,0,1,0,2,5,1,1,1,0,3,1,26.6,11.2,0.552
13,18,16,12,5,16,0,22,1,9,20,0,15,4,0,26,0,1,1,1,3,1,1,0,1,1,2,6,0,1,1,0,2,0,22.125,14.875,0.478
14,10,12,13,9,8,1,28,7,4,17,2,27,2,0,21,6,1,1,1,4,1,1,1,1,1,2,4,1,1,1,0,3,1,26.0,14.357,0.472
8,5,3,6,3,2,0,11,0,3,10,1,10,2,0,8,1,1,1,1,3,1,1,0,1,0,1,5,1,1,1,0,2,1,24.667,25.833,0.74
4,1,0,2,1,1,0,8,0,2,2,0,2,0,0,3,0,1,1,0,2,1,1,0,1,0,2,2,0,1,0,0,1,0,26.0,27.0,0.832
1,1,2,5,1,0,0,4,0,4,4,0,3,0,0,7,0,1,1,1,2,1,0,0,1,0,1,3,0,1,0,0,1,0,32.0,20.0,0.5
18,20,14,16,9,16,0,31,0,11,21,2,28,1,2,25,7,1,1,1,2,1,1,0,1,0,3,8,1,1,1,1,2,1,21.9,9.925,0.573
8,12,3,15,5,13,0,23,1,6,21,3,8,7,1,14,1,1,1,1,2,1,1,0,1,1,2,6,1,1,1,1,2,1,23.333,19.5,0.538
4,1,0,4,3,0,0,1,0,0,4,1,2,0,0,1,0,1,1,0,1,1,0,0,1,0,0,2,1,1,0,0,1,0,21.0,30.0,0.617
11,14,3,9,7,7,0,24,2,3,15,2,9,1,0,15,1,1,1,1,3,1,1,0,1,1,2,7,1,1,1,0,2,1,17.571,14.0,0.638
1,1,3,2,3,2,0,7,6,1,4,3,18,1,0,5,5,1,1,1,1,1,1,0,1,1,1,2,1,1,1,0,1,1,5.25,0.75,0.267
0,0,3,2,1,2,0,2,0,0,2,0,2,0,0,2,0,0,0,1,2,1,1,0,1,0,0,1,0,1,0,0,2,0,8.0,10.0,0.707
1,2,0,0,0,0,0,2,0,1,1,2,1,0,0,2,0,1,1,0,0,0,0,0,1,0,1,1,1,1,0,0,1,0,12.0,0.0,0.204
4,2,2,0,1,1,0,3,1,0,1,1,6,0,0,1,0,1,1,1,0,1,1,0,1,1,0,1,1,1,0,0,1,0,22.0,0.0,0.151
4,7,0,3,2,6,1,18,1,1,5,5,29,0,9,5,2,1,1,0,3,1,1,1,1,1,1,4,1,1,0,1,1,1,17.4,5.2,0.531
6,10,4,5,3,4,0,13,0,5,16,1,6,1,0,19,0,1,1,1,2,1,1,0,1,0,2,6,1,1,1,0,2,0,18.6,10.4,0.66
0,2,0,3,0,2,0,3,0,1,3,0,2,1,0,4,0,0,1,0,1,0,1,0,1,0,1,2,0,1,1,0,2,0,10.5,15.0,0.772
0,2,1,2,0,1,0,3,0,1,1,0,1,0,0,4,0,0,1,1,1,0,1,0,1,0,1,1,0,1,0,0,1,0,16.0,2.0,0.354
2,1,1,2,1,3,0,3,0,0,4,1,4,1,1,3,0,1,1,1,1,1,1,0,1,0,0,4,1,1,1,1,1,0,9.0,5.333,0.544
4,4,4,3,2,1,0,5,1,1,5,0,4,0,0,3,0,1,1,1,2,1,1,0,1,1,1,2,0,1,0,0,2,0,18.5,7.0,0.349
1,3,2,3,0,2,0,4,0,1,4,0,3,0,0,2,0,1,1,1,2,0,1,0,1,0,1,4,0,1,0,0,1,0,12.5,16.0,1.131
0,4,1,0,1,4,0,5,0,2,5,0,2,1,0,4,0,0,1,1,0,1,1,0,1,0,1,3,0,1,1,0,2,0,29.0,17.0,0.525
0,2,0,3,0,1,0,4,0,0,4,0,3,1,0,4,0,0,1,0,1,0,1,0,1,0,0,2,0,1,1,0,1,0,11.0,2.0,0.302
15,9,8,6,2,8,0,19,4,5,9,10,23,0,1,9,8,1,1,1,3,1,1,0,1,1,2,4,1,1,0,1,2,1,12.545,4.773,0.482
0,1,0,2,0,2,0,4,0,0,1,3,5,0,3,0,1,0,1,0,1,0,1,0,1,0,0,1,1,1,0,1,0,1,19.0,4.0,0.324
0,0,0,2,0,3,0,5,1,1,1,1,7,0,3,2,0,0,0,0,2,0,1,0,1,1,1,1,1,1,0,1,1,0,24.0,18.75,0.722
2,5,4,1,3,1,0,4,0,3,5,0,6,0,0,7,0,1,1,1,1,1,1,0,1,0,1,2,0,1,0,0,1,0,20.5,8.5,0.442
5,3,9,2,1,4,0,11,1,2,6,3,7,2,0,5,0,1,1,1,2,1,1,0,1,1,2,6,1,1,1,0,2,0,61.0,38.75,0.815
2,2,0,0,0,2,0,4,1,0,2,0,0,0,0,2,0,1,1,0,0,0,1,0,1,1,0,2,0,0,0,0,1,0,15.0,2.0,0.365
1,2,1,1,0,2,0,2,0,0,2,0,3,0,0,1,0,1,1,1,1,0,1,0,1,0,0,2,0,1,0,0,1,0,15.0,15.0,0.73
1,3,2,0,2,1,0,7,1,1,0,3,2,0,0,1,0,1,1,1,0,1,1,0,1,1,1,0,1,1,0,0,1,0,12.0,0.0,0.144
2,1,1,1,0,1,0,4,0,0,2,0,1,0,0,1,0,1,1,1,1,0,1,0,1,0,0,2,0,1,0,0,1,0,14.0,11.0,0.756
3,3,1,2,3,2,0,3,0,1,4,1,2,0,0,5,0,1,1,1,2,1,1,0,1,0,1,2,1,1,0,0,1,0,30.0,25.75,0.645
0,0,0,2,2,2,0,4,0,1,4,2,3,1,0,3,0,0,0,0,2,1,1,0,1,0,1,1,1,1,1,0,1,0,24.0,22.75,0.722
1,1,3,1,1,2,0,2,3,1,3,0,2,0,0,3,0,1,1,1,1,1,1,0,1,1,1,3,0,1,0,0,3,0,11.5,8.5,0.885
2,2,1,3,1,0,1,3,1,0,6,0,0,1,0,3,0,1,1,1,1,1,0,1,1,1,0,5,0,0,1,0,2,0,24.0,26.8,1.01
1,5,1,1,1,1,0,7,1,1,7,0,5,2,0,5,1,1,1,1,1,1,1,0,1,1,1,4,0,1,1,0,2,1,13.0,7.933,0.679
3,1,2,1,1,2,1,5,0,0,4,0,4,0,0,4,1,1,1,1,1,1,1,1,1,0,0,2,0,1,0,0,1,1,14.5,10.0,0.394
11,4,5,12,1,7,0,14,0,1,13,0,21,5,1,10,2,1,1,1,4,1,1,0,1,0,1,5,0,1,1,1,2,1,21.0,11.6,0.621
4,5,8,5,2,3,0,8,1,4,7,4,10,1,0,6,1,1,1,1,2,1,1,0,1,1,2,5,1,1,1,0,1,1,23.0,14.667,0.596
5,2,2,5,2,3,0,6,3,0,9,0,6,2,2,2,0,1,1,1,1,1,1,0,1,1,0,6,0,1,1,1,2,0,15.667,11.333,0.825
2,0,0,3,2,3,0,3,1,1,5,0,7,1,0,4,0,1,0,0,2,1,1,0,1,1,1,3,0,1,1,0,1,0,16.0,13.0,0.625
0,1,0,1,0,1,0,0,1,0,3,2,2,0,0,1,0,0,1,0,1,0,1,0,0,1,0,3,1,1,0,0,1,0,6.0,5.9,1.021
6,15,17,18,12,18,2,32,6,8,39,1,25,7,1,26,1,1,1,1,4,1,1,1,1,1,2,9,1,1,1,1,3,1,23.3,17.4,0.602
4,1,5,4,2,0,0,1,0,1,4,0,4,0,0,1,0,1,1,1,2,1,0,0,1,0,1,2,0,1,0,0,1,0,9.0,5.667,0.68
1,2,0,2,0,1,0,2,0,1,3,0,1,1,0,2,0,1,1,0,2,0,1,0,1,0,1,3,0,1,1,0,1,0,16.0,13.0,0.884
12,17,8,7,4,6,0,16,0,6,12,0,12,4,0,16,0,1,1,1,2,1,1,0,1,0,2,4,0,1,1,0,1,0,23.8,9.2,0.389
3,3,1,4,0,1,0,3,0,1,6,1,1,0,0,5,1,1,1,1,1,0,1,0,1,0,1,3,1,1,0,0,1,1,30.0,18.0,0.516
0,1,0,0,1,0,0,1,0,0,1,3,4,0,0,1,1,0,1,0,0,1,0,0,1,0,0,1,1,1,0,0,1,1,6.0,1.0,0.408
1,1,1,0,0,0,1,2,0,1,1,0,2,0,0,3,0,1,1,1,0,0,0,1,1,0,1,1,0,1,0,0,1,0,13.0,2.0,0.392
3,2,2,1,3,1,0,6,0,0,6,2,5,0,0,5,1,1,1,1,1,1,1,0,1,0,0,5,1,1,0,0,2,1,12.333,7.0,0.814
8,6,5,0,3,1,0,9,2,3,7,4,9,0,1,7,1,1,1,1,0,1,1,0,1,1,1,4,1,1,0,1,2,1,21.667,6.667,0.439
5,4,4,5,5,0,2,8,0,1,11,0,2,0,0,9,0,1,1,1,2,1,0,1,1,0,1,5,0,1,0,0,1,0,18.667,8.667,0.567
2,0,0,1,1,1,0,2,0,0,2,0,3,0,0,2,0,1,0,0,1,1,1,0,1,0,0,2,0,1,0,0,1,0,14.0,8.0,0.567
0,1,1,0,0,0,0,2,0,1,2,1,1,2,0,1,0,0,1,1,0,0,0,0,1,0,1,2,1,1,1,0,1,0,12.0,11.0,0.612
3,3,3,1,1,1,0,4,0,1,6,1,4,2,0,6,0,1,1,1,1,1,1,0,1,0,1,4,1,1,1,0,2,0,12.0,6.0,0.707
0,2,2,2,1,2,1,5,3,0,9,0,2,1,0,7,0,0,1,1,2,1,1,1,1,1,0,5,0,1,1,0,1,0,18.5,16.0,0.697
1,0,8,4,0,5,1,7,2,1,11,0,6,5,0,10,0,1,0,1,2,0,1,1,1,1,1,4,0,1,1,0,2,0,12.2,12.6,0.634
2,1,6,3,0,0,0,4,0,4,3,0,6,1,0,5,0,1,1,1,3,0,0,0,1,0,2,2,0,1,1,0,2,0,11.667,8.333,0.598
1,1,1,1,0,1,0,2,0,0,2,1,1,0,0,1,0,1,1,1,1,0,1,0,1,0,0,2,1,1,0,0,1,0,12.0,16.0,0.816
0,3,1,2,0,2,0,3,0,1,3,1,1,0,0,5,0,0,1,1,1,0,1,0,1,0,1,2,1,1,0,0,2,0,22.0,11.0,0.452
3,3,3,4,1,4,0,6,0,2,6,0,2,1,0,4,0,1,1,1,1,1,1,0,1,0,1,3,0,1,1,0,1,0,19.5,17.0,0.453
16,25,24,18,16,13,0,50,2,9,26,2,11,10,0,35,4,1,1,1,3,1,1,0,1,1,2,4,1,1,1,0,3,1,65.25,28.25,0.306
11,8,5,7,1,10,1,16,0,1,11,1,16,3,0,8,1,1,1,1,3,1,1,1,1,0,1,5,1,1,1,0,1,1,12.5,6.625,0.566
7,3,0,2,3,1,0,5,0,2,5,0,3,1,1,4,2,1,1,0,2,1,1,0,1,0,2,3,0,1,1,1,1,1,38.0,20.0,0.688
8,11,6,10,4,3,1,10,2,0,17,1,12,6,0,10,2,1,1,1,3,1,1,1,1,1,0,6,1,1,1,0,2,1,14.714,9.571,0.557
35,31,19,25,10,21,0,78,1,8,13,5,52,10,1,26,5,1,1,1,4,1,1,0,1,1,2,5,1,1,1,1,2,1,24.143,7.571,0.346
2,2,1,5,0,3,1,3,0,2,5,1,3,3,0,5,0,1,1,1,3,0,1,1,1,0,1,3,1,1,1,0,1,0,12.0,11.0,0.707
5,2,6,3,2,1,0,4,0,2,6,0,6,1,0,2,0,1,1,1,2,1,1,0,1,0,1,4,0,1,1,0,1,0,20.0,17.0,0.671
2,5,2,3,2,3,0,4,0,1,4,2,3,1,0,3,0,1,1,1,3,1,1,0,1,0,1,2,1,1,1,0,1,0,11.667,11.0,0.717
7,12,5,8,6,8,0,15,3,1,23,2,14,5,0,17,0,1,1,1,3,1,1,0,1,1,1,6,1,1,1,0,3,0,21.0,12.167,0.567
3,6,6,5,4,2,0,18,2,1,8,0,11,3,0,5,0,1,1,1,2,1,1,0,1,1,1,4,0,1,1,0,2,0,18.25,8.688,0.579
2,3,2,3,0,1,0,6,0,0,3,0,3,1,1,1,0,1,1,1,2,0,1,0,1,0,0,3,0,1,1,1,1,0,12.5,4.0,0.566
3,1,0,3,0,1,0,6,0,2,3,2,3,1,0,4,0,1,1,0,1,0,1,0,1,0,2,2,1,1,1,0,1,0,14.5,7.5,0.394
7,9,8,10,6,9,0,20,1,5,15,4,13,2,0,17,0,1,1,1,2,1,1,0,1,1,2,8,1,1,1,0,2,0,21.0,12.5,0.693
4,4,4,6,1,5,0,8,0,2,6,1,3,4,0,6,0,1,1,1,3,1,1,0,1,0,2,3,1,1,1,0,1,0,18.0,14.0,0.77
10,17,15,16,8,17,3,45,1,8,27,1,14,6,0,30,0,1,1,1,4,1,1,1,1,1,2,7,1,1,1,0,2,0,21.8,14.571,0.527
4,7,2,4,2,4,0,13,1,1,7,0,4,2,0,6,2,1,1,1,2,1,1,0,1,1,1,5,0,1,1,0,1,1,19.667,7.0,0.552
0,1,1,3,1,0,0,3,1,0,6,0,3,0,0,4,0,0,1,1,2,1,0,0,1,1,0,4,0,1,0,0,1,0,11.5,10.0,0.737
1,6,4,4,2,3,0,11,1,2,10,1,4,1,0,8,0,1,1,1,2,1,1,0,1,1,2,4,1,1,1,0,2,0,29.0,14.0,0.65
10,14,8,15,7,13,0,37,3,8,20,7,16,5,0,30,4,1,1,1,3,1,1,0,1,1,2,7,1,1,1,0,2,1,48.75,18.0,0.506
3,8,5,6,2,4,0,12,0,2,10,0,8,2,0,8,0,1,1,1,1,1,1,0,1,0,2,4,0,1,1,0,3,0,11.667,3.667,0.592
3,12,5,2,6,9,0,15,0,2,11,1,8,2,0,8,2,1,1,1,1,1,1,0,1,0,2,7,1,1,1,0,1,1,17.2,7.2,0.686
5,9,0,6,0,4,0,14,1,2,4,1,8,1,0,7,2,1,1,0,3,0,1,0,1,1,2,2,1,1,1,0,1,1,16.0,7.0,0.442
2,3,2,2,0,3,1,14,3,0,2,1,21,0,0,3,3,1,1,1,2,0,1,1,1,1,0,2,1,1,0,0,2,1,14.5,4.5,0.464
2,4,4,1,0,3,0,8,0,0,2,0,2,0,0,4,0,1,1,1,1,0,1,0,1,0,0,2,0,1,0,0,1,0,15.0,3.0,0.387
6,4,1,2,2,7,1,9,0,3,7,0,6,3,0,7,0,1,1,1,1,1,1,1,1,0,2,5,0,1,1,0,1,0,19.333,13.333,0.743
2,4,0,2,1,3,0,7,0,3,7,1,4,1,0,5,0,1,1,0,2,1,1,0,1,0,2,3,1,1,1,0,1,0,20.0,7.5,0.559
18,27,5,15,5,28,0,41,1,1,19,0,14,5,0,20,0,1,1,1,4,1,1,0,1,1,1,6,0,1,1,0,1,0,39.8,15.914,0.501
6,9,5,5,3,6,2,14,2,0,13,0,10,3,0,8,0,1,1,1,2,1,1,1,1,1,0,5,0,1,1,0,3,0,29.0,14.667,0.531
1,1,1,3,1,1,0,5,1,1,4,1,4,1,0,2,0,1,1,1,2,1,1,0,1,1,1,3,1,1,1,0,1,0,27.0,10.0,0.544
1,1,1,1,0,1,0,3,1,0,2,0,1,0,0,1,0,1,1,1,1,0,1,0,1,1,0,2,0,1,0,0,1,0,13.0,6.0,0.588
4,12,6,2,3,7,0,14,0,0,8,4,15,1,0,10,0,1,1,1,1,1,1,0,1,0,0,2,1,1,1,0,2,0,21.25,4.75,0.23
3,3,0,3,1,2,0,3,1,1,6,0,3,1,0,4,0,1,1,0,3,1,1,0,1,1,1,2,0,1,1,0,2,0,31.0,40.0,0.635
7,8,9,1,3,6,0,11,2,1,8,1,6,2,0,6,0,1,1,1,1,1,1,0,1,1,1,3,1,1,1,0,3,0,35.5,12.5,0.504
4,1,1,3,1,0,0,1,2,0,4,0,3,2,0,1,0,1,1,1,2,1,0,0,1,1,0,2,0,1,1,0,1,0,23.0,26.0,0.737
9,18,15,16,11,11,0,28,5,6,42,0,29,9,0,25,2,1,1,1,3,1,1,0,1,1,2,9,0,1,1,0,3,1,17.308,17.615,0.613
2,1,0,1,1,1,0,6,0,2,1,0,2,0,0,2,0,1,1,0,1,1,1,0,1,0,2,1,0,1,0,0,1,0,19.0,9.0,0.487
12,22,16,14,9,9,0,33,0,11,34,1,15,6,0,35,1,1,1,1,4,1,1,0,1,0,2,8,1,1,1,0,2,1,24.222,14.0,0.623
3,4,4,3,1,1,1,4,0,1,4,0,4,1,0,3,0,1,1,1,2,1,1,1,1,0,1,3,0,1,1,0,1,0,17.0,6.5,0.606
3,3,3,3,2,2,0,5,0,1,6,0,2,1,0,6,0,1,1,1,3,1,1,0,1,0,1,5,0,1,1,0,1,0,37.0,24.0,0.814
3,2,3,2,3,0,0,3,0,3,7,0,2,1,0,10,0,1,1,1,1,1,0,0,1,0,2,3,0,1,1,0,1,0,19.5,13.0,0.453
4,5,5,3,4,3,0,6,2,0,4,0,6,0,0,5,0,1,1,1,3,1,1,0,1,1,0,3,0,1,0,0,1,0,15.333,9.857,0.73
8,6,8,10,3,5,0,10,1,5,17,0,13,4,0,12,2,1,1,1,5,1,1,0,1,1,2,7,0,1,1,0,1,1,13.0,13.196,0.832
3,5,8,3,3,3,0,3,1,2,9,3,9,2,1,4,0,1,1,1,2,1,1,0,1,1,1,3,1,1,1,1,2,0,29.0,19.5,0.557
1,1,1,2,1,1,0,0,2,0,3,1,3,1,0,2,0,1,1,1,1,1,1,0,0,1,0,2,1,1,1,0,1,0,9.5,5.0,0.649
5,3,13,9,2,5,0,11,1,1,9,0,11,1,0,6,1,1,1,1,3,1,1,0,1,1,1,4,0,1,1,0,2,1,26.0,21.333,0.641
4,10,10,9,5,10,0,13,2,3,13,8,12,7,0,15,0,1,1,1,5,1,1,0,1,1,2,3,1,1,1,0,2,0,30.25,19.643,0.579
5,5,4,5,5,4,1,7,1,6,11,0,5,1,0,12,0,1,1,1,2,1,1,1,1,1,2,5,0,1,1,0,2,0,18.0,16.75,0.667
1,2,7,2,1,1,0,2,1,2,8,0,8,1,0,8,0,1,1,1,2,1,1,0,1,1,1,3,0,1,1,0,1,0,9.0,6.0,0.527
6,6,1,5,1,8,0,14,0,5,8,0,18,4,0,11,1,1,1,1,4,1,1,0,1,0,2,3,0,1,1,0,1,1,22.0,14.688,0.528
1,1,0,2,1,0,0,1,1,0,2,0,1,0,0,1,0,1,1,0,1,1,0,0,1,1,0,1,0,1,0,0,1,0,5.5,4.0,0.64
4,4,3,3,1,1,1,4,1,1,5,2,6,1,0,2,1,1,1,1,1,1,1,1,1,1,1,3,1,1,1,0,1,1,20.5,13.5,0.663
0,2,0,3,3,2,0,4,1,2,6,0,2,1,0,2,0,0,1,0,3,1,1,0,1,1,1,4,0,1,1,0,2,0,9.333,16.333,0.935
2,4,4,4,2,6,0,4,2,1,3,1,5,1,0,5,0,1,1,1,3,1,1,0,1,1,1,2,1,1,1,0,1,0,22.0,9.0,0.533
0,1,2,1,0,0,0,0,2,1,0,0,3,0,0,1,0,0,1,1,1,0,0,0,0,1,1,0,0,1,0,0,1,0,5.5,3.5,0.426
0,1,1,0,1,1,0,1,2,0,0,3,3,0,0,1,0,0,1,1,0,1,1,0,1,1,0,0,1,1,0,0,1,0,13.0,0.0,0.196
1,3,5,1,1,3,0,4,4,1,2,1,5,0,0,4,1,1,1,1,1,1,1,0,1,1,1,2,1,1,0,0,1,1,17.0,7.0,0.606
1,2,4,3,1,4,0,8,1,1,8,0,4,1,0,7,1,1,1,1,2,1,1,0,1,1,1,4,0,1,1,0,1,1,9.4,5.0,0.619
1,2,1,0,0,1,0,2,1,0,2,0,2,1,0,2,0,1,1,1,0,0,1,0,1,1,0,2,0,1,1,0,1,0,15.0,4.0,0.548
6,4,1,6,2,2,0,10,0,0,5,0,2,0,0,6,1,1,1,1,3,1,1,0,1,0,0,2,0,1,0,0,2,1,15.0,11.667,0.422
3,2,3,4,2,2,0,6,2,2,3,0,3,1,0,5,0,1,1,1,2,1,1,0,1,1,2,1,0,1,1,0,1,0,19.0,7.5,0.459
0,1,2,1,0,2,0,3,1,1,1,1,2,0,0,1,0,0,1,1,1,0,1,0,1,1,1,1,1,1,0,0,1,0,8.0,4.5,0.53
2,1,0,2,0,3,0,6,0,0,2,0,3,1,1,4,1,1,1,0,1,0,1,0,1,0,0,2,0,1,1,1,2,1,8.333,5.0,0.566
1,2,2,1,2,4,1,4,1,0,1,1,4,0,0,2,0,1,1,1,1,1,1,1,1,1,0,1,1,1,0,0,2,0,13.0,5.5,0.555
1,1,0,0,1,1,0,2,0,0,0,2,2,0,0,1,0,1,1,0,0,1,1,0,1,0,0,0,1,1,0,0,1,0,11.0,0.0,0.213
3,1,0,0,0,0,0,10,1,0,0,6,19,0,7,4,3,1,1,0,0,0,0,0,1,1,0,0,1,1,0,1,1,1,47.0,0.0,0.103
3,3,4,7,4,2,0,8,0,2,8,0,3,2,0,9,0,1,1,1,2,1,1,0,1,0,1,5,0,1,1,0,1,0,55.0,19.0,0.572
3,5,5,4,1,0,0,6,0,3,14,0,2,5,0,10,1,1,1,1,2,1,0,0,1,0,2,6,0,1,1,0,1,1,29.5,20.5,0.736
1,3,1,0,0,2,0,1,1,0,1,2,1,0,0,1,1,1,1,1,0,0,1,0,1,1,0,1,1,1,0,0,1,1,7.5,1.5,0.365
7,7,5,7,3,4,0,8,0,6,7,0,3,2,0,9,1,1,1,1,4,1,1,0,1,0,2,4,0,1,1,0,1,1,69.0,59.75,0.681
6,5,7,4,1,5,0,14,0,1,6,0,9,1,1,6,1,1,1,1,2,1,1,0,1,0,1,3,0,1,1,1,2,1,22.0,9.667,0.435
0,2,2,2,1,0,0,5,0,2,3,1,4,0,0,3,0,0,1,1,2,1,0,0,1,0,1,3,1,1,0,0,2,0,12.5,16.5,0.99
7,13,17,19,5,11,0,17,0,8,28,3,23,5,0,27,4,1,1,1,4,1,1,0,1,0,2,8,1,1,1,0,3,1,31.333,23.167,0.67
1,7,2,3,3,5,0,15,1,2,6,2,3,1,0,6,0,1,1,1,2,1,1,0,1,1,1,3,1,1,1,0,3,0,19.0,12.333,0.656
4,4,2,2,1,4,0,5,0,3,5,0,4,0,0,4,0,1,1,1,2,1,1,0,1,0,2,3,0,1,0,0,2,0,19.0,12.0,0.574
2,4,1,3,1,1,0,4,0,1,7,4,7,0,0,5,3,1,1,1,2,1,1,0,1,0,1,4,1,1,0,0,1,1,8.6,2.4,0.539
2,2,1,3,1,3,0,7,0,1,4,0,2,3,0,5,0,1,1,1,2,1,1,0,1,0,1,2,0,1,1,0,1,0,34.0,22.0,0.606
2,4,3,2,4,3,0,13,1,1,2,1,4,1,0,6,0,1,1,1,2,1,1,0,1,1,1,2,1,1,1,0,1,0,15.667,5.0,0.516
0,1,3,0,2,0,0,1,0,1,6,2,2,2,0,5,0,0,1,1,0,1,0,0,1,0,1,3,1,1,1,0,2,0,12.5,4.5,0.566
1,1,1,1,1,1,0,4,0,0,2,0,1,0,0,3,0,1,1,1,1,1,1,0,1,0,0,1,0,1,0,0,1,0,8.0,3.0,0.53
3,1,2,6,1,4,0,8,0,1,6,1,3,2,0,4,1,1,1,1,3,1,1,0,1,0,1,4,1,1,1,0,1,1,21.5,15.0,0.755
3,4,4,4,3,1,0,2,0,1,4,1,3,0,0,3,0,1,1,1,1,1,1,0,1,0,1,2,1,1,0,0,1,0,16.5,3.0,0.246
3,4,1,3,2,1,0,7,0,1,6,5,7,1,0,9,1,1,1,1,2,1,1,0,1,0,1,4,1,1,1,0,3,1,12.75,7.0,0.594
1,0,1,1,0,1,0,2,0,0,2,0,1,0,0,2,0,1,0,1,1,0,1,0,1,0,0,2,0,1,0,0,1,0,11.0,6.0,0.853
0,1,0,0,2,2,0,2,0,0,0,6,1,0,0,0,0,0,1,0,0,1,1,0,1,0,0,0,1,1,0,0,0,0,14.0,0.0,0.189
3,2,1,4,4,3,0,9,0,1,9,1,5,3,0,9,0,1,1,1,2,1,1,0,1,0,1,4,1,1,1,0,3,0,18.0,14.667,0.577
2,3,1,0,1,2,0,4,0,0,1,1,0,0,0,0,0,1,1,1,0,1,1,0,1,0,0,1,1,0,0,0,0,0,15.0,2.0,0.365
1,1,0,1,2,2,0,4,0,0,2,0,2,0,0,1,0,1,1,0,1,1,1,0,1,0,0,1,0,1,0,0,1,0,16.0,6.0,0.53
8,10,5,4,3,5,0,12,0,2,11,2,7,2,0,11,0,1,1,1,2,1,1,0,1,0,1,5,1,1,1,0,1,0,20.5,11.75,0.547
2,4,0,1,0,5,0,3,1,1,1,40,15,0,0,2,13,1,1,0,1,0,1,0,1,1,1,1,1,1,0,0,1,1,26.333,0.667,0.159
11,23,2,8,7,10,0,47,2,7,21,7,12,2,1,26,0,1,1,1,2,1,1,0,1,1,1,7,1,1,1,1,3,0,30.833,13.333,0.468
0,2,1,3,1,1,0,4,1,1,7,2,0,1,0,6,0,0,1,1,2,1,1,0,1,1,1,4,1,0,1,0,1,0,30.0,31.0,0.904
1,4,3,2,1,6,0,8,0,0,5,0,2,2,0,5,0,1,1,1,1,1,1,0,1,0,0,3,0,1,1,0,1,0,39.0,9.0,0.453
8,10,8,9,4,5,1,18,1,4,10,8,16,4,0,12,2,1,1,1,2,1,1,1,1,1,2,5,1,1,1,0,1,1,20.0,8.5,0.452
0,2,0,1,0,0,0,6,1,0,0,4,14,0,1,0,0,0,1,0,1,0,0,0,1,1,0,0,1,1,0,1,0,0,28.0,2.0,0.267
2,2,3,4,1,2,0,3,0,3,5,1,1,1,0,4,0,1,1,1,3,1,1,0,1,0,2,2,1,1,1,0,1,0,32.0,31.0,0.625
0,1,0,3,1,0,0,2,0,1,2,0,3,0,0,5,0,0,1,0,2,1,0,0,1,0,1,1,0,1,0,0,1,0,9.0,13.0,0.667
3,6,4,4,1,4,2,8,2,3,5,2,2,0,0,4,0,1,1,1,2,1,1,1,1,1,2,4,1,1,0,0,1,0,25.0,15.5,0.6
0,1,1,2,1,0,0,1,1,2,1,0,2,0,0,3,0,0,1,1,1,1,0,0,1,1,2,1,0,1,0,0,2,0,7.5,8.5,0.73
3,1,2,4,1,2,0,4,2,0,4,0,6,1,0,2,2,1,1,1,2,1,1,0,1,1,0,3,0,1,1,0,1,1,11.333,4.667,0.606
3,1,1,2,2,1,0,2,0,1,2,1,1,0,0,0,0,1,1,1,1,1,1,0,1,0,1,2,1,1,0,0,0,0,17.0,13.0,0.686
1,2,1,2,1,0,1,2,0,1,2,0,1,0,0,1,0,1,1,1,2,1,0,1,1,0,1,2,0,1,0,0,1,0,15.0,18.0,0.913
6,6,9,5,1,4,0,9,0,4,10,1,7,3,1,6,1,1,1,1,4,1,1,0,1,0,2,5,1,1,1,1,1,1,36.0,38.661,0.833
1,2,0,1,0,2,0,3,0,1,0,0,1,0,0,3,0,1,1,0,1,0,1,0,1,0,1,0,0,1,0,0,1,0,7.0,6.375,0.567
1,1,1,2,2,3,0,4,0,1,6,3,3,1,0,5,1,1,1,1,2,1,1,0,1,0,1,3,1,1,1,0,1,1,17.0,14.5,0.606
3,1,0,1,1,0,0,3,0,1,2,0,2,1,0,3,0,1,1,0,1,1,0,0,1,0,1,2,0,1,1,0,1,0,18.0,10.0,0.667
0,3,0,0,1,0,0,4,0,1,1,3,4,0,0,1,0,0,1,0,0,1,0,0,1,0,1,1,1,1,0,0,1,0,9.0,3.5,0.333
1,1,0,2,0,0,0,2,0,0,4,0,2,0,0,1,0,1,1,0,1,0,0,0,1,0,0,4,0,1,0,0,1,0,6.5,5.0,0.981
10,6,2,8,3,5,0,14,0,2,11,6,12,2,0,7,1,1,1,1,3,1,1,0,1,0,1,6,1,1,1,0,2,1,14.833,11.167,0.75
3,1,3,0,1,3,0,2,0,0,2,2,1,0,0,2,0,1,1,1,0,1,1,0,1,0,0,2,1,1,0,0,1,0,20.0,7.0,0.316
1,1,1,0,0,0,0,4,0,0,0,2,5,0,1,1,1,1,1,1,0,0,0,0,1,0,0,0,1,1,0,1,1,1,16.0,0.0,0.177
0,5,1,2,1,3,0,6,0,0,1,1,2,2,0,3,0,0,1,1,1,1,1,0,1,0,0,1,1,1,1,0,1,0,13.5,3.0,0.408
3,3,3,4,2,1,0,6,1,0,7,0,4,1,0,4,0,1,1,1,2,1,1,0,1,1,0,6,0,1,1,0,1,0,13.0,6.0,0.793
2,3,2,3,1,2,0,1,0,0,5,5,4,1,0,4,0,1,1,1,2,1,1,0,1,0,0,3,1,1,1,0,1,0,16.5,5.5,0.492
3,3,4,4,1,2,0,7,1,1,11,0,3,2,0,8,0,1,1,1,2,1,1,0,1,1,1,5,0,1,1,0,3,0,16.667,10.333,0.7
2,1,0,1,2,0,0,2,1,1,2,7,4,0,0,3,0,1,1,0,1,1,0,0,1,1,1,2,1,1,0,0,1,0,13.0,5.5,0.555
2,2,0,0,2,1,0,7,1,0,2,3,6,1,0,2,0,1,1,0,0,1,1,0,1,1,0,2,1,1,1,0,1,0,29.0,9.0,0.394
1,1,1,3,3,0,0,1,1,0,2,9,6,0,0,1,0,1,1,1,2,1,0,0,1,1,0,2,1,1,0,0,1,0,29.0,15.0,0.657
6,4,0,1,0,2,0,5,1,2,3,1,7,0,1,5,0,1,1,0,1,0,1,0,1,1,1,2,1,1,0,1,1,0,18.5,4.0,0.465
2,1,0,1,0,2,0,1,2,0,1,12,7,0,0,0,0,1,1,0,1,0,1,0,1,1,0,1,1,1,0,0,0,0,14.5,1.0,0.263
1,3,3,1,1,3,0,4,0,2,3,3,2,1,0,6,1,1,1,1,1,1,1,0,1,0,1,3,1,1,1,0,1,1,17.0,5.786,0.485
0,1,3,2,0,1,0,2,0,0,2,2,1,2,0,2,0,0,1,1,2,0,1,0,1,0,0,2,1,1,1,0,1,0,18.0,10.0,0.667
2,4,2,1,0,4,0,4,3,1,1,14,13,0,0,2,0,1,1,1,1,0,1,0,1,1,1,1,1,1,0,0,2,0,51.0,13.25,0.495
8,4,8,6,4,8,0,19,0,1,9,0,12,3,0,8,1,1,1,1,3,1,1,0,1,0,1,6,0,1,1,0,1,1,15.167,6.333,0.667
1,0,0,0,1,0,0,0,0,0,3,1,2,0,0,4,0,1,0,0,0,1,0,0,0,0,0,2,1,1,0,0,2,0,12.0,10.0,0.816
1,1,3,3,1,0,0,0,0,1,2,0,1,0,0,1,0,1,1,1,2,1,0,0,0,0,1,1,0,1,0,0,1,0,14.0,9.0,0.567
1,1,0,1,0,0,0,3,0,0,2,0,1,1,1,2,0,1,1,0,1,0,0,0,1,0,0,2,0,1,1,1,1,0,13.0,10.0,0.784
3,2,2,0,1,1,0,2,0,0,2,2,1,0,0,1,0,1,1,1,0,1,1,0,1,0,0,2,1,1,0,0,1,0,8.5,3.0,0.343
0,2,0,2,1,1,0,1,0,3,7,0,1,0,0,6,0,0,1,0,1,1,1,0,1,0,2,4,0,1,0,0,2,0,24.0,34.0,0.866
2,1,0,1,1,1,0,4,0,0,1,1,4,0,0,1,0,1,1,0,1,1,1,0,1,0,0,1,1,1,0,0,1,0,4.25,0.0,0.171
1,0,1,1,0,0,0,1,0,1,4,0,1,0,0,4,0,1,0,1,1,0,0,0,1,0,1,2,0,1,0,0,1,0,7.0,7.0,0.756
1,0,1,1,0,1,0,3,0,2,2,0,1,0,0,2,0,1,0,1,1,0,1,0,1,0,2,2,0,1,0,0,1,0,7.0,7.0,0.945
1,0,1,2,0,0,0,4,1,1,7,0,1,0,0,3,0,1,0,1,2,0,0,0,1,1,1,4,0,1,0,0,1,0,21.0,32.0,1.08
1,1,1,1,0,1,0,2,0,1,2,0,1,0,0,2,0,1,1,1,1,0,1,0,1,0,1,2,0,1,0,0,1,0,13.0,6.0,0.784
2,1,0,0,0,2,0,2,1,0,2,0,1,1,0,2,0,1,1,0,0,0,1,0,1,1,0,2,0,1,1,0,1,0,14.0,8.0,0.567
24,18,14,25,4,19,3,40,1,12,32,0,40,7,0,32,6,1,1,1,3,1,1,1,1,1,2,9,0,1,1,0,2,1,15.333,14.365,0.553
3,4,2,2,0,3,1,13,2,0,2,0,21,0,1,4,3,1,1,1,2,0,1,1,1,1,0,2,0,1,0,1,2,1,14.75,4.5,0.46
3,15,2,7,4,9,0,25,0,2,10,1,13,2,0,11,0,1,1,1,2,1,1,0,1,0,2,5,1,1,1,0,1,0,102.0,42.0,0.49
2,1,2,1,0,1,0,4,0,0,1,1,1,1,0,1,0,1,1,1,1,0,1,0,1,0,0,1,1,1,1,0,1,0,16.0,4.0,0.53
17,17,14,12,9,12,2,34,3,3,22,0,15,4,0,14,1,1,1,1,3,1,1,1,1,1,2,8,0,1,1,0,2,1,29.833,16.667,0.581
1,0,0,1,0,2,0,3,0,1,2,2,2,0,0,3,0,1,0,0,1,0,1,0,1,0,1,2,1,1,0,0,1,0,8.5,3.0,0.343
0,0,0,3,1,2,0,4,0,0,3,0,3,1,0,4,0,0,0,0,1,1,1,0,1,0,0,1,0,1,1,0,1,0,21.0,18.0,0.309
2,4,3,2,0,4,1,16,1,0,2,1,21,0,0,3,3,1,1,1,2,0,1,1,1,1,0,2,1,1,0,0,2,1,15.0,4.5,0.456
2,2,2,0,1,2,1,3,0,1,2,2,3,0,0,5,0,1,1,1,0,1,1,1,1,0,1,2,1,1,0,0,2,0,13.0,9.0,0.555
3,1,0,2,1,3,0,4,0,2,3,0,2,0,0,5,0,1,1,0,2,1,1,0,1,0,1,3,0,1,0,0,2,0,13.0,12.0,0.832
1,1,0,2,0,1,1,0,0,1,2,0,4,0,0,1,0,1,1,0,2,0,1,1,0,0,1,2,0,1,0,0,1,0,14.0,13.25,0.945
6,8,2,3,2,4,0,18,1,2,6,0,10,1,0,9,0,1,1,1,2,1,1,0,1,1,2,5,0,1,1,0,1,0,24.333,9.667,0.662
3,4,4,1,0,1,1,3,0,2,3,0,5,0,0,2,0,1,1,1,1,0,1,1,1,0,2,3,0,1,0,0,1,0,9.667,6.333,0.657
0,0,2,2,1,0,1,0,1,1,1,0,1,0,0,2,0,0,0,1,2,1,0,1,0,1,1,1,0,1,0,0,1,0,6.0,1.0,0.408
8,5,2,7,4,5,1,10,0,2,9,4,1,0,0,10,0,1,1,1,2,1,1,1,1,0,1,5,1,1,0,0,1,0,68.0,63.0,0.6
1,0,1,1,0,0,0,0,1,1,2,0,4,0,1,1,0,1,0,1,1,0,0,0,0,1,1,2,0,1,0,1,1,0,4.333,7.0,1.177
0,3,1,3,0,3,1,3,0,2,6,0,4,0,0,3,1,0,1,1,3,0,1,1,1,0,1,5,0,1,0,0,1,1,15.0,24.786,1.162
1,1,1,0,2,4,0,6,0,1,3,1,2,0,0,5,0,1,1,1,0,1,1,0,1,0,1,2,1,1,0,0,1,0,9.0,3.667,0.408
1,0,0,1,0,1,0,3,0,0,2,1,3,0,0,2,0,1,0,0,1,0,1,0,1,0,0,2,1,1,0,0,2,0,7.0,11.0,0.756
0,1,0,2,0,2,0,6,0,2,2,0,5,0,0,3,0,0,1,0,2,0,1,0,1,0,1,2,0,1,0,0,1,0,23.0,21.75,0.59
4,2,4,5,4,2,0,5,0,4,8,0,8,0,0,10,1,1,1,1,2,1,1,0,1,0,2,4,0,1,0,0,1,1,11.4,11.15,0.656
1,0,1,3,0,1,0,1,0,0,3,0,1,0,0,1,0,1,0,1,2,0,1,0,1,0,0,2,0,1,0,0,1,0,12.0,8.0,0.612
0,1,2,2,0,2,0,5,0,1,4,0,2,0,0,3,0,0,1,1,2,0,1,0,1,0,1,2,0,1,0,0,2,0,11.0,11.0,0.905
3,0,1,3,0,0,0,0,0,0,5,0,3,0,0,2,0,1,0,1,1,0,0,0,0,0,0,3,0,1,0,0,1,0,17.0,16.0,0.686
4,8,4,10,1,6,1,12,3,0,12,13,35,3,9,9,5,1,1,1,3,1,1,1,1,1,0,3,1,1,1,1,1,1,9.143,4.786,0.312
0,1,0,1,0,1,0,4,3,0,2,0,3,0,0,1,0,0,1,0,1,0,1,0,1,1,0,2,0,1,0,0,1,0,8.0,5.286,0.707
0,1,5,1,2,1,1,3,1,0,6,0,3,3,0,8,0,0,1,1,1,1,1,1,1,1,0,4,0,1,1,0,1,0,17.5,8.5,0.598
2,4,4,3,2,2,2,7,0,1,9,1,9,2,0,8,3,1,1,1,2,1,1,1,1,0,1,7,1,1,1,0,2,1,9.833,5.5,0.736
0,1,3,1,0,0,0,0,0,1,4,0,2,0,0,4,0,0,1,1,1,0,0,0,0,0,1,2,0,1,0,0,2,0,8.0,12.786,0.884
4,5,4,7,2,5,1,6,5,2,10,5,11,4,1,8,6,1,1,1,3,1,1,1,1,1,2,2,1,1,1,1,2,1,9.778,4.778,0.377
2,2,1,2,1,2,0,2,0,2,4,2,1,0,0,3,0,1,1,1,1,1,1,0,1,0,2,3,1,1,0,0,1,0,8.0,5.0,0.577
1,1,0,1,0,0,0,2,2,1,1,1,3,0,0,1,0,1,1,0,1,0,0,0,1,1,1,1,1,1,0,0,1,0,14.0,3.0,0.378
1,0,2,1,1,2,0,5,0,2,4,0,4,1,0,6,0,1,0,1,1,1,1,0,1,0,2,3,0,1,1,0,1,0,14.5,12.0,0.788
3,2,0,3,0,1,0,2,0,0,6,0,3,0,0,1,0,1,1,0,2,0,1,0,1,0,0,3,0,1,0,0,1,0,10.5,8.286,0.772
4,4,7,3,1,6,0,9,0,2,8,1,8,1,0,7,0,1,1,1,3,1,1,0,1,0,1,6,1,1,1,0,2,0,15.0,12.25,0.913
2,0,2,0,0,1,0,2,0,0,1,0,4,0,0,3,0,1,0,1,0,0,1,0,1,0,0,1,0,1,0,0,1,0,7.5,1.0,0.365
3,2,2,2,4,2,1,6,0,1,6,0,5,0,0,5,0,1,1,1,2,1,1,1,1,0,1,2,0,1,0,0,1,0,19.5,17.0,0.566
2,4,1,5,2,5,0,8,1,1,8,0,0,1,0,4,1,1,1,1,2,1,1,0,1,1,1,6,0,0,1,0,1,1,43.0,30.0,0.863
5,4,4,4,2,2,0,6,6,4,6,0,5,0,1,7,1,1,1,1,1,1,1,0,1,1,1,5,0,1,0,1,1,1,18.667,9.333,0.567
6,0,2,4,2,1,0,6,0,0,6,0,2,2,0,5,1,1,0,1,2,1,1,0,1,0,0,4,0,1,1,0,1,1,37.0,20.0,0.581
1,5,3,1,0,2,0,2,0,0,4,2,3,0,0,2,0,1,1,1,1,0,1,0,1,0,0,3,1,1,0,0,1,0,12.5,8.0,0.566
2,2,2,5,1,5,0,5,0,1,2,2,6,0,0,4,0,1,1,1,1,1,1,0,1,0,1,2,1,1,0,0,1,0,9.25,3.75,0.465
1,0,2,1,0,1,0,0,0,0,1,1,2,1,0,1,1,1,0,1,1,0,1,0,0,0,0,1,1,1,1,0,1,1,6.0,2.5,0.612
0,1,0,2,1,0,0,5,0,0,1,6,7,0,0,2,0,0,1,0,1,1,0,0,1,0,0,1,1,1,0,0,1,0,25.0,2.0,0.283
4,7,4,4,1,4,0,8,1,1,7,4,14,0,3,3,2,1,1,1,2,1,1,0,1,1,1,6,1,1,0,1,1,1,32.0,16.5,0.707
4,11,4,5,2,6,1,9,2,5,10,11,16,0,0,11,1,1,1,1,4,1,1,1,1,1,2,4,1,1,0,0,1,1,24.5,13.375,0.643
1,7,3,2,0,3,0,5,2,0,1,0,1,1,0,1,1,1,1,1,2,0,1,0,1,1,0,1,0,1,1,0,1,1,28.0,11.0,0.535
1,1,3,4,1,1,1,2,0,2,4,6,7,0,0,4,2,1,1,1,2,1,1,1,1,0,2,3,1,1,0,0,1,1,9.75,5.0,0.566
2,5,1,2,1,6,0,8,0,1,7,0,5,1,0,7,0,1,1,1,1,1,1,0,1,0,1,4,0,1,1,0,2,0,11.5,6.0,0.626
0,3,2,2,0,2,1,3,0,1,6,0,0,1,0,7,2,0,1,1,1,0,1,1,1,0,1,4,0,0,1,0,1,1,30.0,26.0,0.645
1,2,0,2,0,2,0,2,0,0,4,0,1,1,0,2,0,1,1,0,1,0,1,0,1,0,0,3,0,1,1,0,2,0,17.0,16.0,0.686
0,3,1,0,0,0,0,3,0,0,3,0,1,0,0,2,0,0,1,1,0,0,0,0,1,0,0,2,0,1,0,0,1,0,13.0,7.0,0.588
5,3,6,6,1,1,0,8,2,2,5,6,9,0,0,4,1,1,1,1,2,1,1,0,1,1,2,3,1,1,0,0,1,1,11.8,6.2,0.552
2,4,2,3,2,4,1,5,0,0,5,4,4,1,0,3,0,1,1,1,2,1,1,1,1,0,0,3,1,1,1,0,1,0,40.0,23.0,0.559
0,2,1,2,1,3,0,5,0,1,2,1,0,1,0,4,0,0,1,1,2,1,1,0,1,0,1,2,1,0,1,0,1,0,23.0,6.0,0.59
12,9,6,10,2,8,0,21,0,4,9,5,14,0,1,15,0,1,1,1,2,1,1,0,1,0,1,7,1,1,0,1,2,0,57.5,28.0,0.659
8,2,5,10,6,8,0,17,7,6,8,1,9,2,0,12,5,1,1,1,3,1,1,0,1,1,2,2,1,1,1,0,1,1,13.25,3.75,0.343
3,3,1,3,2,3,0,5,0,0,5,0,0,0,0,1,0,1,1,1,2,1,1,0,1,0,0,3,0,0,0,0,1,0,26.0,12.0,0.555
1,2,0,1,1,3,0,4,0,0,3,0,0,1,0,4,0,1,1,0,1,1,1,0,1,0,0,2,0,0,1,0,1,0,20.0,4.0,0.316
2,3,2,4,1,1,0,5,2,1,8,0,2,2,0,7,1,1,1,1,2,1,1,0,1,1,1,4,0,1,1,0,1,1,13.667,5.333,0.552
4,4,2,3,0,2,0,6,0,1,3,2,6,0,0,4,0,1,1,1,3,0,1,0,1,0,1,2,1,1,0,0,1,0,18.5,9.0,0.581
0,2,1,1,0,0,0,0,0,1,5,0,2,1,0,4,0,0,1,1,1,0,0,0,0,0,1,4,0,1,1,0,1,0,17.0,17.0,0.686
0,3,4,2,0,2,0,4,0,0,2,2,3,1,0,1,0,0,1,1,1,0,1,0,1,0,0,2,1,1,1,0,1,0,8.0,2.667,0.433
3,1,1,2,0,2,0,2,1,4,3,0,2,1,0,5,0,1,1,1,2,0,1,0,1,1,2,2,0,1,1,0,1,0,13.5,14.5,0.816
2,1,2,3,0,1,0,2,0,1,1,2,2,1,0,1,0,1,1,1,2,0,1,0,1,0,1,1,1,1,1,0,1,0,20.0,20.0,0.791
0,1,1,1,0,0,2,0,0,1,2,0,3,2,0,2,0,0,1,1,1,0,0,1,0,0,1,1,0,1,1,0,1,0,7.5,8.0,0.73
7,7,8,8,2,4,0,10,1,1,10,0,4,3,0,9,0,1,1,1,2,1,1,0,1,1,1,4,0,1,1,0,2,0,18.5,14.75,0.493
3,1,1,4,1,3,0,4,1,2,8,0,1,1,0,5,0,1,1,1,2,1,1,0,1,1,1,4,0,1,1,0,2,0,11.667,19.667,0.837
1,1,3,3,0,3,0,5,1,2,5,1,8,0,0,4,0,1,1,1,2,0,1,0,1,1,2,2,1,1,0,0,2,0,9.25,7.0,0.697
4,1,1,6,2,4,0,9,0,3,5,0,3,1,0,10,0,1,1,1,2,1,1,0,1,0,1,4,0,1,1,0,2,0,16.333,17.25,0.808
2,1,2,3,0,1,0,4,4,3,3,0,2,1,0,2,0,1,1,1,1,0,1,0,1,1,1,3,0,1,1,0,1,0,28.0,11.0,0.535
2,1,3,2,1,2,0,2,0,1,1,1,2,0,0,1,0,1,1,1,1,1,1,0,1,0,1,1,1,1,0,0,1,0,19.0,9.0,0.487
3,2,2,3,0,3,0,9,13,0,0,11,22,2,4,4,13,1,1,1,1,0,1,0,1,1,0,0,1,1,1,1,1,1,6.286,0.429,0.151
2,1,0,0,0,0,0,2,0,0,0,6,2,0,0,0,0,1,1,0,0,0,0,0,1,0,0,0,1,1,0,0,0,0,13.0,0.0,0.196
5,1,4,5,2,3,0,2,0,1,8,0,5,0,0,3,0,1,1,1,3,1,1,0,1,0,1,5,0,1,0,0,1,0,19.5,18.286,0.793
1,1,1,0,0,0,0,0,0,1,3,3,2,0,0,2,0,1,1,1,0,0,0,0,0,0,1,2,1,1,0,0,2,0,14.0,15.0,0.756
6,2,1,2,0,1,0,7,7,0,4,9,8,0,1,4,5,1,1,1,1,0,1,0,1,1,0,3,1,1,0,1,2,1,27.0,10.0,0.481
3,5,2,8,1,3,0,6,0,4,7,0,5,2,0,8,0,1,1,1,3,1,1,0,1,0,2,4,0,1,1,0,1,0,54.0,49.0,0.77
1,2,4,4,1,2,0,2,0,4,8,0,5,3,0,7,0,1,1,1,2,1,1,0,1,0,2,4,0,1,1,0,1,0,21.5,26.786,0.647
5,3,4,3,0,0,0,4,0,0,6,0,3,0,0,4,0,1,1,1,1,0,0,0,1,0,0,4,0,1,0,0,2,0,32.0,14.0,0.625
5,4,2,7,1,2,1,7,0,0,10,0,5,3,0,7,1,1,1,1,3,1,1,1,1,0,0,5,0,1,1,0,2,1,27.5,34.25,0.858
3,1,3,3,0,2,0,3,0,2,2,0,2,0,0,2,0,1,1,1,1,0,1,0,1,0,1,2,0,1,0,0,1,0,11.5,5.0,0.442
0,1,3,2,1,2,0,3,1,1,3,1,2,0,0,2,0,0,1,1,2,1,1,0,1,1,1,3,1,1,0,0,1,0,11.0,5.5,0.754
3,4,0,4,2,5,0,12,2,3,6,0,9,1,0,6,1,1,1,0,2,1,1,0,1,1,2,4,0,1,1,0,1,1,14.5,7.5,0.557
0,2,0,0,0,0,0,3,0,0,2,2,2,1,0,2,0,0,1,0,0,0,0,0,1,0,0,2,1,1,1,0,1,0,14.0,8.0,0.567
1,3,1,1,0,1,0,21,4,0,1,9,24,0,13,4,2,1,1,1,1,0,1,0,1,1,0,1,1,1,0,1,1,1,76.0,4.0,0.243
17,15,7,6,6,12,0,28,0,9,13,4,13,4,0,19,1,1,1,1,2,1,1,0,1,0,2,6,1,1,1,0,2,1,25.667,10.667,0.456
1,2,1,1,1,1,0,8,3,0,0,5,11,1,1,2,0,1,1,1,1,1,1,0,1,1,0,0,1,1,1,1,1,0,11.333,0.667,0.243
2,4,3,3,1,3,0,6,0,3,3,3,1,1,0,4,0,1,1,1,3,1,1,0,1,0,2,2,1,1,1,0,1,0,37.0,25.75,0.581
0,0,0,0,0,0,0,3,0,0,0,8,5,0,0,0,0,0,0,0,0,0,0,0,1,0,0,0,1,1,0,0,0,0,17.0,0.0,0.171
8,8,1,5,4,3,0,11,1,4,11,1,10,4,0,10,2,1,1,1,3,1,1,0,1,1,2,7,1,1,1,0,2,1,27.333,20.19,0.859
5,5,2,2,1,4,0,9,1,1,9,10,15,1,0,3,1,1,1,1,1,1,1,0,1,1,1,6,1,1,1,0,2,1,14.0,6.8,0.676
3,4,2,2,0,4,0,7,1,0,7,1,2,1,0,6,0,1,1,1,1,0,1,0,1,1,0,3,1,1,1,0,2,0,20.0,9.5,0.559
1,4,1,1,1,2,0,4,1,0,4,2,1,1,0,3,0,1,1,1,1,1,1,0,1,1,0,3,1,1,1,0,1,0,26.0,6.0,0.416
1,2,0,0,0,0,0,1,0,0,2,2,1,0,0,3,1,1,1,0,0,0,0,0,1,0,0,2,1,1,0,0,1,1,13.0,4.0,0.588
1,2,2,0,0,1,0,3,0,0,6,3,2,1,0,5,0,1,1,1,0,0,1,0,1,0,0,5,1,1,1,0,2,0,13.0,9.0,0.832
1,1,2,3,3,2,0,3,0,0,3,3,0,0,0,1,0,1,1,1,2,1,1,0,1,0,0,3,1,0,0,0,1,0,22.0,11.0,0.603
2,3,2,3,0,5,1,16,3,0,3,1,24,0,0,3,3,1,1,1,2,0,1,1,1,1,0,2,1,1,0,0,2,1,16.5,5.75,0.435
2,1,7,5,0,2,0,4,0,0,6,2,2,1,0,5,0,1,1,1,1,0,1,0,1,0,0,3,1,1,1,0,1,0,12.333,3.333,0.349
9,5,5,8,3,3,0,11,0,6,6,0,13,3,0,8,0,1,1,1,3,1,1,0,1,0,2,3,0,1,1,0,1,0,40.0,40.357,0.474
5,2,1,6,5,2,1,7,0,1,6,4,9,0,0,5,1,1,1,1,2,1,1,1,1,0,1,4,1,1,0,0,2,1,27.5,13.0,0.572
2,1,1,1,0,2,0,3,0,1,4,0,5,0,0,3,0,1,1,1,1,0,1,0,1,0,1,3,0,1,0,0,1,0,23.0,9.0,0.59
1,1,1,1,1,1,0,3,0,0,3,0,0,0,0,3,1,1,1,1,1,1,1,0,1,0,0,2,0,0,0,0,3,1,16.0,21.0,0.707
2,2,2,2,1,2,1,6,0,2,4,1,1,0,0,1,2,1,1,1,1,1,1,1,1,0,2,1,1,1,0,0,1,1,29.0,11.0,0.394
1,0,0,2,1,0,1,1,0,1,4,0,3,0,0,2,0,1,0,0,1,1,0,1,1,0,1,3,0,1,0,0,1,0,16.0,13.0,0.884
1,1,1,0,1,1,0,3,2,0,5,0,4,1,1,4,0,1,1,1,0,1,1,0,1,1,0,4,0,1,1,1,2,0,11.5,7.5,0.737
1,3,0,0,0,1,0,3,0,0,3,1,1,1,0,2,0,1,1,0,0,0,1,0,1,0,0,3,1,1,1,0,1,0,16.0,9.0,0.707
2,3,1,2,0,0,0,5,0,0,2,1,6,0,0,0,1,1,1,1,1,0,0,0,1,0,0,2,1,1,0,0,0,1,11.5,4.0,0.59
0,2,1,1,0,2,0,3,0,0,2,2,2,0,0,4,0,0,1,1,1,0,1,0,1,0,0,2,1,1,0,0,1,0,9.5,4.0,0.487
2,3,4,4,0,2,0,8,2,1,4,0,5,2,1,4,0,1,1,1,2,0,1,0,1,1,1,3,0,1,1,1,1,0,40.0,26.0,0.559
2,2,1,3,2,2,0,1,1,1,6,4,3,1,0,4,0,1,1,1,2,1,1,0,1,1,1,2,1,1,1,0,2,0,16.5,12.5,0.615
21,18,11,15,3,10,0,30,7,5,13,6,22,6,3,14,0,1,1,1,3,1,1,0,1,1,2,8,1,1,1,1,1,0,22.375,9.946,0.581
1,0,1,1,0,0,0,1,1,2,3,1,3,0,0,3,1,1,0,1,1,0,0,0,1,1,2,3,1,1,0,0,1,1,18.0,18.0,0.833
2,4,0,3,4,2,0,10,4,0,3,0,1,0,0,4,1,1,1,0,2,1,1,0,1,1,0,3,0,1,0,0,1,1,19.0,5.0,0.459
1,3,0,1,0,2,1,3,0,0,1,0,0,0,0,2,0,1,1,0,1,0,1,1,1,0,0,1,0,0,0,0,1,0,14.0,2.0,0.378
3,3,0,2,0,1,0,4,1,0,4,1,3,1,1,2,0,1,1,0,1,0,1,0,1,1,0,2,1,1,1,1,1,0,8.333,3.333,0.424
3,8,5,1,3,3,1,6,3,0,4,3,8,0,0,4,0,1,1,1,1,1,1,1,1,1,0,2,1,1,0,0,1,0,17.333,1.333,0.196
5,8,8,8,1,3,0,8,1,2,12,2,4,3,0,9,0,1,1,1,3,1,1,0,1,1,2,5,1,1,1,0,1,0,37.0,25.5,0.658
3,2,0,1,1,0,0,3,0,0,2,3,5,0,2,2,0,1,1,0,1,1,0,0,1,0,0,1,1,1,0,1,1,0,22.0,12.0,0.302
4,6,2,3,1,1,0,6,2,0,7,3,9,1,3,7,0,1,1,1,1,1,1,0,1,1,0,3,1,1,1,1,2,0,17.333,13.0,0.49
3,2,0,1,1,0,0,3,0,0,2,3,5,0,2,2,0,1,1,0,1,1,0,0,1,0,0,1,1,1,0,1,1,0,22.0,12.0,0.302
1,3,1,1,1,1,0,5,0,0,3,3,6,1,2,2,0,1,1,1,1,1,1,0,1,0,0,3,1,1,1,1,1,0,14.0,4.0,0.401
0,2,0,0,0,0,0,0,2,0,0,4,2,0,0,1,0,0,1,0,0,0,0,0,0,1,0,0,1,1,0,0,1,0,11.0,0.0,0.213
1,1,1,1,0,1,0,1,0,1,4,0,3,2,0,1,0,1,1,1,1,0,1,0,1,0,1,3,0,1,1,0,1,0,8.5,6.0,0.686
10,17,7,9,5,7,0,25,1,2,9,11,15,1,1,9,1,1,1,1,2,1,1,0,1,1,2,4,1,1,1,1,1,1,21.5,6.0,0.374
16,22,10,15,6,12,0,28,2,4,23,13,36,6,5,21,1,1,1,1,3,1,1,0,1,1,2,6,1,1,1,1,1,1,53.5,26.25,0.435
4,10,7,7,2,6,0,15,1,2,7,3,8,1,0,7,2,1,1,1,2,1,1,0,1,1,2,2,1,1,1,0,3,1,13.667,7.0,0.39
5,6,1,2,1,4,0,8,0,1,5,4,3,1,1,4,0,1,1,1,2,1,1,0,1,0,1,3,1,1,1,1,1,0,22.5,8.5,0.527
1,1,2,2,0,1,0,1,2,0,2,0,3,1,0,1,0,1,1,1,1,0,1,0,1,1,0,2,0,1,1,0,1,0,16.0,6.0,0.53
0,2,1,1,0,1,0,1,0,0,5,0,2,1,0,3,1,0,1,1,1,0,1,0,1,0,0,3,0,1,1,0,2,1,9.0,6.0,0.667
3,3,1,0,1,1,0,2,1,0,1,0,2,0,0,2,0,1,1,1,0,1,1,0,1,1,0,1,0,1,0,0,1,0,17.0,2.0,0.343
0,1,0,1,0,0,0,2,2,0,1,3,2,0,1,1,0,0,1,0,1,0,0,0,1,1,0,1,1,1,0,1,1,0,6.5,2.0,0.392
4,3,2,3,3,3,0,7,2,1,4,15,18,0,0,4,0,1,1,1,3,1,1,0,1,1,1,3,1,1,0,0,1,0,35.0,7.5,0.423
3,4,0,3,0,3,0,4,0,2,3,0,3,0,0,2,0,1,1,0,2,0,1,0,1,0,1,2,0,1,0,0,1,0,9.0,10.333,0.816
1,0,1,1,1,1,0,4,0,0,1,1,2,0,0,1,0,1,0,1,1,1,1,0,1,0,0,1,1,1,0,0,1,0,7.0,2.0,0.567
2,2,1,2,1,2,1,3,0,1,5,0,4,0,0,3,0,1,1,1,2,1,1,1,1,0,1,3,0,1,0,0,2,0,13.5,15.0,0.953
8,7,1,1,5,2,0,12,0,0,1,5,7,0,0,1,0,1,1,1,1,1,1,0,1,0,0,1,1,1,0,0,1,0,10.0,0.8,0.3
2,4,7,2,2,2,0,2,2,3,6,0,5,1,0,6,0,1,1,1,2,1,1,0,1,1,2,4,0,1,1,0,2,0,14.667,19.583,0.959
4,8,8,7,2,2,0,8,2,2,10,0,8,2,0,6,0,1,1,1,3,1,1,0,1,1,2,6,0,1,1,0,1,0,17.5,12.393,0.761
3,9,4,6,2,1,0,8,0,4,9,5,4,2,0,7,0,1,1,1,4,1,1,0,1,0,2,4,1,1,1,0,1,0,21.333,18.333,0.795
0,0,0,2,1,0,0,2,2,0,2,2,1,0,0,2,0,0,0,0,1,1,0,0,1,1,0,1,1,1,0,0,1,0,7.0,4.0,0.567
2,10,2,2,5,4,0,16,0,1,7,3,10,3,0,11,0,1,1,1,2,1,1,0,1,0,1,5,1,1,1,0,1,0,38.5,13.0,0.483
8,10,6,5,4,13,0,19,2,0,11,2,7,0,0,11,3,1,1,1,2,1,1,0,1,1,0,5,1,1,0,0,2,1,25.25,11.75,0.493
1,3,0,2,1,2,0,5,0,0,6,1,3,1,0,2,0,1,1,0,1,1,1,0,1,0,0,4,1,1,1,0,1,0,13.5,12.0,0.68
3,5,4,5,3,2,2,12,0,2,8,2,8,1,0,6,0,1,1,1,2,1,1,1,1,0,2,3,1,1,1,0,1,0,12.6,6.8,0.535
1,0,1,0,0,1,0,5,0,0,3,0,3,2,0,5,0,1,0,1,0,0,1,0,1,0,0,1,0,1,1,0,2,0,21.0,13.0,0.463
1,2,2,0,0,3,0,6,0,0,3,1,3,1,0,2,0,1,1,1,0,0,1,0,1,0,0,2,1,1,1,0,1,0,12.0,7.0,0.433
1,1,1,1,0,3,0,3,0,0,1,0,1,0,0,2,0,1,1,1,1,0,1,0,1,0,0,1,0,1,0,0,1,0,14.0,8.0,0.567
1,0,2,3,0,1,0,1,0,0,3,0,2,0,0,2,0,1,0,1,1,0,1,0,1,0,0,2,0,1,0,0,1,0,5.0,6.0,0.548
5,5,2,3,1,4,0,7,4,2,8,2,8,0,0,6,0,1,1,1,2,1,1,0,1,1,2,3,1,1,0,0,3,0,13.75,8.75,0.572
2,4,5,4,0,6,0,7,0,0,6,0,4,1,0,3,0,1,1,1,2,0,1,0,1,0,0,2,0,1,1,0,2,0,10.5,8.25,0.436
1,2,2,1,0,1,0,4,0,1,2,0,2,1,0,3,0,1,1,1,1,0,1,0,1,0,1,2,0,1,1,0,2,0,10.0,8.5,0.949
1,1,2,1,0,2,1,2,0,2,3,1,3,0,0,3,0,1,1,1,1,0,1,1,1,0,1,2,1,1,0,0,1,0,11.0,3.0,0.452
4,1,4,3,2,1,1,7,0,1,3,0,4,2,0,5,0,1,1,1,2,1,1,1,1,0,1,2,0,1,1,0,2,0,9.75,4.25,0.453
1,0,1,1,0,1,0,1,0,0,1,1,4,0,0,0,0,1,0,1,1,0,1,0,1,0,0,1,1,1,0,0,0,0,11.0,2.0,0.426
18,24,9,16,9,23,0,42,11,6,17,18,48,7,2,18,2,1,1,1,3,1,1,0,1,1,1,4,1,1,1,1,2,1,38.0,13.643,0.303
1,1,0,4,0,1,0,2,0,3,5,0,4,3,0,7,0,1,1,0,1,0,1,0,1,0,2,3,0,1,1,0,1,0,31.0,34.0,0.508
16,31,16,20,6,9,0,25,10,0,37,9,26,9,1,25,0,1,1,1,4,1,1,0,1,1,0,8,1,1,1,1,3,0,29.75,18.0,0.55
8,14,6,5,3,6,0,13,2,1,12,0,11,3,0,9,0,1,1,1,3,1,1,0,1,1,1,6,0,1,1,0,2,0,46.5,22.5,0.733
1,2,5,4,1,2,1,5,0,0,3,3,7,0,0,4,0,1,1,1,3,1,1,1,1,0,0,3,1,1,0,0,1,0,12.333,6.667,0.581
3,5,1,2,1,6,0,7,3,1,3,4,7,0,1,4,6,1,1,1,1,1,1,0,1,1,1,2,1,1,0,1,1,1,17.333,7.0,0.49
4,3,0,4,1,3,3,5,0,1,6,0,0,1,0,4,0,1,1,0,2,1,1,1,1,0,1,4,0,0,1,0,1,0,17.5,21.5,0.837
6,4,3,3,0,3,0,6,0,2,6,0,10,1,0,5,0,1,1,1,2,0,1,0,1,0,1,3,0,1,1,0,1,0,24.5,25.0,0.505
2,3,0,3,0,2,1,5,0,1,3,0,0,1,0,3,0,1,1,0,2,0,1,1,1,0,1,2,0,0,1,0,1,0,24.0,31.0,0.722
1,2,0,1,0,2,1,3,0,0,0,0,2,0,0,0,0,1,1,0,1,0,1,1,1,0,0,0,0,1,0,0,0,0,12.0,2.0,0.408
2,1,1,4,2,5,1,3,0,2,5,3,0,0,0,3,0,1,1,1,2,1,1,1,1,0,2,4,1,0,0,0,1,0,16.0,16.5,0.75
6,8,1,5,3,9,1,10,0,3,8,0,0,1,0,7,0,1,1,1,2,1,1,1,1,0,2,5,0,0,1,0,1,0,31.0,24.0,0.629
0,1,2,2,0,1,0,2,0,0,2,2,2,1,0,2,0,0,1,1,1,0,1,0,1,0,0,2,1,1,1,0,1,0,8.5,7.0,0.686
2,3,1,3,1,3,0,8,0,0,4,1,0,0,0,5,0,1,1,1,1,1,1,0,1,0,0,3,1,0,0,0,1,0,15.5,12.5,0.635
1,2,0,4,0,2,0,3,0,0,7,0,5,3,0,2,0,1,1,0,2,0,1,0,1,0,0,3,0,1,1,0,1,0,7.25,7.5,0.525
1,1,3,1,0,1,0,4,0,0,3,3,3,0,0,3,1,1,1,1,1,0,1,0,1,0,0,2,1,1,0,0,1,1,24.0,4.0,0.433
2,0,0,1,0,2,1,1,0,1,1,0,1,0,0,1,0,1,0,0,1,0,1,1,1,0,1,1,0,1,0,0,1,0,11.0,4.0,0.64
1,2,4,6,0,2,0,3,2,0,4,0,2,0,0,3,1,1,1,1,2,0,1,0,1,1,0,3,0,1,0,0,1,1,10.0,2.667,0.516
2,6,2,6,2,2,0,9,5,0,10,0,4,2,0,9,1,1,1,1,2,1,1,0,1,1,0,6,0,1,1,0,1,1,30.0,17.0,0.639
5,5,2,2,0,4,1,6,0,0,6,0,9,0,0,5,0,1,1,1,1,0,1,1,1,0,0,4,0,1,0,0,1,0,11.25,5.75,0.527
5,6,6,7,4,6,0,12,2,4,9,2,22,1,0,6,2,1,1,1,3,1,1,0,1,1,1,5,1,1,1,0,1,1,18.8,11.6,0.656
1,1,3,4,0,3,0,4,0,0,6,0,6,2,2,1,0,1,1,1,2,0,1,0,1,0,0,4,0,1,1,1,1,0,15.5,8.0,0.762
2,5,1,0,0,3,0,8,0,1,12,0,7,4,0,18,0,1,1,1,0,0,1,0,1,0,1,4,0,1,1,0,2,0,15.25,9.75,0.453
1,3,0,1,1,1,0,4,0,2,3,1,2,2,0,5,0,1,1,0,1,1,1,0,1,0,2,3,1,1,1,0,1,0,26.0,15.0,0.555
3,1,7,7,0,1,1,5,0,3,7,0,11,1,0,9,1,1,1,1,2,0,1,1,1,0,3,5,0,1,1,0,2,1,9.667,6.542,0.836
0,0,1,2,0,0,0,0,0,1,4,0,3,0,0,3,0,0,0,1,1,0,0,0,0,0,1,2,0,1,0,0,1,0,15.0,36.143,0.913
2,6,3,9,3,1,0,10,0,8,12,1,16,2,1,15,1,1,1,1,2,1,1,0,1,0,2,5,1,1,1,1,1,1,18.0,12.4,0.522
1,0,1,0,0,0,1,0,0,0,4,0,3,1,0,3,0,1,0,1,0,0,0,1,0,0,0,4,0,1,1,0,1,0,4.667,4.667,0.756
2,1,0,2,0,1,0,5,5,0,4,0,4,0,1,3,2,1,1,0,1,0,1,0,1,1,0,2,0,1,0,1,1,1,7.0,4.0,0.535
0,0,2,0,0,0,0,1,0,1,5,0,0,1,0,4,0,0,0,1,0,0,0,0,1,0,1,2,0,0,1,0,1,0,14.0,18.0,0.567
2,0,2,1,0,0,0,0,0,2,3,0,1,2,1,2,0,1,0,1,1,0,0,0,0,0,2,1,0,0,1,1,1,0,7.5,9.375,0.73
0,1,0,1,0,1,0,3,0,0,3,0,1,0,0,1,0,0,1,0,1,0,1,0,1,0,0,3,0,1,0,0,1,0,5.5,3.0,0.853
2,2,2,2,0,0,0,3,0,1,9,1,7,0,1,3,0,1,1,1,2,0,0,0,1,0,1,4,1,1,0,1,1,0,15.0,14.5,0.775
1,1,0,0,0,0,0,0,0,0,4,1,3,0,0,2,0,1,1,0,0,0,0,0,0,0,0,2,1,1,0,0,2,0,6.0,9.5,0.816
3,1,2,3,1,0,1,1,0,2,3,0,0,1,0,4,0,1,1,1,2,1,0,1,1,0,1,2,0,0,1,0,1,0,22.0,23.0,0.754
3,0,1,6,0,1,0,1,0,0,4,0,2,2,0,0,0,1,0,1,2,0,1,0,1,0,0,2,0,1,1,0,0,0,10.0,8.5,0.474
1,1,0,1,0,1,0,3,0,0,2,0,1,0,0,1,0,1,1,0,1,0,1,0,1,0,0,2,0,1,0,0,1,0,12.0,10.0,0.816
2,3,2,2,0,2,0,3,0,1,4,0,3,1,0,1,0,1,1,1,2,0,1,0,1,0,1,3,0,1,1,0,1,0,24.0,15.0,0.722
5,5,13,9,5,2,1,7,1,6,26,0,4,5,0,15,0,1,1,1,3,1,1,1,1,1,2,7,0,1,1,0,2,0,26.25,27.0,0.759
5,2,4,5,2,1,1,5,0,2,6,0,6,0,0,2,0,1,1,1,2,1,1,1,1,0,1,3,0,1,0,0,1,0,10.25,8.0,0.552
4,1,1,4,2,1,1,6,0,2,8,0,3,1,0,5,0,1,1,1,1,1,1,1,1,0,2,5,0,1,1,0,2,0,9.75,10.5,0.906
2,1,5,0,0,1,2,3,0,0,5,0,5,1,0,6,0,1,1,1,0,0,1,1,1,0,0,3,0,1,1,0,2,0,15.0,11.0,0.645
3,3,0,0,0,1,1,2,2,0,2,0,0,0,0,1,0,1,1,0,0,0,1,1,1,1,0,2,0,0,0,0,1,0,15.0,8.0,0.548
3,7,4,2,1,4,0,10,0,2,4,0,5,1,0,6,0,1,1,1,1,1,1,0,1,0,2,2,0,1,1,0,2,0,16.333,6.667,0.404
2,1,2,2,0,2,0,5,0,0,3,0,2,1,0,3,0,1,1,1,1,0,1,0,1,0,0,3,0,1,1,0,1,0,11.5,5.0,0.59
3,3,4,5,0,1,0,5,0,0,9,0,3,4,0,3,0,1,1,1,2,0,1,0,1,0,0,6,0,1,1,0,2,0,20.0,35.5,1.006
2,0,0,1,0,2,0,3,0,0,2,2,3,0,0,2,0,1,0,0,1,0,1,0,1,0,0,2,1,1,0,0,1,0,17.0,9.0,0.514
0,0,0,2,1,0,0,0,0,0,3,1,2,0,1,2,0,0,0,0,2,1,0,0,0,0,0,3,1,1,0,1,1,0,12.0,12.0,0.816
1,2,1,4,1,0,0,3,0,0,7,0,2,1,0,2,0,1,1,1,2,1,0,0,1,0,0,5,0,1,1,0,1,0,12.0,8.0,0.866
11,22,8,15,6,8,0,29,12,2,19,17,25,3,3,17,3,1,1,1,4,1,1,0,1,1,2,6,1,1,1,1,1,1,39.4,16.4,0.504
2,3,0,2,0,1,0,1,0,1,1,0,2,0,0,3,0,1,1,0,2,0,1,0,1,0,1,1,0,1,0,0,1,0,8.0,4.5,0.53
0,1,5,1,1,0,0,1,0,1,3,2,3,0,0,2,0,0,1,1,1,1,0,0,1,0,1,3,1,1,0,0,1,0,20.0,11.0,0.632
2,8,2,4,1,1,0,5,4,2,5,3,4,3,0,7,0,1,1,1,2,1,1,0,1,1,1,4,1,1,1,0,2,0,17.0,6.667,0.594
1,0,0,1,1,0,0,2,1,0,1,4,8,0,2,1,0,1,0,0,1,1,0,0,1,1,0,1,1,1,0,1,1,0,22.0,2.0,0.302
3,3,4,2,3,3,0,4,2,1,4,3,9,0,0,2,0,1,1,1,2,1,1,0,1,1,1,2,1,1,0,0,1,0,10.75,5.393,0.539
2,3,3,1,1,1,0,2,0,1,3,3,3,0,0,3,0,1,1,1,1,1,1,0,1,0,1,2,1,1,0,0,1,0,13.0,5.0,0.555
1,3,0,2,0,2,0,5,1,1,2,0,1,0,0,1,0,1,1,0,2,0,1,0,1,1,1,2,0,1,0,0,1,0,19.0,12.0,0.649
1,1,1,1,0,0,1,0,0,1,3,0,0,1,0,3,0,1,1,1,1,0,0,1,0,0,1,2,0,0,1,0,1,0,13.0,12.0,0.784
0,1,1,0,1,1,1,1,0,0,6,0,0,1,0,7,0,0,1,1,0,1,1,1,1,0,0,3,0,0,1,0,2,0,20.0,23.0,0.632
5,5,2,9,2,7,1,9,1,2,12,0,7,2,0,10,0,1,1,1,2,1,1,1,1,1,1,6,0,1,1,0,1,0,14.8,10.8,0.575
5,4,3,6,2,2,0,14,2,2,11,3,11,0,2,7,0,1,1,1,2,1,1,0,1,1,1,5,1,1,0,1,2,0,18.0,13.5,0.583
0,1,0,2,0,1,0,2,0,1,3,0,2,1,0,3,0,0,1,0,2,0,1,0,1,0,1,3,0,1,1,0,1,0,8.0,12.875,1.061
8,6,1,3,1,8,1,13,2,3,12,1,1,3,0,12,1,1,1,1,1,1,1,1,1,1,2,6,1,1,1,0,1,1,76.0,47.0,0.649
0,2,0,0,0,2,0,2,0,0,3,0,1,0,0,3,0,0,1,0,0,0,1,0,1,0,0,2,0,1,0,0,1,0,13.0,7.0,0.392
1,2,1,0,0,0,1,2,0,0,1,3,2,0,0,1,1,1,1,1,0,0,0,1,1,0,0,1,1,1,0,0,1,1,7.5,1.0,0.365
13,23,11,32,15,23,0,41,9,5,28,35,41,7,6,21,1,1,1,1,3,1,1,0,1,1,2,9,1,1,1,1,1,1,43.571,18.5,0.486
1,1,0,1,0,3,0,4,0,1,3,4,2,1,0,2,0,1,1,0,1,0,1,0,1,0,1,2,1,1,1,0,1,0,11.5,3.0,0.442
5,4,6,3,4,5,1,11,0,0,6,1,8,0,0,4,0,1,1,1,1,1,1,1,1,0,0,4,1,1,0,0,3,0,19.333,8.333,0.557
2,4,0,3,0,4,0,10,0,1,3,1,2,4,0,5,0,1,1,0,2,0,1,0,1,0,1,2,1,1,1,0,1,0,19.5,9.5,0.566
5,7,9,6,1,3,0,9,1,2,11,1,4,5,0,9,0,1,1,1,3,1,1,0,1,1,2,5,1,1,1,0,2,0,24.333,20.417,0.745
3,2,2,2,3,4,3,3,0,0,2,16,16,0,0,4,2,1,1,1,2,1,1,1,1,0,0,2,1,1,0,0,1,1,12.6,2.0,0.356
5,4,1,3,1,0,0,3,0,0,4,2,4,0,0,2,1,1,1,1,1,1,0,0,1,0,0,2,1,1,0,0,1,1,15.0,7.0,0.516
3,1,5,4,1,3,0,3,0,0,5,0,3,3,0,5,0,1,1,1,2,1,1,0,1,0,0,4,0,1,1,0,1,0,18.0,13.0,0.707
2,2,2,1,1,0,0,2,0,0,2,1,0,0,0,0,0,1,1,1,1,1,0,0,1,0,0,2,1,0,0,0,0,0,13.0,6.0,0.784
2,2,2,3,1,1,0,1,0,0,3,1,2,0,0,1,0,1,1,1,2,1,1,0,1,0,0,2,1,1,0,0,1,0,19.0,8.0,0.649
12,17,10,16,9,10,0,18,10,6,20,9,10,7,1,21,1,1,1,1,3,1,1,0,1,1,2,7,1,1,1,1,2,1,25.143,15.0,0.533
2,1,2,2,0,1,0,4,0,2,5,0,2,1,0,4,0,1,1,1,2,0,1,0,1,0,1,2,0,1,1,0,1,0,13.0,11.5,0.693
2,4,1,3,1,1,0,4,0,0,2,0,2,0,0,2,0,1,1,1,2,1,1,0,1,0,0,2,0,1,0,0,1,0,22.0,8.0,0.603
1,1,4,2,0,2,0,2,0,1,2,1,2,0,0,0,0,1,1,1,1,0,1,0,1,0,1,1,1,1,0,0,0,0,9.0,7.5,0.667
2,3,0,0,2,4,0,7,0,4,2,0,7,1,0,4,0,1,1,0,0,1,1,0,1,0,2,1,0,1,1,0,1,0,35.0,18.0,0.359
4,1,0,1,0,2,0,2,0,0,0,1,0,1,0,1,0,1,1,0,1,0,1,0,1,0,0,0,1,0,1,0,1,0,13.0,2.0,0.392
9,12,4,10,6,5,0,26,0,3,8,0,14,4,0,14,5,1,1,1,3,1,1,0,1,0,2,4,0,1,1,0,1,1,118.0,42.0,0.456
7,9,5,9,6,8,0,18,0,7,11,4,17,0,1,12,2,1,1,1,3,1,1,0,1,0,2,5,1,1,0,1,1,1,28.75,15.0,0.528
1,1,0,0,0,1,0,3,0,0,3,0,2,0,0,3,0,1,1,0,0,0,1,0,1,0,0,2,0,1,0,0,1,0,14.0,8.0,0.378
13,17,10,9,5,10,0,21,1,5,15,3,15,2,1,15,4,1,1,1,3,1,1,0,1,1,2,5,1,1,1,1,1,1,24.167,13.5,0.47
2,1,1,1,0,0,0,3,0,0,4,0,0,0,0,1,0,1,1,1,1,0,0,0,1,0,0,3,0,0,0,0,1,0,13.0,15.0,0.981
0,1,0,1,1,0,0,6,0,0,1,0,1,0,0,1,0,0,1,0,1,1,0,0,1,0,0,1,0,1,0,0,1,0,12.0,5.0,0.612
0,0,1,2,1,0,1,1,0,0,3,0,0,0,0,2,0,0,0,1,1,1,0,1,1,0,0,2,0,0,0,0,1,0,11.0,8.0,0.64
1,2,0,1,1,0,2,3,0,0,2,1,0,0,0,1,0,1,1,0,1,1,0,1,1,0,0,2,1,0,0,0,1,0,4.667,3.0,0.567
1,0,1,0,0,1,0,1,0,0,2,1,2,1,0,1,0,1,0,1,0,0,1,0,1,0,0,2,1,1,1,0,1,0,11.0,5.0,0.64
1,3,7,2,2,0,0,6,0,1,5,2,10,3,1,3,0,1,1,1,2,1,0,0,1,0,1,3,1,1,1,1,1,0,22.5,11.0,0.527
2,2,4,1,0,3,0,6,1,0,1,5,8,0,1,2,2,1,1,1,1,0,1,0,1,1,0,1,1,1,0,1,1,1,12.667,1.333,0.344
2,0,1,1,1,1,0,2,0,1,1,0,3,0,0,1,0,1,0,1,1,1,1,0,1,0,1,1,0,1,0,0,1,0,14.0,20.0,0.945
2,1,0,0,3,1,0,5,0,1,4,2,3,0,0,5,1,1,1,0,0,1,1,0,1,0,1,3,1,1,0,0,1,1,13.5,3.0,0.408
0,1,1,2,0,2,0,1,0,1,2,2,2,0,0,1,0,0,1,1,2,0,1,0,1,0,1,2,1,1,0,0,1,0,7.5,6.5,0.73
4,7,7,4,1,7,0,13,2,0,12,5,5,1,0,13,2,1,1,1,3,1,1,0,1,1,0,6,1,1,1,0,3,1,20.75,9.0,0.621
1,0,2,1,1,0,0,4,0,0,1,0,3,0,0,3,0,1,0,1,1,1,0,0,1,0,0,1,0,1,0,0,2,0,16.0,9.0,0.53
6,5,3,4,3,3,0,10,1,2,8,0,4,0,0,6,0,1,1,1,3,1,1,0,1,1,1,3,0,1,0,0,2,0,27.5,37.0,0.667
6,5,3,7,4,5,0,21,8,2,11,5,14,5,1,10,4,1,1,1,1,1,1,0,1,1,1,3,1,1,1,1,1,1,27.5,10.0,0.337
2,1,1,0,1,2,1,3,0,0,0,2,3,0,0,1,0,1,1,1,0,1,1,1,1,0,0,0,1,1,0,0,1,0,8.0,0.0,0.177
2,1,0,0,0,3,1,2,1,0,2,5,1,0,0,1,0,1,1,0,0,0,1,1,1,1,0,2,1,1,0,0,1,0,4.75,0.5,0.324
1,0,1,1,1,2,0,3,0,0,2,7,8,0,0,1,0,1,0,1,1,1,1,0,1,0,0,1,1,1,0,0,1,0,27.0,6.0,0.408
2,0,3,2,1,0,1,1,0,0,1,1,4,1,0,1,0,1,0,1,1,1,0,1,1,0,0,1,1,1,1,0,1,0,9.0,1.0,0.333
0,1,0,1,0,1,0,3,0,0,4,0,1,0,0,2,0,0,1,0,1,0,1,0,1,0,0,3,0,1,0,0,1,0,6.5,3.0,0.784
2,2,1,1,2,3,0,4,0,0,2,0,2,1,0,3,0,1,1,1,1,1,1,0,1,0,0,2,0,1,1,0,1,0,23.0,9.0,0.442
1,0,1,2,1,0,0,1,0,2,4,0,3,1,0,4,0,1,0,1,2,1,0,0,1,0,2,3,0,1,1,0,1,0,20.0,23.0,0.949
2,1,0,3,2,1,0,5,0,1,2,2,2,0,0,0,0,1,1,0,1,1,1,0,1,0,1,1,1,1,0,0,0,0,21.0,13.0,0.463
0,1,0,1,1,3,0,3,0,0,3,3,4,1,0,2,1,0,1,0,1,1,1,0,1,0,0,3,1,1,1,0,1,1,11.0,7.25,0.603
0,3,0,0,2,3,0,9,0,0,0,2,6,0,0,0,0,0,1,0,0,1,1,0,1,0,0,0,1,1,0,0,0,0,25.0,0.0,0.141
0,1,0,1,0,1,0,2,0,1,2,0,1,1,0,2,0,0,1,0,1,0,1,0,1,0,1,2,0,1,1,0,1,0,12.0,8.0,0.612
2,1,1,0,0,0,0,3,0,1,1,0,1,0,0,1,0,1,1,1,0,0,0,0,1,0,1,1,0,1,0,0,1,0,11.0,0.0,0.213
2,7,5,5,4,3,2,11,1,4,12,0,2,3,0,10,0,1,1,1,2,1,1,1,1,1,2,4,0,1,1,0,2,0,35.5,20.0,0.587
2,1,0,1,1,3,0,5,0,0,1,18,16,1,0,1,0,1,1,0,1,1,1,0,1,0,0,1,1,1,1,0,1,0,24.5,1.0,0.202
5,3,1,3,4,0,0,5,0,1,6,4,13,1,0,5,2,1,1,1,1,1,0,0,1,0,1,4,1,1,1,0,1,1,10.4,4.8,0.588
5,0,4,2,2,1,0,12,0,0,3,3,13,0,1,2,0,1,0,1,1,1,1,0,1,0,0,2,1,1,0,1,1,0,23.5,5.0,0.413
4,5,1,1,2,6,0,8,0,0,3,3,9,1,0,3,0,1,1,1,1,1,1,0,1,0,0,2,1,1,1,0,1,0,23.0,4.5,0.417
1,0,0,2,1,0,0,2,0,0,1,2,2,0,0,1,0,1,0,0,2,1,0,0,1,0,0,1,1,1,0,0,1,0,12.0,2.0,0.408
0,1,1,0,1,0,0,2,0,1,2,1,2,0,0,0,0,0,1,1,0,1,0,0,1,0,1,2,1,1,0,0,0,0,11.0,9.0,0.64
1,1,0,0,1,1,0,5,0,0,1,0,2,0,0,0,0,1,1,0,0,1,1,0,1,0,0,1,0,1,0,0,0,0,12.0,0.0,0.204
2,5,2,3,2,3,0,6,0,2,7,0,4,1,0,5,0,1,1,1,2,1,1,0,1,0,2,4,0,1,1,0,1,0,21.0,14.875,0.764
3,1,1,4,0,2,0,7,0,3,5,0,4,2,0,3,0,1,1,1,3,0,1,0,1,0,1,2,0,1,1,0,2,0,17.5,18.0,0.598
2,2,0,0,0,1,1,4,0,0,0,0,2,0,0,1,0,1,1,0,0,0,1,1,1,0,0,0,0,1,0,0,1,0,13.0,0.0,0.196
2,1,0,0,2,0,0,5,0,0,1,2,4,0,1,2,0,1,1,0,0,1,0,0,1,0,0,1,1,1,0,1,1,0,19.0,2.0,0.324
2,2,1,2,1,2,0,4,0,0,3,1,0,0,0,2,0,1,1,1,2,1,1,0,1,0,0,2,1,0,0,0,1,0,20.0,6.0,0.474
0,1,1,2,3,1,0,3,0,1,5,0,2,1,0,3,0,0,1,1,2,1,1,0,1,0,1,4,0,1,1,0,1,0,23.0,27.0,1.032
13,19,14,22,7,10,2,23,10,14,33,1,32,7,0,27,11,1,1,1,4,1,1,1,1,1,2,6,1,1,1,0,2,1,13.778,8.671,0.494
1,5,1,4,1,2,0,7,0,1,7,0,3,0,0,4,0,1,1,1,3,1,1,0,1,0,1,5,0,1,0,0,1,0,36.0,39.0,0.943
4,5,2,7,3,2,0,7,0,3,16,0,8,3,0,9,1,1,1,1,2,1,1,0,1,0,1,5,0,1,1,0,2,1,34.5,36.5,0.681
12,13,15,11,7,13,0,16,0,6,19,5,16,4,0,17,2,1,1,1,3,1,1,0,1,0,2,8,1,1,1,0,1,1,38.75,29.125,0.625
1,0,0,2,1,1,0,2,0,1,4,0,2,0,0,3,0,1,0,0,1,1,1,0,1,0,1,3,0,1,0,0,1,0,17.0,19.0,0.857
4,4,3,6,4,2,0,6,0,7,15,1,11,2,0,14,0,1,1,1,2,1,1,0,1,0,2,6,1,1,1,0,2,0,19.75,26.5,0.716
5,1,4,6,2,1,0,5,0,4,8,0,10,0,0,7,0,1,1,1,3,1,1,0,1,0,2,4,0,1,0,0,1,0,53.0,44.0,0.68
9,10,5,10,6,9,2,19,1,4,18,14,21,3,1,14,2,1,1,1,3,1,1,1,1,1,2,7,1,1,1,1,1,1,13.364,6.273,0.583
2,5,0,0,2,0,0,6,0,1,2,0,0,1,0,4,0,1,1,0,0,1,0,0,1,0,1,2,0,0,1,0,1,0,23.0,7.0,0.442
1,3,4,0,2,2,0,5,0,1,3,1,4,0,0,4,0,1,1,1,0,1,1,0,1,0,1,2,1,1,0,0,1,0,15.0,2.0,0.258
0,1,1,0,1,2,0,2,1,0,0,4,2,0,0,2,0,0,1,1,0,1,1,0,1,1,0,0,1,1,0,0,1,0,16.0,0.0,0.177
0,2,2,0,0,1,0,4,0,0,3,2,2,0,0,2,0,0,1,1,0,0,1,0,1,0,0,3,1,1,0,0,1,0,9.0,3.0,0.5
1,0,2,1,0,1,0,3,0,0,3,0,1,1,0,2,0,1,0,1,1,0,1,0,1,0,0,3,0,1,1,0,1,0,15.0,10.0,0.73
1,2,0,0,0,1,0,3,0,0,1,1,0,0,0,3,0,1,1,0,0,0,1,0,1,0,0,1,1,1,0,0,1,0,13.0,6.0,0.392
3,1,1,2,1,2,0,6,1,1,5,0,3,0,0,4,0,1,1,1,2,1,1,0,1,1,1,3,0,1,0,0,2,0,30.0,15.0,0.645
1,0,0,0,0,2,0,3,0,0,0,2,3,0,0,0,0,1,0,0,0,0,1,0,1,0,0,0,1,1,0,0,0,0,11.0,0.0,0.213
1,1,3,1,0,1,0,1,0,1,0,1,1,0,0,0,0,1,1,1,1,0,1,0,1,0,1,0,1,1,0,0,0,0,11.0,9.0,0.64
3,5,1,4,0,4,0,6,2,0,4,1,4,1,0,4,0,1,1,1,2,0,1,0,1,1,0,2,1,1,1,0,2,0,19.5,5.0,0.34
3,1,2,1,0,0,0,0,0,0,2,0,2,1,0,1,0,1,1,1,1,0,0,0,0,0,0,2,0,1,1,0,1,0,6.5,2.0,0.588
2,1,0,0,0,2,0,3,0,0,2,0,2,0,0,2,0,1,1,0,0,0,1,0,1,0,0,2,0,1,0,0,1,0,14.0,11.0,0.567
3,0,1,0,1,0,0,7,0,1,0,3,9,0,0,1,0,1,0,1,0,1,0,0,1,0,1,0,1,1,0,0,1,0,27.0,7.0,0.272
1,3,1,0,1,1,0,3,0,0,1,0,0,0,0,0,0,1,1,1,0,1,1,0,1,0,0,1,0,0,0,0,0,0,11.0,4.0,0.426
4,4,2,1,0,2,1,8,0,1,2,0,3,1,0,2,0,1,1,1,1,0,1,1,1,0,1,2,0,1,1,0,1,0,15.5,7.375,0.508
4,4,7,3,0,2,0,10,0,1,3,0,4,0,0,2,0,1,1,1,2,0,1,0,1,0,1,2,0,1,0,0,1,0,20.0,5.0,0.447
2,5,3,2,2,4,0,3,1,0,5,4,3,0,0,5,0,1,1,1,2,1,1,0,1,1,0,4,1,1,0,0,1,0,19.5,7.5,0.566
3,2,6,1,0,0,1,4,0,2,6,0,3,1,0,3,0,1,1,1,1,0,0,1,1,0,2,3,0,1,1,0,1,0,10.667,6.0,0.625
0,2,2,1,0,1,0,3,1,2,4,0,1,1,0,5,0,0,1,1,1,0,1,0,1,1,2,3,0,1,1,0,1,0,23.0,13.0,0.59
0,3,2,0,1,1,0,4,0,0,1,1,1,0,0,2,0,0,1,1,0,1,1,0,1,0,0,1,1,1,0,0,1,0,16.0,4.0,0.354
1,1,0,0,1,1,0,5,0,0,1,3,6,0,0,2,0,1,1,0,0,1,1,0,1,0,0,1,1,1,0,0,1,0,20.0,2.0,0.316
1,2,0,0,0,1,0,3,0,0,2,1,1,0,0,1,0,1,1,0,0,0,1,0,1,0,0,2,1,1,0,0,1,0,12.0,9.0,0.612
4,4,4,7,2,2,0,12,0,4,7,0,3,2,0,9,0,1,1,1,4,1,1,0,1,0,2,6,0,1,1,0,2,0,20.0,16.333,0.913
0,0,1,3,0,0,0,1,1,2,3,0,2,1,0,1,0,0,0,1,3,0,0,0,1,1,1,1,0,1,1,0,1,0,7.5,16.375,1.095
4,1,4,3,1,1,0,5,0,1,3,0,4,0,0,2,0,1,1,1,3,1,1,0,1,0,1,1,0,1,0,0,1,0,14.5,10.375,0.657
0,1,0,2,1,0,0,0,2,1,2,0,0,0,0,2,0,0,1,0,2,1,0,0,0,1,1,2,0,0,0,0,1,0,11.0,16.75,1.066
4,4,8,2,2,2,0,11,0,1,7,0,6,1,0,8,0,1,1,1,1,1,1,0,1,0,1,3,0,1,1,0,1,0,9.333,2.833,0.378
1,2,6,3,0,4,1,5,0,1,6,1,6,1,0,4,0,1,1,1,2,0,1,1,1,0,1,3,1,1,1,0,1,0,41.0,19.0,0.552
3,0,3,1,2,2,0,3,0,0,1,6,6,1,0,2,0,1,0,1,1,1,1,0,1,0,0,1,1,1,1,0,1,0,30.0,5.0,0.387
3,2,0,1,1,0,0,3,0,0,1,0,1,0,0,1,0,1,1,0,1,1,0,0,1,0,0,1,0,1,0,0,1,0,13.0,0.0,0.196
3,4,4,3,2,4,0,5,0,0,7,1,3,1,0,5,0,1,1,1,2,1,1,0,1,0,0,4,1,1,1,0,1,0,21.0,7.5,0.546
9,9,5,3,5,2,1,7,1,0,12,8,12,3,0,7,0,1,1,1,2,1,1,1,1,1,0,7,1,1,1,0,1,0,28.0,8.667,0.617
0,0,0,0,0,1,0,2,2,0,0,11,8,0,0,1,0,0,0,0,0,0,1,0,1,1,0,0,1,1,0,0,1,0,12.5,0.0,0.141
1,1,1,3,1,1,0,4,2,0,2,0,1,0,0,2,0,1,1,1,3,1,1,0,1,1,0,1,0,1,0,0,1,0,6.333,4.19,0.649
3,3,3,6,2,1,0,3,4,1,6,1,5,3,0,3,0,1,1,1,2,1,1,0,1,1,1,3,1,1,1,0,1,0,22.0,17.5,0.746
2,0,1,1,1,1,0,1,0,1,3,1,3,0,0,2,0,1,0,1,1,1,1,0,1,0,1,2,1,1,0,0,1,0,5.667,4.667,0.686
3,0,1,0,4,1,0,8,0,0,1,0,5,0,0,3,0,1,0,1,0,1,1,0,1,0,0,1,0,1,0,0,1,0,26.0,0.0,0.139
4,0,2,0,1,0,1,2,0,0,0,0,4,0,0,1,0,1,0,1,0,1,0,1,1,0,0,0,0,1,0,0,1,0,15.0,0.0,0.183
1,2,2,1,0,1,0,2,0,0,1,0,2,0,0,0,0,1,1,1,1,0,1,0,1,0,0,1,0,1,0,0,0,0,12.0,2.0,0.408
0,1,0,1,0,1,0,3,1,0,8,0,8,0,0,4,2,0,1,0,1,0,1,0,1,1,0,5,0,1,0,0,1,1,9.333,5.0,0.668
18,6,9,5,6,7,0,18,1,1,12,20,26,1,1,8,2,1,1,1,2,1,1,0,1,1,1,2,1,1,1,1,1,1,13.8,3.0,0.241
6,3,4,1,3,3,0,3,0,0,1,6,4,0,0,2,0,1,1,1,1,1,1,0,1,0,0,1,1,1,0,0,2,0,34.0,2.0,0.243
4,1,3,0,1,1,0,1,0,1,2,0,1,0,0,1,0,1,1,1,0,1,1,0,1,0,1,2,0,1,0,0,1,0,16.0,9.0,0.53
8,3,2,5,2,4,0,8,0,5,7,1,6,2,1,8,1,1,1,1,3,1,1,0,1,0,2,5,1,1,1,1,2,1,20.333,17.333,0.724
3,4,2,2,0,3,1,12,1,0,3,0,21,0,0,4,3,1,1,1,2,0,1,1,1,1,0,3,0,1,0,0,2,1,14.75,5.0,0.552
4,4,6,2,3,1,0,7,0,2,6,5,5,0,0,5,0,1,1,1,2,1,1,0,1,0,1,4,1,1,0,0,1,0,25.0,19.875,0.7
3,4,2,1,1,1,0,4,0,1,0,2,2,0,0,4,0,1,1,1,1,1,1,0,1,0,1,0,1,1,0,0,2,0,25.0,5.0,0.424
3,1,0,0,0,1,1,2,0,0,2,0,2,0,0,2,0,1,1,0,0,0,1,1,1,0,0,2,0,1,0,0,1,0,7.0,2.0,0.378
2,4,2,3,1,4,0,5,0,1,6,2,5,2,0,6,2,1,1,1,2,1,1,0,1,0,1,5,1,1,1,0,1,1,15.0,10.333,0.738
9,5,6,2,2,5,0,8,1,1,6,5,10,0,0,3,4,1,1,1,1,1,1,0,1,1,1,5,1,1,0,0,1,1,22.333,6.333,0.605
4,3,5,1,1,1,0,3,0,1,1,0,6,0,0,3,1,1,1,1,1,1,1,0,1,0,1,1,0,1,0,0,2,1,15.0,3.5,0.387
3,6,1,2,1,3,0,6,3,1,6,1,5,0,0,5,0,1,1,1,2,1,1,0,1,1,1,4,1,1,0,0,2,0,21.0,11.5,0.764
1,6,3,6,1,2,0,3,3,1,11,4,5,4,0,8,1,1,1,1,3,1,1,0,1,1,1,4,1,1,1,0,1,1,58.0,33.0,0.65
6,6,2,6,2,2,0,8,4,0,10,3,8,0,2,7,0,1,1,1,2,1,1,0,1,1,0,5,1,1,0,1,2,0,64.0,24.0,0.619
0,1,2,2,1,4,0,5,0,0,3,0,1,0,0,3,0,0,1,1,2,1,1,0,1,0,0,2,0,1,0,0,1,0,22.0,26.0,0.754
0,2,2,2,0,0,0,2,1,2,4,0,2,0,0,3,0,0,1,1,2,0,0,0,1,1,2,2,0,1,0,0,1,0,10.0,6.5,0.632
9,10,8,6,2,6,0,15,0,1,14,1,13,1,0,8,2,1,1,1,3,1,1,0,1,0,1,6,1,1,1,0,3,1,12.0,9.071,0.65
2,2,1,1,1,2,0,3,0,0,0,0,3,0,0,1,0,1,1,1,1,1,1,0,1,0,0,0,0,1,0,0,1,0,16.0,0.0,0.177
4,1,3,1,4,1,0,3,0,0,4,0,3,1,0,5,0,1,1,1,1,1,1,0,1,0,0,4,0,1,1,0,1,0,15.0,5.5,0.645
3,6,2,5,0,3,0,6,0,1,4,5,5,3,0,5,0,1,1,1,3,0,1,0,1,0,1,3,1,1,1,0,1,0,16.0,6.667,0.612
2,3,2,3,0,5,1,17,3,0,3,0,24,0,0,3,3,1,1,1,2,0,1,1,1,1,0,2,0,1,0,0,2,1,16.5,5.75,0.435
2,6,4,5,0,2,0,4,3,1,6,1,2,2,0,5,0,1,1,1,2,0,1,0,1,1,1,4,1,1,1,0,1,0,21.5,11.0,0.647
2,1,2,1,1,1,0,5,1,0,2,5,8,0,0,2,0,1,1,1,1,1,1,0,1,1,0,2,1,1,0,0,1,0,30.0,6.0,0.516
4,3,1,2,4,4,0,6,1,2,7,2,4,1,0,6,1,1,1,1,1,1,1,0,1,1,1,5,1,1,1,0,2,1,24.0,16.5,0.714
3,7,3,6,2,4,0,10,1,2,15,2,7,4,0,13,0,1,1,1,3,1,1,0,1,1,2,4,1,1,1,0,1,0,26.333,17.0,0.557
4,7,3,6,3,3,0,7,5,2,6,4,9,1,2,11,0,1,1,1,3,1,1,0,1,1,2,2,1,1,1,1,2,0,23.667,13.333,0.504
14,12,4,8,3,4,0,15,6,4,23,4,20,6,1,15,0,1,1,1,2,1,1,0,1,1,2,6,1,1,1,1,2,0,22.833,17.333,0.544
6,6,1,5,2,6,0,12,2,1,5,8,14,1,1,8,0,1,1,1,2,1,1,0,1,1,1,4,1,1,1,1,1,0,38.5,8.0,0.403
1,2,2,1,1,2,0,2,1,1,3,0,4,0,0,3,1,1,1,1,1,1,1,0,1,1,1,1,0,1,0,0,2,1,12.0,11.0,0.722
24,17,12,16,9,14,1,35,2,9,22,9,28,2,1,26,7,1,1,1,2,1,1,1,1,1,2,8,1,1,1,1,2,1,29.0,18.5,0.511
5,9,6,9,6,3,1,11,6,4,27,4,16,3,1,14,0,1,1,1,2,1,1,1,1,1,2,8,1,1,1,1,2,0,15.25,15.75,0.768
1,1,0,1,0,0,1,1,1,0,4,0,2,0,0,3,0,1,1,0,1,0,0,1,1,1,0,4,0,1,0,0,2,0,5.0,5.0,0.913
6,1,1,4,1,2,0,4,0,1,5,2,4,2,0,3,0,1,1,1,1,1,1,0,1,0,1,4,1,1,1,0,1,0,18.0,8.5,0.589
3,1,3,3,2,0,0,3,0,2,10,0,4,1,0,6,0,1,1,1,3,1,0,0,1,0,2,4,0,1,1,0,3,0,19.0,24.911,1.147
12,13,8,11,9,9,0,20,1,8,22,5,16,9,0,25,3,1,1,1,4,1,1,0,1,1,2,7,1,1,1,0,2,1,42.75,32.938,0.595
6,3,3,2,2,3,0,9,0,1,5,0,6,0,0,3,0,1,1,1,1,1,1,0,1,0,1,3,0,1,0,0,1,0,21.5,7.5,0.539
3,3,3,3,1,4,1,6,2,1,3,3,6,0,1,3,0,1,1,1,1,1,1,1,1,1,1,2,1,1,0,1,1,0,14.0,4.0,0.436
2,1,1,0,0,0,0,3,2,0,1,0,4,0,0,0,0,1,1,1,0,0,0,0,1,1,0,1,0,1,0,0,0,0,7.0,1.0,0.378
0,2,1,0,0,1,0,2,0,0,1,0,3,0,0,1,0,0,1,1,0,0,1,0,1,0,0,1,0,1,0,0,1,0,11.0,2.0,0.426
1,2,3,3,3,6,0,6,0,1,4,0,3,1,0,5,0,1,1,1,1,1,1,0,1,0,1,3,0,1,1,0,1,0,19.0,9.0,0.574
1,1,1,0,0,0,0,2,1,0,3,0,3,0,0,2,0,1,1,1,0,0,0,0,1,1,0,2,0,1,0,0,1,0,7.0,3.5,0.567
1,4,1,3,2,0,0,1,1,0,9,0,2,2,0,5,0,1,1,1,2,1,0,0,1,1,0,3,0,1,1,0,1,0,15.5,9.0,0.508
18,16,8,11,3,15,0,31,6,3,15,10,11,6,1,16,2,1,1,1,6,1,1,0,1,1,2,8,1,1,1,1,2,1,28.5,13.345,0.811
2,2,2,3,3,3,1,6,0,0,5,0,5,0,0,2,0,1,1,1,2,1,1,1,1,0,0,3,0,1,0,0,1,0,11.333,7.167,0.485
4,16,12,8,3,9,0,9,8,1,15,16,10,5,0,13,1,1,1,1,3,1,1,0,1,1,1,5,1,1,1,0,1,1,26.0,11.15,0.496
3,15,7,3,5,9,0,11,3,4,16,3,8,1,0,18,1,1,1,1,2,1,1,0,1,1,2,6,1,1,1,0,2,1,17.833,11.167,0.547
11,12,6,6,9,5,0,25,6,3,14,4,20,1,0,13,2,1,1,1,2,1,1,0,1,1,2,5,1,1,1,0,2,1,45.333,14.0,0.485
1,2,0,0,1,2,0,2,2,0,1,6,10,0,0,0,0,1,1,0,0,1,1,0,1,1,0,1,1,1,0,0,0,0,25.0,0.0,0.141
2,3,0,2,0,2,0,6,0,0,2,0,3,0,0,1,0,1,1,0,1,0,1,0,1,0,0,2,0,1,0,0,1,0,21.0,8.0,0.463
5,18,11,6,6,9,0,28,1,6,22,1,22,10,0,23,3,1,1,1,4,1,1,0,1,1,2,6,1,1,1,0,2,1,21.25,12.344,0.597
7,8,6,7,4,6,0,16,6,2,11,3,5,6,0,14,0,1,1,1,2,1,1,0,1,1,2,5,1,1,1,0,3,0,25.25,12.75,0.633
4,8,3,3,2,5,1,11,1,3,6,0,5,2,0,7,0,1,1,1,1,1,1,1,1,1,1,3,0,1,1,0,1,0,20.333,3.333,0.272
14,10,16,14,5,9,0,23,5,1,19,11,23,5,0,21,2,1,1,1,2,1,1,0,1,1,1,8,1,1,1,0,3,1,25.286,11.571,0.585
1,0,5,3,1,2,1,2,0,1,1,0,4,0,0,4,0,1,0,1,3,1,1,1,1,0,1,1,0,1,0,0,1,0,12.5,6.0,0.566
1,0,4,2,1,1,0,0,2,0,5,2,1,0,0,2,2,1,0,1,1,1,1,0,0,1,0,2,1,1,0,0,1,1,23.0,10.0,0.442
7,14,3,7,6,6,0,15,4,2,10,7,6,2,1,9,0,1,1,1,3,1,1,0,1,1,2,6,1,1,1,1,2,0,24.5,11.688,0.714
10,22,17,7,6,7,1,25,5,4,21,2,27,4,1,23,2,1,1,1,3,1,1,1,1,1,2,8,1,1,1,1,1,1,30.667,16.5,0.573
1,1,1,2,1,0,0,0,0,1,2,0,1,1,0,1,0,1,1,1,1,1,0,0,0,0,1,2,0,1,1,0,1,0,12.0,9.0,0.612
16,25,10,10,6,16,0,50,1,7,29,0,17,8,0,29,2,1,1,1,3,1,1,0,1,1,2,8,0,1,1,0,3,1,25.111,15.444,0.564
6,9,2,3,1,4,0,7,1,0,7,1,7,0,0,5,0,1,1,1,2,1,1,0,1,1,0,4,1,1,0,0,1,0,26.5,10.0,0.583
2,0,2,2,0,0,0,1,0,1,1,0,0,1,0,1,0,1,0,1,2,0,0,0,1,0,1,1,0,0,1,0,1,0,11.0,17.75,1.066
1,0,1,3,0,2,0,5,0,2,2,2,5,0,0,4,2,1,0,1,2,0,1,0,1,0,2,2,1,1,0,0,1,1,9.667,6.524,0.657
2,3,1,1,2,1,0,4,0,0,1,1,2,0,0,2,0,1,1,1,1,1,1,0,1,0,0,1,1,1,0,0,1,0,20.0,4.0,0.474
1,0,2,1,1,0,0,2,0,1,3,1,1,1,0,4,0,1,0,1,1,1,0,0,1,0,1,3,1,1,1,0,1,0,9.0,10.5,1.0
5,4,3,2,1,4,1,6,0,1,6,0,4,2,1,6,0,1,1,1,1,1,1,1,1,0,1,4,0,1,1,1,2,0,22.5,13.0,0.632
3,3,1,2,0,8,0,40,5,1,6,21,54,0,28,10,5,1,1,1,2,0,1,0,1,1,1,3,1,1,0,1,1,1,18.222,0.667,0.221
3,0,1,1,0,1,1,4,0,0,1,1,3,0,1,1,0,1,0,1,1,0,1,1,1,0,0,1,1,1,0,1,1,0,8.5,2.0,0.514
1,0,0,1,0,1,0,2,1,1,4,1,9,0,1,2,2,1,0,0,1,0,1,0,1,1,1,3,1,1,0,1,2,1,25.0,21.0,0.849
5,4,3,7,3,2,0,9,0,2,6,0,7,0,0,7,0,1,1,1,3,1,1,0,1,0,2,4,0,1,0,0,1,0,18.333,11.333,0.667
1,3,1,7,0,2,0,10,0,2,5,2,4,1,0,3,0,1,1,1,4,0,1,0,1,0,2,3,1,1,1,0,1,0,13.333,12.833,0.783
0,0,0,1,0,1,0,2,0,0,1,2,1,1,0,2,0,0,0,0,1,0,1,0,1,0,0,1,1,1,1,0,1,0,11.0,8.0,0.64
3,3,3,2,0,2,0,2,0,1,7,1,1,1,0,3,2,1,1,1,2,0,1,0,1,0,1,3,1,1,1,0,2,1,15.5,12.5,0.635
2,1,2,1,0,0,0,2,0,1,2,1,0,1,0,3,0,1,1,1,1,0,0,0,1,0,1,2,1,0,1,0,2,0,16.0,14.0,1.061
8,7,1,1,2,4,0,14,1,2,4,0,3,0,1,6,0,1,1,1,1,1,1,0,1,1,2,3,0,1,0,1,3,0,17.667,7.0,0.583
3,2,2,3,1,4,0,5,0,2,7,0,3,2,0,6,0,1,1,1,2,1,1,0,1,0,2,5,0,1,1,0,1,0,20.0,13.5,0.783
1,2,1,1,1,0,0,1,0,0,4,0,1,0,0,2,0,1,1,1,1,1,0,0,1,0,0,4,0,1,0,0,1,0,7.0,6.0,0.756
1,4,2,0,3,1,0,10,0,1,3,0,4,1,0,6,0,1,1,1,0,1,1,0,1,0,1,3,0,1,1,0,1,0,36.0,13.0,0.589
5,7,2,7,2,7,1,12,0,2,9,1,5,1,0,9,0,1,1,1,4,1,1,1,1,0,2,6,1,1,1,0,1,0,23.333,15.333,0.845
4,1,1,2,2,1,0,4,0,1,2,0,1,1,0,1,0,1,1,1,1,1,1,0,1,0,1,2,0,1,1,0,1,0,21.0,11.0,0.617
4,7,3,3,2,5,0,12,1,2,9,0,7,2,0,8,1,1,1,1,2,1,1,0,1,1,1,6,0,1,1,0,1,1,16.5,6.0,0.609
1,2,0,6,0,2,2,2,1,2,5,1,3,0,0,3,0,1,1,0,2,0,1,1,1,1,1,2,1,1,0,0,1,0,10.0,9.667,0.645
5,3,4,3,4,5,1,11,4,0,7,0,9,1,0,5,0,1,1,1,2,1,1,1,1,1,0,3,0,1,1,0,1,0,31.0,12.5,0.539
8,12,6,10,3,15,2,23,5,2,17,8,17,5,0,13,1,1,1,1,3,1,1,1,1,1,1,5,1,1,1,0,4,1,21.0,12.429,0.583
0,4,3,3,1,3,0,6,0,2,8,0,4,1,0,8,0,0,1,1,2,1,1,0,1,0,2,3,0,1,1,0,1,0,14.333,9.19,0.539
9,15,15,18,7,9,1,27,3,7,27,0,36,5,0,29,9,1,1,1,3,1,1,1,1,1,2,4,0,1,1,0,2,1,10.182,4.117,0.378
4,3,2,2,0,3,1,9,4,0,2,3,22,0,0,4,3,1,1,1,2,0,1,1,1,1,0,2,1,1,0,0,2,1,15.25,4.5,0.453
1,3,0,0,2,2,0,7,0,1,0,0,2,0,0,3,0,1,1,0,0,1,1,0,1,0,1,0,0,1,0,0,1,0,21.0,0.0,0.154
3,6,2,0,0,5,0,6,0,0,4,0,3,0,0,4,0,1,1,1,0,0,1,0,1,0,0,2,0,1,0,0,1,0,16.5,7.0,0.369
1,3,1,0,2,5,0,7,0,1,1,0,4,0,0,4,0,1,1,1,0,1,1,0,1,0,1,1,0,1,0,0,1,0,29.0,2.0,0.263
1,1,0,0,0,2,0,4,0,0,3,0,3,1,0,3,0,1,1,0,0,0,1,0,1,0,0,1,0,1,1,0,1,0,18.0,6.0,0.333
3,2,6,6,0,0,1,3,0,2,10,0,7,0,0,9,0,1,1,1,3,0,0,1,1,0,1,3,0,1,0,0,1,0,24.5,25.0,0.707
0,0,0,2,1,1,0,1,0,0,1,2,5,0,0,2,2,0,0,0,2,1,1,0,1,0,0,1,1,1,0,0,1,1,8.0,4.0,0.53
15,15,12,15,7,9,0,33,0,8,20,4,20,4,0,24,4,1,1,1,2,1,1,0,1,0,2,8,1,1,1,0,1,1,20.889,11.0,0.516
2,1,1,0,0,1,0,1,0,0,1,0,2,1,0,1,0,1,1,1,0,0,1,0,1,0,0,1,0,1,1,0,1,0,5.5,1.0,0.426
0,2,1,0,0,1,0,3,1,1,3,0,1,1,0,4,0,0,1,1,0,0,1,0,1,1,1,3,0,1,1,0,1,0,18.0,8.0,0.5
1,2,0,1,1,2,0,4,0,0,3,0,1,0,0,2,1,1,1,0,1,1,1,0,1,0,0,2,0,1,0,0,2,1,18.0,13.0,0.667
1,1,0,0,1,3,0,3,0,1,2,0,3,1,0,3,0,1,1,0,0,1,1,0,1,0,1,2,0,1,1,0,2,0,19.0,18.0,0.811
5,5,4,0,3,4,0,12,0,2,1,0,4,0,0,3,1,1,1,1,0,1,1,0,1,0,1,1,0,1,0,0,1,1,14.667,5.333,0.32
2,1,7,2,3,1,1,13,0,2,7,2,9,2,0,5,1,1,1,1,2,1,1,1,1,0,1,5,1,1,1,0,2,1,19.0,16.667,0.749
2,0,1,2,1,2,0,5,0,2,2,4,3,0,0,4,1,1,0,1,2,1,1,0,1,0,1,2,1,1,0,0,1,1,28.0,10.5,0.401
11,12,8,13,6,12,1,29,0,7,17,5,22,3,0,13,9,1,1,1,2,1,1,1,1,0,2,6,1,1,1,0,1,1,41.0,20.5,0.442
3,5,1,5,2,3,1,5,2,1,4,5,5,1,0,3,0,1,1,1,3,1,1,1,1,1,1,2,1,1,1,0,1,0,46.0,21.571,0.521
3,0,0,1,1,1,1,1,0,0,1,0,2,0,0,0,0,1,0,0,1,1,1,1,1,0,0,1,0,1,0,0,0,0,11.0,4.0,0.64
1,1,3,1,1,0,0,2,0,0,2,2,3,0,0,2,0,1,1,1,1,1,0,0,1,0,0,1,1,1,0,0,1,0,9.0,6.0,0.333
0,2,2,1,1,1,0,2,0,0,2,3,1,0,0,2,0,0,1,1,1,1,1,0,1,0,0,1,1,1,0,0,1,0,17.0,12.0,0.343
1,2,1,2,1,3,0,6,0,1,2,0,2,0,0,1,0,1,1,1,2,1,1,0,1,0,1,1,0,1,0,0,1,0,22.0,13.0,0.603
0,1,2,1,0,2,0,1,0,0,1,3,3,0,0,1,0,0,1,1,1,0,1,0,1,0,0,1,1,1,0,0,1,0,15.0,5.0,0.548
5,2,0,1,1,6,0,7,1,0,0,1,4,0,0,3,0,1,1,0,1,1,1,0,1,1,0,0,1,1,0,0,2,0,15.5,2.5,0.381
1,0,0,1,2,2,0,1,0,1,0,6,4,0,0,1,0,1,0,0,1,1,1,0,1,0,1,0,1,1,0,0,1,0,19.0,2.0,0.324
13,17,17,11,6,4,0,21,4,3,28,5,17,3,1,15,1,1,1,1,2,1,1,0,1,1,2,5,1,1,1,1,2,1,18.333,10.222,0.44
1,3,1,5,1,2,0,5,0,2,4,1,1,2,0,6,1,1,1,1,3,1,1,0,1,0,2,2,1,1,1,0,1,1,35.0,30.0,0.717
3,0,4,4,1,1,0,1,0,1,2,1,1,1,0,1,0,1,0,1,3,1,1,0,1,0,1,1,1,1,1,0,1,0,10.5,12.0,0.772
1,1,0,2,2,1,0,1,0,1,2,7,3,0,0,2,0,1,1,0,2,1,1,0,1,0,1,1,1,1,0,0,1,0,11.5,9.0,0.737
2,4,1,6,1,4,0,7,0,3,6,0,3,2,0,7,0,1,1,1,3,1,1,0,1,0,2,3,0,1,1,0,2,0,46.0,42.0,0.834
7,4,4,1,2,6,0,6,0,1,6,0,6,1,0,4,0,1,1,1,1,1,1,0,1,0,1,4,0,1,1,0,1,0,23.0,8.0,0.521
1,4,2,3,1,5,0,8,0,2,1,1,2,0,0,2,0,1,1,1,1,1,1,0,1,0,1,1,1,1,0,0,1,0,32.0,26.0,0.5
0,1,3,3,0,1,0,2,0,1,6,0,1,3,0,7,0,0,1,1,1,0,1,0,1,0,1,3,0,1,1,0,2,0,28.0,12.0,0.535
9,12,8,7,5,6,0,10,8,2,10,5,11,2,0,10,0,1,1,1,2,1,1,0,1,1,2,3,1,1,1,0,1,0,26.25,7.75,0.345
1,1,3,5,0,4,0,5,0,3,6,0,5,5,0,7,0,1,1,1,2,0,1,0,1,0,2,3,0,1,1,0,1,0,15.0,12.667,0.632
0,1,0,0,0,1,1,3,0,0,1,1,2,1,0,1,1,0,1,0,0,0,1,1,1,0,0,1,1,1,1,0,1,1,13.0,2.0,0.392
1,1,2,0,0,1,0,5,0,0,4,0,4,0,0,3,1,1,1,1,0,0,1,0,1,0,0,3,0,1,0,0,1,1,7.333,3.0,0.603
1,3,0,1,0,3,0,3,0,0,1,0,0,0,0,1,0,1,1,0,1,0,1,0,1,0,0,1,0,0,0,0,1,0,13.0,2.0,0.392
2,1,2,1,0,1,0,2,1,1,1,0,1,0,0,3,0,1,1,1,1,0,1,0,1,1,1,1,0,1,0,0,1,0,16.0,4.0,0.53
2,5,4,5,2,1,2,3,0,4,8,0,4,1,0,6,0,1,1,1,2,1,1,1,1,0,2,3,0,1,1,0,1,0,15.667,9.0,0.516
0,1,0,2,0,1,0,2,0,0,3,1,0,0,0,2,0,0,1,0,2,0,1,0,1,0,0,2,1,0,0,0,1,0,12.0,6.0,0.612
1,1,2,1,2,0,0,1,0,0,4,0,0,0,0,2,0,1,1,1,1,1,0,0,1,0,0,3,0,0,0,0,2,0,14.0,15.0,0.756
3,2,3,2,2,1,0,5,0,3,3,0,1,1,0,5,0,1,1,1,2,1,1,0,1,0,2,2,0,1,1,0,1,0,31.0,23.0,0.508
0,1,2,2,1,1,0,3,0,1,2,1,2,0,0,2,1,0,1,1,2,1,1,0,1,0,1,2,1,1,0,0,1,1,19.0,19.75,0.973
2,4,1,2,0,1,0,3,0,0,4,0,3,0,0,1,0,1,1,1,1,0,1,0,1,0,0,3,0,1,0,0,1,0,21.0,6.0,0.463
3,3,2,5,2,1,0,6,0,0,6,1,6,1,0,5,0,1,1,1,2,1,1,0,1,0,0,3,1,1,1,0,2,0,13.667,5.667,0.552
3,0,0,1,1,1,0,2,1,0,3,1,1,0,0,2,0,1,0,0,1,1,1,0,1,1,0,2,1,1,0,0,2,0,8.0,8.0,0.884
0,5,2,0,2,0,0,3,0,1,1,0,0,0,0,4,0,0,1,1,0,1,0,0,1,0,1,1,0,0,0,0,1,0,18.0,0.0,0.167
0,1,1,1,1,1,0,4,0,3,3,0,1,0,0,1,0,0,1,1,1,1,1,0,1,0,2,3,0,1,0,0,1,0,17.0,11.0,0.686
1,0,1,1,1,0,1,3,0,1,1,0,2,0,0,0,0,1,0,1,1,1,0,1,1,0,1,1,0,1,0,0,0,0,6.0,2.0,0.612
1,0,1,1,1,0,1,3,0,1,1,0,2,0,0,0,0,1,0,1,1,1,0,1,1,0,1,1,0,1,0,0,0,0,6.0,2.0,0.612
1,2,1,2,3,1,2,6,1,2,3,4,7,0,0,2,3,1,1,1,2,1,1,1,1,1,2,2,1,1,0,0,2,1,10.75,6.5,0.647
8,13,3,8,5,4,1,12,3,2,11,2,9,2,0,13,3,1,1,1,3,1,1,1,1,1,1,4,1,1,1,0,1,1,20.0,8.6,0.424
2,5,1,2,2,2,4,7,2,1,4,1,5,1,0,4,3,1,1,1,2,1,1,1,1,1,1,3,1,1,1,0,1,1,12.0,4.5,0.51
5,3,5,6,3,3,2,10,0,2,6,3,7,2,0,6,3,1,1,1,2,1,1,1,1,0,2,4,1,1,1,0,2,1,21.667,11.0,0.614
1,2,0,1,0,1,1,3,0,0,1,0,2,0,0,2,0,1,1,0,1,0,1,1,1,0,0,1,0,1,0,0,1,0,14.0,4.0,0.567
1,1,2,3,1,1,0,2,0,1,2,0,1,1,0,1,0,1,1,1,3,1,1,0,1,0,1,1,0,1,1,0,1,0,17.0,21.5,0.857
1,1,2,4,1,0,3,2,1,3,7,0,7,0,0,5,3,1,1,1,1,1,0,1,1,1,2,4,0,1,0,0,2,1,8.6,6.8,0.647
0,1,0,1,1,2,2,3,1,1,1,2,8,0,0,2,3,0,1,0,1,1,1,1,1,1,1,1,1,1,0,0,1,1,5.167,2.333,0.508
2,4,3,2,1,2,1,6,1,1,5,0,6,0,0,4,0,1,1,1,2,1,1,1,1,1,1,5,0,1,0,0,1,0,12.333,8.667,0.814
5,1,1,4,1,3,0,7,0,2,3,0,2,1,0,2,0,1,1,1,3,1,1,0,1,0,2,3,0,1,1,0,1,0,32.0,24.571,0.75
4,3,7,4,5,4,0,11,0,1,5,2,5,3,0,5,0,1,1,1,3,1,1,0,1,0,1,3,1,1,1,0,1,0,59.0,28.0,0.552
12,11,7,6,1,9,0,14,0,0,12,4,6,2,0,8,0,1,1,1,2,1,1,0,1,0,0,3,1,1,1,0,2,0,15.333,5.5,0.295
3,4,0,2,2,1,0,4,1,2,4,1,3,1,0,6,0,1,1,0,1,1,1,0,1,1,2,2,1,1,1,0,1,0,17.0,13.5,0.606
2,6,6,1,4,1,0,6,3,1,8,1,4,0,0,4,0,1,1,1,1,1,1,0,1,1,1,4,1,1,0,0,1,0,47.0,15.0,0.516
4,7,2,4,1,4,0,13,3,1,6,0,9,2,0,5,1,1,1,1,2,1,1,0,1,1,1,4,0,1,1,0,1,1,30.0,11.5,0.456
0,1,0,1,1,0,0,2,0,0,2,2,1,0,0,1,0,0,1,0,1,1,0,0,1,0,0,2,1,1,0,0,1,0,11.0,6.0,0.426
1,1,3,1,2,0,1,9,0,1,7,1,3,1,0,3,0,1,1,1,1,1,0,1,1,0,1,5,1,1,1,0,2,0,17.0,11.5,0.849
2,7,3,2,2,8,2,7,4,1,7,8,16,0,0,7,3,1,1,1,1,1,1,1,1,1,1,3,1,1,0,0,2,1,9.875,4.375,0.477
2,6,3,5,2,4,0,9,1,2,4,0,3,0,0,5,0,1,1,1,2,1,1,0,1,1,2,3,0,1,0,0,1,0,15.333,12.333,0.626
1,2,1,1,1,2,0,3,2,0,3,2,3,0,1,3,1,1,1,1,1,1,1,0,1,1,0,2,1,1,0,1,1,1,25.0,6.0,0.424
8,21,1,6,4,7,0,19,5,1,14,1,22,0,0,10,0,1,1,1,2,1,1,0,1,1,1,6,1,1,0,0,2,0,19.5,5.0,0.458
6,11,7,12,1,5,3,17,1,9,27,1,19,3,0,22,0,1,1,1,5,1,1,1,1,1,2,6,1,1,1,0,2,0,16.0,18.167,0.648
2,5,1,3,0,1,1,8,0,0,8,0,6,1,0,5,0,1,1,1,2,0,1,1,1,0,0,6,0,1,1,0,1,0,13.667,10.667,0.773
0,1,0,0,0,1,0,4,0,1,2,1,3,1,0,4,0,0,1,0,0,0,1,0,1,0,1,2,1,1,1,0,2,0,9.0,6.0,0.833
1,0,0,0,1,3,0,3,0,1,0,0,2,0,0,3,0,1,0,0,0,1,1,0,1,0,1,0,0,1,0,0,1,0,14.0,0.0,0.189
2,1,3,4,1,3,0,4,0,1,8,0,2,2,0,5,0,1,1,1,2,1,1,0,1,0,1,5,0,1,1,0,2,0,36.0,37.0,0.943
0,4,0,0,1,4,0,5,0,0,1,0,1,0,0,2,1,0,1,0,0,1,1,0,1,0,0,1,0,1,0,0,1,1,19.0,3.0,0.324
0,1,1,1,0,2,0,4,0,2,2,0,1,2,0,5,0,0,1,1,1,0,1,0,1,0,1,2,0,1,1,0,2,0,21.0,20.0,0.617
3,5,2,2,1,2,0,9,0,1,2,3,1,1,0,5,0,1,1,1,1,1,1,0,1,0,1,2,1,1,1,0,1,0,18.5,3.0,0.349
2,2,0,0,1,1,0,7,0,1,1,0,2,0,0,6,0,1,1,0,0,1,1,0,1,0,1,1,0,1,0,0,1,0,22.0,0.0,0.151
0,2,2,1,0,2,0,3,0,0,1,0,1,0,0,1,0,0,1,1,1,0,1,0,1,0,0,1,0,1,0,0,1,0,6.5,4.0,0.588
3,2,9,9,4,6,0,9,1,2,8,6,12,4,0,6,2,1,1,1,4,1,1,0,1,1,1,4,1,1,1,0,1,1,20.75,12.75,0.621
1,2,1,2,1,1,1,5,0,1,2,0,3,0,0,5,0,1,1,1,2,1,1,1,1,0,1,2,0,1,0,0,1,0,12.5,7.0,0.707
0,0,1,1,1,1,0,1,0,0,0,1,3,0,1,2,1,0,0,1,1,1,1,0,1,0,0,0,1,1,0,1,1,1,11.0,2.0,0.426
0,0,1,2,0,1,0,4,0,1,1,0,1,0,0,2,0,0,0,1,2,0,1,0,1,0,1,1,0,1,0,0,1,0,13.0,16.0,0.981
1,6,1,4,2,4,0,10,0,0,4,7,9,0,0,4,1,1,1,1,3,1,1,0,1,0,0,2,1,1,0,0,1,1,17.333,5.667,0.49
1,1,1,1,1,1,0,1,0,0,1,1,2,0,0,1,0,1,1,1,1,1,1,0,1,0,0,1,1,1,0,0,1,0,12.0,4.0,0.612
8,5,3,2,4,5,0,10,0,1,6,8,10,3,0,6,4,1,1,1,2,1,1,0,1,0,1,5,1,1,1,0,1,1,15.4,4.6,0.564
0,0,2,3,0,1,0,2,1,1,3,4,4,1,0,1,0,0,0,1,2,0,1,0,1,1,1,3,1,1,1,0,1,0,11.5,7.5,0.737
4,2,0,4,0,4,0,4,0,1,5,0,3,1,0,3,0,1,1,0,2,0,1,0,1,0,1,2,0,1,1,0,2,0,15.5,5.5,0.508
3,3,1,4,1,4,0,4,0,0,0,8,4,0,1,1,0,1,1,1,2,1,1,0,1,0,0,0,1,1,0,1,1,0,33.0,4.0,0.246
1,2,1,3,0,2,0,5,0,0,3,0,2,1,0,3,0,1,1,1,2,0,1,0,1,0,0,3,0,1,1,0,1,0,23.0,9.0,0.737
2,1,1,3,0,1,2,5,0,1,6,0,3,0,0,5,0,1,1,1,2,0,1,1,1,0,1,4,0,1,0,0,1,0,15.0,9.5,0.645
0,1,2,2,2,0,0,3,0,2,4,4,6,0,0,3,0,0,1,1,2,1,0,0,1,0,2,2,1,1,0,0,1,0,29.0,25.25,0.657
4,2,3,8,4,3,0,3,0,4,8,9,8,0,0,6,1,1,1,1,3,1,1,0,1,0,2,4,1,1,0,0,1,1,21.0,14.333,0.624
1,2,1,1,0,1,0,3,0,0,1,2,0,0,0,1,0,1,1,1,1,0,1,0,1,0,0,1,1,0,0,0,1,0,13.0,2.0,0.392
12,20,6,18,3,8,0,28,21,2,16,36,49,4,8,13,8,1,1,1,2,1,1,0,1,1,1,5,1,1,1,1,2,1,80.667,16.667,0.318
2,2,1,3,0,0,0,3,0,0,1,1,1,1,0,0,0,1,1,1,1,0,0,0,1,0,0,1,1,1,1,0,0,0,15.0,12.0,0.548
0,6,2,4,1,4,0,3,1,0,6,3,9,2,1,4,0,0,1,1,2,1,1,0,1,1,0,2,1,1,1,1,1,0,15.0,8.333,0.527
2,3,1,2,2,2,1,2,1,0,4,0,9,0,0,5,0,1,1,1,1,1,1,1,1,1,0,3,0,1,0,0,1,0,17.0,2.5,0.364
3,3,1,0,3,5,0,5,0,0,3,1,4,0,0,5,0,1,1,1,0,1,1,0,1,0,0,2,1,1,0,0,2,0,8.25,3.75,0.492
1,2,6,2,0,0,1,2,0,1,6,2,4,0,0,3,0,1,1,1,2,0,0,1,1,0,1,4,1,1,0,0,1,0,15.0,15.0,0.775
0,0,2,2,0,1,2,1,0,0,1,1,4,1,0,2,0,0,0,1,2,0,1,1,1,0,0,1,1,1,1,0,1,0,8.5,2.0,0.514
2,8,4,2,0,4,0,3,7,4,1,3,4,0,0,10,5,1,1,1,2,0,1,0,1,1,1,1,1,1,0,0,1,1,14.25,0.5,0.187
1,4,5,5,2,2,1,4,0,1,7,26,18,3,0,6,2,1,1,1,2,1,1,1,1,0,1,4,1,1,1,0,1,1,14.5,4.833,0.455
2,1,3,1,1,1,1,3,0,0,2,0,5,0,0,1,0,1,1,1,1,1,1,1,1,0,0,2,0,1,0,0,1,0,10.5,2.5,0.463
0,2,0,3,1,0,0,1,0,0,3,0,0,0,0,2,1,0,1,0,1,1,0,0,1,0,0,2,0,0,0,0,1,1,13.0,12.0,0.392
2,1,0,2,0,1,0,3,0,2,2,0,0,1,0,3,0,1,1,0,2,0,1,0,1,0,2,1,0,0,1,0,1,0,17.0,26.75,0.857
1,0,2,1,0,2,0,3,0,1,1,0,2,0,0,1,0,1,0,1,1,0,1,0,1,0,1,1,0,1,0,0,1,0,7.0,5.5,0.756
7,8,3,7,0,4,0,8,4,0,3,4,5,2,0,7,0,1,1,1,3,0,1,0,1,1,0,2,1,1,1,0,2,0,31.0,12.0,0.359
10,16,17,9,2,14,0,21,9,1,11,4,16,3,2,15,1,1,1,1,2,1,1,0,1,1,1,5,1,1,1,1,2,1,24.667,8.333,0.407
4,7,6,6,1,5,0,9,9,3,7,7,15,2,3,4,3,1,1,1,1,1,1,0,1,1,1,2,1,1,1,1,2,1,22.0,5.75,0.226
2,4,0,4,0,4,0,7,1,0,2,5,7,1,4,2,0,1,1,0,2,0,1,0,1,1,0,1,1,1,1,1,1,0,39.0,18.5,0.453
0,1,4,0,1,1,0,3,2,0,3,1,1,0,0,3,0,0,1,1,0,1,1,0,1,1,0,2,1,1,0,0,1,0,20.0,2.0,0.316
2,1,3,0,1,1,0,5,0,1,5,1,0,1,0,6,0,1,1,1,0,1,1,0,1,0,1,3,1,0,1,0,2,0,13.5,9.5,0.68
17,16,15,15,8,12,0,30,2,10,24,8,17,9,0,21,6,1,1,1,3,1,1,0,1,1,2,7,1,1,1,0,3,1,34.833,23.5,0.538
4,8,0,3,2,7,1,18,1,1,4,7,29,0,9,5,2,1,1,0,3,1,1,1,1,1,1,3,1,1,0,1,1,1,18.0,4.8,0.447
0,1,4,2,1,1,0,1,0,2,3,0,1,1,0,5,1,0,1,1,1,1,1,0,1,0,1,1,0,1,1,0,1,1,11.5,10.0,0.442
2,4,3,2,2,3,0,10,0,2,3,0,6,1,0,7,0,1,1,1,2,1,1,0,1,0,2,2,0,1,1,0,1,0,11.25,4.393,0.422
14,19,13,13,4,10,1,22,13,5,18,2,18,5,0,20,3,1,1,1,3,1,1,1,1,1,1,5,1,1,1,0,1,1,36.0,12.8,0.369
5,6,4,3,0,5,1,6,5,1,4,2,8,2,0,6,0,1,1,1,2,0,1,1,1,1,1,3,1,1,1,0,1,0,29.0,10.0,0.464
1,4,5,4,1,0,1,8,1,5,10,0,8,1,0,12,1,1,1,1,3,1,0,1,1,1,2,2,0,1,1,0,1,1,15.5,11.625,0.539
2,6,1,1,0,4,0,7,2,0,1,1,3,0,1,2,0,1,1,1,1,0,1,0,1,1,0,1,1,1,0,1,1,0,30.0,2.0,0.258
3,3,4,3,2,5,0,8,0,2,9,0,9,1,0,7,1,1,1,1,2,1,1,0,1,0,1,4,0,1,1,0,1,1,11.4,5.8,0.562
4,6,10,1,4,5,0,19,0,2,9,1,10,1,0,8,0,1,1,1,1,1,1,0,1,0,1,3,1,1,1,0,2,0,20.0,4.25,0.395
3,4,8,2,5,1,1,1,7,1,1,5,4,0,0,5,5,1,1,1,1,1,1,1,1,1,1,1,1,1,0,0,1,1,53.0,13.0,0.389
1,0,0,1,0,0,1,2,0,0,2,0,4,0,0,1,0,1,0,0,1,0,0,1,1,0,0,2,0,1,0,0,1,0,6.0,3.0,0.408
7,12,7,11,6,6,0,19,7,2,22,4,12,3,0,20,7,1,1,1,4,1,1,0,1,1,1,6,1,1,1,0,1,1,36.25,28.0,0.587
1,2,0,1,0,1,1,2,0,0,1,1,0,0,0,0,1,1,1,0,1,0,1,1,1,0,0,1,1,0,0,0,0,1,11.0,4.0,0.64
19,20,16,11,5,10,0,41,1,11,19,0,24,3,0,28,2,1,1,1,2,1,1,0,1,1,2,6,0,1,1,0,3,1,23.444,9.222,0.438
4,4,2,7,1,7,0,7,0,3,8,7,7,3,1,9,1,1,1,1,3,1,1,0,1,0,2,5,1,1,1,1,3,1,17.5,11.0,0.761
2,1,1,4,1,1,0,3,0,1,9,2,5,2,0,4,0,1,1,1,2,1,1,0,1,0,1,4,1,1,1,0,1,0,12.0,10.333,0.707
5,10,8,0,3,2,1,5,0,1,6,14,11,0,0,6,1,1,1,1,0,1,1,1,1,0,1,3,1,1,0,0,2,1,36.0,10.0,0.417
5,7,4,4,2,6,0,12,8,1,4,4,14,2,1,12,5,1,1,1,2,1,1,0,1,1,1,3,1,1,1,1,1,1,13.143,2.571,0.369
0,2,1,2,2,1,0,5,0,1,7,0,0,0,0,5,0,0,1,1,2,1,1,0,1,0,1,3,0,0,0,0,2,0,26.0,18.5,0.693
0,0,0,1,0,1,0,2,0,0,2,2,3,0,0,0,0,0,0,0,1,0,1,0,1,0,0,2,1,1,0,0,0,0,5.5,2.5,0.64
1,1,0,4,0,1,0,3,0,1,3,0,2,0,0,2,0,1,1,0,3,0,1,0,1,0,1,2,0,1,0,0,1,0,18.0,15.0,0.833
3,5,0,8,4,3,0,8,0,0,9,2,6,2,0,8,0,1,1,0,1,1,1,0,1,0,0,6,1,1,1,0,1,0,58.0,34.0,0.557
1,0,0,0,0,1,0,5,0,0,0,1,8,0,0,1,2,1,0,0,0,0,1,0,1,0,0,0,1,1,0,0,1,1,11.5,0.0,0.147
5,2,0,3,0,4,0,5,0,0,8,0,3,1,0,5,0,1,1,0,1,0,1,0,1,0,0,5,0,1,1,0,1,0,12.0,9.333,0.707
2,0,2,1,0,2,0,3,0,0,4,0,1,0,0,2,0,1,0,1,1,0,1,0,1,0,0,2,0,1,0,0,1,0,17.0,12.0,0.686
2,5,5,4,3,1,0,8,0,1,9,0,4,2,0,8,1,1,1,1,2,1,1,0,1,0,1,6,0,1,1,0,1,1,17.667,10.333,0.68
0,2,0,1,1,0,0,3,0,1,0,2,2,0,0,2,1,0,1,0,1,1,0,0,1,0,1,0,1,1,0,0,1,1,14.0,7.0,0.378
4,2,1,4,1,1,0,2,0,2,3,0,2,1,0,3,0,1,1,1,3,1,1,0,1,0,2,3,0,1,1,0,1,0,13.0,14.5,0.832
1,1,1,2,1,0,2,1,0,0,4,0,3,0,0,3,0,1,1,1,1,1,0,1,1,0,0,3,0,1,0,0,1,0,4.75,2.75,0.649
10,11,10,8,5,10,0,22,0,7,11,6,10,1,0,15,1,1,1,1,2,1,1,0,1,0,2,6,1,1,1,0,2,1,18.143,7.571,0.565
2,0,1,1,0,0,0,0,0,1,4,0,1,0,0,3,0,1,0,1,1,0,0,0,0,0,1,3,0,1,0,0,1,0,13.0,10.0,0.784
1,5,1,2,3,2,0,4,0,2,10,4,5,0,0,10,0,1,1,1,1,1,1,0,1,0,2,5,1,1,0,0,1,0,12.25,10.75,0.606
2,2,3,2,0,0,1,3,1,0,2,0,5,1,0,3,0,1,1,1,1,0,0,1,1,1,0,2,0,1,1,0,1,0,12.5,3.0,0.283
0,2,0,1,0,2,1,3,0,0,1,2,3,0,0,1,0,0,1,0,1,0,1,1,1,0,0,1,1,1,0,0,1,0,8.0,2.0,0.53
2,5,3,8,1,6,0,9,0,5,9,0,5,2,0,9,0,1,1,1,3,1,1,0,1,0,2,4,0,1,1,0,1,0,12.8,13.4,0.619
9,7,7,7,1,3,1,16,1,1,9,5,8,3,0,12,0,1,1,1,3,1,1,1,1,1,1,6,1,1,1,0,2,0,17.8,7.4,0.675
9,12,8,6,8,6,0,33,1,2,10,9,8,2,0,10,1,1,1,1,3,1,1,0,1,1,2,6,1,1,1,0,1,1,25.0,9.0,0.569
1,0,1,1,1,1,1,2,0,0,5,0,3,1,0,3,0,1,0,1,1,1,1,1,1,0,0,4,0,1,1,0,1,0,10.0,5.0,0.791
4,6,3,7,2,3,0,11,0,3,9,1,5,2,0,8,0,1,1,1,2,1,1,0,1,0,2,5,1,1,1,0,1,0,21.333,19.667,0.619
8,3,4,4,1,4,0,8,0,4,4,0,2,1,0,5,0,1,1,1,3,1,1,0,1,0,2,3,0,1,1,0,1,0,24.0,25.071,0.612
0,3,1,2,0,1,0,3,0,1,1,2,2,0,0,3,0,0,1,1,2,0,1,0,1,0,1,1,1,1,0,0,1,0,9.5,7.0,0.649
1,0,1,3,0,1,0,1,0,1,2,0,1,1,0,1,0,1,0,1,2,0,1,0,1,0,1,1,0,1,1,0,1,0,13.0,20.0,0.981
0,5,2,4,1,2,0,12,0,2,5,3,3,1,0,3,1,0,1,1,2,1,1,0,1,0,1,5,1,1,1,0,1,1,14.667,12.333,0.746
5,8,5,7,1,6,0,7,1,5,8,5,4,0,0,5,0,1,1,1,2,1,1,0,1,1,2,4,1,1,0,0,1,0,33.5,20.5,0.518
0,3,1,1,0,1,0,3,0,1,2,3,3,0,1,1,0,0,1,1,1,0,1,0,1,0,1,2,1,1,0,1,1,0,19.0,18.0,0.649
1,2,2,0,0,2,0,4,0,1,4,0,1,0,0,1,0,1,1,1,0,0,1,0,1,0,1,3,0,1,0,0,1,0,9.0,12.0,1.0
3,6,2,3,1,0,0,5,4,0,5,0,3,0,1,2,1,1,1,1,2,1,0,0,1,1,0,3,0,1,0,1,1,1,17.5,6.0,0.478
1,0,0,0,1,0,0,0,0,0,3,1,2,0,0,3,1,1,0,0,0,1,0,0,0,0,0,3,1,1,0,0,1,1,11.0,4.0,0.64
9,5,9,11,3,7,1,8,0,4,22,3,12,5,0,13,3,1,1,1,4,1,1,1,1,0,2,6,1,1,1,0,1,1,28.75,22.643,0.659
0,1,0,2,1,1,0,4,0,1,2,0,1,0,0,1,0,0,1,0,2,1,1,0,1,0,1,2,0,1,0,0,1,0,7.0,7.5,0.945
1,3,3,5,2,2,0,7,2,6,5,1,6,1,0,6,2,1,1,1,3,1,1,0,1,1,3,3,1,1,1,0,2,1,17.0,18.75,0.891
4,6,2,5,2,3,0,12,1,6,9,1,6,0,1,7,1,1,1,1,2,1,1,0,1,1,2,3,1,1,0,1,1,1,16.5,8.25,0.435
0,1,0,1,0,1,1,1,1,0,1,0,2,0,0,2,0,0,1,0,1,0,1,1,1,1,0,1,0,1,0,0,1,0,11.0,4.0,0.64
5,2,0,2,0,6,0,7,0,1,0,0,2,0,0,2,0,1,1,0,1,0,1,0,1,0,1,0,0,1,0,0,2,0,13.5,5.5,0.408
1,6,3,1,0,5,0,9,8,2,6,0,12,1,2,5,3,1,1,1,1,0,1,0,1,1,2,2,0,1,1,1,1,1,15.25,3.75,0.272
12,7,3,5,3,5,0,8,9,1,3,4,11,2,3,3,2,1,1,1,3,1,1,0,1,1,1,3,1,1,1,1,2,1,15.6,7.2,0.56
0,0,0,0,0,0,0,0,6,0,0,8,9,0,0,0,4,0,0,0,0,0,0,0,0,1,0,0,1,1,0,0,0,1,12.5,0.0,0.141
4,6,0,0,1,2,0,7,3,0,3,0,4,0,0,2,0,1,1,0,0,1,1,0,1,1,0,3,0,1,0,0,1,0,16.0,3.5,0.5
1,1,0,1,2,4,0,1,0,1,1,32,23,0,7,3,6,1,1,0,1,1,1,0,1,0,1,1,1,1,0,1,1,1,74.0,2.0,0.164
0,0,2,0,1,0,1,1,0,1,1,0,3,0,0,2,0,0,0,1,0,1,0,1,1,0,1,1,0,1,0,0,1,0,6.0,1.0,0.408
3,6,1,2,1,3,1,5,2,2,3,0,5,0,0,6,0,1,1,1,2,1,1,1,1,1,1,1,0,1,0,0,2,0,10.0,5.0,0.559
4,10,7,7,3,1,0,10,4,1,7,2,10,2,0,8,1,1,1,1,4,1,1,0,1,1,1,3,1,1,1,0,2,1,15.4,11.0,0.564
1,0,0,1,0,1,0,1,0,1,1,2,1,0,0,2,0,1,0,0,1,0,1,0,1,0,1,1,1,1,0,0,1,0,5.5,4.5,0.64
1,0,0,2,0,1,0,2,0,1,1,1,1,1,0,2,1,1,0,0,1,0,1,0,1,0,1,1,1,1,1,0,1,1,14.0,6.0,0.567
6,7,1,5,2,7,1,18,2,2,8,7,30,1,9,5,2,1,1,1,3,1,1,1,1,1,2,3,1,1,1,1,1,1,20.4,6.8,0.42
3,2,3,4,2,2,0,6,0,1,5,0,5,1,0,5,0,1,1,1,2,1,1,0,1,0,1,3,0,1,1,0,1,0,19.5,9.5,0.566
3,1,4,2,0,1,0,2,0,1,3,0,1,1,0,2,0,1,1,1,1,0,1,0,1,0,1,3,0,1,1,0,2,0,10.5,7.5,0.617
2,1,4,1,1,0,0,6,1,0,4,2,4,0,0,3,0,1,1,1,1,1,0,0,1,1,0,4,1,1,0,0,1,0,14.5,4.0,0.657
1,1,1,2,1,1,0,2,0,0,3,0,0,1,0,2,0,1,1,1,1,1,1,0,1,0,0,3,0,0,1,0,1,0,15.0,15.0,0.913
1,2,1,1,0,1,0,4,0,0,3,0,2,1,0,2,0,1,1,1,1,0,1,0,1,0,0,2,0,1,1,0,2,0,9.0,14.5,1.0
3,0,3,0,1,1,0,1,2,0,0,7,10,0,1,1,0,1,0,1,0,1,1,0,1,1,0,0,1,1,0,1,1,0,29.0,7.0,0.263
2,2,2,1,3,1,1,5,2,1,4,0,3,0,0,3,1,1,1,1,1,1,1,1,1,1,1,3,0,1,0,0,1,1,15.5,10.375,0.762
2,2,6,3,1,2,2,5,0,2,4,1,4,1,1,5,0,1,1,1,3,1,1,1,1,0,1,2,1,1,1,1,1,0,40.0,18.5,0.559
19,22,11,12,3,21,0,42,4,2,13,29,48,4,0,12,1,1,1,1,3,1,1,0,1,1,2,6,1,1,1,0,3,1,34.286,9.51,0.456
11,15,11,8,5,13,0,26,7,4,8,14,33,1,2,9,1,1,1,1,2,1,1,0,1,1,2,4,1,1,1,1,3,1,33.2,12.55,0.439
2,0,0,2,1,0,0,0,1,1,3,0,1,0,0,4,0,1,0,0,2,1,0,0,0,1,1,3,0,1,0,0,1,0,7.5,7.5,0.913
1,2,0,2,0,2,0,2,2,0,2,0,1,1,0,1,0,1,1,0,1,0,1,0,1,1,0,1,0,1,1,0,1,0,16.0,8.0,0.53
3,3,7,1,4,2,0,11,3,3,9,1,7,2,0,11,0,1,1,1,1,1,1,0,1,1,1,4,1,1,1,0,2,0,13.4,6.8,0.605
0,0,1,2,1,1,0,3,0,0,4,1,1,0,0,4,0,0,0,1,2,1,1,0,1,0,0,3,1,1,0,0,1,0,18.0,12.571,0.667
2,0,1,2,1,1,1,0,1,1,2,0,2,0,0,2,1,1,0,1,2,1,1,1,0,1,1,2,0,1,0,0,1,1,5.333,4.333,0.884
3,3,3,4,2,2,0,2,2,0,8,0,3,2,0,3,0,1,1,1,1,1,1,0,1,1,0,5,0,1,1,0,1,0,37.0,27.0,0.697
0,1,1,2,0,1,0,1,0,1,1,1,1,1,0,2,0,0,1,1,1,0,1,0,1,0,1,1,1,1,1,0,1,0,13.0,2.0,0.392
0,1,0,1,0,0,0,0,0,2,3,0,1,0,0,3,0,0,1,0,1,0,0,0,0,0,2,2,0,1,0,0,1,0,11.0,18.0,1.066
1,0,0,2,1,0,1,1,1,1,2,2,1,1,0,2,0,1,0,0,1,1,0,1,1,1,1,2,1,1,1,0,1,0,8.0,4.0,0.707
10,10,3,8,6,7,0,17,2,4,9,0,11,3,0,12,0,1,1,1,2,1,1,0,1,1,2,4,0,1,1,0,1,0,51.0,20.0,0.42
0,2,4,3,1,0,0,1,0,2,3,0,4,0,0,2,0,0,1,1,1,1,0,0,1,0,2,2,0,1,0,0,1,0,11.0,7.5,0.603
5,9,7,7,2,5,0,8,5,3,10,0,8,2,0,8,1,1,1,1,2,1,1,0,1,1,1,6,0,1,1,0,1,1,26.667,21.333,0.632
0,2,1,1,3,2,0,5,2,1,4,1,7,0,0,3,0,0,1,1,1,1,1,0,1,1,1,2,1,1,0,0,1,0,32.0,8.0,0.375
3,2,2,4,1,2,0,3,1,2,3,1,3,1,0,2,0,1,1,1,2,1,1,0,1,1,2,2,1,1,1,0,1,0,15.0,7.5,0.645
2,5,3,3,4,3,0,6,0,1,11,0,2,0,0,10,0,1,1,1,3,1,1,0,1,0,1,5,0,1,0,0,1,0,25.0,24.25,0.8
6,10,6,8,5,4,0,14,8,2,10,0,9,4,0,9,2,1,1,1,2,1,1,0,1,1,2,6,0,1,1,0,1,1,24.25,14.25,0.574
3,1,4,5,1,1,0,3,0,1,5,0,3,1,0,3,0,1,1,1,3,1,1,0,1,0,1,3,0,1,1,0,1,0,15.5,16.5,0.889
2,1,0,2,0,1,0,0,1,1,4,1,3,1,0,2,0,1,1,0,1,0,1,0,0,1,1,3,1,1,1,0,1,0,9.5,6.0,0.649
3,2,1,1,2,1,0,6,0,2,4,1,2,0,0,5,0,1,1,1,1,1,1,0,1,0,1,3,1,1,0,0,1,0,15.0,12.5,0.516
3,5,1,4,1,4,0,12,1,2,9,0,2,2,0,10,1,1,1,1,2,1,1,0,1,1,1,2,0,1,1,0,1,1,28.5,10.0,0.375
2,5,2,2,1,3,0,8,1,0,6,0,4,0,0,4,0,1,1,1,2,1,1,0,1,1,0,5,0,1,0,0,1,0,9.5,6.5,0.803
2,1,4,1,0,0,1,3,2,0,5,0,2,0,0,4,0,1,1,1,1,0,0,1,1,1,0,3,0,1,0,0,2,0,12.5,4.0,0.566
1,0,1,0,1,0,0,2,0,0,2,0,1,0,0,3,0,1,0,1,0,1,0,0,1,0,0,1,0,1,0,0,1,0,11.0,4.0,0.426
3,3,3,1,2,3,0,9,0,2,5,0,3,1,0,9,0,1,1,1,1,1,1,0,1,0,2,3,0,1,1,0,1,0,22.0,7.5,0.426
0,2,0,4,3,0,0,8,3,0,5,0,3,2,1,2,0,0,1,0,2,1,0,0,1,1,0,4,0,1,1,1,1,0,16.0,7.0,0.625
1,3,1,6,2,4,0,7,0,3,11,1,4,2,0,9,0,1,1,1,1,1,1,0,1,0,1,5,1,1,1,0,1,0,27.0,19.0,0.481
3,1,3,4,3,3,1,6,0,2,5,1,2,2,0,6,0,1,1,1,2,1,1,1,1,0,2,3,1,1,1,0,1,0,42.0,28.0,0.655
1,1,2,1,2,0,0,5,0,0,3,3,4,0,0,3,0,1,1,1,1,1,0,0,1,0,0,3,1,1,0,0,1,0,8.333,3.0,0.707
1,2,4,6,2,4,0,8,1,2,8,4,13,2,0,9,0,1,1,1,3,1,1,0,1,1,2,4,1,1,1,0,2,0,16.5,11.688,0.609
7,5,3,5,1,3,0,11,0,0,4,1,5,1,0,3,0,1,1,1,1,1,1,0,1,0,0,4,1,1,1,0,1,0,16.333,8.0,0.505
2,2,2,2,1,0,1,4,0,1,5,0,2,0,0,3,0,1,1,1,2,1,0,1,1,0,1,4,0,1,0,0,1,0,12.5,16.5,0.99
3,0,1,3,1,0,0,1,0,1,3,1,1,0,0,2,0,1,0,1,2,1,0,0,1,0,1,2,1,1,0,0,1,0,8.5,7.5,0.686
5,9,4,1,4,3,0,9,1,1,13,1,4,3,0,11,2,1,1,1,1,1,1,0,1,1,1,5,1,1,1,0,2,1,14.2,8.8,0.587
3,7,2,1,1,5,0,6,3,0,5,2,5,0,1,5,0,1,1,1,1,1,1,0,1,1,0,4,1,1,0,1,2,0,22.5,6.5,0.527
1,3,2,1,1,1,1,2,3,1,4,0,3,1,0,3,0,1,1,1,1,1,1,1,1,1,1,3,0,1,1,0,1,0,13.5,4.0,0.544
7,10,7,10,5,7,0,25,8,5,13,3,21,2,2,9,5,1,1,1,3,1,1,0,1,1,2,4,1,1,1,1,2,1,14.1,6.414,0.476
3,1,2,0,0,0,0,1,0,0,2,0,1,0,0,1,0,1,1,1,0,0,0,0,1,0,0,2,0,1,0,0,1,0,11.0,2.0,0.426
7,3,4,4,5,1,0,9,2,3,9,1,7,4,0,11,0,1,1,1,2,1,1,0,1,1,2,5,1,1,1,0,2,0,35.0,21.0,0.676
4,7,9,8,2,3,0,10,2,0,5,3,9,1,1,1,1,1,1,1,2,1,1,0,1,1,0,4,1,1,1,1,1,1,16.5,2.75,0.435
5,2,0,1,1,0,0,37,40,0,3,19,55,0,24,3,15,1,1,0,1,1,0,0,1,1,0,3,1,1,0,1,1,1,57.0,2.667,0.162
0,0,0,1,2,0,0,0,0,2,6,1,2,1,0,5,0,0,0,0,1,1,0,0,0,0,2,4,1,1,1,0,1,0,20.0,18.0,0.791
1,2,4,4,1,3,0,2,0,1,8,1,2,1,0,3,1,1,1,1,2,1,1,0,1,0,1,4,1,1,1,0,1,1,17.0,16.5,0.728
9,8,3,8,4,3,0,9,0,3,14,0,3,3,0,8,0,1,1,1,2,1,1,0,1,0,2,7,0,1,1,0,2,0,37.5,28.5,0.816
1,3,2,2,1,3,0,4,0,0,4,0,2,2,0,3,0,1,1,1,2,1,1,0,1,0,0,2,0,1,1,0,2,0,27.0,19.0,0.68
1,0,1,1,0,1,1,4,0,0,2,1,2,0,0,1,0,1,0,1,1,0,1,1,1,0,0,2,1,1,0,0,1,0,7.5,3.5,0.73
6,2,1,1,0,2,0,26,10,1,1,0,12,0,4,0,5,1,1,1,1,0,1,0,1,1,1,1,0,1,0,1,0,1,67.0,11.0,0.346
6,0,4,9,3,1,0,5,0,4,11,0,6,4,0,13,0,1,0,1,2,1,1,0,1,0,2,5,0,1,1,0,1,0,13.2,8.0,0.609
5,4,2,2,2,2,0,2,0,2,2,0,4,0,0,2,0,1,1,1,1,1,1,0,1,0,2,2,0,1,0,0,1,0,14.5,7.0,0.394
2,4,7,3,4,2,0,5,0,2,6,0,1,1,0,4,0,1,1,1,2,1,1,0,1,0,1,3,0,1,1,0,2,0,20.5,14.375,0.663
4,1,1,4,2,0,0,2,0,0,2,0,2,1,0,3,0,1,1,1,2,1,0,0,1,0,0,2,0,1,1,0,1,0,22.0,11.0,0.603
1,1,1,2,1,2,0,6,0,0,5,0,3,1,0,6,0,1,1,1,2,1,1,0,1,0,0,3,0,1,1,0,1,0,9.667,8.333,0.788
3,6,3,3,1,1,0,6,4,2,3,0,3,1,0,4,0,1,1,1,2,1,1,0,1,1,2,3,0,1,1,0,1,0,20.0,10.0,0.559
4,0,2,1,2,2,0,1,0,1,2,2,3,0,0,1,0,1,0,1,1,1,1,0,1,0,1,2,1,1,0,0,1,0,7.0,4.667,0.772
0,2,0,0,1,1,1,6,0,0,2,0,6,0,0,1,1,0,1,0,0,1,1,1,1,0,0,2,0,1,0,0,1,1,10.0,1.0,0.316
0,1,1,1,0,1,1,2,0,0,1,1,4,0,0,0,0,0,1,1,1,0,1,1,1,0,0,1,1,1,0,0,0,0,3.25,2.0,0.588
1,0,4,1,1,0,0,1,0,0,3,8,3,0,0,2,0,1,0,1,1,1,0,0,1,0,0,2,1,1,0,0,1,0,12.0,4.0,0.577
1,2,5,0,0,2,0,2,3,1,1,2,6,1,1,2,0,1,1,1,0,0,1,0,1,1,1,1,1,1,1,1,1,0,28.0,9.0,0.401
1,2,2,3,1,1,0,1,2,1,3,2,4,0,0,4,1,1,1,1,2,1,1,0,1,1,1,2,1,1,0,0,1,1,13.5,9.0,0.68
4,4,3,1,2,2,1,7,0,0,3,1,3,0,0,3,0,1,1,1,1,1,1,1,1,0,0,2,1,1,0,0,1,0,34.0,10.0,0.485
3,5,5,3,2,4,0,6,0,2,4,1,4,1,0,5,0,1,1,1,2,1,1,0,1,0,1,2,1,1,1,0,2,0,22.5,9.5,0.422
0,0,0,0,1,0,0,1,0,0,0,6,6,0,1,0,0,0,0,0,0,1,0,0,1,0,0,0,1,1,0,1,0,0,14.0,0.0,0.189
4,1,4,3,1,1,0,4,0,1,2,3,3,0,0,0,0,1,1,1,1,1,1,0,1,0,1,2,1,1,0,0,0,0,13.5,8.5,0.544
7,11,7,8,1,6,0,12,5,1,5,6,7,3,1,7,1,1,1,1,2,1,1,0,1,1,1,3,1,1,1,1,1,1,21.75,6.25,0.379
1,2,3,3,0,0,0,0,0,1,3,2,4,1,0,3,1,1,1,1,3,0,0,0,0,0,1,2,1,1,1,0,1,1,12.0,9.375,0.722
5,2,8,4,3,1,0,5,0,1,2,0,4,1,0,2,0,1,1,1,2,1,1,0,1,0,1,1,0,1,1,0,1,0,19.0,12.0,0.574
0,0,0,0,0,0,0,0,0,0,0,8,6,0,0,0,0,0,0,0,0,0,0,0,0,0,0,0,1,1,0,0,0,0,14.0,0.0,0.189
3,1,1,3,0,1,0,2,0,2,3,5,3,1,0,2,0,1,1,1,2,0,1,0,1,0,1,2,1,1,1,0,2,0,13.0,18.0,0.971
0,3,1,0,0,0,0,0,1,0,2,0,2,0,0,2,0,0,1,1,0,0,0,0,0,1,0,2,0,1,0,0,1,0,11.0,3.0,0.426
4,9,13,7,5,6,0,23,4,1,13,4,16,6,2,13,7,1,1,1,2,1,1,0,1,1,1,4,1,1,1,1,1,1,19.0,5.714,0.368
4,4,0,2,1,4,0,10,0,1,4,3,4,0,0,4,0,1,1,0,2,1,1,0,1,0,1,4,1,1,0,0,1,0,20.5,4.0,0.552
3,2,2,2,1,2,0,3,1,1,4,0,1,0,0,6,0,1,1,1,2,1,1,0,1,1,1,3,0,1,0,0,1,0,28.0,10.0,0.535
3,3,1,0,4,0,1,19,1,0,0,4,23,0,2,2,0,1,1,1,0,1,0,1,1,1,0,0,1,1,0,1,1,0,61.0,0.0,0.091
4,2,0,2,2,2,0,5,0,1,2,0,1,1,0,2,0,1,1,0,1,1,1,0,1,0,1,2,0,1,1,0,1,0,24.0,9.0,0.577
2,2,0,0,0,1,0,1,0,0,3,0,2,1,0,3,0,1,1,0,0,0,1,0,1,0,0,2,0,1,1,0,1,0,7.5,3.5,0.548
0,1,2,1,0,2,0,3,0,1,0,0,2,0,0,2,0,0,1,1,1,0,1,0,1,0,1,0,0,1,0,0,1,0,7.0,7.0,0.567
0,2,2,1,1,1,0,2,0,2,5,0,2,0,0,5,0,0,1,1,1,1,1,0,1,0,2,2,0,1,0,0,1,0,7.667,6.333,0.59
1,1,2,3,1,0,0,6,0,1,4,1,2,0,0,4,0,1,1,1,1,1,0,0,1,0,1,3,1,1,0,0,1,0,8.667,3.333,0.555
2,3,2,3,1,4,1,3,1,1,3,0,6,1,0,3,1,1,1,1,2,1,1,1,1,1,1,2,0,1,1,0,1,1,9.0,5.75,0.707
0,2,0,0,0,3,0,5,0,0,1,0,1,0,0,1,0,0,1,0,0,0,1,0,1,0,0,1,0,1,0,0,1,0,13.0,9.0,0.588
0,2,2,1,2,1,0,2,2,1,3,8,8,0,0,3,1,0,1,1,1,1,1,0,1,1,1,1,1,1,0,0,1,1,17.5,7.5,0.478
0,1,2,1,2,0,1,0,0,1,2,5,6,0,0,3,0,0,1,1,1,1,0,1,0,0,1,1,1,1,0,0,1,0,24.0,16.0,0.577
0,2,0,0,0,2,0,3,0,0,1,6,5,0,1,3,3,0,1,0,0,0,1,0,1,0,0,1,1,1,0,1,1,1,12.0,1.0,0.289
12,8,11,10,3,6,0,14,2,5,7,3,12,4,0,8,1,1,1,1,2,1,1,0,1,1,2,5,1,1,1,0,1,1,15.143,7.143,0.549
4,4,2,2,1,4,0,7,0,2,3,2,5,2,0,6,1,1,1,1,1,1,1,0,1,0,2,3,1,1,1,0,2,1,21.5,13.125,0.755
2,2,5,2,0,1,0,4,0,0,5,1,3,2,0,5,0,1,1,1,1,0,1,0,1,0,0,3,1,1,1,0,1,0,16.0,6.5,0.5
1,0,0,3,0,0,0,1,1,1,6,0,1,1,0,3,0,1,0,0,2,0,0,0,1,1,1,3,0,1,1,0,1,0,9.0,9.5,0.833
21,23,11,25,4,21,0,31,17,9,12,13,34,7,6,13,3,1,1,1,4,1,1,0,1,1,2,4,1,1,1,1,2,1,30.5,13.312,0.453
0,1,1,0,1,0,0,2,2,0,3,2,2,1,0,1,0,0,1,1,0,1,0,0,1,1,0,3,1,1,1,0,1,0,8.0,2.0,0.53
0,0,0,0,1,0,0,2,0,0,0,5,3,0,0,0,0,0,0,0,0,1,0,0,1,0,0,0,1,1,0,0,0,0,11.0,0.0,0.213
20,25,8,9,1,8,0,20,10,11,5,21,33,1,0,13,11,1,1,1,3,1,1,0,1,1,2,4,1,1,1,0,2,1,16.333,2.333,0.404
2,1,0,0,0,1,0,3,1,0,2,0,2,0,0,1,1,1,1,0,0,0,1,0,1,1,0,1,0,1,0,0,1,1,14.0,0.0,0.189
4,7,3,4,1,5,0,7,4,2,2,0,5,0,0,3,2,1,1,1,2,1,1,0,1,1,1,2,0,1,0,0,1,1,24.5,6.0,0.303
7,2,1,6,1,2,0,8,12,1,1,10,18,0,0,3,0,1,1,1,3,1,1,0,1,1,1,1,1,1,0,0,1,0,22.333,5.5,0.346
2,2,1,1,1,3,1,3,0,0,3,1,3,0,0,3,0,1,1,1,1,1,1,1,1,0,0,2,1,1,0,0,2,0,12.0,9.0,0.433
1,3,3,0,0,1,0,2,0,0,3,2,3,0,0,3,0,1,1,1,0,0,1,0,1,0,0,2,1,1,0,0,1,0,10.5,1.0,0.309
3,1,1,1,1,1,0,22,3,2,2,16,26,0,13,6,3,1,1,1,1,1,1,0,1,1,2,2,1,1,0,1,1,1,24.5,3.893,0.286
1,2,3,1,0,2,0,4,1,0,4,1,2,1,0,3,0,1,1,1,1,0,1,0,1,1,0,3,1,1,1,0,2,0,8.333,7.667,0.707
0,0,1,2,0,1,0,3,0,1,3,0,3,0,0,3,0,0,0,1,1,0,1,0,1,0,1,2,0,1,0,0,1,0,5.667,3.333,0.686
1,1,1,3,1,1,0,2,3,1,2,2,2,0,0,1,0,1,1,1,2,1,1,0,1,1,1,2,1,1,0,0,1,0,10.5,6.5,0.617
0,2,2,0,0,1,1,3,0,0,1,2,1,0,0,1,0,0,1,1,0,0,1,1,1,0,0,1,1,1,0,0,1,0,14.0,6.0,0.378
2,0,1,2,2,0,0,3,0,1,1,1,2,1,0,1,0,1,0,1,2,1,0,0,1,0,1,1,1,1,1,0,1,0,8.5,4.5,0.514
0,4,0,3,0,2,0,5,1,0,5,0,3,1,0,3,0,0,1,0,1,0,1,0,1,1,0,3,0,1,1,0,1,0,9.0,7.667,0.544
7,10,4,1,4,1,0,16,2,2,4,1,9,0,0,3,1,1,1,1,1,1,1,0,1,1,1,2,1,1,0,0,1,1,21.667,2.0,0.175
5,2,1,2,2,3,0,7,0,0,1,2,5,0,0,1,2,1,1,1,1,1,1,0,1,0,0,1,1,1,0,0,1,1,10.667,1.333,0.25
3,0,1,2,0,0,0,2,0,0,2,2,2,2,0,2,0,1,0,1,2,0,0,0,1,0,0,2,1,1,1,0,2,0,18.0,17.571,0.667
5,8,4,4,0,7,0,10,2,2,5,7,13,2,1,8,0,1,1,1,2,0,1,0,1,1,1,3,1,1,1,1,2,0,25.667,9.667,0.403
2,2,1,1,1,0,0,2,1,0,2,0,1,0,0,1,0,1,1,1,1,1,0,0,1,1,0,1,0,1,0,0,1,0,14.0,6.0,0.567
0,1,3,0,2,2,1,3,2,0,3,16,16,0,4,1,3,0,1,1,0,1,1,1,1,1,0,3,1,1,0,1,1,1,27.0,2.5,0.289
0,0,0,0,0,0,0,0,0,0,1,20,12,0,2,1,4,0,0,0,0,0,0,0,0,0,0,1,1,1,0,1,1,1,38.0,0.0,0.115
3,4,5,6,1,2,0,3,5,1,7,3,8,0,1,6,2,1,1,1,2,1,1,0,1,1,1,4,1,1,0,1,1,1,9.333,4.5,0.567
4,4,4,3,2,5,0,5,1,0,7,5,4,1,0,6,1,1,1,1,1,1,1,0,1,1,0,4,1,1,1,0,1,1,17.333,6.0,0.49
2,2,4,2,0,1,0,1,1,1,1,1,3,0,0,2,2,1,1,1,2,0,1,0,1,1,1,1,1,1,0,0,1,1,7.667,5.333,0.737
7,7,10,8,4,5,0,14,3,3,11,3,17,1,0,8,3,1,1,1,2,1,1,0,1,1,2,4,1,1,1,0,1,1,26.0,10.5,0.416
5,6,1,4,1,6,0,12,8,2,10,6,20,2,6,8,2,1,1,1,2,1,1,0,1,1,1,5,1,1,1,1,1,1,31.0,13.667,0.44
1,0,0,2,1,1,0,1,0,1,5,0,3,0,0,3,0,1,0,0,2,1,1,0,1,0,1,3,0,1,0,0,1,0,9.0,13.0,1.167
0,2,1,3,0,1,0,4,2,2,2,1,3,0,0,2,1,0,1,1,2,0,1,0,1,1,2,2,1,1,0,0,1,1,12.0,8.5,0.722
1,3,1,0,0,2,0,3,0,0,2,0,2,0,0,2,0,1,1,1,0,0,1,0,1,0,0,2,0,1,0,0,1,0,8.0,1.0,0.354
1,0,0,1,0,1,0,1,0,0,2,0,3,1,0,1,1,1,0,0,1,0,1,0,1,0,0,2,0,1,1,0,1,1,6.0,2.0,0.612
1,1,0,1,1,2,0,3,0,1,3,0,4,1,0,3,0,1,1,0,1,1,1,0,1,0,1,3,0,1,1,0,1,0,21.0,23.0,0.926
3,2,1,2,1,4,1,4,0,1,2,0,3,0,0,2,0,1,1,1,2,1,1,1,1,0,1,2,0,1,0,0,1,0,13.0,6.0,0.555
2,1,0,3,0,3,1,3,0,1,2,0,2,1,0,1,0,1,1,0,2,0,1,1,1,0,1,2,0,1,1,0,1,0,20.0,16.0,0.791
0,2,0,1,1,1,0,7,0,0,2,4,3,0,0,4,0,0,1,0,1,1,1,0,1,0,0,2,1,1,0,0,1,0,12.5,3.0,0.566
2,4,1,1,1,0,0,3,0,0,6,0,3,0,0,4,0,1,1,1,1,1,0,0,1,0,0,5,0,1,0,0,2,0,12.5,10.0,0.99
1,2,1,0,0,1,0,3,0,0,1,11,4,0,0,3,4,1,1,1,0,0,1,0,1,0,0,1,1,1,0,0,2,1,15.5,4.5,0.381
2,2,2,2,2,1,0,3,1,0,1,14,8,0,0,2,0,1,1,1,2,1,1,0,1,1,0,1,1,1,0,0,1,0,20.0,1.0,0.224
7,4,4,0,5,2,0,8,0,0,1,8,6,0,1,4,0,1,1,1,0,1,1,0,1,0,0,1,1,1,0,1,1,0,12.25,0.5,0.202
8,10,7,5,3,7,0,20,11,1,14,34,50,1,16,11,4,1,1,1,2,1,1,0,1,1,1,6,1,1,1,1,3,1,38.4,8.4,0.408
1,0,0,2,0,0,0,3,1,0,2,0,0,1,0,1,0,1,0,0,2,0,0,0,1,1,0,1,0,0,1,0,1,0,11.0,6.0,0.64
4,4,0,1,1,4,0,4,0,1,1,3,2,0,0,0,0,1,1,0,1,1,1,0,1,0,1,1,1,1,0,0,0,0,25.0,4.0,0.424
1,2,0,3,0,3,0,2,0,0,4,1,4,0,0,1,0,1,1,0,2,0,1,0,1,0,0,3,1,1,0,0,1,0,10.5,5.5,0.617
4,5,3,1,0,3,0,5,4,1,4,1,5,0,1,7,0,1,1,1,1,0,1,0,1,1,1,3,1,1,0,1,2,0,14.333,10.333,0.755
1,0,1,3,1,0,0,1,1,0,1,2,0,1,0,0,0,1,0,1,2,1,0,0,1,1,0,1,1,0,1,0,0,0,12.0,5.0,0.612
1,3,2,2,0,1,0,2,3,0,2,0,2,1,0,2,0,1,1,1,1,0,1,0,1,1,0,1,0,1,1,0,1,0,10.5,4.0,0.463
2,2,0,0,0,0,0,3,1,0,0,8,6,0,0,1,0,1,1,0,0,0,0,0,1,1,0,0,1,1,0,0,1,0,7.667,0.0,0.147
9,18,9,7,2,5,0,17,4,1,11,11,20,3,0,11,1,1,1,1,2,1,1,0,1,1,1,4,1,1,1,0,1,1,32.25,9.5,0.374
3,3,3,3,0,4,0,5,3,1,7,1,7,0,0,5,0,1,1,1,2,0,1,0,1,1,1,5,1,1,0,0,1,0,6.429,4.143,0.738
2,1,0,1,0,1,0,3,0,0,1,1,1,1,0,0,0,1,1,0,1,0,1,0,1,0,0,1,1,1,1,0,0,0,12.0,4.0,0.612
1,3,1,0,1,2,0,0,1,0,2,3,5,0,0,2,0,1,1,1,0,1,1,0,0,1,0,2,1,1,0,0,1,0,10.5,1.0,0.309
0,1,0,0,0,0,3,0,0,0,2,1,4,0,0,3,0,0,1,0,0,0,0,1,0,0,0,2,1,1,0,0,1,0,14.0,8.0,0.567
13,15,13,18,11,19,0,37,3,9,18,5,26,6,1,17,3,1,1,1,3,1,1,0,1,1,2,5,1,1,1,1,1,1,35.5,17.583,0.388
1,1,3,6,0,0,0,5,5,3,8,9,20,2,5,6,1,1,1,1,3,0,0,0,1,1,2,3,1,1,1,1,1,1,24.0,12.917,0.583
1,4,5,5,2,3,0,6,1,1,8,6,7,1,0,6,2,1,1,1,2,1,1,0,1,1,1,3,1,1,1,0,2,1,19.333,7.667,0.464
3,3,1,3,4,2,0,9,2,0,6,0,6,0,1,4,0,1,1,1,3,1,1,0,1,1,0,3,0,1,0,1,1,0,10.75,8.125,0.647
0,4,2,2,1,2,0,3,4,0,0,0,4,0,2,3,0,0,1,1,1,1,1,0,1,1,0,0,0,1,0,1,1,0,25.0,0.0,0.141
2,6,2,2,0,3,1,6,0,0,7,4,7,1,0,5,1,1,1,1,1,0,1,1,1,0,0,4,1,1,1,0,1,1,11.75,4.75,0.516
2,1,0,3,2,2,0,3,0,1,4,0,4,1,0,3,0,1,1,0,2,1,1,0,1,0,1,4,0,1,1,0,2,0,13.0,13.0,0.971
3,3,3,5,1,1,0,2,0,0,6,0,2,0,0,3,2,1,1,1,2,1,1,0,1,0,0,3,0,1,0,0,1,1,15.5,10.0,0.508
5,6,4,9,2,2,0,1,4,3,7,1,4,1,0,3,0,1,1,1,4,1,1,0,1,1,2,3,1,1,1,0,1,0,26.0,25.25,0.686
1,1,1,2,0,2,1,3,0,0,1,0,1,0,0,2,0,1,1,1,2,0,1,1,1,0,0,1,0,1,0,0,1,0,7.5,5.5,0.73
2,1,0,1,1,2,0,3,1,0,1,0,0,1,0,0,0,1,1,0,1,1,1,0,1,1,0,1,0,0,1,0,0,0,13.0,4.0,0.588
2,2,2,3,0,1,1,4,2,2,5,0,0,0,0,4,0,1,1,1,2,0,1,1,1,1,1,3,0,0,0,0,2,0,28.0,44.0,0.935
1,0,1,2,0,1,1,3,0,0,3,0,1,0,0,0,0,1,0,1,1,0,1,1,1,0,0,3,0,1,0,0,0,0,13.0,13.0,0.784
7,3,3,0,0,4,0,10,7,0,5,1,18,1,2,6,4,1,1,1,0,0,1,0,1,1,0,3,1,1,1,1,2,1,13.8,2.6,0.341
1,3,0,0,1,1,0,4,1,0,2,3,5,0,0,2,0,1,1,0,0,1,1,0,1,1,0,1,1,1,0,0,2,0,23.0,7.0,0.442
1,1,1,3,1,1,0,3,0,0,4,2,3,0,0,3,0,1,1,1,2,1,1,0,1,0,0,3,1,1,0,0,1,0,11.5,3.0,0.59
4,2,1,0,0,0,0,2,0,0,5,0,1,1,0,3,0,1,1,1,0,0,0,0,1,0,0,4,0,1,1,0,1,0,19.0,9.0,0.649
3,5,7,5,2,5,0,6,5,4,6,0,9,2,0,5,0,1,1,1,2,1,1,0,1,1,2,3,0,1,1,0,2,0,32.0,13.125,0.53
7,4,2,2,0,4,1,9,1,0,2,3,21,0,0,3,3,1,1,1,2,0,1,1,1,1,0,2,1,1,0,0,2,1,15.0,4.5,0.456
8,12,13,9,2,12,0,26,7,4,3,11,21,1,0,7,9,1,1,1,3,1,1,0,1,1,1,2,1,1,1,0,1,1,16.222,2.333,0.234
1,2,4,1,0,1,1,1,0,0,3,0,3,0,0,2,0,1,1,1,1,0,1,1,1,0,0,2,0,1,0,0,1,0,19.0,9.0,0.649
0,3,2,3,1,2,0,5,3,0,5,1,5,0,0,3,0,0,1,1,2,1,1,0,1,1,0,2,1,1,0,0,2,0,11.0,5.667,0.492
2,1,1,4,1,1,0,2,3,0,5,3,3,1,0,1,0,1,1,1,1,1,1,0,1,1,0,2,1,1,1,0,1,0,14.0,9.0,0.535
2,2,2,1,1,0,1,2,0,3,5,0,3,1,0,5,0,1,1,1,1,1,0,1,1,0,2,4,0,1,1,0,1,0,14.0,8.5,0.668
3,7,1,2,0,3,0,5,1,1,9,8,6,1,0,7,1,1,1,1,2,0,1,0,1,1,1,5,1,1,1,0,2,1,13.75,8.143,0.667
1,4,1,2,0,4,0,4,0,0,3,0,3,0,0,2,1,1,1,1,2,0,1,0,1,0,0,3,0,1,0,0,1,1,12.5,3.0,0.566
2,3,2,5,2,2,1,10,1,3,10,0,4,0,0,10,1,1,1,1,3,1,1,1,1,1,2,6,0,1,0,0,3,1,14.0,13.0,0.85
4,7,3,3,4,8,0,15,11,0,11,28,25,2,0,14,5,1,1,1,3,1,1,0,1,1,0,5,1,1,1,0,2,1,19.857,4.143,0.48
1,3,0,2,0,2,1,5,4,0,2,1,6,2,2,1,0,1,1,0,1,0,1,1,1,1,0,1,1,1,1,1,1,0,30.0,8.0,0.387
5,5,4,2,2,2,0,8,1,3,11,2,7,1,0,9,0,1,1,1,1,1,1,0,1,1,2,4,1,1,1,0,1,0,15.5,7.75,0.539
12,14,8,10,10,13,0,36,6,8,13,2,9,4,0,24,2,1,1,1,2,1,1,0,1,1,2,6,1,1,1,0,2,1,28.5,9.667,0.487
4,4,5,1,3,5,1,12,1,3,11,2,8,0,0,12,0,1,1,1,1,1,1,1,1,1,2,5,1,1,0,0,1,0,18.0,10.5,0.583
2,10,1,2,2,2,0,8,1,0,10,3,5,1,0,9,0,1,1,1,2,1,1,0,1,1,0,6,1,1,1,0,2,0,18.667,10.0,0.756
8,8,11,5,2,8,0,10,6,3,7,0,6,3,0,9,1,1,1,1,3,1,1,0,1,1,2,3,0,1,1,0,1,1,29.0,13.333,0.455
2,4,2,1,0,3,0,6,3,0,6,0,5,2,1,5,0,1,1,1,1,0,1,0,1,1,0,4,0,1,1,1,2,0,13.0,6.667,0.679
5,5,4,2,1,3,1,6,0,2,5,0,3,3,0,7,0,1,1,1,2,1,1,1,1,0,2,3,0,1,1,0,1,0,48.0,24.0,0.612
1,3,4,0,1,1,0,5,1,0,5,2,3,0,0,5,0,1,1,1,0,1,1,0,1,1,0,5,1,1,0,0,1,0,15.5,9.0,0.762
0,0,3,2,0,0,0,0,1,0,1,2,0,1,0,1,0,0,0,1,1,0,0,0,0,1,0,1,1,0,1,0,1,0,11.0,2.0,0.426
2,0,2,2,0,0,0,0,0,1,2,0,2,0,0,2,0,1,0,1,2,0,0,0,0,0,1,2,0,1,0,0,1,0,13.0,9.0,0.784
2,1,0,1,2,0,1,4,0,0,2,0,4,0,0,2,0,1,1,0,1,1,0,1,1,0,0,2,0,1,0,0,2,0,18.0,11.0,0.667
5,2,2,5,1,4,0,10,0,1,3,0,4,3,0,4,0,1,1,1,3,1,1,0,1,0,1,2,0,1,1,0,3,0,14.667,11.083,0.64
1,3,4,3,1,4,0,6,0,0,5,0,5,2,0,4,0,1,1,1,1,1,1,0,1,0,0,2,0,1,1,0,1,0,19.0,13.5,0.459
3,1,6,5,2,2,0,5,1,2,8,1,5,2,0,9,0,1,1,1,3,1,1,0,1,1,2,2,1,1,1,0,2,0,26.0,26.25,0.588
0,1,1,2,1,1,0,2,0,0,1,4,2,0,0,0,0,0,1,1,1,1,1,0,1,0,0,1,1,1,0,0,0,0,15.0,6.0,0.548
4,1,3,2,1,0,1,1,0,1,4,0,7,1,0,3,0,1,1,1,1,1,0,1,1,0,1,3,0,1,1,0,1,0,28.0,16.0,0.668
5,9,6,7,1,6,2,11,2,3,10,1,14,4,0,6,1,1,1,1,2,1,1,1,1,1,1,3,1,1,1,0,2,1,18.0,8.6,0.373
4,7,7,5,3,3,0,12,2,2,9,2,8,1,0,9,1,1,1,1,3,1,1,0,1,1,1,2,1,1,1,0,2,1,25.333,12.524,0.487
1,1,2,7,1,1,0,4,1,1,7,0,5,0,0,7,1,1,1,1,4,1,1,0,1,1,1,3,0,1,0,0,1,1,13.333,18.881,0.783
1,0,2,2,1,2,0,4,0,0,2,0,2,1,0,4,0,1,0,1,1,1,1,0,1,0,0,2,0,1,1,0,1,0,21.0,5.0,0.463
2,1,0,2,0,1,0,2,1,0,1,1,2,0,0,1,0,1,1,0,1,0,1,0,1,1,0,1,1,1,0,0,1,0,7.0,3.0,0.567
0,1,3,1,1,0,0,1,0,0,1,2,2,3,0,1,0,0,1,1,1,1,0,0,1,0,0,1,1,1,1,0,1,0,16.0,6.0,0.354
1,0,5,1,0,0,0,1,1,1,3,1,2,0,0,3,0,1,0,1,1,0,0,0,1,1,1,2,1,1,0,0,1,0,6.333,2.0,0.487
4,6,4,5,3,5,0,6,4,0,10,3,7,0,1,7,1,1,1,1,2,1,1,0,1,1,0,5,1,1,0,1,2,1,21.333,10.333,0.619
0,2,0,2,0,1,0,4,0,1,2,2,4,1,2,3,1,0,1,0,1,0,1,0,1,0,1,2,1,1,1,1,1,1,12.5,5.0,0.424
3,2,1,1,2,2,0,5,2,0,2,0,2,0,0,1,0,1,1,1,1,1,1,0,1,1,0,1,0,1,0,0,1,0,11.5,6.5,0.59
2,1,1,1,1,1,0,1,0,0,1,2,1,1,0,1,0,1,1,1,1,1,1,0,1,0,0,1,1,1,1,0,1,0,14.0,5.0,0.567
3,7,6,2,2,2,0,8,1,2,8,5,3,4,0,9,0,1,1,1,1,1,1,0,1,1,1,3,1,1,1,0,1,0,20.667,6.667,0.359
3,3,2,4,0,6,1,11,0,0,5,0,5,0,1,4,0,1,1,1,1,0,1,1,1,0,0,4,0,1,0,1,2,0,14.667,5.0,0.533
3,1,4,2,3,3,0,9,0,2,5,0,2,0,0,5,0,1,1,1,1,1,1,0,1,0,1,3,0,1,0,0,1,0,19.5,4.0,0.34
0,0,1,1,0,0,0,0,1,0,3,0,3,1,0,2,0,0,0,1,1,0,0,0,0,1,0,3,0,1,1,0,2,0,6.0,7.0,0.816
2,4,0,4,1,3,0,5,2,2,7,1,3,4,0,8,2,1,1,0,2,1,1,0,1,1,2,2,1,1,1,0,2,1,16.0,11.333,0.612
0,2,1,3,1,2,0,3,2,1,3,1,1,1,0,7,3,0,1,1,3,1,1,0,1,1,1,3,1,1,1,0,2,1,31.0,19.0,0.762
14,21,12,13,5,14,0,34,13,3,15,3,22,3,2,20,5,1,1,1,5,1,1,0,1,1,1,7,1,1,1,1,2,1,32.667,17.929,0.606
3,2,1,2,2,4,0,5,0,2,4,2,6,1,0,7,2,1,1,1,2,1,1,0,1,0,2,3,1,1,1,0,2,1,14.333,9.524,0.647
2,1,6,3,1,3,0,4,0,2,5,0,4,1,0,5,1,1,1,1,2,1,1,0,1,0,1,2,0,1,1,0,2,1,12.667,12.0,0.574
0,1,3,0,0,1,0,2,0,0,3,0,4,0,0,3,2,0,1,1,0,0,1,0,1,0,0,3,0,1,0,0,1,1,6.333,2.333,0.649
0,1,2,2,0,2,0,4,1,0,1,0,1,1,0,1,0,0,1,1,2,0,1,0,1,1,0,1,0,1,1,0,1,0,8.0,4.5,0.53
3,5,3,3,0,2,0,5,0,0,4,1,5,0,0,3,0,1,1,1,2,0,1,0,1,0,0,4,1,1,0,0,1,0,17.0,13.0,0.728
2,3,4,3,0,2,1,2,1,2,3,0,2,1,0,4,0,1,1,1,2,0,1,1,1,1,2,3,0,1,1,0,1,0,15.0,10.5,0.775
9,8,9,5,3,6,0,10,1,2,7,10,14,1,0,6,3,1,1,1,1,1,1,0,1,1,2,3,1,1,1,0,1,1,18.6,6.4,0.367
6,2,2,3,1,1,0,6,0,1,3,0,6,0,0,2,0,1,1,1,3,1,1,0,1,0,1,3,0,1,0,0,1,0,8.25,4.893,0.739
17,22,16,14,4,13,0,26,2,6,32,1,12,8,0,24,2,1,1,1,3,1,1,0,1,1,2,8,1,1,1,0,2,1,50.0,30.75,0.6
4,1,1,1,1,1,0,4,0,0,0,0,1,0,0,0,0,1,1,1,1,1,1,0,1,0,0,0,0,1,0,0,0,0,14.0,2.0,0.378
4,1,1,3,1,0,0,5,0,3,7,0,3,2,0,7,0,1,1,1,3,1,0,0,1,0,2,5,0,1,1,0,1,0,12.333,9.857,0.93
2,3,2,2,3,2,0,7,0,0,7,5,4,1,0,4,0,1,1,1,1,1,1,0,1,0,0,4,1,1,1,0,2,0,42.0,23.0,0.655
2,1,0,2,1,1,0,3,0,0,1,0,3,0,0,1,0,1,1,0,2,1,1,0,1,0,0,1,0,1,0,0,1,0,15.0,8.0,0.548
0,0,1,1,1,4,0,4,0,1,2,3,2,0,0,4,1,0,0,1,1,1,1,0,1,0,1,2,1,1,0,0,2,1,12.0,10.0,0.722
2,3,2,1,1,2,1,3,0,0,1,0,3,0,0,2,0,1,1,1,1,1,1,1,1,0,0,1,0,1,0,0,1,0,21.0,4.0,0.463
8,10,6,7,5,9,0,22,5,4,7,8,17,1,3,12,6,1,1,1,3,1,1,0,1,1,2,3,1,1,1,1,1,1,25.8,6.8,0.436
4,4,1,2,4,2,0,14,1,0,1,6,6,1,1,2,0,1,1,1,1,1,1,0,1,1,0,1,1,1,1,1,1,0,24.0,3.0,0.306
3,2,3,4,2,4,0,7,0,1,8,5,5,4,0,3,1,1,1,1,3,1,1,0,1,0,1,5,1,1,1,0,1,1,26.0,18.0,0.784
1,1,0,1,1,0,1,2,1,0,1,0,3,0,0,1,0,1,1,0,1,1,0,1,1,1,0,1,0,1,0,0,1,0,6.0,5.25,0.612
3,2,1,2,0,1,0,4,0,0,2,0,2,0,0,0,0,1,1,1,1,0,1,0,1,0,0,2,0,1,0,0,0,0,8.5,3.0,0.514
2,7,2,1,1,4,0,8,0,1,7,2,3,0,0,7,0,1,1,1,1,1,1,0,1,0,1,4,1,1,0,0,4,0,15.0,8.0,0.738
2,1,1,0,0,1,0,1,0,1,1,1,1,1,0,2,0,1,1,1,0,0,1,0,1,0,1,1,1,1,1,0,1,0,13.0,6.0,0.392
18,10,7,7,4,6,0,21,0,1,6,2,18,0,0,9,4,1,1,1,2,1,1,0,1,0,1,4,1,1,0,0,2,1,22.6,3.6,0.333
3,2,2,4,1,3,0,8,0,0,6,0,4,2,0,3,0,1,1,1,1,1,1,0,1,0,0,4,0,1,1,0,1,0,12.667,8.667,0.574
2,7,3,1,1,2,0,5,2,0,2,0,2,0,0,4,0,1,1,1,1,1,1,0,1,1,0,1,0,1,0,0,1,0,31.0,6.0,0.381
10,4,10,3,4,2,0,9,0,2,3,7,11,3,0,5,2,1,1,1,2,1,1,0,1,0,2,2,1,1,1,0,1,1,18.75,3.75,0.327
0,1,2,1,1,2,0,2,0,0,1,0,0,0,0,1,0,0,1,1,1,1,1,0,1,0,0,1,0,0,0,0,1,0,11.0,8.571,0.64
0,0,0,1,0,1,1,3,0,2,0,0,1,0,0,2,0,0,0,0,1,0,1,1,1,0,2,0,0,1,0,0,1,0,11.0,7.0,0.426
1,2,1,2,0,3,0,4,0,1,5,1,2,0,0,3,0,1,1,1,1,0,1,0,1,0,1,3,1,1,0,0,1,0,12.5,5.0,0.566
4,4,6,6,1,4,0,4,3,1,8,3,4,1,1,2,0,1,1,1,3,1,1,0,1,1,1,5,1,1,1,1,1,0,25.5,16.0,0.693
1,7,4,1,1,1,1,9,0,3,5,3,5,1,0,10,0,1,1,1,1,1,1,1,1,0,2,3,1,1,1,0,1,0,52.0,17.0,0.49
8,14,6,3,1,8,1,22,0,4,6,5,15,2,0,9,0,1,1,1,3,1,1,1,1,0,1,3,1,1,1,0,2,0,26.25,4.75,0.345
0,0,1,1,1,3,0,4,0,0,1,3,3,0,0,2,0,0,0,1,1,1,1,0,1,0,0,1,1,1,0,0,1,0,19.0,6.0,0.487
2,2,1,2,1,0,1,3,0,0,4,0,1,0,0,3,0,1,1,1,2,1,0,1,1,0,0,3,0,1,0,0,1,0,20.0,6.0,0.632
0,1,1,2,0,0,0,0,1,1,2,1,2,1,0,1,0,0,1,1,1,0,0,0,0,1,1,1,1,1,1,0,1,0,13.0,19.0,0.588
1,1,0,3,0,3,0,4,1,0,2,0,2,1,0,2,0,1,1,0,2,0,1,0,1,1,0,2,0,1,1,0,2,0,10.0,5.5,0.632
5,4,5,6,3,2,0,8,0,1,10,0,4,6,0,5,0,1,1,1,2,1,1,0,1,0,1,5,0,1,1,0,1,0,20.0,14.667,0.639
0,0,1,1,1,1,0,1,0,0,4,2,1,0,0,3,0,0,0,1,1,1,1,0,1,0,0,3,1,1,0,0,1,0,7.5,4.0,0.548
1,1,0,1,0,1,0,1,2,0,1,1,1,1,1,1,0,1,1,0,1,0,1,0,1,1,0,1,1,0,1,1,1,0,12.0,4.0,0.612
0,1,0,1,0,1,1,3,0,1,1,0,2,0,0,0,0,0,1,0,1,0,1,1,1,0,1,1,0,1,0,0,0,0,11.0,11.0,0.853
0,3,0,0,2,0,0,6,0,1,2,0,2,0,0,2,0,0,1,0,0,1,0,0,1,0,1,2,0,1,0,0,1,0,19.0,4.0,0.487
1,1,0,0,1,0,0,6,0,3,5,0,5,1,0,1,1,1,1,0,0,1,0,0,1,0,1,2,0,1,1,0,1,1,13.0,15.5,0.555
1,2,1,1,0,2,0,1,1,0,1,1,1,0,0,0,0,1,1,1,1,0,1,0,1,1,0,1,1,1,0,0,0,0,12.0,6.0,0.612
0,5,5,6,1,0,0,5,1,5,8,1,5,2,0,6,0,0,1,1,4,1,0,0,1,1,2,5,1,1,1,0,1,0,12.5,15.5,1.0
2,0,1,4,0,1,0,3,6,0,1,0,4,0,2,0,1,1,0,1,2,0,1,0,1,1,0,1,0,1,0,1,0,1,11.5,6.5,0.442
3,4,2,1,2,5,0,6,0,0,4,2,2,0,0,4,0,1,1,1,1,1,1,0,1,0,0,2,1,1,0,0,1,0,17.5,4.0,0.359
1,1,0,2,0,1,0,2,0,0,2,0,0,0,0,2,0,1,1,0,1,0,1,0,1,0,0,1,0,0,0,0,1,0,11.0,0.0,0.213
11,9,8,5,3,5,0,12,1,3,10,0,10,3,0,7,0,1,1,1,2,1,1,0,1,1,2,5,0,1,1,0,1,0,21.5,9.0,0.534
1,2,0,1,0,1,0,2,0,1,1,0,1,0,0,2,0,1,1,0,1,0,1,0,1,0,1,1,0,1,0,0,1,0,12.0,6.0,0.408
3,3,4,1,0,3,0,8,2,1,3,1,3,1,0,3,0,1,1,1,1,0,1,0,1,1,1,2,1,1,1,0,2,0,36.0,13.0,0.471
3,1,0,0,1,1,0,3,3,0,2,0,3,0,1,3,0,1,1,0,0,1,1,0,1,1,0,1,0,1,0,1,2,0,20.0,11.0,0.474
4,12,6,9,5,7,0,10,7,0,10,0,6,2,0,3,1,1,1,1,2,1,1,0,1,1,0,4,0,1,1,0,2,1,20.5,10.25,0.547
0,2,3,1,0,0,0,1,4,2,0,0,4,0,1,3,0,0,1,1,1,0,0,0,1,1,2,0,0,1,0,1,1,0,9.5,6.375,0.487
1,1,3,0,1,2,0,2,0,1,4,0,4,0,0,5,0,1,1,1,0,1,1,0,1,0,1,3,0,1,0,0,1,0,12.0,7.5,0.433
2,8,3,0,1,0,0,4,5,1,2,0,2,0,0,5,0,1,1,1,0,1,0,0,1,1,1,1,0,1,0,0,1,0,16.5,2.0,0.246
1,2,1,0,0,1,0,4,6,0,2,0,9,0,0,2,0,1,1,1,0,0,1,0,1,1,0,1,0,1,0,0,2,0,14.0,5.5,0.401
2,5,2,3,2,3,0,4,2,1,7,2,2,0,0,4,0,1,1,1,3,1,1,0,1,1,1,4,1,1,0,0,2,0,19.5,16.25,0.793
4,9,3,6,4,6,0,12,3,1,8,6,8,2,0,7,0,1,1,1,2,1,1,0,1,1,1,3,1,1,1,0,1,0,19.75,6.5,0.398
2,7,2,0,1,9,0,12,0,1,4,0,4,3,0,5,2,1,1,1,0,1,1,0,1,0,1,2,0,1,1,0,1,1,13.0,4.0,0.294
1,4,0,1,1,4,0,6,2,0,1,0,3,0,1,1,0,1,1,0,1,1,1,0,1,1,0,1,0,1,0,1,1,0,12.0,5.5,0.577
1,0,0,1,5,1,0,7,0,1,1,6,6,1,1,1,0,1,0,0,1,1,1,0,1,0,1,1,1,1,1,1,1,0,15.5,2.0,0.381
4,6,2,0,0,4,0,3,4,0,2,8,4,0,0,6,1,1,1,1,0,0,1,0,1,1,0,1,1,1,0,0,2,1,11.0,2.75,0.32
3,2,3,2,1,2,0,3,0,1,5,2,2,0,0,2,0,1,1,1,1,1,1,0,1,0,1,3,1,1,0,0,2,0,14.0,9.5,0.668
9,7,1,3,1,7,0,10,2,1,6,4,6,0,0,6,0,1,1,1,2,1,1,0,1,1,1,3,1,1,0,0,2,0,31.5,10.5,0.445
8,9,13,6,4,12,0,16,4,3,11,8,10,4,0,10,1,1,1,1,3,1,1,0,1,1,1,5,1,1,1,0,3,1,29.5,12.25,0.521
1,0,2,1,2,1,0,3,0,0,3,3,3,0,0,4,1,1,0,1,1,1,1,0,1,0,0,2,1,1,0,0,2,1,24.0,17.0,0.722
4,3,6,5,3,5,0,7,3,0,5,2,6,1,0,4,0,1,1,1,2,1,1,0,1,1,0,2,1,1,1,0,1,0,17.667,4.667,0.291
1,3,2,1,2,0,0,3,3,0,2,0,3,1,0,3,0,1,1,1,1,1,0,0,1,1,0,2,0,1,1,0,1,0,24.0,4.0,0.433
1,2,1,0,1,1,0,3,2,0,3,7,3,0,0,2,0,1,1,1,0,1,1,0,1,1,0,2,1,1,0,0,2,0,13.0,6.5,0.555
2,4,5,1,0,0,0,5,2,0,4,5,4,0,0,3,1,1,1,1,1,0,0,0,1,1,0,4,1,1,0,0,2,1,12.0,6.667,0.825
9,6,6,8,1,5,0,13,0,2,10,0,13,3,0,10,1,1,1,1,2,1,1,0,1,0,2,7,0,1,1,0,1,1,21.25,11.25,0.767
3,1,1,3,1,1,0,3,0,0,1,0,1,1,0,1,0,1,1,1,1,1,1,0,1,0,0,1,0,0,1,0,1,0,16.0,9.0,0.53
1,1,3,1,0,1,0,4,0,0,2,0,4,0,0,2,0,1,1,1,1,0,1,0,1,0,0,2,0,1,0,0,1,0,6.333,2.0,0.649
1,0,2,2,0,1,0,1,1,0,2,1,1,0,0,1,0,1,0,1,2,0,1,0,1,1,0,2,1,1,0,0,1,0,13.0,19.0,0.784
1,1,2,1,1,0,0,3,0,2,1,3,3,1,0,2,0,1,1,1,1,1,0,0,1,0,1,1,1,1,1,0,1,0,21.0,4.0,0.463
4,3,3,6,3,3,0,7,0,3,6,0,3,0,0,7,0,1,1,1,1,1,1,0,1,0,2,2,0,1,0,0,2,0,24.0,9.625,0.408
1,2,3,2,1,1,1,3,0,1,1,0,0,0,0,2,0,1,1,1,2,1,1,1,1,0,1,1,0,0,0,0,1,0,18.0,16.0,0.667
0,0,0,0,0,0,0,6,1,0,0,3,0,0,0,1,1,0,0,0,0,0,0,0,1,1,0,0,1,0,0,0,1,1,12.0,0.0,0.204
0,2,3,2,1,0,0,0,3,0,3,0,2,0,1,2,0,0,1,1,2,1,0,0,0,1,0,2,0,1,0,1,1,0,9.0,3.0,0.5
0,0,0,0,0,2,0,3,0,1,0,2,1,0,0,3,0,0,0,0,0,0,1,0,1,0,1,0,1,1,0,0,1,0,6.0,0.0,0.204
2,2,0,0,0,1,2,5,0,2,1,0,3,0,0,4,0,1,1,0,0,0,1,1,1,0,1,1,0,1,0,0,1,0,5.5,0.5,0.302
0,1,2,1,1,0,0,1,0,0,5,1,2,0,0,2,0,0,1,1,1,1,0,0,1,0,0,4,1,1,0,0,1,0,5.667,4.667,1.029
0,0,2,1,0,0,0,2,0,0,4,0,2,0,0,2,1,0,0,1,1,0,0,0,1,0,0,3,0,1,0,0,1,1,7.0,7.0,0.945
1,1,0,0,2,0,0,1,0,1,3,0,1,1,0,3,0,1,1,0,0,1,0,0,1,0,1,3,0,0,1,0,1,0,13.0,7.0,0.588
1,1,0,0,1,0,0,2,0,0,0,2,4,0,0,0,0,1,1,0,0,1,0,0,1,0,0,0,1,1,0,0,0,0,5.5,0.0,0.213
0,1,0,2,0,2,0,0,0,1,2,4,0,1,0,1,0,0,1,0,2,0,1,0,0,0,1,2,1,0,1,0,1,0,14.0,11.0,0.756
3,2,3,2,1,0,0,6,1,1,0,0,5,1,0,5,0,1,1,1,1,1,0,0,1,1,1,0,0,1,1,0,1,0,15.5,5.5,0.381
3,3,1,1,1,3,0,5,1,1,3,12,14,0,0,8,3,1,1,1,1,1,1,0,1,1,1,2,1,1,0,0,1,1,12.8,2.4,0.177
1,2,1,1,0,0,0,1,0,0,6,0,1,1,0,2,0,1,1,1,1,0,0,0,1,0,0,4,0,1,1,0,1,0,16.0,18.0,0.884
0,0,2,3,2,0,1,1,0,1,4,3,3,0,0,3,1,0,0,1,3,1,0,1,1,0,1,4,1,1,0,0,1,1,8.0,8.333,1.01
3,0,3,2,0,1,0,6,0,3,3,0,2,0,0,3,0,1,0,1,1,0,1,0,1,0,1,2,0,1,0,0,1,0,26.0,6.0,0.416
2,1,1,1,1,2,0,3,1,0,4,1,2,0,0,2,0,1,1,1,1,1,1,0,1,1,0,4,1,1,0,0,2,0,10.5,9.5,1.08
2,0,0,1,0,0,0,1,0,0,3,0,5,1,0,2,0,1,0,0,1,0,0,0,1,0,0,2,0,1,1,0,1,0,15.0,6.0,0.548
2,2,4,4,1,1,0,3,0,1,4,0,2,1,0,1,0,1,1,1,3,1,1,0,1,0,1,3,0,1,1,0,1,0,13.0,10.75,0.832
1,4,0,4,0,3,0,6,0,1,3,0,3,0,0,6,1,1,1,0,3,0,1,0,1,0,1,3,0,1,0,0,2,1,11.0,9.333,0.862
2,0,1,2,0,1,0,2,0,1,2,2,3,1,0,3,0,1,0,1,1,0,1,0,1,0,1,2,1,1,1,0,1,0,10.0,6.5,0.632
0,0,4,0,0,1,0,3,0,0,1,2,2,0,0,3,0,0,0,1,0,0,1,0,1,0,0,1,1,1,0,0,3,0,16.0,15.0,0.707
0,0,0,0,0,1,0,5,0,0,2,0,0,2,0,2,0,0,0,0,0,0,1,0,1,0,0,1,0,0,1,0,1,0,12.0,14.0,0.408
2,1,2,2,0,3,0,4,0,1,2,0,3,0,0,4,0,1,1,1,1,0,1,0,1,0,1,2,0,1,0,0,2,0,12.0,6.0,0.577
0,1,1,1,2,0,0,4,0,0,1,1,1,0,0,2,0,0,1,1,1,1,0,0,1,0,0,1,1,0,0,0,1,0,13.0,2.0,0.392
3,1,1,1,1,1,0,3,3,1,3,7,9,1,0,3,1,1,1,1,1,1,1,0,1,1,1,3,1,1,1,0,2,1,20.0,11.0,0.783
2,2,2,3,1,1,0,2,0,2,6,2,2,0,0,2,0,1,1,1,2,1,1,0,1,0,2,4,1,1,0,0,1,0,9.0,8.667,0.816
1,3,0,2,0,3,0,6,0,1,3,6,19,0,2,3,2,1,1,0,1,0,1,0,1,0,1,2,1,1,0,1,1,1,12.25,2.0,0.303
2,2,2,1,1,2,0,2,0,0,1,3,2,0,0,1,0,1,1,1,1,1,1,0,1,0,0,1,1,1,0,0,1,0,19.0,2.0,0.324
0,1,2,2,0,1,0,3,0,0,4,0,4,0,0,4,1,0,1,1,1,0,1,0,1,0,0,4,0,1,0,0,2,1,22.0,22.0,0.905
3,5,5,2,1,5,0,6,0,1,3,0,2,0,0,3,0,1,1,1,2,1,1,0,1,0,1,2,0,1,0,0,1,0,18.0,8.5,0.589
6,7,7,3,3,7,2,8,1,0,5,2,7,0,0,6,0,1,1,1,2,1,1,1,1,1,0,3,1,1,0,0,2,0,12.8,3.8,0.442
1,1,3,2,0,0,0,1,0,2,3,0,4,1,1,2,0,1,1,1,2,0,0,0,1,0,2,3,0,1,1,1,1,0,7.0,8.333,0.926
5,4,2,4,0,7,0,35,8,3,3,19,52,1,28,7,5,1,1,1,2,0,1,0,1,1,2,3,1,1,1,1,1,1,18.111,2.111,0.277
7,10,7,7,1,8,1,17,1,0,7,11,9,5,1,3,0,1,1,1,1,1,1,1,1,1,0,5,1,1,1,1,1,0,19.0,6.8,0.508
1,3,3,2,0,3,0,3,0,0,3,0,1,1,0,3,0,1,1,1,1,0,1,0,1,0,0,2,0,1,1,0,1,0,23.0,11.0,0.59
4,2,5,3,1,4,0,6,0,1,4,3,3,1,0,1,0,1,1,1,1,1,1,0,1,0,1,2,1,1,1,0,1,0,12.667,6.333,0.459
5,3,3,1,2,2,0,6,0,0,2,0,1,0,0,4,0,1,1,1,1,1,1,0,1,0,0,2,0,1,0,0,2,0,14.5,7.5,0.657
6,7,3,6,0,6,0,10,0,3,8,1,6,1,0,6,0,1,1,1,3,0,1,0,1,0,2,5,1,1,1,0,1,0,15.75,13.0,0.713
1,0,0,2,0,1,1,1,0,0,2,0,2,1,0,1,0,1,0,0,2,0,1,1,1,0,0,2,0,1,1,0,1,0,12.0,18.0,1.021
3,2,3,3,1,5,0,5,0,0,2,1,4,0,0,1,0,1,1,1,1,1,1,0,1,0,0,2,1,1,0,0,1,0,15.0,4.0,0.387
1,2,1,1,0,2,0,2,1,0,1,3,3,0,0,0,0,1,1,1,1,0,1,0,1,1,0,1,1,1,0,0,0,0,8.5,3.0,0.514
1,0,0,2,1,2,0,3,0,0,3,0,1,2,0,4,0,1,0,0,1,1,1,0,1,0,0,2,0,1,1,0,1,0,19.0,12.0,0.324
2,2,1,1,0,2,0,2,2,0,4,0,1,1,0,3,0,1,1,1,1,0,1,0,1,1,0,2,0,1,1,0,1,0,21.0,12.0,0.463
7,6,3,1,2,5,0,6,1,0,3,9,9,1,0,4,1,1,1,1,1,1,1,0,1,1,0,1,1,1,1,0,1,1,29.5,3.0,0.184
3,4,2,2,2,2,0,5,0,1,3,2,5,1,1,4,1,1,1,1,1,1,1,0,1,0,1,3,1,1,1,1,1,1,12.333,6.0,0.581
1,1,1,6,1,7,0,9,0,4,10,2,8,4,0,11,0,1,1,1,1,1,1,0,1,0,2,4,1,1,1,0,3,0,13.0,14.6,0.614
1,0,2,1,0,1,0,2,0,0,1,0,3,0,0,2,0,1,0,1,1,0,1,0,1,0,0,1,0,1,0,0,1,0,13.0,5.0,0.588
6,4,7,5,4,4,0,5,1,1,15,0,10,3,0,9,0,1,1,1,2,1,1,0,1,1,1,4,0,1,1,0,2,0,18.5,12.286,0.493
2,1,0,1,0,1,0,1,0,0,3,1,2,0,0,2,0,1,1,0,1,0,1,0,1,0,0,3,1,1,0,0,1,0,7.0,6.0,0.756
2,5,1,3,1,3,0,10,0,0,6,1,1,1,0,2,0,1,1,1,1,1,1,0,1,0,0,3,1,1,1,0,2,0,9.0,6.25,0.589
1,0,2,1,1,4,0,5,0,0,3,0,5,0,0,2,0,1,0,1,1,1,1,0,1,0,0,2,0,1,0,0,1,0,12.0,5.0,0.577
2,3,4,3,1,3,0,6,0,0,2,2,4,0,0,2,1,1,1,1,1,1,1,0,1,0,0,1,1,1,0,0,2,1,16.5,8.5,0.492
1,2,0,0,0,1,0,1,1,0,3,0,1,0,0,2,0,1,1,0,0,0,1,0,1,1,0,2,0,1,0,0,1,0,6.0,3.5,0.612
0,0,1,5,1,1,0,4,3,2,1,4,2,1,0,5,0,0,0,1,4,1,1,0,1,1,2,1,1,1,1,0,2,0,15.0,15.375,0.775
0,0,1,3,1,1,0,3,1,0,1,2,0,0,0,2,0,0,0,1,2,1,1,0,1,1,0,1,1,0,0,0,1,0,15.0,9.0,0.548
1,1,2,3,2,0,0,2,0,0,4,0,1,0,0,3,0,1,1,1,2,1,0,0,1,0,0,4,0,1,0,0,1,0,19.0,15.0,0.811
2,2,0,0,0,2,0,1,0,0,3,0,1,0,0,1,1,1,1,0,0,0,1,0,1,0,0,3,0,1,0,0,1,1,13.0,11.0,0.784
3,7,5,4,5,5,0,12,0,5,19,1,8,0,0,15,3,1,1,1,3,1,1,0,1,0,2,5,1,1,0,0,3,1,13.143,13.857,0.663
4,4,4,3,1,3,0,7,1,0,7,2,6,2,0,7,0,1,1,1,1,1,1,0,1,1,0,4,1,1,1,0,2,0,17.0,11.333,0.594
2,1,0,4,2,2,0,5,0,1,3,1,3,0,0,2,0,1,1,0,2,1,1,0,1,0,1,2,1,1,0,0,1,0,13.0,13.0,0.832
3,9,4,3,1,7,0,11,3,2,7,5,8,1,0,8,1,1,1,1,2,1,1,0,1,1,1,5,1,1,1,0,1,1,24.333,9.0,0.579
1,0,0,1,1,1,0,2,0,0,0,3,3,0,0,0,1,1,0,0,1,1,1,0,1,0,0,0,1,1,0,0,0,1,12.0,2.0,0.408
0,1,0,3,0,1,0,4,2,1,2,0,2,1,0,2,0,0,1,0,2,0,1,0,1,1,1,1,0,1,1,0,2,0,19.0,23.75,0.811
0,1,3,0,1,1,0,2,0,0,1,2,10,0,0,2,0,0,1,1,0,1,1,0,1,0,0,1,1,1,0,0,1,0,10.5,1.0,0.309
3,6,5,3,3,4,1,13,2,1,8,2,12,0,1,7,4,1,1,1,1,1,1,1,1,1,1,6,1,1,0,1,1,1,24.333,9.0,0.579
1,2,0,1,1,2,0,2,0,1,2,1,0,0,0,3,0,1,1,0,1,1,1,0,1,0,1,1,1,0,0,0,2,0,16.0,10.0,0.53
2,1,3,5,2,2,0,6,1,2,9,0,3,1,0,7,0,1,1,1,1,1,1,0,1,1,2,4,0,1,1,0,2,0,44.0,34.25,0.746
3,1,0,1,1,3,1,5,4,0,2,2,5,0,0,2,0,1,1,0,1,1,1,1,1,1,0,1,1,1,0,0,2,0,7.5,1.0,0.258
2,0,1,1,0,1,0,3,0,0,0,0,3,0,0,0,0,1,0,1,1,0,1,0,1,0,0,0,0,1,0,0,0,0,5.5,1.0,0.426
6,9,3,1,0,3,1,7,6,1,3,2,7,2,0,11,1,1,1,1,1,0,1,1,1,1,1,2,1,1,1,0,3,1,21.0,6.667,0.356
2,7,3,3,5,3,1,5,0,0,9,1,7,0,0,10,1,1,1,1,3,1,1,1,1,0,0,3,1,1,0,0,1,1,19.0,11.0,0.468
1,5,4,4,2,4,0,9,1,2,4,0,2,1,0,6,0,1,1,1,1,1,1,0,1,1,1,4,0,1,1,0,1,0,22.5,9.0,0.527
0,3,0,1,1,1,0,3,3,0,1,0,3,0,0,1,0,0,1,0,1,1,1,0,1,1,0,1,0,1,0,0,1,0,5.667,1.333,0.514
2,6,2,2,1,4,0,4,1,1,1,4,3,0,0,2,0,1,1,1,1,1,1,0,1,1,1,1,1,1,0,0,1,0,16.5,3.0,0.369
6,11,5,4,4,4,0,12,0,5,6,0,8,0,0,11,0,1,1,1,2,1,1,0,1,0,2,4,0,1,0,0,1,0,19.0,6.0,0.487
4,1,0,3,2,0,0,1,0,0,7,0,3,0,0,5,1,1,1,0,2,1,0,0,1,0,0,5,0,1,0,0,1,1,9.0,7.667,0.816
1,1,2,1,1,0,0,2,0,1,2,0,1,0,0,1,0,1,1,1,1,1,0,0,1,0,1,2,0,1,0,0,1,0,13.0,13.0,0.588
2,3,3,4,1,1,0,3,0,4,8,1,6,0,0,7,0,1,1,1,3,1,1,0,1,0,2,4,1,1,0,0,1,0,14.333,12.0,0.755
12,14,12,18,9,11,0,20,1,7,24,3,19,5,0,27,3,1,1,1,6,1,1,0,1,1,2,6,1,1,1,0,3,1,36.8,31.85,0.626
3,6,6,2,1,3,0,8,0,0,6,1,6,2,0,3,0,1,1,1,1,1,1,0,1,0,0,2,1,1,1,0,1,0,15.667,5.333,0.413
0,0,2,0,1,0,0,3,0,0,1,7,7,0,0,1,2,0,0,1,0,1,0,0,1,0,0,1,1,1,0,0,1,1,8.0,0.667,0.289
3,4,3,4,1,1,0,6,0,1,8,0,5,4,0,8,0,1,1,1,2,1,1,0,1,0,1,3,0,1,1,0,1,0,16.0,11.667,0.612
3,5,0,4,2,3,0,5,2,2,8,2,3,1,0,5,0,1,1,0,2,1,1,0,1,1,2,5,1,1,1,0,1,0,15.0,16.667,0.843
4,2,1,1,1,1,0,1,0,0,3,1,3,0,0,1,0,1,1,1,1,1,1,0,1,0,0,2,1,1,0,0,1,0,19.0,8.0,0.649
10,5,10,8,3,6,0,8,2,2,10,4,12,4,0,8,0,1,1,1,2,1,1,0,1,1,2,3,1,1,1,0,2,0,23.0,12.25,0.516
6,3,6,9,4,4,0,10,0,5,12,2,8,2,0,11,0,1,1,1,3,1,1,0,1,0,2,5,1,1,1,0,1,0,82.0,60.0,0.625
6,4,0,9,4,8,0,23,0,2,9,0,13,1,3,11,0,1,1,0,4,1,1,0,1,0,2,7,0,1,1,1,2,0,22.0,15.688,0.829
5,5,8,2,2,6,0,11,0,1,18,1,8,4,0,17,1,1,1,1,2,1,1,0,1,0,1,4,1,1,1,0,3,1,17.8,10.0,0.525
3,2,1,1,1,0,0,3,0,0,1,0,2,0,0,0,0,1,1,1,1,1,0,0,1,0,0,1,0,1,0,0,0,0,14.0,4.0,0.567
1,1,4,2,1,2,0,3,1,1,1,3,5,1,0,1,0,1,1,1,1,1,1,0,1,1,1,1,1,1,1,0,1,0,27.0,2.0,0.272
0,2,0,2,0,2,0,2,0,0,4,0,0,1,0,0,0,0,1,0,1,0,1,0,1,0,0,3,0,0,1,0,0,0,13.0,11.0,0.784
0,2,0,5,1,1,0,10,1,0,8,1,7,2,0,7,2,0,1,0,2,1,1,0,1,1,0,5,1,1,1,0,1,1,23.0,14.5,0.626
0,0,3,1,1,1,0,3,1,0,4,1,1,2,0,5,0,0,0,1,1,1,1,0,1,1,0,3,1,1,1,0,1,0,25.0,17.0,0.566
4,0,2,1,1,1,0,6,0,0,4,11,12,0,3,3,0,1,0,1,1,1,1,0,1,0,0,2,1,1,0,1,1,0,11.5,2.5,0.417
8,5,10,1,2,5,0,7,0,0,11,2,10,5,0,10,1,1,1,1,1,1,1,0,1,0,0,4,1,1,1,0,2,1,25.667,14.667,0.483
4,2,3,1,0,4,0,6,1,0,2,2,4,1,0,3,0,1,1,1,1,0,1,0,1,1,0,2,1,1,1,0,2,0,16.5,4.5,0.615
1,0,3,3,2,1,0,10,1,1,3,0,3,0,0,2,1,1,0,1,2,1,1,0,1,1,1,2,0,1,0,0,1,1,10.333,5.667,0.635
1,2,1,0,0,0,0,3,0,0,3,0,1,0,0,2,0,1,1,1,0,0,0,0,1,0,0,2,0,1,0,0,1,0,13.0,7.0,0.588
3,4,1,1,2,3,0,11,0,1,5,7,8,0,0,5,0,1,1,1,1,1,1,0,1,0,1,4,1,1,0,0,1,0,25.5,6.0,0.495
1,1,1,1,0,0,0,4,1,1,0,1,3,0,0,3,0,1,1,1,1,0,0,0,1,1,1,0,1,1,0,0,1,0,17.0,7.0,0.343
4,5,8,2,3,6,0,11,3,2,17,3,11,2,0,18,2,1,1,1,1,1,1,0,1,1,1,7,1,1,1,0,2,1,32.333,13.667,0.574
1,1,0,0,0,0,0,5,0,0,2,0,1,1,0,1,0,1,1,0,0,0,0,0,1,0,0,2,0,1,1,0,1,0,12.0,5.0,0.612
1,0,0,0,2,0,0,7,0,0,0,0,0,0,0,0,1,1,0,0,0,1,0,0,1,0,0,0,0,0,0,0,0,1,11.0,0.0,0.213
4,9,3,3,4,7,1,15,0,2,13,2,10,3,0,12,1,1,1,1,2,1,1,1,1,0,1,5,1,1,1,0,1,1,29.667,18.0,0.525
1,2,1,0,2,0,0,5,0,0,0,1,2,0,0,1,0,1,1,1,0,1,0,0,1,0,0,0,1,1,0,0,1,0,7.5,0.0,0.183
8,8,3,6,2,7,0,14,0,1,7,6,18,1,0,10,9,1,1,1,3,1,1,0,1,0,1,3,1,1,1,0,1,1,25.0,11.0,0.424
3,4,2,2,0,3,1,12,1,0,2,2,21,0,0,4,3,1,1,1,2,0,1,1,1,1,0,2,1,1,0,0,2,1,14.75,4.5,0.46
5,8,7,5,1,5,0,10,0,1,8,0,3,3,0,5,0,1,1,1,3,1,1,0,1,0,1,4,0,1,1,0,2,0,30.5,22.5,0.543
4,4,4,1,1,4,0,7,0,0,2,3,6,0,0,3,0,1,1,1,1,1,1,0,1,0,0,2,1,1,0,0,1,0,9.75,1.5,0.453
0,0,1,3,0,0,1,0,0,0,3,1,2,0,0,1,0,0,0,1,2,0,0,1,0,0,0,3,1,1,0,0,1,0,6.0,5.5,0.816
6,3,6,0,2,2,1,17,0,0,3,10,26,0,1,5,0,1,1,1,0,1,1,1,1,0,0,2,1,1,0,1,1,0,16.4,1.4,0.234
6,1,1,3,0,4,0,6,1,1,6,4,9,2,0,6,0,1,1,1,2,0,1,0,1,1,1,4,1,1,1,0,2,0,12.25,7.25,0.707
4,1,0,1,4,0,0,5,0,0,2,0,3,1,0,2,3,1,1,0,1,1,0,0,1,0,0,2,0,1,1,0,1,1,24.0,6.0,0.577
5,4,7,7,4,9,0,17,0,5,9,0,13,1,0,8,0,1,1,1,4,1,1,0,1,0,1,4,0,1,1,0,3,0,14.667,13.125,0.754
3,2,1,0,0,0,1,1,0,0,3,0,4,1,0,3,0,1,1,1,0,0,0,1,1,0,0,2,0,1,1,0,1,0,9.5,5.0,0.487
11,9,12,9,2,6,2,20,0,2,18,2,18,5,0,11,0,1,1,1,2,1,1,1,1,0,2,7,1,1,1,0,3,0,14.0,9.778,0.693
1,1,3,0,0,0,0,0,0,0,3,2,0,1,0,2,0,1,1,1,0,0,0,0,0,0,0,2,1,0,1,0,1,0,13.0,4.0,0.392
0,1,2,2,1,1,0,5,0,1,5,1,4,1,1,6,0,0,1,1,1,1,1,0,1,0,1,2,1,1,1,1,1,0,15.0,5.5,0.387
1,0,2,0,1,0,0,5,0,0,0,3,5,0,0,0,0,1,0,1,0,1,0,0,1,0,0,0,1,1,0,0,0,0,8.5,0.0,0.171
9,14,7,7,8,5,0,18,8,0,18,0,14,1,3,12,0,1,1,1,3,1,1,0,1,1,0,9,0,1,1,1,2,0,24.2,11.56,0.771
1,2,2,2,2,1,0,3,1,1,3,1,2,0,0,3,0,1,1,1,2,1,1,0,1,1,1,2,1,1,0,0,1,0,24.0,21.0,0.866
0,1,0,0,1,0,0,4,0,0,1,12,11,0,0,2,0,0,1,0,0,1,0,0,1,0,0,1,1,1,0,0,1,0,33.0,2.0,0.246
3,2,0,3,2,4,0,4,0,0,8,4,5,1,0,5,0,1,1,0,2,1,1,0,1,0,0,3,1,1,1,0,1,0,20.5,8.0,0.442
3,4,4,8,3,8,0,11,0,2,10,0,6,1,0,8,0,1,1,1,1,1,1,0,1,0,2,2,0,1,1,0,2,0,34.0,14.625,0.429
2,1,0,1,1,1,1,4,0,0,0,1,0,1,0,0,0,1,1,0,1,1,1,1,1,0,0,0,1,0,1,0,0,0,13.0,2.0,0.392
3,13,4,5,2,6,0,21,5,2,11,20,27,1,2,9,6,1,1,1,2,1,1,0,1,1,1,5,1,1,1,1,1,1,19.286,5.429,0.365
6,8,1,1,1,3,0,8,2,0,11,4,5,1,0,7,0,1,1,1,1,1,1,0,1,1,0,5,1,1,1,0,3,0,29.0,17.0,0.743
0,2,0,0,1,1,0,1,1,0,1,2,1,0,0,2,0,0,1,0,0,1,1,0,1,1,0,1,1,1,0,0,1,0,12.0,2.0,0.408
2,2,1,1,0,1,0,2,1,1,3,0,3,0,0,3,0,1,1,1,1,0,1,0,1,1,1,2,0,1,0,0,1,0,10.0,3.0,0.474
3,4,2,2,1,0,0,4,0,0,4,1,2,0,0,2,0,1,1,1,2,1,0,0,1,0,0,3,1,1,0,0,1,0,12.5,4.0,0.566
0,2,1,1,1,0,0,4,1,0,1,0,0,1,0,0,0,0,1,1,1,1,0,0,1,1,0,1,0,0,1,0,0,0,12.0,5.0,0.612
0,2,2,0,2,1,0,4,1,0,3,3,0,0,0,2,0,0,1,1,0,1,1,0,1,1,0,2,1,0,0,0,1,0,20.0,6.0,0.474
0,0,1,1,1,0,0,1,0,0,4,3,3,1,0,2,0,0,0,1,1,1,0,0,1,0,0,4,1,1,1,0,2,0,8.5,7.0,0.857
3,0,2,0,1,1,0,3,0,0,0,3,5,0,0,1,0,1,0,1,0,1,1,0,1,0,0,0,1,1,0,0,1,0,9.5,0.0,0.162
2,0,3,1,1,2,1,4,0,0,1,0,2,0,1,1,0,1,0,1,1,1,1,1,1,0,0,1,0,1,0,1,1,0,9.0,1.0,0.333
5,12,5,4,4,6,0,9,0,0,8,1,6,2,0,5,0,1,1,1,2,1,1,0,1,0,0,3,1,1,1,0,1,0,22.333,8.667,0.432
0,2,5,2,2,1,0,5,0,2,4,4,4,1,0,3,0,0,1,1,1,1,1,0,1,0,2,2,1,1,1,0,1,0,11.667,7.0,0.598
2,3,4,3,1,5,0,8,0,2,3,1,4,1,0,4,0,1,1,1,3,1,1,0,1,0,2,2,1,1,1,0,1,0,20.5,13.786,0.773
1,1,2,2,0,0,0,0,0,0,2,0,1,0,0,2,0,1,1,1,2,0,0,0,0,0,0,2,0,1,0,0,1,0,11.0,13.571,1.066
3,4,1,1,1,4,2,7,0,0,7,1,6,0,0,5,2,1,1,1,1,1,1,1,1,0,0,4,1,1,0,0,1,1,22.0,5.5,0.533
2,1,2,2,0,1,0,3,0,1,1,1,1,0,0,1,0,1,1,1,2,0,1,0,1,0,1,1,1,1,0,0,1,0,16.0,16.0,0.884
6,5,6,7,1,2,0,9,3,2,16,5,9,2,0,9,1,1,1,1,2,1,1,0,1,1,1,6,1,1,1,0,1,1,20.75,14.25,0.543
1,1,1,1,0,1,1,3,2,0,2,1,1,0,0,1,0,1,1,1,1,0,1,1,1,1,0,2,1,1,0,0,1,0,16.0,13.0,0.884
5,5,1,6,0,2,1,7,0,3,6,1,10,1,0,5,0,1,1,1,2,0,1,1,1,0,1,3,1,1,1,0,1,0,13.25,11.25,0.486
2,1,3,3,1,1,0,4,0,0,3,0,3,1,0,0,0,1,1,1,1,1,1,0,1,0,0,2,0,1,1,0,0,0,22.0,12.0,0.603
1,0,0,1,0,1,0,1,0,0,1,1,4,0,0,1,1,1,0,0,1,0,1,0,1,0,0,1,1,1,0,0,1,1,4.333,2.667,0.588
2,2,1,2,2,2,0,7,0,2,4,0,4,1,1,3,0,1,1,1,1,1,1,0,1,0,1,4,0,1,1,1,1,0,16.0,12.5,0.75
2,2,4,1,1,0,0,7,0,0,3,1,5,0,0,1,0,1,1,1,1,1,0,0,1,0,0,3,1,1,0,0,1,0,6.5,3.0,0.693
3,1,2,2,1,3,0,5,0,0,3,0,2,0,0,2,0,1,1,1,1,1,1,0,1,0,0,2,0,1,0,0,2,0,12.0,7.0,0.722
2,0,2,0,1,1,0,1,0,1,0,2,3,0,0,0,0,1,0,1,0,1,1,0,1,0,1,0,1,1,0,0,0,0,6.5,3.5,0.392
0,1,1,0,0,1,0,3,4,0,1,12,9,0,0,0,0,0,1,1,0,0,1,0,1,1,0,1,1,1,0,0,0,0,16.0,0.0,0.125
4,8,4,3,2,5,0,5,2,1,7,5,1,1,0,4,2,1,1,1,2,1,1,0,1,1,1,4,1,1,1,0,1,1,27.0,7.5,0.481
0,3,0,0,0,3,0,2,0,1,2,3,0,0,0,2,0,0,1,0,0,0,1,0,1,0,1,2,1,0,0,0,1,0,16.0,2.0,0.354
1,5,0,0,1,3,0,3,0,0,3,1,2,0,0,2,0,1,1,0,0,1,1,0,1,0,0,3,1,1,0,0,1,0,21.0,4.0,0.463
1,2,4,0,1,3,0,8,2,0,4,0,2,0,0,3,0,1,1,1,0,1,1,0,1,1,0,2,0,1,0,0,2,0,14.5,10.5,0.657
1,0,2,0,0,1,0,2,0,1,2,0,0,0,0,2,0,1,0,1,0,0,1,0,1,0,1,2,0,0,0,0,2,0,11.0,12.0,0.853
2,9,1,3,3,3,0,7,0,1,11,0,4,0,0,6,0,1,1,1,2,1,1,0,1,0,1,4,0,1,0,0,1,0,16.667,10.0,0.6
4,7,4,4,1,5,0,6,0,3,11,2,6,4,0,12,0,1,1,1,1,1,1,0,1,0,2,6,1,1,1,0,1,0,23.0,16.333,0.596
4,7,1,3,2,2,0,9,1,3,0,1,2,0,0,8,0,1,1,1,2,1,1,0,1,1,2,0,1,1,0,0,1,0,21.5,4.5,0.323
0,1,0,2,0,1,0,3,0,1,3,0,2,0,0,2,0,0,1,0,2,0,1,0,1,0,1,3,0,1,0,0,1,0,15.0,15.0,1.095
0,2,3,0,1,2,0,5,0,0,1,1,0,0,0,1,0,0,1,1,0,1,1,0,1,0,0,1,1,0,0,0,1,0,16.0,2.0,0.354
0,4,2,0,0,1,0,5,0,0,1,3,2,1,1,3,2,0,1,1,0,0,1,0,1,0,0,1,1,1,1,1,1,1,24.0,2.0,0.289
2,0,1,2,1,0,0,4,0,1,2,2,4,0,0,2,0,1,0,1,2,1,0,0,1,0,1,2,1,1,0,0,1,0,21.0,18.75,0.772
0,2,2,1,0,1,1,3,1,1,1,2,0,0,0,0,0,0,1,1,1,0,1,1,1,1,1,1,1,0,0,0,0,0,15.0,12.0,0.73
0,2,1,0,1,1,0,4,1,0,0,0,0,0,0,3,0,0,1,1,0,1,1,0,1,1,0,0,0,0,0,0,1,0,13.0,0.0,0.196
3,2,1,1,1,1,0,4,1,0,1,0,3,0,0,1,0,1,1,1,1,1,1,0,1,1,0,1,0,1,0,0,1,0,9.0,2.0,0.5
2,3,0,3,0,1,0,6,3,0,2,1,7,0,0,1,0,1,1,0,1,0,1,0,1,1,0,2,1,1,0,0,1,0,9.667,3.333,0.525
1,3,2,2,0,1,0,4,0,2,3,1,4,3,0,4,0,1,1,1,2,0,1,0,1,0,1,2,1,1,1,0,1,0,15.0,4.5,0.516
2,1,3,2,0,0,0,2,0,0,1,0,2,0,0,1,0,1,1,1,1,0,0,0,1,0,0,1,0,1,0,0,1,0,14.0,4.0,0.378
7,12,6,8,1,6,1,10,4,7,10,0,6,5,0,10,2,1,1,1,4,1,1,1,1,1,2,4,0,1,1,0,1,1,23.5,15.5,0.583
1,3,3,0,0,0,0,3,1,1,4,1,3,0,0,5,0,1,1,1,0,0,0,0,1,1,1,3,1,1,0,0,3,0,12.5,9.125,0.849
3,9,6,3,2,6,0,10,0,2,11,0,6,4,0,9,1,1,1,1,2,1,1,0,1,0,2,5,0,1,1,0,2,1,36.0,30.375,0.75
1,0,0,0,1,0,0,4,4,0,0,2,4,0,0,0,0,1,0,0,0,1,0,0,1,1,0,0,1,1,0,0,0,0,16.0,0.0,0.177
2,7,4,5,1,3,0,7,0,3,12,1,3,4,0,6,1,1,1,1,2,1,1,0,1,0,2,5,1,1,1,0,1,1,19.667,15.0,0.644
2,1,1,1,0,2,1,3,1,1,3,1,2,0,0,3,0,1,1,1,1,0,1,1,1,1,1,2,1,1,0,0,1,0,22.0,8.0,0.603
4,4,3,2,1,4,0,9,2,1,4,4,3,0,0,8,1,1,1,1,2,1,1,0,1,1,1,3,1,1,0,0,2,1,25.0,9.0,0.6
6,0,6,2,1,1,0,6,1,1,7,1,6,0,0,6,0,1,0,1,1,1,1,0,1,1,1,4,1,1,0,0,2,0,11.0,5.75,0.533
6,8,6,3,2,9,0,12,0,2,13,0,7,4,0,12,1,1,1,1,1,1,1,0,1,0,2,6,0,1,1,0,2,1,28.333,15.0,0.614
2,1,0,0,0,0,0,0,2,0,0,4,1,0,0,2,1,1,1,0,0,0,0,0,0,1,0,0,1,1,0,0,1,1,13.0,0.0,0.196
6,6,6,1,1,5,0,14,4,1,4,0,9,1,0,6,0,1,1,1,1,1,1,0,1,1,1,3,0,1,1,0,3,0,21.333,7.333,0.53
5,13,11,8,3,4,0,20,1,2,15,2,12,3,1,13,1,1,1,1,4,1,1,0,1,1,1,4,1,1,1,1,2,1,18.667,10.292,0.535
4,5,3,2,1,4,0,7,2,0,3,0,3,1,0,6,0,1,1,1,1,1,1,0,1,1,0,2,0,1,1,0,2,0,20.5,5.5,0.331
3,2,1,2,0,1,0,2,0,0,4,0,5,1,0,1,0,1,1,1,1,0,1,0,1,0,0,4,0,1,1,0,1,0,11.0,7.5,0.754
2,11,3,6,1,8,0,10,5,1,9,0,6,1,0,7,1,1,1,1,4,1,1,0,1,1,1,4,0,1,1,0,1,1,17.75,14.438,0.755
11,16,8,10,13,14,1,50,4,2,21,3,24,0,0,17,0,1,1,1,4,1,1,1,1,1,2,5,1,1,0,0,3,0,12.125,10.438,0.457
5,3,0,4,2,7,0,11,0,3,3,1,7,0,0,8,0,1,1,0,3,1,1,0,1,0,2,2,1,1,0,0,2,0,18.0,10.333,0.481
12,23,16,8,11,15,1,36,7,6,22,2,11,3,0,28,0,1,1,1,2,1,1,1,1,1,2,4,1,1,1,0,3,0,18.273,7.727,0.399
0,1,0,0,0,2,0,2,0,0,2,1,1,0,0,2,0,0,1,0,0,0,1,0,1,0,0,2,1,1,0,0,2,0,11.0,9.0,0.64
1,0,0,1,1,0,1,1,0,1,2,0,1,0,0,2,0,1,0,0,1,1,0,1,1,0,1,1,0,1,0,0,1,0,11.0,11.0,0.64
0,0,0,2,0,1,0,1,0,1,1,3,1,0,0,2,0,0,0,0,2,0,1,0,1,0,1,1,1,0,0,0,1,0,11.0,15.0,0.853
7,3,7,8,2,6,0,9,1,2,18,2,4,9,0,14,2,1,1,1,2,1,1,0,1,1,1,5,1,1,1,0,2,1,23.75,22.25,0.508
1,1,1,1,1,0,0,4,3,1,2,5,6,0,1,2,0,1,1,1,1,1,0,0,1,1,1,2,1,1,0,1,1,0,14.0,3.0,0.535
6,10,9,3,4,4,0,14,0,3,12,3,9,1,0,11,1,1,1,1,2,1,1,0,1,0,2,4,1,1,1,0,1,1,14.833,7.333,0.6
2,2,1,3,1,0,0,2,1,1,2,0,1,0,0,4,0,1,1,1,3,1,0,0,1,1,1,1,0,1,0,0,1,0,20.0,19.571,0.791
5,8,8,5,2,2,0,12,0,4,11,0,9,5,1,17,3,1,1,1,2,1,1,0,1,0,2,4,0,1,1,1,1,1,23.0,15.25,0.442
1,2,1,1,0,2,1,7,1,1,3,1,2,0,0,3,0,1,1,1,1,0,1,1,1,1,1,2,1,1,0,0,1,0,13.0,5.0,0.416
10,15,8,12,9,8,0,25,0,5,21,7,11,3,2,22,0,1,1,1,3,1,1,0,1,0,1,7,1,1,1,1,3,0,22.286,14.714,0.51
4,0,0,0,1,0,0,5,1,0,0,10,12,0,3,0,2,1,0,0,0,1,0,0,1,1,0,0,1,1,0,1,0,1,19.0,0.0,0.115
0,2,1,0,1,1,0,4,0,1,4,3,5,0,1,3,1,0,1,1,0,1,1,0,1,0,1,4,1,1,0,1,1,1,12.5,6.0,0.566
4,4,4,8,4,3,2,11,1,1,7,0,6,2,0,10,2,1,1,1,3,1,1,1,1,1,1,5,0,1,1,0,1,1,13.8,9.2,0.681
1,2,1,0,1,1,1,3,0,5,6,1,2,1,0,5,0,1,1,1,0,1,1,1,1,0,3,4,1,1,1,0,2,0,15.0,20.125,0.904
1,1,0,1,0,2,0,2,0,1,2,0,2,0,0,1,0,1,1,0,1,0,1,0,1,0,1,2,0,1,0,0,1,0,6.5,10.875,0.981
18,30,14,23,5,28,2,50,1,14,30,5,27,7,0,26,5,1,1,1,3,1,1,1,1,1,2,7,1,1,1,0,3,1,31.556,16.778,0.42
27,25,11,22,11,25,1,54,0,10,26,10,33,7,1,28,3,1,1,1,2,1,1,1,1,0,2,7,1,1,1,1,4,1,29.2,11.0,0.455
2,1,1,1,0,1,1,1,0,0,2,2,7,0,1,1,0,1,1,1,1,0,1,1,1,0,0,2,1,1,0,1,1,0,6.667,2.333,0.632
2,1,1,0,0,1,0,2,2,0,0,0,2,0,1,0,0,1,1,1,0,0,1,0,1,1,0,0,0,1,0,1,0,0,11.0,0.0,0.213
1,3,2,3,0,2,1,4,1,1,2,1,1,1,0,3,0,1,1,1,3,0,1,1,1,1,1,2,1,1,1,0,1,0,26.0,19.571,0.693
3,2,3,1,3,1,0,0,2,0,2,4,3,0,0,2,0,1,1,1,1,1,1,0,0,1,0,2,1,1,0,0,1,0,12.5,2.5,0.424
2,2,2,3,0,1,0,3,0,1,4,0,6,1,0,5,1,1,1,1,2,0,1,0,1,0,1,2,0,1,1,0,1,1,10.0,5.333,0.387
2,0,1,2,1,0,0,0,0,1,3,2,3,0,1,2,1,1,0,1,1,1,0,0,0,0,1,2,1,1,0,1,1,1,9.0,5.5,0.667
3,5,4,1,3,4,0,9,2,0,6,0,8,1,0,5,0,1,1,1,1,1,1,0,1,1,0,3,0,1,1,0,2,0,51.0,26.0,0.495
1,0,4,3,2,1,0,3,0,0,6,8,10,0,0,3,1,1,0,1,3,1,1,0,1,0,0,3,1,1,0,0,1,1,21.0,11.786,0.655
1,3,4,1,0,4,0,7,0,1,3,2,6,0,2,3,0,1,1,1,1,0,1,0,1,0,1,1,1,1,0,1,2,0,17.5,5.5,0.478
0,2,0,1,1,0,0,1,1,0,1,4,1,0,0,1,0,0,1,0,1,1,0,0,1,1,0,1,1,1,0,0,1,0,13.0,4.0,0.588
3,1,2,1,1,2,0,5,0,0,2,0,3,0,0,3,0,1,1,1,1,1,1,0,1,0,0,2,0,1,0,0,1,0,11.5,8.0,0.59
0,4,1,3,0,3,0,6,0,1,9,0,5,1,1,5,0,0,1,1,3,0,1,0,1,0,1,5,0,1,1,1,1,0,9.75,8.25,0.906
1,1,1,3,0,0,1,0,0,1,4,0,3,0,0,3,0,1,1,1,2,0,0,1,0,0,1,3,0,1,0,0,1,0,18.0,13.0,0.667
1,1,0,2,0,0,3,2,1,0,4,0,4,1,0,4,1,1,1,0,1,0,0,1,1,1,0,2,0,1,1,0,1,1,8.0,3.333,0.433
3,6,1,3,3,5,1,9,1,1,9,0,6,0,0,6,0,1,1,1,2,1,1,1,1,1,1,4,0,1,0,0,1,0,27.0,11.5,0.481
3,5,3,4,1,8,0,10,0,2,8,0,6,2,0,8,0,1,1,1,2,1,1,0,1,0,2,5,0,1,1,0,2,0,20.0,10.667,0.639
0,0,0,2,0,1,0,2,0,1,2,0,2,0,0,2,0,0,0,0,1,0,1,0,1,0,1,1,0,1,0,0,2,0,12.0,13.25,0.816
7,8,5,4,6,7,0,20,0,2,8,0,5,1,0,8,2,1,1,1,3,1,1,0,1,0,2,5,0,1,1,0,1,1,41.5,16.0,0.621
0,0,2,1,0,0,0,2,0,1,3,1,1,1,0,2,0,0,0,1,1,0,0,0,1,0,1,2,1,1,1,0,1,0,14.0,23.0,0.945
5,4,6,3,2,6,0,11,3,2,6,0,6,4,1,5,0,1,1,1,2,1,1,0,1,1,1,4,0,1,1,1,1,0,31.5,5.5,0.445
0,2,0,2,1,1,0,2,1,0,4,1,1,0,0,2,0,0,1,0,1,1,1,0,1,1,0,3,1,1,0,0,1,0,17.0,22.0,0.686
3,4,1,0,2,0,0,2,0,0,5,1,1,1,0,5,0,1,1,1,0,1,0,0,1,0,0,4,1,1,1,0,1,0,12.5,8.5,0.707
2,5,2,5,0,1,0,6,2,0,6,0,3,4,0,4,1,1,1,1,2,0,1,0,1,1,0,3,0,1,1,0,1,1,20.0,7.0,0.447
0,1,5,1,0,0,0,0,0,1,1,0,2,0,0,0,0,0,1,1,1,0,0,0,0,0,1,1,0,1,0,0,0,0,11.0,12.0,0.853
1,1,4,2,0,1,0,3,0,1,2,2,2,1,0,2,0,1,1,1,2,0,1,0,1,0,1,2,1,1,1,0,1,0,11.0,3.0,0.603
1,1,0,1,1,2,0,3,0,0,2,0,2,0,0,0,0,1,1,0,1,1,1,0,1,0,0,2,0,1,0,0,0,0,6.5,3.0,0.784
1,1,3,2,1,2,0,2,1,0,3,1,5,1,0,2,0,1,1,1,1,1,1,0,1,1,0,2,1,1,1,0,2,0,25.0,28.0,0.566
2,6,4,2,0,1,0,3,3,1,5,0,3,3,0,6,0,1,1,1,2,0,1,0,1,1,1,2,0,1,1,0,2,0,19.5,15.5,0.679
0,1,2,2,1,0,0,0,0,0,5,0,0,0,0,3,0,0,1,1,1,1,0,0,0,0,0,3,0,0,0,0,1,0,14.0,24.0,0.756
0,3,2,2,1,1,0,4,0,0,3,2,2,1,0,3,0,0,1,1,1,1,1,0,1,0,0,3,1,1,1,0,1,0,12.0,4.0,0.577
3,0,2,1,1,2,0,1,0,0,0,2,3,0,0,1,0,1,0,1,1,1,1,0,1,0,0,0,1,1,0,0,1,0,8.0,1.0,0.354
1,4,1,1,2,1,0,4,0,2,5,1,3,0,0,7,0,1,1,1,1,1,1,0,1,0,1,3,1,1,0,0,3,0,16.0,9.5,0.625
1,2,1,2,0,1,0,1,1,0,3,0,0,1,0,1,0,1,1,1,2,0,1,0,1,1,0,2,0,0,1,0,1,0,14.0,6.0,0.567
5,2,1,5,1,4,0,8,0,3,5,4,9,1,0,8,3,1,1,1,3,1,1,0,1,0,1,3,1,1,1,0,2,1,14.75,10.938,0.644
4,2,1,2,1,2,0,6,0,1,2,0,3,1,0,3,0,1,1,1,1,1,1,0,1,0,1,2,0,1,1,0,1,0,14.0,4.5,0.535
0,1,2,2,0,2,3,3,1,1,5,0,2,0,0,3,0,0,1,1,2,0,1,1,1,1,1,3,0,1,0,0,1,0,8.333,7.0,0.707
1,6,0,3,3,4,0,8,2,2,4,2,4,0,0,4,0,1,1,0,2,1,1,0,1,1,2,2,1,1,0,0,1,0,20.5,8.5,0.552
3,2,2,2,0,3,0,3,1,1,3,2,3,2,0,2,1,1,1,1,1,0,1,0,1,1,1,2,1,1,1,0,2,1,31.0,24.0,0.635
9,7,13,12,5,5,1,16,6,5,18,4,15,7,2,16,3,1,1,1,3,1,1,1,1,1,2,6,1,1,1,1,2,1,28.4,18.8,0.593
2,1,0,2,1,1,0,10,0,0,3,3,5,1,0,3,1,1,1,0,1,1,1,0,1,0,0,1,1,1,1,0,1,1,17.0,5.0,0.364
2,4,0,4,1,2,0,5,1,3,5,1,2,1,0,7,0,1,1,0,2,1,1,0,1,1,2,3,1,1,1,0,1,0,38.0,31.0,0.574
6,4,0,4,3,1,0,12,0,1,3,2,4,1,0,5,1,1,1,0,1,1,1,0,1,0,1,3,1,1,1,0,1,1,23.5,7.0,0.413
1,3,2,6,1,3,1,5,3,3,5,1,2,2,0,6,0,1,1,1,5,1,1,1,1,1,2,3,1,1,1,0,1,0,44.0,45.5,0.853
1,4,2,3,2,3,0,6,0,0,4,0,2,0,0,5,0,1,1,1,1,1,1,0,1,0,0,3,0,1,0,0,1,0,32.0,31.0,0.5
12,6,4,2,9,6,0,23,42,0,2,20,64,0,16,2,9,1,1,1,1,1,1,0,1,1,0,2,1,1,0,1,1,1,93.5,2.0,0.103
6,1,3,1,1,1,0,3,0,0,5,0,5,1,0,4,1,1,1,1,1,1,1,0,1,0,0,4,0,1,1,0,2,1,10.667,5.667,0.75
1,2,2,4,2,2,0,4,0,4,4,0,2,0,0,5,0,1,1,1,3,1,1,0,1,0,2,2,0,1,0,0,1,0,32.0,43.0,0.75
2,1,0,2,1,3,1,2,2,0,2,1,4,0,0,1,1,1,1,0,1,1,1,1,1,1,0,1,1,1,0,0,1,1,11.0,2.0,0.302
10,9,5,7,2,12,0,14,1,1,6,9,9,4,0,6,1,1,1,1,3,1,1,0,1,1,1,3,1,1,1,0,1,1,24.0,7.75,0.433
11,15,7,16,6,8,0,16,6,11,18,9,8,8,0,23,3,1,1,1,4,1,1,0,1,1,2,6,1,1,1,0,1,1,33.0,18.8,0.55
0,2,1,1,1,3,0,7,0,1,1,0,1,0,0,2,0,0,1,1,1,1,1,0,1,0,1,1,0,1,0,0,1,0,20.0,14.0,0.632
5,3,2,10,2,5,0,5,2,5,13,3,5,4,0,5,0,1,1,1,3,1,1,0,1,1,2,5,1,1,1,0,1,0,22.667,22.0,0.686
6,8,3,3,2,8,0,13,1,1,12,1,2,2,0,11,0,1,1,1,1,1,1,0,1,1,1,5,1,1,1,0,3,0,36.5,23.0,0.662
3,3,4,3,1,4,0,9,0,2,4,1,5,2,0,5,0,1,1,1,3,1,1,0,1,0,1,2,1,1,1,0,1,0,44.0,15.0,0.426
2,4,2,3,3,2,0,3,0,1,5,5,6,1,0,5,0,1,1,1,2,1,1,0,1,0,1,4,1,1,1,0,1,0,14.0,7.667,0.655
3,1,4,1,1,3,0,5,0,0,3,1,1,0,0,2,0,1,1,1,1,1,1,0,1,0,0,3,1,1,0,0,1,0,12.5,3.5,0.566
6,8,5,5,6,6,0,13,2,2,7,32,23,1,0,5,10,1,1,1,4,1,1,0,1,1,2,4,1,1,1,0,2,1,64.5,22.5,0.498
3,4,4,3,3,3,0,3,2,0,7,6,1,2,0,5,0,1,1,1,2,1,1,0,1,1,0,3,1,1,1,0,1,0,11.5,6.0,0.521
1,0,2,0,0,1,0,1,0,0,2,1,2,0,0,1,0,1,0,1,0,0,1,0,1,0,0,2,1,1,0,0,1,0,5.5,1.0,0.426
9,6,4,6,2,6,1,9,0,2,2,2,9,0,0,5,0,1,1,1,3,1,1,1,1,0,1,2,1,1,0,0,1,0,31.5,7.0,0.356
1,3,2,4,1,4,0,5,0,1,6,6,4,1,0,5,0,1,1,1,2,1,1,0,1,0,1,4,1,1,1,0,2,0,14.333,10.0,0.755
0,3,2,1,2,2,0,10,0,1,4,1,2,1,0,2,0,0,1,1,1,1,1,0,1,0,1,4,1,1,1,0,2,0,31.0,29.0,0.889
2,1,2,3,1,1,0,5,2,0,6,1,6,1,0,5,1,1,1,1,2,1,1,0,1,1,0,4,1,1,1,0,1,1,18.5,12.75,0.814
3,2,6,1,1,2,0,5,0,1,2,1,0,2,0,0,1,1,1,1,1,1,1,0,1,0,1,1,1,0,1,0,0,1,27.0,17.0,0.544
6,6,1,2,0,3,0,10,0,2,6,2,5,0,1,5,2,1,1,1,1,0,1,0,1,0,1,4,1,1,0,1,2,1,25.5,16.0,0.594
2,3,3,2,0,3,0,4,2,0,3,3,2,0,0,2,0,1,1,1,2,0,1,0,1,1,0,3,1,1,0,0,1,0,14.5,8.0,0.788
20,9,5,11,6,12,0,23,0,8,13,9,12,7,0,18,2,1,1,1,3,1,1,0,1,0,2,6,1,1,1,0,2,1,22.143,10.714,0.511
0,1,1,1,0,2,0,2,0,0,1,3,3,0,0,2,0,0,1,1,1,0,1,0,1,0,0,1,1,1,0,0,1,0,8.0,2.5,0.53
0,2,0,2,0,2,1,3,0,1,2,1,1,0,0,2,0,0,1,0,2,0,1,1,1,0,1,2,1,1,0,0,1,0,17.0,23.0,1.029
2,0,2,1,0,0,0,0,0,0,3,4,1,1,0,2,0,1,0,1,1,0,0,0,0,0,0,2,1,1,1,0,1,0,8.0,4.0,0.53
3,8,5,4,2,1,0,11,1,0,7,2,7,0,1,3,1,1,1,1,1,1,1,0,1,1,0,4,1,1,0,1,1,1,27.5,16.0,0.477
0,1,2,2,0,1,0,2,0,1,4,1,4,0,0,4,1,0,1,1,2,0,1,0,1,0,1,3,1,1,0,0,1,1,7.667,5.0,0.737
1,0,1,2,0,0,0,2,0,0,2,0,2,1,0,1,0,1,0,1,2,0,0,0,1,0,0,2,0,1,1,0,1,0,12.0,12.571,1.021
1,1,2,2,0,1,0,2,0,0,3,0,3,0,0,2,0,1,1,1,2,0,1,0,1,0,0,3,0,1,0,0,1,0,8.5,9.786,1.029
4,4,9,4,3,2,0,11,1,2,7,1,6,0,0,7,0,1,1,1,3,1,1,0,1,1,1,4,1,1,0,0,1,0,20.333,12.333,0.634
2,0,2,4,2,1,0,5,2,1,5,0,2,2,0,5,0,1,0,1,3,1,1,0,1,1,1,2,0,1,1,0,1,0,33.0,28.0,0.739
3,4,0,4,0,4,0,8,0,4,2,1,4,2,0,6,0,1,1,0,3,0,1,0,1,0,3,2,1,1,1,0,2,0,21.0,19.5,0.873
2,0,0,2,0,1,0,5,0,1,0,1,4,0,0,1,0,1,0,0,2,0,1,0,1,0,1,0,1,1,0,0,1,0,18.0,14.0,0.667
8,1,5,7,5,2,0,10,1,0,5,1,5,0,0,7,2,1,1,1,2,1,1,0,1,1,0,3,1,1,0,0,2,1,14.75,7.75,0.552
2,7,1,0,0,0,1,3,2,1,2,0,3,1,0,1,0,1,1,1,0,0,0,1,1,1,1,1,0,1,1,0,1,0,12.5,5.5,0.424
1,0,1,1,0,0,0,0,1,1,3,0,2,0,0,2,0,1,0,1,1,0,0,0,0,1,1,2,0,1,0,0,1,0,6.0,7.0,0.816
1,4,3,2,1,0,0,2,1,2,9,1,4,2,0,5,0,1,1,1,1,1,0,0,1,1,1,4,1,1,1,0,1,0,18.5,13.5,0.697
5,1,1,3,1,0,0,3,1,0,4,0,4,1,0,1,0,1,1,1,1,1,0,0,1,1,0,3,0,1,1,0,1,0,8.0,4.333,0.577
5,5,4,3,3,4,0,10,0,1,4,5,6,1,1,4,0,1,1,1,2,1,1,0,1,0,1,2,1,1,1,1,1,0,27.5,7.5,0.381
1,2,2,0,0,1,0,3,0,3,5,2,2,1,0,6,0,1,1,1,0,0,1,0,1,0,1,3,1,1,1,0,2,0,14.0,15.5,0.668
6,7,6,3,1,1,0,7,5,0,11,0,8,2,0,10,0,1,1,1,1,1,1,0,1,1,0,6,0,1,1,0,2,0,22.0,14.333,0.696
0,0,1,2,1,1,0,1,4,1,2,0,3,1,0,5,0,0,0,1,2,1,1,0,1,1,1,1,0,1,1,0,1,0,11.0,12.25,0.754
0,0,2,1,0,2,0,3,1,1,1,0,2,1,0,4,0,0,0,1,1,0,1,0,1,1,1,1,0,1,1,0,1,0,9.0,1.0,0.333
1,2,1,3,2,2,0,3,0,2,3,0,0,0,0,3,1,1,1,1,3,1,1,0,1,0,1,2,0,0,0,0,1,1,23.0,27.0,0.737
2,1,5,2,2,1,0,3,0,2,3,2,1,0,0,2,0,1,1,1,2,1,1,0,1,0,1,2,1,1,0,0,1,0,26.0,22.0,0.693
12,14,13,8,8,8,0,20,10,2,12,21,25,1,3,11,4,1,1,1,4,1,1,0,1,1,1,7,1,1,1,1,1,1,13.077,5.288,0.597
0,2,6,3,1,1,0,4,0,1,6,3,7,0,1,5,0,0,1,1,3,1,1,0,1,0,1,2,1,1,0,1,1,0,9.75,7.143,0.566
0,1,1,1,0,0,0,1,0,0,1,0,7,0,0,1,0,0,1,1,1,0,0,0,1,0,0,1,0,1,0,0,1,0,13.0,9.0,0.588
3,1,0,0,1,2,0,5,0,1,3,0,2,0,0,4,0,1,1,0,0,1,1,0,1,0,1,2,0,1,0,0,2,0,11.0,7.5,0.603
0,1,1,1,0,0,2,0,0,0,2,0,3,0,0,1,0,0,1,1,1,0,0,1,0,0,0,2,0,1,0,0,1,0,11.0,8.0,0.64
0,1,1,1,0,1,0,2,0,0,1,1,3,0,0,1,0,0,1,1,1,0,1,0,1,0,0,1,1,1,0,0,1,0,6.0,2.0,0.612
6,7,1,3,1,4,0,7,1,0,4,0,4,1,0,2,1,1,1,1,2,1,1,0,1,1,0,3,0,1,1,0,1,1,21.0,6.0,0.436
0,3,0,1,0,2,0,6,1,1,3,1,2,1,0,4,0,0,1,0,1,0,1,0,1,1,1,2,1,1,1,0,1,0,25.0,7.0,0.424
4,2,2,5,3,4,1,6,1,0,4,1,3,0,0,3,0,1,1,1,2,1,1,1,1,1,0,3,1,1,0,0,1,0,9.75,3.25,0.453
2,3,2,2,0,0,0,2,1,0,3,0,2,1,0,2,0,1,1,1,1,0,0,0,1,1,0,3,0,1,1,0,1,0,10.0,7.5,0.791
5,1,5,5,5,2,0,5,1,3,5,0,3,1,0,6,0,1,1,1,1,1,1,0,1,1,2,2,0,1,1,0,1,0,23.5,9.5,0.413
1,1,3,6,3,1,0,2,1,0,2,0,1,0,0,3,0,1,1,1,2,1,1,0,1,1,0,2,0,1,0,0,1,0,24.0,7.0,0.433
3,1,2,3,3,2,0,4,0,1,1,4,5,1,1,2,1,1,1,1,2,1,1,0,1,0,1,1,1,1,1,1,1,1,32.0,23.0,0.625
4,2,1,4,1,0,0,3,0,0,4,2,5,1,0,2,1,1,1,1,3,1,0,0,1,0,0,3,1,1,1,0,1,1,9.667,4.0,0.657
14,13,8,9,4,12,0,24,1,4,20,0,20,6,0,16,1,1,1,1,3,1,1,0,1,1,2,5,0,1,1,0,3,1,21.857,10.51,0.572
2,0,1,1,1,0,0,6,0,2,3,0,1,1,0,2,0,1,0,1,1,1,0,0,1,0,1,2,0,1,1,0,2,0,20.0,29.0,0.791
0,0,3,1,1,0,2,0,1,1,3,0,0,0,0,1,0,0,0,1,1,1,0,1,0,1,1,2,0,0,0,0,1,0,4.333,5.667,0.981
2,1,1,2,2,3,1,7,1,0,4,0,5,0,0,3,0,1,1,1,1,1,1,1,1,1,0,2,0,1,0,0,1,0,10.333,2.667,0.381
1,0,2,3,1,0,1,3,0,1,4,2,2,0,0,3,1,1,0,1,1,1,0,1,1,0,1,4,1,1,0,0,1,1,8.0,4.333,0.722
18,14,8,11,7,9,0,28,1,1,12,0,19,4,3,11,1,1,1,1,2,1,1,0,1,1,1,4,0,1,1,1,1,1,48.0,12.0,0.295
1,2,1,2,0,2,0,6,0,0,3,0,1,0,0,2,2,1,1,1,2,0,1,0,1,0,0,3,0,1,0,0,1,1,11.0,11.0,0.754
3,2,1,4,0,2,0,2,2,2,3,0,5,0,1,1,0,1,1,1,2,0,1,0,1,1,1,2,0,1,0,1,1,0,9.0,6.667,0.544
2,1,3,4,0,4,0,6,0,2,1,0,1,1,0,4,0,1,1,1,2,0,1,0,1,0,1,1,0,1,1,0,1,0,29.0,2.0,0.263
1,1,1,0,0,1,1,3,1,0,2,0,0,0,0,2,0,1,1,1,0,0,1,1,1,1,0,2,0,0,0,0,2,0,13.0,4.0,0.588
4,3,1,0,0,1,0,2,0,0,3,0,1,2,0,2,0,1,1,1,0,0,1,0,1,0,0,3,0,1,1,0,1,0,19.0,10.0,0.649
2,3,1,3,0,0,0,3,0,0,4,2,2,2,0,3,0,1,1,1,1,0,0,0,1,0,0,4,1,1,1,0,1,0,12.5,7.5,0.707
1,3,0,2,0,3,0,5,0,0,5,1,1,1,0,2,0,1,1,0,1,0,1,0,1,0,0,4,1,1,1,0,1,0,24.0,13.0,0.722
13,15,6,6,2,8,0,17,1,2,5,1,13,1,2,7,1,1,1,1,2,1,1,0,1,1,2,2,1,1,1,1,2,1,32.333,10.0,0.359
3,2,0,1,0,1,0,4,0,1,2,0,2,0,0,3,0,1,1,0,1,0,1,0,1,0,1,1,0,1,0,0,2,0,9.5,4.5,0.487
4,2,0,6,5,3,0,5,1,2,6,1,6,3,0,3,0,1,1,0,2,1,1,0,1,1,1,3,1,1,1,0,1,0,23.5,17.5,0.516
6,5,5,6,5,9,0,22,0,2,9,0,11,2,0,8,0,1,1,1,3,1,1,0,1,0,1,3,0,1,1,0,2,0,30.333,9.333,0.445
3,5,0,3,4,7,0,15,0,2,3,1,9,2,0,6,0,1,1,0,2,1,1,0,1,0,1,1,1,1,1,0,2,0,20.333,6.667,0.272
4,5,3,2,2,3,0,8,0,0,4,0,4,1,0,3,0,1,1,1,1,1,1,0,1,0,0,3,0,1,1,0,2,0,13.0,6.667,0.566
1,0,2,0,1,1,0,2,0,0,4,0,4,0,0,4,0,1,0,1,0,1,1,0,1,0,0,3,0,1,0,0,2,0,9.5,8.5,0.811
1,3,2,2,0,0,0,3,0,0,1,0,3,0,0,3,0,1,1,1,1,0,0,0,1,0,0,1,0,1,0,0,1,0,9.0,1.0,0.333
6,9,4,8,3,7,0,14,7,3,10,4,16,6,2,10,1,1,1,1,2,1,1,0,1,1,2,4,1,1,1,1,2,1,15.429,6.857,0.408
3,2,4,1,1,1,0,9,0,1,1,0,6,1,0,2,0,1,1,1,1,1,1,0,1,0,1,1,0,1,1,0,1,0,16.0,3.0,0.375
3,1,3,3,1,3,0,6,2,0,6,0,4,0,0,4,1,1,1,1,2,1,1,0,1,1,0,4,0,1,0,0,2,1,18.5,15.75,0.814
2,0,0,3,0,0,0,2,0,0,2,0,2,0,0,1,0,1,0,0,3,0,0,0,1,0,0,2,0,1,0,0,1,0,6.0,5.286,0.816
7,1,6,4,1,4,0,7,1,4,9,2,8,1,0,9,1,1,1,1,2,1,1,0,1,1,1,4,1,1,1,0,2,1,21.667,11.833,0.614
0,1,0,3,1,0,1,1,0,2,4,0,0,1,0,3,0,0,1,0,3,1,0,1,1,0,2,3,0,1,1,0,1,0,6.0,9.583,1.167
2,1,4,0,2,1,0,3,0,0,2,4,2,0,0,3,0,1,1,1,0,1,1,0,1,0,0,1,1,1,0,0,1,0,12.0,2.0,0.289
0,1,0,2,2,0,0,4,2,1,0,4,2,0,0,3,1,0,1,0,1,1,0,0,1,1,1,0,1,1,0,0,2,1,11.0,5.5,0.603
0,3,0,1,0,0,0,1,0,0,3,2,0,0,0,1,0,0,1,0,1,0,0,0,1,0,0,3,1,0,0,0,1,0,11.0,16.0,0.853
0,1,1,3,1,3,0,4,1,0,7,1,3,2,0,5,0,0,1,1,2,1,1,0,1,1,0,2,1,1,1,0,3,0,10.667,8.0,0.625
2,0,3,2,0,0,0,3,0,1,5,0,3,1,0,3,0,1,0,1,2,0,0,0,1,0,1,3,0,1,1,0,1,0,11.5,16.786,1.032
4,4,7,2,3,3,0,11,0,2,2,0,4,1,0,5,0,1,1,1,2,1,1,0,1,0,1,2,0,1,1,0,2,0,24.0,15.0,0.408
2,5,2,3,3,5,0,7,0,1,7,2,4,2,0,5,0,1,1,1,3,1,1,0,1,0,1,4,1,1,1,0,1,0,48.0,32.5,0.816
2,3,4,1,2,2,0,6,0,1,6,3,2,1,0,9,0,1,1,1,1,1,1,0,1,0,1,4,1,1,1,0,2,0,14.0,7.667,0.655
1,0,3,1,0,0,1,0,0,0,1,2,0,1,0,1,0,1,0,1,1,0,0,1,0,0,0,1,1,0,1,0,1,0,11.0,4.0,0.64
2,7,3,3,2,4,0,9,0,2,5,2,5,3,0,6,0,1,1,1,3,1,1,0,1,0,1,4,1,1,1,0,2,0,17.667,12.25,0.68
6,11,2,6,5,10,0,19,2,2,6,2,9,3,0,7,1,1,1,1,3,1,1,0,1,1,2,4,1,1,1,0,1,1,22.75,7.5,0.519
0,3,0,3,1,2,0,5,0,0,1,1,2,0,0,2,0,0,1,0,2,1,1,0,1,0,0,1,1,1,0,0,1,0,10.0,2.5,0.474
1,2,4,4,1,3,0,3,0,3,2,2,4,0,0,4,0,1,1,1,3,1,1,0,1,0,2,2,1,1,0,0,1,0,16.5,12.0,0.615
4,3,2,2,0,2,0,5,1,2,2,0,7,0,0,4,0,1,1,1,2,0,1,0,1,1,1,2,0,1,0,0,1,0,11.333,9.25,0.606
0,1,0,0,0,1,0,3,0,1,0,2,6,0,2,1,0,0,1,0,0,0,1,0,1,0,1,0,1,1,0,1,1,0,15.0,0.0,0.183
1,3,3,3,0,0,0,6,0,0,1,0,3,1,0,3,0,1,1,1,1,0,0,0,1,0,0,1,0,1,1,0,1,0,12.0,1.5,0.289
1,6,4,1,1,1,0,6,0,0,2,1,3,1,0,3,0,1,1,1,1,1,1,0,1,0,0,2,1,1,1,0,1,0,15.0,3.5,0.387
2,3,3,3,1,1,0,1,0,1,6,1,5,0,0,3,0,1,1,1,1,1,1,0,1,0,1,4,1,1,0,0,1,0,14.5,11.0,0.657
0,0,0,0,0,0,0,0,3,0,0,11,6,0,0,0,2,0,0,0,0,0,0,0,0,1,0,0,1,1,0,0,0,1,8.0,0.0,0.144
2,4,3,1,3,2,0,6,0,0,3,4,3,1,0,5,0,1,1,1,1,1,1,0,1,0,0,3,1,1,1,0,3,0,18.5,12.5,0.581
5,5,1,2,3,3,0,11,0,5,4,1,6,1,0,9,0,1,1,1,1,1,1,0,1,0,2,2,1,1,1,0,2,0,18.667,10.333,0.567
2,5,8,2,1,4,0,6,1,2,9,0,4,1,0,7,0,1,1,1,1,1,1,0,1,1,2,6,0,1,1,0,2,0,26.0,15.5,0.784
7,17,2,10,8,11,2,26,0,2,16,2,16,4,0,18,1,1,1,1,3,1,1,1,1,0,1,7,1,1,1,0,3,1,28.4,15.6,0.593
14,12,12,9,1,8,1,24,3,2,17,1,21,3,0,15,1,1,1,1,3,1,1,1,1,1,2,7,1,1,1,0,1,1,13.0,4.614,0.591
3,3,0,1,0,3,0,5,0,1,1,0,1,0,0,3,0,1,1,0,1,0,1,0,1,0,1,1,0,1,0,0,1,0,21.0,2.0,0.309
0,1,0,1,0,2,1,4,1,0,0,0,1,0,0,1,0,0,1,0,1,0,1,1,1,1,0,0,0,1,0,0,1,0,12.0,2.0,0.408
2,1,1,2,1,2,0,4,0,0,4,6,5,1,0,2,0,1,1,1,1,1,1,0,1,0,0,4,1,1,1,0,1,0,29.0,13.0,0.788
0,0,0,0,0,0,0,1,2,0,0,1,6,0,0,1,2,0,0,0,0,0,0,0,1,1,0,0,1,1,0,0,1,1,3.5,0.0,0.189
17,13,12,18,9,21,0,48,4,4,16,2,15,10,0,17,2,1,1,1,3,1,1,0,1,1,2,7,1,1,1,0,3,1,18.909,10.455,0.588
1,2,1,2,1,2,0,1,0,1,2,5,3,1,0,4,0,1,1,1,2,1,1,0,1,0,1,2,1,1,1,0,1,0,13.0,8.786,0.693
2,1,1,1,0,0,0,2,0,0,3,2,2,0,0,1,0,1,1,1,1,0,0,0,1,0,0,3,1,1,0,0,1,0,8.0,3.5,0.707
0,3,2,2,2,0,0,8,3,0,4,2,2,1,0,5,1,0,1,1,2,1,0,0,1,1,0,2,1,1,1,0,2,1,11.667,6.333,0.598
0,1,0,1,0,0,0,0,0,1,4,6,5,0,0,2,0,0,1,0,1,0,0,0,0,0,1,2,1,1,0,0,1,0,4.0,1.8,0.474
1,1,3,2,1,1,0,1,0,2,7,0,4,1,0,5,0,1,1,1,2,1,1,0,1,0,2,2,0,1,1,0,1,0,9.667,10.333,0.788
14,21,7,7,9,16,0,38,0,3,12,1,10,4,0,15,2,1,1,1,2,1,1,0,1,0,2,5,1,1,1,0,2,1,31.8,8.2,0.449
1,0,1,1,0,2,0,4,1,0,2,0,3,0,0,1,0,1,0,1,1,0,1,0,1,1,0,2,0,1,0,0,1,0,7.5,3.5,0.73
3,2,0,2,1,1,0,2,0,0,2,0,0,1,0,2,0,1,1,0,2,1,1,0,1,0,0,1,0,0,1,0,1,0,16.0,14.0,0.53
1,0,0,2,1,0,0,3,0,1,1,0,1,0,0,1,0,1,0,0,1,1,0,0,1,0,1,1,0,1,0,0,1,0,11.0,11.0,0.64
2,6,4,4,0,4,0,7,0,3,5,2,4,1,0,2,0,1,1,1,1,0,1,0,1,0,2,3,1,1,1,0,1,0,14.667,7.667,0.533
2,3,3,4,2,1,0,7,1,1,1,0,5,1,0,3,0,1,1,1,2,1,1,0,1,1,1,1,0,1,1,0,1,0,11.333,6.667,0.485
3,5,0,0,1,4,1,7,3,0,2,0,2,1,0,3,0,1,1,0,0,1,1,1,1,1,0,1,0,1,1,0,2,0,32.0,28.0,0.375
4,2,5,4,1,1,0,6,0,1,2,0,9,0,0,2,0,1,1,1,3,1,1,0,1,0,1,2,0,1,0,0,1,0,12.333,6.583,0.697
1,2,4,3,2,2,1,5,0,1,5,0,5,0,1,6,0,1,1,1,1,1,1,1,1,0,1,3,0,1,0,1,1,0,12.333,6.0,0.581
8,6,7,5,3,5,0,14,1,5,6,3,11,3,0,9,1,1,1,1,3,1,1,0,1,1,2,4,1,1,1,0,2,1,17.4,11.2,0.606
5,3,5,4,1,2,0,8,0,2,4,0,4,1,0,3,0,1,1,1,2,1,1,0,1,0,1,3,0,1,1,0,1,0,41.0,32.0,0.552
3,3,4,6,3,3,0,9,0,2,8,3,6,1,1,4,2,1,1,1,3,1,1,0,1,0,1,5,1,1,1,1,2,1,57.0,49.571,0.843
1,2,1,0,1,1,2,2,0,0,0,0,2,0,0,2,0,1,1,1,0,1,1,1,1,0,0,0,0,1,0,0,1,0,14.0,0.0,0.189
2,4,1,3,1,1,0,6,4,1,7,0,3,2,1,8,0,1,1,1,2,1,1,0,1,1,1,4,0,1,1,1,1,0,21.0,12.0,0.546
4,4,1,2,0,1,1,4,0,1,6,0,6,1,0,4,2,1,1,1,2,0,1,1,1,0,1,4,0,1,1,0,2,1,18.5,15.5,0.697
7,7,2,3,1,7,0,10,1,2,7,0,6,0,0,7,0,1,1,1,2,1,1,0,1,1,1,7,0,1,0,0,2,0,20.333,12.333,0.815
2,1,1,3,0,1,0,4,0,2,5,2,3,1,0,7,1,1,1,1,2,0,1,0,1,0,1,4,1,1,1,0,2,1,16.5,15.0,0.862
2,1,0,2,0,0,0,0,1,1,2,2,2,1,1,1,0,1,1,0,2,0,0,0,0,1,1,2,1,1,1,1,1,0,15.0,4.0,0.548
3,5,2,4,1,5,0,11,0,1,2,0,5,2,0,8,0,1,1,1,1,1,1,0,1,0,1,1,0,1,1,0,1,0,47.0,16.0,0.309
15,17,14,18,11,8,0,25,0,4,12,5,14,4,0,12,0,1,1,1,3,1,1,0,1,0,1,5,1,1,1,0,1,0,22.714,13.714,0.449
10,12,10,11,6,13,0,25,0,6,5,4,7,2,0,10,0,1,1,1,3,1,1,0,1,0,1,4,1,1,1,0,2,0,40.333,30.667,0.514
16,19,21,16,7,14,0,29,0,10,21,7,25,7,2,28,0,1,1,1,4,1,1,0,1,0,2,5,1,1,1,1,3,0,27.5,15.75,0.429
4,19,3,5,4,21,0,33,7,0,3,43,54,1,14,11,6,1,1,1,3,1,1,0,1,1,0,2,1,1,1,1,1,1,24.778,1.889,0.189
12,10,4,6,1,12,0,23,0,1,6,3,5,4,0,6,0,1,1,1,2,1,1,0,1,0,1,1,1,1,1,0,3,0,23.25,6.75,0.293
4,4,5,2,4,4,0,12,1,0,4,2,7,1,2,6,2,1,1,1,1,1,1,0,1,1,0,3,1,1,1,1,2,1,28.5,8.5,0.468
3,5,4,4,2,4,1,18,2,0,2,0,9,1,0,4,0,1,1,1,1,1,1,1,1,1,0,2,0,1,1,0,1,0,11.8,0.4,0.184
1,0,1,1,0,0,1,1,0,0,3,3,4,0,0,3,1,1,0,1,1,0,0,1,1,0,0,3,1,1,0,0,1,1,6.333,2.0,0.649
9,5,5,4,2,3,0,13,0,2,8,0,4,0,0,7,0,1,1,1,2,1,1,0,1,0,2,2,0,1,0,0,2,0,15.5,6.5,0.359
5,4,4,3,1,1,0,3,0,0,4,2,4,0,0,2,0,1,1,1,2,1,1,0,1,0,0,3,1,1,0,0,1,0,16.5,11.0,0.615
4,0,1,1,0,0,0,3,0,0,3,0,2,0,0,3,2,1,0,1,1,0,0,0,1,0,0,3,0,1,0,0,1,1,20.0,12.0,0.632
3,1,0,3,1,2,0,6,1,2,2,1,5,1,1,2,0,1,1,0,1,1,1,0,1,1,1,1,1,1,1,1,1,0,15.0,5.0,0.387
0,4,1,2,0,3,0,6,0,2,3,1,3,0,0,3,1,0,1,1,1,0,1,0,1,0,1,1,1,1,0,0,1,1,29.0,13.0,0.394
0,1,1,2,1,2,0,6,0,2,5,0,3,1,0,6,0,0,1,1,2,1,1,0,1,0,1,3,0,1,1,0,2,0,15.0,14.0,0.645
0,1,0,3,0,0,0,1,0,1,3,0,3,0,0,1,0,0,1,0,1,0,0,0,1,0,1,2,0,1,0,0,1,0,13.0,12.0,0.392
1,4,0,2,0,3,0,7,0,1,3,0,2,1,0,3,0,1,1,0,2,0,1,0,1,0,1,2,0,1,1,0,2,0,13.5,20.0,0.953
1,1,0,0,0,1,0,6,1,0,1,0,5,0,0,0,1,1,1,0,0,0,1,0,1,1,0,1,0,1,0,0,0,1,15.0,2.0,0.365
5,6,5,2,2,6,0,6,0,1,6,3,8,2,0,9,2,1,1,1,1,1,1,0,1,0,1,4,1,1,1,0,1,1,31.0,6.5,0.449
2,1,4,0,0,1,0,1,0,2,4,2,2,1,0,3,0,1,1,1,0,0,1,0,1,0,2,3,1,1,1,0,2,0,11.0,12.5,0.905
1,1,1,2,1,0,0,1,0,1,6,0,3,0,0,4,0,1,1,1,2,1,0,0,1,0,1,4,0,1,0,0,1,0,20.0,30.0,0.949
1,0,2,1,1,1,1,2,0,1,5,0,3,0,0,3,1,1,0,1,1,1,1,1,1,0,1,4,0,1,0,0,1,1,7.333,4.667,0.754
1,1,2,0,0,1,0,1,0,0,1,1,2,0,0,2,0,1,1,1,0,0,1,0,1,0,0,1,1,1,0,0,1,0,12.0,3.0,0.408
2,3,3,0,1,1,0,3,0,0,4,1,1,0,0,1,0,1,1,1,0,1,1,0,1,0,0,4,1,1,0,0,1,0,20.0,7.0,0.632
2,4,2,0,1,3,0,11,1,0,3,1,6,1,1,3,0,1,1,1,0,1,1,0,1,1,0,2,1,1,1,1,2,0,19.0,5.5,0.344
2,2,2,1,1,2,0,2,0,2,8,0,3,0,0,8,0,1,1,1,1,1,1,0,1,0,2,3,0,1,0,0,2,0,11.0,13.917,0.862
2,0,1,2,0,0,0,2,0,0,3,0,0,0,0,1,0,1,0,1,2,0,0,0,1,0,0,3,0,0,0,0,1,0,11.0,16.0,1.279
2,3,5,1,2,1,1,5,0,0,7,3,6,0,0,3,1,1,1,1,1,1,1,1,1,0,0,3,1,1,0,0,1,1,19.5,4.0,0.453
8,11,14,7,7,4,1,12,0,7,24,5,19,6,0,26,4,1,1,1,2,1,1,1,1,0,2,4,1,1,1,0,3,1,26.0,12.5,0.396
7,3,10,3,3,5,1,15,0,3,9,0,16,4,0,11,1,1,1,1,2,1,1,1,1,0,2,3,0,1,1,0,2,1,18.4,9.8,0.516
1,0,1,1,0,0,0,3,0,0,2,0,2,0,0,1,2,1,0,1,1,0,0,0,1,0,0,2,0,1,0,0,1,1,4.333,3.0,0.588
0,1,2,3,0,1,0,2,1,2,3,1,2,1,0,6,1,0,1,1,2,0,1,0,1,1,2,2,1,1,1,0,1,1,13.0,11.5,0.693
5,8,6,8,2,6,2,10,1,6,9,2,11,0,0,13,3,1,1,1,2,1,1,1,1,1,2,4,1,1,0,0,1,1,15.333,8.167,0.442
3,2,1,3,1,2,0,2,0,1,6,0,4,1,0,6,1,1,1,1,3,1,1,0,1,0,1,3,0,1,1,0,1,1,16.5,15.786,0.862
2,3,1,2,1,2,0,4,2,1,3,0,4,0,0,1,0,1,1,1,1,1,1,0,1,1,1,3,0,1,0,0,1,0,13.0,14.5,0.971
8,6,2,2,3,4,0,7,1,1,7,2,7,4,0,7,0,1,1,1,1,1,1,0,1,1,1,4,1,1,1,0,1,0,15.25,5.25,0.543
6,8,5,4,4,5,0,12,1,2,11,1,9,5,0,9,0,1,1,1,3,1,1,0,1,1,1,5,1,1,1,0,2,0,16.4,12.55,0.781
0,5,0,2,3,1,0,8,0,0,4,0,4,0,0,5,0,0,1,0,1,1,1,0,1,0,0,3,0,1,0,0,1,0,16.0,3.0,0.375
2,4,2,0,0,0,0,3,1,0,6,0,4,0,0,4,0,1,1,1,0,0,0,0,1,1,0,3,0,1,0,0,2,0,8.667,5.667,0.555
4,8,1,2,0,3,0,11,1,0,9,7,9,1,0,4,0,1,1,1,1,0,1,0,1,1,0,4,1,1,1,0,1,0,12.0,4.0,0.456
7,8,6,3,3,5,0,10,0,1,6,4,9,2,0,7,0,1,1,1,2,1,1,0,1,0,1,3,1,1,1,0,1,0,17.25,6.0,0.511
2,2,2,3,0,1,0,2,0,1,5,0,2,1,0,2,0,1,1,1,2,0,1,0,1,0,1,2,0,1,1,0,1,0,11.5,8.5,0.59
2,1,1,1,0,3,0,2,1,2,3,0,2,2,0,3,0,1,1,1,1,0,1,0,1,1,1,2,0,1,1,0,2,0,11.5,12.5,0.59
1,3,1,2,1,2,0,6,0,0,3,0,2,0,0,1,0,1,1,1,1,1,1,0,1,0,0,3,0,1,0,0,1,0,11.0,5.5,0.754
2,3,1,3,3,1,0,6,0,2,7,0,4,1,0,4,0,1,1,1,2,1,1,0,1,0,1,2,0,1,1,0,1,0,9.25,9.25,0.697
5,6,8,6,5,1,0,25,4,1,8,13,34,2,1,4,0,1,1,1,2,1,1,0,1,1,1,3,1,1,1,1,1,0,20.333,5.833,0.384
2,4,1,2,4,3,0,7,1,1,9,2,4,1,0,5,0,1,1,1,2,1,1,0,1,1,1,4,1,1,1,0,2,0,23.0,17.0,0.73
21,18,11,10,5,12,0,43,2,13,29,2,17,6,0,29,0,1,1,1,4,1,1,0,1,1,2,7,1,1,1,0,2,0,19.818,10.909,0.527
3,9,11,14,6,7,1,21,2,8,24,0,10,4,0,17,0,1,1,1,4,1,1,1,1,1,2,10,0,1,1,0,1,0,15.222,13.111,0.846
1,0,3,0,0,1,0,2,0,0,1,1,2,0,0,1,0,1,0,1,0,0,1,0,1,0,0,1,1,1,0,0,1,0,6.0,1.0,0.408
1,0,4,3,3,0,1,2,1,2,8,0,6,1,0,5,0,1,0,1,2,1,0,1,1,1,1,5,0,1,1,0,2,0,12.333,14.0,0.93
1,1,3,3,1,0,1,5,0,2,3,3,5,1,0,4,0,1,1,1,3,1,0,1,1,0,2,2,1,1,1,0,1,0,11.0,7.0,0.739
6,6,5,5,4,4,0,20,0,3,15,0,6,3,0,14,0,1,1,1,4,1,1,0,1,0,2,7,0,1,1,0,2,0,15.167,13.167,0.815
6,5,1,3,1,2,0,9,0,1,6,0,5,0,0,7,0,1,1,1,2,1,1,0,1,0,1,4,0,1,0,0,1,0,11.5,4.5,0.521
2,1,0,0,0,0,0,2,1,1,0,19,10,0,0,0,0,1,1,0,0,0,0,0,1,1,1,0,1,1,0,0,0,0,36.0,0.0,0.118
5,7,2,3,1,2,0,6,0,0,4,0,5,1,0,3,0,1,1,1,1,1,1,0,1,0,0,3,0,1,1,0,2,0,13.0,6.667,0.679
2,2,0,1,1,2,0,3,0,1,5,4,4,1,0,6,0,1,1,0,1,1,1,0,1,0,1,4,1,1,1,0,1,0,32.0,12.0,0.5
3,5,1,1,0,2,0,4,1,1,5,2,5,2,0,4,0,1,1,1,1,0,1,0,1,1,1,4,1,1,1,0,2,0,18.0,10.0,0.707
0,2,1,0,0,0,1,0,0,0,2,3,4,0,0,1,0,0,1,1,0,0,0,1,0,0,0,1,1,1,0,0,1,0,14.0,0.0,0.189
0,5,1,1,0,0,0,5,1,0,3,4,4,1,1,2,0,0,1,1,1,0,0,0,1,1,0,2,1,1,1,1,2,0,13.5,5.5,0.68
0,2,3,0,2,2,0,4,0,0,4,5,4,0,0,3,1,0,1,1,0,1,1,0,1,0,0,3,1,1,0,0,1,1,15.0,4.0,0.387
0,1,3,3,0,1,0,1,0,1,3,1,2,1,0,2,0,0,1,1,2,0,1,0,1,0,1,3,1,1,1,0,1,0,9.5,13.0,1.136
0,2,1,0,0,0,1,3,0,0,2,0,4,0,0,2,0,0,1,1,0,0,0,1,1,0,0,1,0,1,0,0,2,0,7.5,1.0,0.365
6,3,4,3,3,2,1,5,0,4,6,0,2,1,0,8,0,1,1,1,2,1,1,1,1,0,3,2,0,1,1,0,2,0,12.0,8.0,0.714
3,4,5,8,4,4,0,10,0,3,9,2,11,5,0,8,3,1,1,1,2,1,1,0,1,0,2,4,1,1,1,0,1,1,12.833,8.333,0.483
2,4,1,3,1,4,0,7,1,3,9,4,6,6,0,13,2,1,1,1,2,1,1,0,1,1,1,3,1,1,1,0,2,1,16.5,8.75,0.522
3,2,1,0,1,1,0,2,2,0,0,3,4,0,1,1,0,1,1,1,0,1,1,0,1,1,0,0,1,1,0,1,1,0,10.0,3.5,0.316
2,2,2,2,0,1,0,3,0,0,1,0,1,0,0,1,0,1,1,1,2,0,1,0,1,0,0,1,0,1,0,0,1,0,7.5,6.0,0.73
4,4,1,3,0,3,1,8,0,0,5,3,7,0,1,5,0,1,1,1,2,0,1,1,1,0,0,3,1,1,0,1,1,0,11.0,4.5,0.533
1,2,0,1,0,1,0,3,0,0,4,1,4,0,0,3,0,1,1,0,1,0,1,0,1,0,0,4,1,1,0,0,1,0,10.0,6.5,0.791
2,2,5,0,0,1,0,3,0,1,5,0,2,1,0,4,0,1,1,1,0,0,1,0,1,0,1,4,0,1,1,0,2,0,13.0,11.0,0.832
2,1,2,1,0,1,1,2,0,0,1,0,2,0,0,1,1,1,1,1,1,0,1,1,1,0,0,1,0,1,0,0,1,1,15.0,9.0,0.548
4,6,4,5,2,11,0,17,2,1,5,1,9,1,2,7,0,1,1,1,2,1,1,0,1,1,1,2,1,1,1,1,2,0,18.75,5.5,0.408
8,17,19,10,8,13,2,20,4,6,43,14,28,6,0,29,2,1,1,1,2,1,1,1,1,1,2,8,1,1,1,0,2,1,25.333,17.667,0.562
1,2,2,1,0,1,2,4,2,1,4,3,6,0,0,4,0,1,1,1,1,0,1,1,1,1,1,3,1,1,0,0,1,0,8.0,3.0,0.5
0,1,0,1,1,1,0,2,0,1,3,0,0,0,0,2,0,0,1,0,1,1,1,0,1,0,1,2,0,0,0,0,2,0,6.0,10.875,1.021
4,3,5,2,0,1,0,2,2,1,3,0,3,1,0,2,0,1,1,1,1,0,1,0,1,1,1,2,0,1,1,0,1,0,14.5,9.5,0.525
14,1,5,5,4,2,0,7,0,2,2,1,21,0,0,5,1,1,1,1,3,1,1,0,1,0,2,2,1,1,0,0,2,1,17.5,6.25,0.507
1,6,2,3,0,2,0,6,1,1,7,2,5,1,0,5,2,1,1,1,2,0,1,0,1,1,1,3,1,1,1,0,1,1,11.0,7.5,0.64
1,0,0,0,0,2,0,2,1,0,2,0,2,0,0,2,0,1,0,0,0,0,1,0,1,1,0,2,0,1,0,0,1,0,12.0,2.0,0.408
3,0,0,0,0,1,0,2,1,1,1,2,2,1,0,3,0,1,0,0,0,0,1,0,1,1,1,1,1,1,1,0,1,0,8.5,3.5,0.343
1,1,3,0,2,0,0,2,0,0,3,4,2,0,0,3,1,1,1,1,0,1,0,0,1,0,0,2,1,1,0,0,1,1,11.0,3.0,0.452
3,2,1,0,1,2,0,6,0,0,3,0,1,0,0,5,0,1,1,1,0,1,1,0,1,0,0,2,0,1,0,0,1,0,12.0,3.0,0.433
2,3,1,2,0,4,0,3,1,0,1,1,2,0,0,1,0,1,1,1,1,0,1,0,1,1,0,1,1,1,0,0,1,0,21.0,4.0,0.309
1,0,1,0,3,1,0,7,1,0,4,1,4,0,0,4,0,1,0,1,0,1,1,0,1,1,0,2,1,1,0,0,2,0,9.0,5.333,0.544
1,2,1,2,0,3,0,2,1,0,2,1,1,0,0,2,0,1,1,1,1,0,1,0,1,1,0,2,1,1,0,0,1,0,18.0,6.0,0.333
5,4,8,4,3,2,0,7,0,2,6,2,6,0,1,6,0,1,1,1,4,1,1,0,1,0,1,4,1,1,0,1,1,0,13.75,12.688,0.953
3,1,4,5,2,2,0,4,2,3,5,1,4,1,0,2,0,1,1,1,3,1,1,0,1,1,1,4,1,1,1,0,1,0,9.75,9.0,0.793
0,1,2,1,2,0,0,2,0,1,1,2,2,0,0,2,0,0,1,1,1,1,0,0,1,0,1,1,1,1,0,0,1,0,8.0,4.5,0.53
3,9,5,6,3,5,0,8,5,1,5,0,5,4,0,6,0,1,1,1,3,1,1,0,1,1,1,3,0,1,1,0,1,0,32.0,20.5,0.619
8,5,4,11,3,3,0,7,1,3,11,1,10,4,0,5,0,1,1,1,3,1,1,0,1,1,2,5,1,1,1,0,1,0,25.333,16.333,0.649
5,4,3,4,5,2,0,10,0,4,7,1,8,1,0,8,0,1,1,1,2,1,1,0,1,0,2,5,1,1,1,0,2,0,20.667,15.0,0.718
3,4,1,0,1,4,0,5,0,1,4,0,4,0,0,3,0,1,1,1,0,1,1,0,1,0,1,2,0,1,0,0,1,0,15.0,9.5,0.516
1,0,1,1,0,1,0,2,0,0,1,0,2,0,0,1,0,1,0,1,1,0,1,0,1,0,0,1,0,1,0,0,1,0,5.5,2.0,0.64
1,2,1,1,0,2,0,3,1,0,2,0,3,0,0,1,0,1,1,1,1,0,1,0,1,1,0,1,0,1,0,0,1,0,8.5,6.5,0.686
1,0,1,2,2,1,0,3,1,2,6,1,4,1,0,5,0,1,0,1,2,1,1,0,1,1,2,3,1,1,1,0,2,0,15.0,17.5,0.775
3,7,0,5,3,3,0,8,0,0,10,2,8,1,0,3,0,1,1,0,2,1,1,0,1,0,0,5,1,1,1,0,1,0,26.5,23.0,0.68
2,2,0,1,2,2,0,3,0,2,9,0,4,2,0,7,0,1,1,0,1,1,1,0,1,0,1,5,0,1,1,0,1,0,18.0,6.5,0.589
1,2,2,1,2,3,0,6,0,0,2,0,4,0,1,1,0,1,1,1,1,1,1,0,1,0,0,1,0,1,0,1,1,0,12.0,8.0,0.433
3,8,1,3,0,6,0,37,8,2,3,23,59,0,28,4,5,1,1,1,2,0,1,0,1,1,1,2,1,1,0,1,1,1,12.769,0.308,0.165
3,5,3,2,0,3,0,6,0,0,4,0,2,1,0,3,0,1,1,1,1,0,1,0,1,0,0,2,0,1,1,0,1,0,16.0,5.0,0.375
2,2,2,4,1,2,0,5,0,1,4,1,3,2,0,5,0,1,1,1,2,1,1,0,1,0,1,2,1,1,1,0,1,0,17.0,9.0,0.606
5,7,7,10,2,5,0,13,5,1,12,7,9,3,2,14,2,1,1,1,4,1,1,0,1,1,1,3,1,1,1,1,2,1,34.0,24.69,0.56
2,0,1,4,1,0,1,2,0,1,4,2,4,0,0,3,0,1,0,1,2,1,0,1,1,0,1,3,1,1,0,0,1,0,6.25,5.5,0.707
0,0,0,2,1,0,0,1,2,1,2,0,2,0,0,1,0,0,0,0,2,1,0,0,1,1,1,1,0,1,0,0,1,0,6.0,10.5,0.816
11,21,24,12,11,6,0,25,4,7,34,2,18,5,0,38,1,1,1,1,2,1,1,0,1,1,2,7,1,1,1,0,2,1,21.9,8.8,0.478
7,23,9,12,6,8,0,22,14,5,8,12,22,3,4,19,3,1,1,1,3,1,1,0,1,1,2,5,1,1,1,1,2,1,28.833,8.583,0.43
3,1,3,2,2,5,0,6,0,0,3,0,1,0,0,4,0,1,1,1,2,1,1,0,1,0,0,2,0,1,0,0,1,0,15.0,5.0,0.516
4,5,3,7,2,4,0,10,6,0,5,3,13,0,2,9,0,1,1,1,2,1,1,0,1,1,0,3,1,1,0,1,1,0,14.0,3.6,0.338
3,5,4,6,6,7,0,15,2,4,17,0,11,2,0,19,3,1,1,1,3,1,1,0,1,1,2,5,0,1,1,0,3,1,11.444,5.944,0.627
2,5,5,3,1,5,0,9,2,4,10,0,11,2,0,11,0,1,1,1,2,1,1,0,1,1,2,5,0,1,1,0,2,0,14.0,9.6,0.676
1,0,3,3,1,1,0,3,0,1,4,0,2,2,0,2,0,1,0,1,2,1,1,0,1,0,1,3,0,1,1,0,1,0,11.5,10.5,0.737
3,3,4,3,2,3,0,6,2,0,4,2,5,1,0,3,0,1,1,1,2,1,1,0,1,1,0,3,1,1,1,0,1,0,10.0,2.5,0.447
0,3,3,0,2,1,0,4,1,0,2,0,0,0,0,2,0,0,1,1,0,1,1,0,1,1,0,2,0,0,0,0,1,0,18.0,4.0,0.5
6,5,4,9,0,4,0,6,3,3,9,0,11,5,1,11,0,1,1,1,2,0,1,0,1,1,1,4,0,1,1,1,1,0,15.4,4.4,0.403
8,9,7,4,2,6,0,18,8,1,11,0,18,2,0,13,0,1,1,1,3,1,1,0,1,1,1,5,0,1,1,0,4,0,15.0,5.714,0.552
0,2,1,1,1,1,0,5,0,0,2,4,5,1,0,2,0,0,1,1,1,1,1,0,1,0,0,2,1,1,1,0,2,0,25.0,14.0,0.707
2,1,1,1,1,1,1,4,0,0,1,0,4,0,0,0,0,1,1,1,1,1,1,1,1,0,0,1,0,1,0,0,0,0,8.5,2.0,0.514
9,5,3,13,7,15,0,20,3,5,17,5,7,6,1,12,0,1,1,1,3,1,1,0,1,1,2,3,1,1,1,1,1,0,42.333,30.381,0.376
3,5,0,3,0,3,0,9,0,2,5,0,4,0,0,5,0,1,1,0,2,0,1,0,1,0,2,4,0,1,0,0,1,0,12.667,9.333,0.803
2,2,3,4,0,0,0,2,0,2,7,0,6,4,0,3,0,1,1,1,2,0,0,0,1,0,2,5,0,1,1,0,1,0,11.667,11.0,0.837
2,0,1,1,3,2,0,4,1,0,2,0,2,2,0,2,0,1,0,1,1,1,1,0,1,1,0,2,0,1,1,0,1,0,11.0,2.0,0.302
4,2,5,8,2,4,0,8,0,1,6,0,2,2,1,6,0,1,1,1,2,1,1,0,1,0,1,4,0,1,1,1,1,0,25.0,20.5,0.6
0,1,4,0,1,1,0,3,0,0,2,3,2,0,0,1,0,0,1,1,0,1,1,0,1,0,0,2,1,1,0,0,1,0,18.0,6.0,0.5
5,4,5,3,2,4,0,4,0,2,9,0,6,3,0,5,0,1,1,1,2,1,1,0,1,0,2,6,0,1,1,0,1,0,26.0,17.5,0.784
2,0,1,1,1,1,0,3,0,1,1,0,2,1,0,2,0,1,0,1,1,1,1,0,1,0,1,1,0,1,1,0,1,0,8.0,4.5,0.53
5,2,1,1,1,3,0,5,0,0,4,3,3,0,0,3,0,1,1,1,1,1,1,0,1,0,0,3,1,1,0,0,1,0,7.75,2.5,0.635
1,1,0,1,0,2,0,3,0,1,2,2,3,0,0,1,0,1,1,0,1,0,1,0,1,0,1,1,1,1,0,0,1,0,17.0,13.0,0.686
7,9,11,5,3,3,1,12,8,1,9,2,12,5,0,7,1,1,1,1,1,1,1,1,1,1,1,3,1,1,1,0,1,1,32.0,13.0,0.361
1,4,2,1,2,2,1,2,0,0,4,1,1,0,0,3,0,1,1,1,1,1,1,1,1,0,0,3,1,1,0,0,2,0,12.0,6.0,0.577
1,2,0,3,2,1,0,5,0,3,2,0,4,4,0,3,0,1,1,0,1,1,1,0,1,0,1,1,0,1,1,0,1,0,15.0,16.5,0.516
0,1,0,2,0,0,0,2,0,2,1,1,1,1,0,2,0,0,1,0,1,0,0,0,1,0,1,1,1,1,1,0,1,0,13.0,27.0,0.784
1,1,0,1,0,1,0,3,0,0,1,0,2,0,0,1,0,1,1,0,1,0,1,0,1,0,0,1,0,1,0,0,1,0,11.0,5.0,0.64
1,1,2,2,2,0,0,2,0,1,1,7,6,0,0,1,1,1,1,1,2,1,0,0,1,0,1,1,1,1,0,0,1,1,9.0,4.667,0.544
3,4,3,1,2,1,0,3,0,1,6,1,3,0,0,7,0,1,1,1,1,1,1,0,1,0,1,3,1,1,0,0,2,0,35.0,29.0,0.598
1,3,2,1,0,0,0,1,0,2,4,1,3,0,0,2,0,1,1,1,1,0,0,0,1,0,2,3,1,1,0,0,1,0,10.0,9.0,0.791
3,3,0,3,0,2,0,7,0,0,11,1,10,2,0,4,1,1,1,0,1,0,1,0,1,0,0,3,1,1,1,0,1,1,15.667,9.333,0.516
2,2,0,2,1,0,0,6,1,0,3,16,22,1,6,0,1,1,1,0,1,1,0,0,1,1,0,3,1,1,1,1,0,1,29.5,6.5,0.276
5,0,0,0,1,0,0,10,0,1,0,3,19,0,11,1,5,1,0,0,0,1,0,0,1,0,1,0,1,1,0,1,1,1,16.667,0.0,0.1
0,0,1,0,1,2,0,4,0,0,0,2,0,0,0,2,0,0,0,1,0,1,1,0,1,0,0,0,1,0,0,0,1,0,12.0,0.0,0.204
0,0,0,2,0,0,0,1,0,1,6,0,2,0,0,2,0,0,0,0,2,0,0,0,1,0,1,4,0,1,0,0,1,0,7.0,10.5,1.134
1,2,1,1,0,1,1,6,0,1,3,0,3,0,0,3,1,1,1,1,1,0,1,1,1,0,1,3,0,1,0,0,1,1,24.0,25.0,0.866
0,1,1,2,0,0,1,1,1,1,1,2,1,0,0,2,1,0,1,1,2,0,0,1,1,1,1,1,1,1,0,0,1,1,15.0,11.0,0.73
1,1,1,1,1,0,0,1,0,1,4,2,2,1,0,4,1,1,1,1,1,1,0,0,1,0,1,2,1,1,1,0,1,1,10.5,7.786,0.617
0,0,2,0,0,0,0,2,0,1,6,0,1,2,0,6,0,0,0,1,0,0,0,0,1,0,1,3,0,1,1,0,1,0,20.0,13.0,0.632
0,1,0,0,0,0,0,0,0,0,0,6,0,0,0,1,4,0,1,0,0,0,0,0,0,0,0,0,1,0,0,0,1,1,12.0,0.0,0.204
1,3,0,1,0,1,0,6,0,1,1,1,0,1,0,2,0,1,1,0,1,0,1,0,1,0,1,1,1,0,1,0,1,0,18.0,16.75,0.667
2,2,1,0,2,1,0,4,0,0,5,14,9,0,0,3,0,1,1,1,0,1,1,0,1,0,0,2,1,1,0,0,2,0,21.5,4.0,0.323
3,0,1,0,1,0,0,0,0,0,0,10,7,0,0,0,0,1,0,1,0,1,0,0,0,0,0,0,1,1,0,0,0,0,22.0,0.0,0.151
1,1,0,0,0,0,0,3,1,0,1,2,3,0,0,0,0,1,1,0,0,0,0,0,1,1,0,1,1,1,0,0,0,0,5.5,2.0,0.426
2,1,0,3,0,4,0,4,0,4,3,1,3,0,0,3,0,1,1,0,2,0,1,0,1,0,2,2,1,1,0,0,1,0,9.333,6.667,0.535
0,2,0,1,1,1,0,2,1,1,2,0,0,0,0,2,0,0,1,0,1,1,1,0,1,1,1,1,0,0,0,0,1,0,13.0,11.0,0.588
3,3,4,6,1,3,0,7,0,4,7,0,4,1,0,9,0,1,1,1,3,1,1,0,1,0,2,3,0,1,1,0,1,0,13.0,10.5,0.588
2,3,6,7,3,1,0,9,4,5,12,1,11,1,1,11,2,1,1,1,3,1,1,0,1,1,2,6,1,1,1,1,1,1,39.0,36.5,0.721
1,2,0,1,0,1,0,3,1,0,1,4,3,0,0,2,0,1,1,0,1,0,1,0,1,1,0,1,1,1,0,0,1,0,9.5,2.0,0.487
1,2,0,3,1,1,0,2,1,1,2,1,3,1,0,2,0,1,1,0,2,1,1,0,1,1,1,1,1,1,1,0,1,0,10.5,6.5,0.617
1,1,0,1,0,2,0,3,0,1,3,0,2,1,0,2,0,1,1,0,1,0,1,0,1,0,1,2,0,1,1,0,1,0,8.5,6.0,0.686
4,4,2,2,1,2,0,4,0,0,2,0,1,2,0,1,0,1,1,1,1,1,1,0,1,0,0,2,0,1,1,0,1,0,25.0,11.0,0.424
3,2,1,2,1,4,2,5,0,1,3,0,7,0,0,8,0,1,1,1,2,1,1,1,1,0,1,3,0,1,0,0,2,0,7.8,3.0,0.566
2,0,1,3,2,2,0,2,0,2,4,0,3,0,0,3,0,1,0,1,3,1,1,0,1,0,1,2,0,1,0,0,1,0,12.0,13.5,0.722
2,2,3,2,0,0,0,2,0,1,6,1,2,0,0,3,1,1,1,1,1,0,0,0,1,0,1,3,1,1,0,0,2,1,12.5,10.5,0.707
3,4,2,5,2,5,1,7,0,1,9,8,3,1,0,6,0,1,1,1,3,1,1,1,1,0,1,5,1,1,1,0,2,0,19.0,15.167,0.656
1,2,2,2,1,1,0,3,0,3,9,0,5,2,0,8,0,1,1,1,2,1,1,0,1,0,2,5,0,1,1,0,1,0,13.0,12.0,0.793
7,9,8,13,0,5,1,15,1,2,26,2,7,5,0,17,2,1,1,1,4,0,1,1,1,1,1,8,1,1,1,0,2,1,24.0,19.3,0.71
11,11,9,13,4,4,1,21,2,5,22,10,14,3,3,22,0,1,1,1,4,1,1,1,1,1,2,7,1,1,1,1,2,0,19.0,16.875,0.631
22,25,32,25,7,22,1,59,9,5,28,8,25,13,1,38,3,1,1,1,3,1,1,1,1,1,2,8,1,1,1,1,2,1,26.917,11.167,0.472
2,6,3,9,3,4,0,8,0,6,19,0,10,1,0,16,0,1,1,1,2,1,1,0,1,0,2,6,0,1,1,0,1,0,9.667,10.778,0.606
2,5,3,2,1,4,1,8,0,3,9,0,5,3,0,12,0,1,1,1,1,1,1,1,1,0,2,5,0,1,1,0,1,0,14.5,9.75,0.557
2,9,8,11,2,6,0,13,0,5,21,1,12,4,0,16,1,1,1,1,2,1,1,0,1,0,2,6,1,1,1,0,2,1,13.875,14.875,0.604
8,11,4,10,3,8,0,15,1,7,27,0,14,4,0,23,1,1,1,1,3,1,1,0,1,1,2,7,0,1,1,0,1,1,34.0,27.0,0.606
0,2,2,0,0,1,0,2,0,0,1,6,4,0,0,1,1,0,1,1,0,0,1,0,1,0,0,1,1,1,0,0,1,1,20.0,2.0,0.316
1,1,1,2,0,3,0,4,1,0,2,1,1,0,0,1,0,1,1,1,2,0,1,0,1,1,0,1,1,1,0,0,1,0,18.0,2.0,0.333
0,0,0,0,1,0,0,1,0,0,0,11,9,0,0,0,0,0,0,0,0,1,0,0,1,0,0,0,1,1,0,0,0,0,22.0,0.0,0.151
1,0,1,1,1,2,0,2,0,0,6,0,3,2,0,4,0,1,0,1,1,1,1,0,1,0,0,2,0,1,1,0,2,0,23.0,21.0,0.59
0,3,0,3,2,2,0,3,1,0,0,3,3,0,0,2,1,0,1,0,2,1,1,0,1,1,0,0,1,1,0,0,1,1,23.0,4.0,0.295
0,0,0,0,0,0,0,0,2,0,2,5,3,1,0,1,0,0,0,0,0,0,0,0,0,1,0,2,1,1,1,0,1,0,14.0,4.0,0.567
1,5,0,0,2,3,0,4,0,0,0,14,9,0,0,0,1,1,1,0,0,1,1,0,1,0,0,0,1,1,0,0,0,1,19.5,0.0,0.113
0,0,1,1,0,0,0,1,0,1,5,0,1,1,0,3,1,0,0,1,1,0,0,0,1,0,1,4,0,1,1,0,1,1,15.0,18.0,0.913
0,0,0,0,1,0,0,0,0,1,0,8,2,0,0,0,0,0,0,0,0,1,0,0,0,0,1,0,1,1,0,0,0,0,12.0,0.0,0.204
1,2,1,0,1,0,0,1,0,0,4,0,3,0,0,3,0,1,1,1,0,1,0,0,1,0,0,3,0,1,0,0,1,0,16.0,17.0,0.707
1,2,3,5,1,2,1,4,0,2,5,2,3,1,0,3,0,1,1,1,4,1,1,1,1,0,2,2,1,1,1,0,1,0,17.5,17.286,0.717
7,10,5,8,2,7,0,13,7,0,12,8,10,4,1,9,0,1,1,1,3,1,1,0,1,1,0,7,1,1,1,1,2,0,25.5,16.625,0.7
5,3,6,4,3,1,0,4,0,3,15,4,9,3,0,7,0,1,1,1,2,1,1,0,1,0,2,3,1,1,1,0,1,0,13.6,5.4,0.429
2,1,0,0,1,3,0,0,1,0,0,12,2,0,0,1,7,1,1,0,0,1,1,0,0,1,0,0,1,1,0,0,1,1,29.0,0.0,0.131
6,8,4,4,2,4,0,5,5,1,12,1,6,2,0,10,0,1,1,1,2,1,1,0,1,1,1,6,1,1,1,0,2,0,23.333,12.0,0.676
5,13,12,9,5,9,0,16,0,3,14,7,5,5,0,16,0,1,1,1,3,1,1,0,1,0,2,5,1,1,1,0,1,0,29.75,16.0,0.519
26,21,14,13,5,12,1,32,1,7,15,19,32,6,0,18,5,1,1,1,4,1,1,1,1,1,2,7,1,1,1,0,2,1,20.364,10.0,0.52
3,0,4,3,1,0,0,0,1,0,3,0,1,1,0,0,0,1,0,1,1,1,0,0,0,1,0,1,0,1,1,0,0,0,8.5,6.0,0.514
3,2,0,1,0,5,0,5,1,0,2,0,2,0,0,2,0,1,1,0,1,0,1,0,1,1,0,1,0,1,0,0,2,0,11.5,4.5,0.59
10,9,4,8,4,7,0,14,0,4,13,2,13,4,0,6,0,1,1,1,3,1,1,0,1,0,2,7,1,1,1,0,2,0,49.0,42.786,0.786
3,3,1,2,1,1,0,7,0,0,6,0,6,1,0,2,0,1,1,1,2,1,1,0,1,0,0,4,0,1,1,0,1,0,34.0,10.0,0.606
2,1,2,4,1,2,0,3,0,1,2,1,3,1,0,2,0,1,1,1,3,1,1,0,1,0,1,2,1,1,1,0,1,0,12.5,9.0,0.707
4,7,4,7,3,1,0,12,3,1,16,0,9,0,0,10,1,1,1,1,3,1,1,0,1,1,1,4,0,1,0,0,2,1,78.0,52.0,0.56
2,1,1,2,3,2,0,8,1,1,2,0,4,1,0,2,0,1,1,1,2,1,1,0,1,1,1,2,0,1,1,0,1,0,15.0,6.0,0.516
0,0,1,1,0,1,0,3,1,0,1,7,6,0,0,1,3,0,0,1,1,0,1,0,1,1,0,1,1,1,0,0,1,1,9.0,0.667,0.272
3,0,0,1,1,2,0,3,0,2,4,0,3,2,0,5,0,1,0,0,1,1,1,0,1,0,2,3,0,1,1,0,2,0,13.0,13.5,0.693
0,1,3,1,0,0,0,3,0,0,2,0,1,0,0,0,0,0,1,1,1,0,0,0,1,0,0,1,0,1,0,0,0,0,11.0,6.0,0.64
1,1,0,0,1,2,0,3,0,1,0,1,5,0,0,1,0,1,1,0,0,1,1,0,1,0,1,0,1,1,0,0,1,0,15.0,0.0,0.183
0,2,1,2,0,0,0,1,1,1,2,0,1,0,0,1,0,0,1,1,2,0,0,0,1,1,1,2,0,1,0,0,1,0,12.0,16.75,1.021
1,4,1,3,0,2,0,3,0,2,5,2,5,1,0,5,0,1,1,1,3,0,1,0,1,0,1,3,1,1,1,0,1,0,17.0,16.25,0.728
36,36,22,22,15,27,0,58,3,12,39,5,27,11,0,37,8,1,1,1,5,1,1,0,1,1,3,8,1,1,1,0,4,1,29.75,16.36,0.561
7,13,8,5,4,5,0,14,3,3,6,6,8,2,0,6,0,1,1,1,4,1,1,0,1,1,2,2,1,1,1,0,1,0,22.25,9.875,0.45
5,4,5,1,2,4,0,9,0,3,3,0,6,1,1,3,1,1,1,1,1,1,1,0,1,0,2,1,0,1,1,1,1,1,23.5,9.0,0.413
1,3,3,8,5,4,0,8,0,4,14,4,8,2,0,13,0,1,1,1,2,1,1,0,1,0,2,3,1,1,1,0,3,0,19.0,11.25,0.487
11,17,9,10,3,8,2,30,3,1,6,6,20,7,1,12,5,1,1,1,4,1,1,1,1,1,1,3,1,1,1,1,2,1,21.286,6.786,0.348
8,18,9,22,13,13,0,24,2,11,38,8,20,5,0,20,2,1,1,1,4,1,1,0,1,1,2,10,1,1,1,0,2,1,16.385,17.923,0.678
18,36,17,17,7,14,0,56,4,7,12,7,24,9,0,27,5,1,1,1,4,1,1,0,1,1,3,2,1,1,1,0,4,1,42.5,16.47,0.354
17,25,9,14,8,14,1,42,1,5,16,10,21,7,0,18,7,1,1,1,3,1,1,1,1,1,2,4,1,1,1,0,2,1,26.375,8.875,0.389
10,13,7,15,10,13,0,25,4,9,20,2,13,8,0,16,5,1,1,1,5,1,1,0,1,1,2,8,1,1,1,0,2,1,24.143,21.224,0.707
0,3,1,0,3,3,0,5,0,0,0,5,3,0,0,2,0,0,1,1,0,1,1,0,1,0,0,0,1,1,0,0,1,0,25.0,0.0,0.141
4,7,6,3,3,4,0,9,2,1,7,0,4,1,0,5,0,1,1,1,2,1,1,0,1,1,1,3,0,1,1,0,1,0,28.0,8.0,0.378
9,24,15,19,8,12,0,23,2,10,32,7,18,6,0,19,2,1,1,1,3,1,1,0,1,1,2,5,1,1,1,0,2,1,29.286,25.0,0.395
19,18,19,23,6,18,0,37,1,7,19,5,20,7,0,17,5,1,1,1,4,1,1,0,1,1,2,7,1,1,1,0,2,1,31.286,22.286,0.526
2,4,3,2,0,4,1,16,1,0,2,0,21,0,0,3,3,1,1,1,2,0,1,1,1,1,0,2,0,1,0,0,2,1,15.0,4.5,0.456
1,1,2,1,0,1,0,2,0,1,2,0,0,0,0,2,0,1,1,1,1,0,1,0,1,0,1,2,0,0,0,0,1,0,13.0,12.0,0.588
1,0,0,2,0,1,0,3,0,0,3,2,3,1,0,2,1,1,0,0,1,0,1,0,1,0,0,3,1,1,1,0,1,1,6.333,3.0,0.649
10,11,15,9,8,8,0,27,5,5,18,0,18,3,0,19,2,1,1,1,3,1,1,0,1,1,2,5,0,1,1,0,2,1,26.5,20.083,0.505
21,30,20,15,16,15,0,38,8,11,31,13,37,4,0,25,6,1,1,1,4,1,1,0,1,1,2,8,1,1,1,0,2,1,24.083,16.521,0.541
3,2,3,1,2,1,0,2,0,1,1,1,4,0,0,0,0,1,1,1,1,1,1,0,1,0,1,1,1,1,0,0,0,0,10.5,4.5,0.463
3,2,0,3,1,4,0,5,0,2,3,0,2,1,0,5,0,1,1,0,3,1,1,0,1,0,2,2,0,1,1,0,1,0,31.0,16.0,0.635
2,1,6,2,2,1,0,7,1,1,3,2,10,0,0,5,0,1,1,1,2,1,1,0,1,1,1,2,1,1,0,0,2,0,14.333,8.0,0.539
6,5,5,4,4,6,1,12,0,0,5,2,7,1,0,4,2,1,1,1,2,1,1,1,1,0,0,5,1,1,1,0,1,1,12.8,3.4,0.53
0,4,2,2,0,3,0,5,0,2,0,0,0,0,0,2,0,0,1,1,2,0,1,0,1,0,2,0,0,0,0,0,1,0,20.0,12.0,0.474
11,9,6,4,2,7,0,16,1,2,2,2,6,1,0,8,0,1,1,1,2,1,1,0,1,1,1,2,1,1,1,0,2,0,25.667,10.667,0.322
11,3,6,5,1,3,1,8,0,2,7,0,6,1,1,6,2,1,1,1,2,1,1,1,1,0,2,4,0,1,1,1,1,1,15.5,7.0,0.539
7,1,7,4,1,6,0,7,0,0,5,4,9,0,3,2,0,1,1,1,1,1,1,0,1,0,0,3,1,1,0,1,1,0,13.25,7.0,0.486
2,0,1,1,1,1,0,2,0,0,1,0,2,0,0,1,0,1,0,1,1,1,1,0,1,0,0,1,0,1,0,0,1,0,6.0,2.0,0.612
5,4,6,4,2,6,1,9,2,3,8,0,4,0,0,7,0,1,1,1,2,1,1,1,1,1,1,3,0,1,0,0,1,0,20.333,13.333,0.453
9,6,5,6,1,4,0,19,2,1,8,3,8,2,0,13,2,1,1,1,3,1,1,0,1,1,1,4,1,1,1,0,2,1,17.8,8.8,0.45
1,1,0,0,1,0,0,3,0,0,1,1,2,0,0,1,0,1,1,0,0,1,0,0,1,0,0,1,1,1,0,0,1,0,11.0,2.0,0.426
2,6,6,4,2,2,1,8,2,0,6,1,3,0,0,3,0,1,1,1,2,1,1,1,1,1,0,4,1,1,0,0,3,0,23.0,18.0,0.626
0,0,0,2,0,1,0,1,1,1,3,0,2,0,0,2,0,0,0,0,1,0,1,0,1,1,1,3,0,1,0,0,1,0,6.5,9.0,0.981
0,3,3,2,1,2,0,4,0,1,5,0,2,0,0,4,0,0,1,1,2,1,1,0,1,0,1,3,0,1,0,0,1,0,27.0,19.0,0.68
4,2,0,1,0,2,2,5,0,0,5,1,6,0,0,3,2,1,1,0,1,0,1,1,1,0,0,3,1,1,0,0,1,1,11.0,4.0,0.615
3,3,0,3,1,2,1,4,0,0,5,0,3,0,0,4,0,1,1,0,2,1,1,1,1,0,0,2,0,1,0,0,2,0,14.5,9.0,0.525
2,0,0,0,1,0,0,4,1,0,0,1,2,0,0,1,1,1,0,0,0,1,0,0,1,1,0,0,1,1,0,0,1,1,13.0,7.0,0.392
5,5,3,2,1,1,0,8,0,1,3,0,4,1,0,2,0,1,1,1,1,1,1,0,1,0,1,3,0,1,1,0,1,0,36.0,9.0,0.471
6,9,10,12,3,6,1,16,0,4,16,3,7,5,0,13,2,1,1,1,4,1,1,1,1,0,2,6,1,1,1,0,1,1,18.833,12.929,0.665
12,7,10,11,6,5,0,20,4,2,14,0,8,3,0,10,1,1,1,1,4,1,1,0,1,1,2,3,0,1,1,0,3,1,56.5,35.286,0.532
6,4,5,5,1,5,0,10,1,2,5,0,3,1,0,4,2,1,1,1,2,1,1,0,1,1,2,4,0,1,1,0,2,1,54.0,34.0,0.674
2,9,5,6,3,4,0,9,0,3,13,4,11,1,1,12,1,1,1,1,1,1,1,0,1,0,2,4,1,1,1,1,1,1,9.222,4.333,0.388
0,1,2,0,0,2,1,3,0,0,0,0,2,0,0,0,0,0,1,1,0,0,1,1,1,0,0,0,0,1,0,0,0,0,11.0,0.0,0.213
2,1,0,1,1,2,1,4,0,0,4,0,1,0,0,3,0,1,1,0,1,1,1,1,1,0,0,3,0,1,0,0,1,0,20.0,12.0,0.632
0,2,0,1,0,0,0,3,0,0,4,1,0,2,0,2,0,0,1,0,1,0,0,0,1,0,0,3,1,0,1,0,1,0,15.0,8.0,0.73
0,1,1,2,0,1,0,4,0,1,1,1,0,0,0,0,1,0,1,1,2,0,1,0,1,0,1,1,1,0,0,0,0,1,13.0,12.0,0.784
0,2,1,3,0,0,1,0,1,0,1,6,2,0,1,1,0,0,1,1,2,0,0,1,0,1,0,1,1,1,0,1,1,0,9.0,2.0,0.5
1,1,1,1,0,2,0,1,1,0,0,2,1,0,0,0,0,1,1,1,1,0,1,0,1,1,0,0,1,1,0,0,0,0,11.0,2.0,0.426
1,1,2,4,0,0,0,0,0,1,5,1,2,2,0,6,0,1,1,1,2,0,0,0,0,0,1,4,1,1,1,0,2,0,25.0,27.0,0.99
0,2,3,1,2,1,0,3,0,1,5,2,5,1,0,4,0,0,1,1,1,1,1,0,1,0,1,3,1,1,1,0,2,0,15.0,8.5,0.645
5,6,3,2,0,5,0,6,0,0,4,2,4,0,0,5,0,1,1,1,2,0,1,0,1,0,0,4,1,1,0,0,2,0,42.0,26.571,0.764
8,5,2,5,4,4,0,12,0,1,4,9,5,0,0,2,1,1,1,1,3,1,1,0,1,0,1,4,1,1,0,0,1,1,31.0,17.25,0.718
3,2,0,2,1,1,0,4,1,1,3,0,3,1,0,3,0,1,1,0,2,1,1,0,1,1,1,2,0,1,1,0,1,0,25.0,20.0,0.707
8,13,4,5,1,5,1,14,1,1,11,7,17,3,2,8,0,1,1,1,2,1,1,1,1,1,1,5,1,1,1,1,1,0,16.5,7.333,0.497
3,3,0,3,1,1,0,8,0,0,2,0,1,1,0,4,0,1,1,0,1,1,1,0,1,0,0,2,0,1,1,0,1,0,27.0,12.0,0.544
2,2,1,0,1,3,0,5,0,1,2,0,3,1,0,3,2,1,1,1,0,1,1,0,1,0,1,2,0,1,1,0,2,1,13.0,5.5,0.416
2,2,0,0,1,3,0,4,0,0,5,1,2,0,0,5,0,1,1,0,0,1,1,0,1,0,0,3,1,1,0,0,1,0,12.5,4.0,0.424
0,2,1,1,1,0,0,1,2,0,2,0,2,0,0,2,0,0,1,1,1,1,0,0,1,1,0,1,0,1,0,0,2,0,13.0,9.0,0.784
4,0,3,4,1,2,0,4,0,1,7,0,3,1,0,5,0,1,0,1,2,1,1,0,1,0,1,4,0,1,1,0,2,0,17.5,12.5,0.717
1,1,1,1,0,2,0,3,0,0,2,1,0,1,0,1,0,1,1,1,1,0,1,0,1,0,0,2,1,0,1,0,1,0,14.0,10.0,0.756
11,16,5,8,8,9,0,22,13,4,17,3,20,5,0,18,1,1,1,1,2,1,1,0,1,1,2,5,1,1,1,0,1,1,26.167,9.333,0.395
1,3,4,1,1,2,0,3,2,0,5,0,3,1,0,3,0,1,1,1,1,1,1,0,1,1,0,3,0,1,1,0,1,0,29.0,11.0,0.525
3,2,0,6,2,1,0,8,0,1,1,0,2,0,0,2,0,1,1,0,2,1,1,0,1,0,1,1,0,1,0,0,1,0,27.0,22.0,0.408
4,3,3,5,4,4,0,12,4,0,5,10,19,1,2,4,0,1,1,1,2,1,1,0,1,1,0,3,1,1,1,1,1,0,78.0,25.0,0.48
2,4,1,3,0,2,0,3,2,0,5,2,3,1,0,3,0,1,1,1,2,0,1,0,1,1,0,4,1,1,1,0,1,0,31.0,27.0,0.762
0,0,0,0,1,2,0,3,0,0,2,0,0,0,0,3,0,0,0,0,0,1,1,0,1,0,0,1,0,0,0,0,1,0,11.0,4.0,0.426
7,9,11,5,3,10,0,19,0,1,9,0,6,1,0,9,0,1,1,1,3,1,1,0,1,0,1,4,0,1,1,0,1,0,30.0,10.583,0.522
0,4,2,3,0,3,0,6,0,2,8,0,3,2,0,5,0,0,1,1,3,0,1,0,1,0,1,3,0,1,1,0,1,0,9.75,10.188,0.679
5,5,1,2,0,5,2,11,0,3,5,1,4,1,1,8,1,1,1,1,1,0,1,1,1,0,1,3,1,1,1,1,1,1,13.5,2.5,0.385
12,13,8,11,7,4,2,21,0,2,21,2,14,6,1,16,4,1,1,1,2,1,1,1,1,0,2,7,1,1,1,1,1,1,15.889,10.778,0.532
6,4,3,3,2,3,0,6,9,0,2,0,10,0,2,5,0,1,1,1,1,1,1,0,1,1,0,2,0,1,0,1,2,0,10.6,6.8,0.486
3,2,4,1,0,4,0,11,1,1,8,0,4,1,0,8,1,1,1,1,1,0,1,0,1,1,1,4,0,1,1,0,1,1,16.333,5.667,0.505
0,2,4,1,1,0,0,1,0,1,6,3,1,2,0,7,1,0,1,1,1,1,0,0,1,0,1,2,1,1,1,0,1,1,15.0,8.0,0.516
3,4,1,6,3,1,0,5,0,5,9,0,5,2,0,6,0,1,1,1,3,1,1,0,1,0,1,4,0,1,1,0,1,0,16.667,22.25,0.8
7,2,0,3,1,1,0,8,0,6,7,0,3,0,0,9,0,1,1,0,2,1,1,0,1,0,2,3,0,1,0,0,1,0,15.667,19.667,0.619
0,2,2,3,3,3,0,6,0,3,9,0,4,3,0,8,0,0,1,1,2,1,1,0,1,0,1,4,0,1,1,0,2,0,23.0,29.0,0.834
0,1,1,2,1,2,0,4,0,0,5,3,6,0,0,2,1,0,1,1,2,1,1,0,1,0,0,3,1,1,0,0,1,1,7.0,3.5,0.535
1,3,1,0,1,1,0,5,0,1,2,0,0,1,0,3,0,1,1,1,0,1,1,0,1,0,1,2,0,0,1,0,2,0,19.0,9.0,0.487
4,4,4,6,0,2,0,7,1,2,11,0,3,3,0,8,0,1,1,1,3,0,1,0,1,1,1,5,0,1,1,0,2,0,18.333,24.417,0.858
2,3,1,2,3,1,1,7,2,1,5,0,1,0,0,3,0,1,1,1,2,1,1,1,1,1,1,3,0,1,0,0,1,0,16.0,7.0,0.625
1,1,1,0,1,1,0,4,2,0,0,4,4,0,0,0,0,1,1,1,0,1,1,0,1,1,0,0,1,1,0,0,0,0,19.0,0.0,0.162
2,6,3,1,0,4,1,9,0,2,7,0,4,0,0,7,0,1,1,1,1,0,1,1,1,0,1,5,0,1,0,0,1,0,15.333,5.0,0.626
2,2,0,0,3,1,0,7,0,0,1,0,3,0,0,1,0,1,1,0,0,1,1,0,1,0,0,1,0,1,0,0,1,0,20.0,0.0,0.158
2,1,0,1,1,1,0,3,1,2,4,0,1,0,0,5,0,1,1,0,1,1,1,0,1,1,2,2,0,0,0,0,1,0,21.0,20.0,0.772
5,5,2,2,2,1,1,3,2,0,6,2,4,1,0,4,1,1,1,1,1,1,1,1,1,1,0,4,1,1,1,0,1,1,20.5,10.5,0.552
2,1,1,1,1,2,1,3,0,0,1,0,2,0,0,1,0,1,1,1,1,1,1,1,1,0,0,1,0,1,0,0,1,0,8.0,5.5,0.707
1,1,2,2,1,0,0,1,1,0,3,0,0,0,0,0,0,1,1,1,1,1,0,0,1,1,0,3,0,0,0,0,0,0,12.0,8.0,0.816
1,0,1,2,0,1,0,2,0,0,1,0,1,1,0,2,0,1,0,1,2,0,1,0,1,0,0,1,0,1,1,0,1,0,12.0,11.0,0.816
5,1,0,4,4,2,0,11,0,1,6,2,3,1,0,5,0,1,1,0,2,1,1,0,1,0,1,4,1,1,1,0,2,0,15.0,9.667,0.738
1,5,1,4,0,1,0,3,0,1,7,6,6,2,0,7,2,1,1,1,2,0,1,0,1,0,1,4,1,1,1,0,1,1,15.667,11.333,0.619
3,6,1,0,1,2,0,3,0,0,2,16,0,0,0,1,7,1,1,1,0,1,1,0,1,0,0,1,1,0,0,0,1,1,14.333,1.333,0.216
0,4,0,0,0,3,0,2,0,0,0,36,10,0,0,0,8,0,1,0,0,0,1,0,1,0,0,0,1,1,0,0,0,1,63.0,0.0,0.089
6,5,0,3,1,3,2,17,1,0,6,11,2,1,0,3,9,1,1,0,2,1,1,1,1,1,0,3,1,1,1,0,1,1,8.875,3.5,0.42
0,2,1,2,0,0,0,0,0,1,4,3,2,2,0,4,0,0,1,1,1,0,0,0,0,0,1,2,1,1,1,0,2,0,21.0,35.0,0.772
1,2,0,0,0,1,3,1,0,0,1,0,2,0,0,0,0,1,1,0,0,0,1,1,1,0,0,1,0,1,0,0,0,0,5.5,1.0,0.426
5,4,1,2,1,3,0,7,0,1,5,0,6,0,0,4,0,1,1,1,1,1,1,0,1,0,1,3,0,1,0,0,2,0,38.0,10.0,0.459
0,0,0,0,0,1,0,1,1,1,0,16,7,0,1,2,5,0,0,0,0,0,1,0,1,1,1,0,1,1,0,1,1,1,17.5,0.0,0.12
0,3,0,0,0,3,0,2,2,0,0,29,8,0,0,2,7,0,1,0,0,0,1,0,1,1,0,0,1,1,0,0,1,1,56.0,0.0,0.094
0,0,0,0,0,0,0,1,5,0,0,26,12,0,1,0,9,0,0,0,0,0,0,0,1,1,0,0,1,1,0,1,0,1,26.5,0.0,0.097
1,1,0,1,0,1,0,1,0,1,1,3,1,1,0,1,0,1,1,0,1,0,1,0,1,0,1,1,1,1,1,0,1,0,13.0,13.0,0.588
6,4,0,2,0,2,1,15,0,1,3,9,13,0,0,0,8,1,1,0,1,0,1,1,1,0,1,2,1,1,0,0,0,1,21.333,8.333,0.354
0,4,0,0,1,2,0,3,0,0,1,17,2,0,0,0,6,0,1,0,0,1,1,0,1,0,0,1,1,1,0,0,0,1,9.5,0.0,0.115
1,3,1,0,1,2,0,6,1,0,1,16,7,0,0,1,0,1,1,1,0,1,1,0,1,1,0,1,1,1,0,0,1,0,40.0,2.0,0.224
2,4,0,1,1,1,0,4,2,0,2,0,0,0,0,1,0,1,1,0,1,1,1,0,1,1,0,2,0,0,0,0,1,0,18.0,6.0,0.667
4,2,1,1,0,3,0,8,1,2,2,44,19,0,0,5,16,1,1,1,1,0,1,0,1,1,1,1,1,1,0,0,1,1,54.0,3.0,0.204
1,0,0,0,1,0,0,1,0,0,0,4,4,0,0,0,0,1,0,0,0,1,0,0,1,0,0,0,1,1,0,0,0,0,5.5,0.0,0.213
0,5,3,2,2,2,0,2,0,1,3,33,11,0,0,2,10,0,1,1,2,1,1,0,1,0,1,3,1,1,0,0,1,1,38.0,6.5,0.406
3,1,2,1,2,2,0,1,5,0,1,0,4,0,1,2,0,1,1,1,1,1,1,0,1,1,0,1,0,1,0,1,1,0,12.0,1.0,0.289
0,0,0,0,1,1,0,4,0,0,0,7,4,0,0,1,4,0,0,0,0,1,1,0,1,0,0,0,1,1,0,0,1,1,22.0,0.0,0.151
5,4,0,0,0,2,0,10,1,0,1,5,7,1,0,2,5,1,1,0,0,0,1,0,1,1,0,1,1,1,1,0,1,1,21.5,1.0,0.216
2,5,2,1,0,4,0,6,3,0,1,8,5,1,1,2,0,1,1,1,1,0,1,0,1,1,0,1,1,1,1,1,1,0,40.0,2.0,0.224
4,4,0,0,2,5,0,1,0,1,4,28,10,0,0,6,10,1,1,0,0,1,1,0,1,0,1,2,1,1,0,0,2,1,25.0,4.333,0.245
4,4,2,5,4,3,0,6,0,0,12,0,2,2,0,10,0,1,1,1,2,1,1,0,1,0,0,6,0,1,1,0,2,0,54.0,41.0,0.77
1,2,1,1,0,2,0,0,0,0,1,13,1,0,0,0,4,1,1,1,1,0,1,0,0,0,0,1,1,1,0,0,0,1,26.0,5.0,0.416
1,0,0,1,0,0,1,0,0,0,2,3,2,0,0,2,1,1,0,0,1,0,0,1,0,0,0,1,1,1,0,0,1,1,6.5,3.0,0.588
2,0,0,0,0,2,0,1,0,0,0,14,5,0,0,0,4,1,0,0,0,0,1,0,1,0,0,0,1,1,0,0,0,1,14.0,0.0,0.134
7,9,4,3,4,7,0,12,1,0,7,0,6,1,0,8,0,1,1,1,2,1,1,0,1,1,0,3,0,1,1,0,2,0,23.0,5.333,0.341
3,3,1,3,1,1,0,3,0,1,8,0,5,0,0,6,0,1,1,1,2,1,1,0,1,0,1,4,0,1,0,0,2,0,17.5,20.0,0.717
1,3,0,1,3,2,0,1,0,1,1,17,10,0,0,1,0,1,1,0,1,1,1,0,1,0,1,1,1,1,0,0,1,0,41.0,14.75,0.442
6,7,4,2,3,3,0,6,0,0,8,0,4,0,0,5,0,1,1,1,1,1,1,0,1,0,0,2,0,1,0,0,1,0,24.0,12.0,0.408
0,3,1,0,1,1,0,4,0,0,2,0,4,0,0,4,0,0,1,1,0,1,1,0,1,0,0,2,0,1,0,0,1,0,20.0,4.0,0.474
1,1,3,1,3,0,0,6,0,0,4,0,2,0,0,2,0,1,1,1,1,1,0,0,1,0,0,3,0,1,0,0,2,0,23.0,20.0,0.59
0,1,1,0,0,0,0,2,0,1,3,0,0,0,0,3,1,0,1,1,0,0,0,0,1,0,1,2,0,0,0,0,1,1,12.0,4.0,0.408
3,1,5,8,2,1,0,4,1,1,9,0,7,2,0,7,0,1,1,1,3,1,1,0,1,1,1,5,0,1,1,0,2,0,8.667,10.833,0.784
2,2,3,6,2,3,0,5,0,3,11,0,8,0,0,9,0,1,1,1,3,1,1,0,1,0,1,4,0,1,0,0,1,0,18.333,22.19,0.763
2,5,7,2,1,3,0,8,1,0,7,1,5,0,0,7,1,1,1,1,2,1,1,0,1,1,0,2,1,1,0,0,1,1,10.0,4.0,0.4
3,2,3,4,1,1,0,2,0,1,6,0,4,0,0,4,0,1,1,1,3,1,1,0,1,0,1,3,0,1,0,0,1,0,10.333,11.857,0.889
3,2,0,0,0,2,0,5,1,1,1,0,1,0,0,3,0,1,1,0,0,0,1,0,1,1,1,1,0,1,0,0,1,0,19.0,2.0,0.324
4,4,2,3,3,3,0,10,1,3,6,1,3,0,0,8,2,1,1,1,2,1,1,0,1,1,2,4,1,1,0,0,2,1,26.5,15.0,0.583
4,4,3,1,2,3,0,4,0,0,4,1,7,1,0,3,0,1,1,1,1,1,1,0,1,0,0,3,1,1,1,0,1,0,18.5,5.5,0.581
1,0,0,2,0,2,0,3,0,0,1,0,1,0,0,1,1,1,0,0,2,0,1,0,1,0,0,1,0,1,0,0,1,1,12.0,11.0,0.816
1,1,5,0,1,1,0,1,0,0,2,0,2,0,0,1,0,1,1,1,0,1,1,0,1,0,0,2,0,1,0,0,1,0,15.0,8.0,0.548
0,2,2,1,0,1,0,3,1,0,3,0,3,1,0,2,0,0,1,1,1,0,1,0,1,1,0,2,0,1,1,0,2,0,9.5,11.5,0.811
0,1,1,3,0,1,0,1,0,1,3,1,3,0,0,2,0,0,1,1,2,0,1,0,1,0,1,2,1,1,0,0,1,0,5.667,7.0,0.686
0,6,0,1,2,4,0,3,0,0,0,24,10,0,0,1,8,0,1,0,1,1,1,0,1,0,0,0,1,1,0,0,1,1,59.0,2.0,0.184
3,3,4,3,2,1,0,5,0,0,3,3,3,1,0,5,0,1,1,1,3,1,1,0,1,0,0,1,1,1,1,0,1,0,18.0,7.5,0.471
1,3,0,0,2,8,0,1,0,1,0,27,8,0,1,2,6,1,1,0,0,1,1,0,1,0,1,0,1,1,0,1,1,1,59.0,0.0,0.092
2,4,0,4,2,1,0,7,1,4,9,1,4,1,0,7,0,1,1,0,3,1,1,0,1,1,2,5,1,1,1,0,2,0,23.5,29.286,1.031
0,4,1,4,1,1,0,4,0,0,4,2,1,0,0,2,0,0,1,1,2,1,1,0,1,0,0,2,1,1,0,0,1,0,12.0,6.0,0.433
0,0,2,2,1,0,1,1,0,1,3,0,3,1,0,2,0,0,0,1,2,1,0,1,1,0,1,2,0,1,1,0,1,0,8.5,8.5,0.857
3,1,1,4,1,1,0,2,0,2,5,1,3,1,0,3,0,1,1,1,3,1,1,0,1,0,1,3,1,1,1,0,1,0,9.333,13.167,0.935
2,2,1,2,1,2,0,5,2,0,2,6,10,0,5,3,1,1,1,1,2,1,1,0,1,1,0,1,1,1,0,1,1,1,13.0,6.333,0.453
0,2,1,2,0,0,0,2,0,1,2,0,1,0,0,2,0,0,1,1,2,0,0,0,1,0,1,2,0,1,0,0,1,0,13.0,17.0,0.981
2,1,4,2,2,2,0,3,0,0,2,0,2,0,0,2,0,1,1,1,1,1,1,0,1,0,0,1,0,1,0,0,2,0,7.333,5.0,0.603
3,2,2,2,1,3,2,5,0,0,5,6,5,2,0,5,0,1,1,1,1,1,1,1,1,0,0,3,1,1,1,0,1,0,21.5,7.0,0.539
1,2,0,0,2,3,0,4,3,1,2,23,9,0,0,1,7,1,1,0,0,1,1,0,1,1,1,1,1,1,0,0,1,1,19.333,1.333,0.186
0,2,1,0,3,1,0,6,0,1,1,4,6,0,0,0,0,0,1,1,0,1,1,0,1,0,1,1,1,1,0,0,0,0,8.333,3.0,0.424
1,2,2,3,1,1,0,5,0,0,6,2,5,1,0,3,0,1,1,1,2,1,1,0,1,0,0,3,1,1,1,0,2,0,16.0,13.786,0.875
9,6,6,11,2,11,0,20,2,9,16,0,13,6,1,16,2,1,1,1,2,1,1,0,1,1,2,5,0,1,1,1,1,1,18.429,11.429,0.436
4,2,1,3,1,1,0,8,1,0,3,0,2,0,0,2,0,1,1,1,2,1,1,0,1,1,0,2,0,1,0,0,1,0,14.0,4.0,0.535
2,1,2,3,2,2,0,4,0,0,3,0,3,0,0,2,0,1,1,1,2,1,1,0,1,0,0,2,0,1,0,0,1,0,24.0,17.0,0.722
4,3,2,3,2,1,1,10,0,2,8,0,5,2,2,6,2,1,1,1,2,1,1,1,1,0,1,3,0,1,1,1,2,1,12.75,10.0,0.693
5,2,1,1,0,4,0,5,0,2,2,0,2,0,0,3,0,1,1,1,1,0,1,0,1,0,1,2,0,1,0,0,1,0,27.0,7.0,0.544
0,0,0,2,1,2,0,3,1,0,6,23,7,0,0,2,7,0,0,0,2,1,1,0,1,1,0,3,1,1,0,0,1,1,27.0,4.0,0.385
0,0,1,2,0,1,0,2,0,0,1,1,3,1,0,2,0,0,0,1,2,0,1,0,1,0,0,1,1,1,1,0,1,0,15.0,9.0,0.73
4,2,0,2,1,1,0,3,0,0,6,1,2,1,0,6,2,1,1,0,2,1,1,0,1,0,0,3,1,1,1,0,2,1,10.333,8.333,0.762
4,2,4,2,1,2,0,5,0,2,8,1,3,4,0,8,0,1,1,1,2,1,1,0,1,0,1,5,1,1,1,0,1,0,23.0,13.0,0.73
0,1,1,3,1,1,0,2,0,0,4,0,1,0,0,2,0,0,1,1,2,1,1,0,1,0,0,3,0,1,0,0,1,0,16.0,14.0,0.707
1,0,2,2,2,2,1,5,0,1,6,2,7,0,0,3,0,1,0,1,2,1,1,1,1,0,1,3,1,1,0,0,1,0,17.0,11.786,0.728
2,0,0,1,1,1,0,3,0,2,2,1,2,0,0,4,0,1,0,0,1,1,1,0,1,0,2,1,1,1,0,0,1,0,19.0,18.0,0.649
18,17,10,7,9,7,0,34,8,6,22,1,26,3,2,20,1,1,1,1,2,1,1,0,1,1,2,5,1,1,1,1,2,1,14.538,6.538,0.411
0,2,0,1,2,0,0,1,0,0,4,0,0,1,0,3,0,0,1,0,1,1,0,0,1,0,0,2,0,0,1,0,1,0,14.0,6.0,0.378
1,4,7,1,1,1,0,2,1,1,5,0,1,0,0,8,0,1,1,1,1,1,1,0,1,1,1,3,0,1,0,0,1,0,33.0,16.0,0.492
1,2,2,3,0,2,1,2,0,1,4,0,1,1,0,4,1,1,1,1,2,0,1,1,1,0,1,4,0,1,1,0,1,1,8.333,6.667,0.849
0,1,0,1,0,0,0,2,0,1,4,0,1,0,0,3,0,0,1,0,1,0,0,0,1,0,1,3,0,1,0,0,1,0,13.0,17.571,0.981
0,0,1,2,0,1,0,2,0,1,2,1,3,1,0,1,0,0,0,1,2,0,1,0,1,0,1,2,1,1,1,0,1,0,7.5,10.0,0.913
13,10,14,10,6,7,0,21,2,1,19,1,19,3,0,19,1,1,1,1,2,1,1,0,1,1,1,7,1,1,1,0,1,1,20.857,8.857,0.527
3,2,0,0,0,0,0,1,0,1,3,0,0,0,0,3,0,1,1,0,0,0,0,0,1,0,1,2,0,0,0,0,1,0,13.0,12.0,0.392
24,28,21,23,9,22,1,69,1,10,26,4,37,8,1,36,3,1,1,1,4,1,1,1,1,1,2,8,1,1,1,1,1,1,20.125,9.734,0.473
1,1,1,1,1,2,0,1,1,0,1,1,2,0,0,1,0,1,1,1,1,1,1,0,1,1,0,1,1,1,0,0,1,0,14.0,5.0,0.567
7,6,2,5,0,3,0,8,2,0,5,3,9,1,3,4,2,1,1,1,2,0,1,0,1,1,0,3,1,1,1,1,1,1,28.0,6.0,0.378
1,1,2,2,0,1,0,1,0,1,1,1,1,0,0,0,0,1,1,1,1,0,1,0,1,0,1,1,1,1,0,0,0,0,12.0,7.0,0.408
1,0,2,1,1,0,0,1,0,1,4,0,2,1,0,3,0,1,0,1,1,1,0,0,1,0,1,2,0,1,1,0,1,0,17.0,11.0,0.686
3,2,7,3,2,3,0,7,4,0,5,3,6,0,2,6,1,1,1,1,2,1,1,0,1,1,0,1,1,1,0,1,1,1,17.333,8.667,0.392
3,3,1,1,1,1,0,4,0,0,1,0,2,0,0,2,0,1,1,1,1,1,1,0,1,0,0,1,0,1,0,0,1,0,9.5,2.0,0.487
5,8,4,5,5,4,0,16,0,2,9,3,7,3,0,10,1,1,1,1,2,1,1,0,1,0,2,4,1,1,1,0,1,1,27.333,10.0,0.469
0,1,1,2,0,1,0,2,0,0,2,1,1,0,0,1,0,0,1,1,2,0,1,0,1,0,0,2,1,1,0,0,1,0,6.0,3.5,0.816
1,0,0,1,0,1,0,1,0,1,3,0,2,0,0,2,0,1,0,0,1,0,1,0,1,0,1,3,0,1,0,0,2,0,6.0,7.5,0.816
0,2,1,0,0,0,0,2,0,0,2,0,1,0,0,3,0,0,1,1,0,0,0,0,1,0,0,1,0,1,0,0,1,0,11.0,4.0,0.426
3,2,8,5,6,0,0,5,0,3,11,1,5,2,0,14,0,1,1,1,2,1,0,0,1,0,1,5,1,1,1,0,1,0,21.667,9.0,0.526
8,2,8,5,3,5,0,14,0,4,14,0,13,3,0,12,1,1,1,1,2,1,1,0,1,0,2,6,0,1,1,0,2,1,18.2,13.6,0.667
1,0,2,0,0,1,0,2,0,2,2,1,2,0,0,3,0,1,0,1,0,0,1,0,1,0,2,1,1,1,0,0,1,0,8.0,5.5,0.53
2,3,0,2,2,1,0,4,1,0,3,2,1,0,0,1,0,1,1,0,1,1,1,0,1,1,0,2,1,1,0,0,1,0,22.0,10.0,0.603
0,2,1,0,4,1,0,3,0,0,0,7,2,0,0,1,0,0,1,1,0,1,1,0,1,0,0,0,1,1,0,0,1,0,21.0,0.0,0.154
1,1,2,1,0,1,0,3,0,0,4,0,0,2,0,3,0,1,1,1,1,0,1,0,1,0,0,2,0,0,1,0,2,0,18.0,13.0,0.833
2,1,2,1,1,0,1,1,0,0,5,0,4,0,0,4,0,1,1,1,1,1,0,1,1,0,0,5,0,1,0,0,1,0,11.0,8.5,1.055
6,5,4,7,2,5,0,12,1,1,8,0,5,2,0,10,1,1,1,1,3,1,1,0,1,1,1,4,0,1,1,0,2,1,17.25,10.0,0.596
15,26,8,18,9,16,0,32,0,8,23,1,16,3,1,18,0,1,1,1,4,1,1,0,1,0,2,8,1,1,1,1,1,0,32.0,18.5,0.612
2,3,3,1,1,1,0,7,2,1,2,0,3,0,0,4,0,1,1,1,1,1,1,0,1,1,1,2,0,1,0,0,2,0,15.0,8.0,0.516
1,0,4,2,0,0,0,1,0,4,4,0,2,0,0,7,0,1,0,1,2,0,0,0,1,0,2,2,0,1,0,0,2,0,12.5,12.0,0.566
4,7,1,2,1,2,0,8,0,2,4,5,6,0,0,5,1,1,1,1,1,1,1,0,1,0,1,3,1,1,0,0,1,1,16.0,3.333,0.408
2,0,4,2,0,2,0,4,0,0,3,0,1,2,0,1,0,1,0,1,1,0,1,0,1,0,0,3,0,1,1,0,1,0,10.5,4.0,0.617
3,1,4,1,0,1,0,3,0,1,0,0,2,0,0,1,0,1,1,1,1,0,1,0,1,0,1,0,0,1,0,0,1,0,8.5,4.5,0.514
1,1,1,3,1,2,1,2,0,0,3,1,3,0,0,2,2,1,1,1,2,1,1,1,1,0,0,2,1,1,0,0,1,1,11.5,10.0,0.59
0,2,0,2,0,0,0,2,0,1,3,0,0,0,0,3,0,0,1,0,2,0,0,0,1,0,1,3,0,0,0,0,1,0,13.0,26.75,1.373
0,2,2,1,0,1,0,3,0,1,0,0,1,0,0,1,0,0,1,1,1,0,1,0,1,0,1,0,0,1,0,0,1,0,12.0,9.0,0.612
8,11,10,5,6,11,0,24,0,3,12,0,17,1,0,14,1,1,1,1,4,1,1,0,1,0,2,5,0,1,1,0,2,1,20.5,7.333,0.574
6,3,0,2,1,7,0,3,3,0,3,39,5,0,0,3,17,1,1,0,2,1,1,0,1,1,0,3,1,1,0,0,1,1,92.0,6.0,0.295
3,7,4,3,1,5,0,9,0,0,5,0,6,0,0,2,0,1,1,1,1,1,1,0,1,0,0,3,0,1,0,0,1,0,22.5,8.0,0.422
0,1,2,1,1,1,0,2,0,0,2,3,4,0,0,1,1,0,1,1,1,1,1,0,1,0,0,2,1,1,0,0,1,1,18.0,10.0,0.667
4,2,1,3,1,2,0,7,0,1,3,1,6,0,0,4,1,1,1,1,2,1,1,0,1,0,1,2,1,1,0,0,1,1,18.0,7.5,0.589
1,3,1,2,0,0,0,1,0,0,1,0,1,1,0,1,0,1,1,1,1,0,0,0,1,0,0,1,0,1,1,0,1,0,13.0,6.0,0.392
0,0,0,0,0,0,0,4,0,0,0,0,6,0,3,0,0,0,0,0,0,0,0,0,1,0,0,0,0,1,0,1,0,0,11.0,0.0,0.213
0,0,2,0,1,2,0,5,0,0,3,0,2,2,0,2,0,0,0,1,0,1,1,0,1,0,0,3,0,1,1,0,1,0,6.333,2.667,0.487
3,3,0,1,0,1,0,3,0,0,1,1,3,0,0,5,0,1,1,0,1,0,1,0,1,0,0,1,1,1,0,0,1,0,10.5,0.0,0.154
2,2,0,0,0,0,0,3,0,1,4,1,2,0,0,5,0,1,1,0,0,0,0,0,1,0,1,3,1,1,0,0,1,0,20.0,16.0,0.632
0,2,0,0,0,1,1,4,0,0,0,0,4,0,0,1,0,0,1,0,0,0,1,1,2,0,0,0,0,1,0,0,1,0,12.0,4.5,0.408
0,1,0,2,0,1,0,0,0,1,1,8,0,0,0,1,0,0,1,0,1,0,1,0,0,0,1,1,1,0,0,0,1,0,16.0,6.0,0.354
2,4,0,0,1,3,0,5,0,1,0,1,2,0,0,1,0,1,1,0,0,1,1,0,1,0,1,0,1,1,0,0,1,0,20.0,7.0,0.316
1,1,0,3,0,2,0,5,0,0,3,0,4,0,0,1,0,1,1,0,1,0,1,0,1,0,0,2,0,1,0,0,1,0,10.0,6.0,0.632
1,2,1,2,0,2,0,1,1,0,1,3,1,0,0,1,0,1,1,1,2,0,1,0,1,1,0,1,1,1,0,0,1,0,16.0,11.0,0.707
1,5,0,1,0,3,0,4,2,0,3,0,2,0,0,5,0,1,1,0,1,0,1,0,1,1,0,3,0,1,0,0,1,0,13.0,5.0,0.555
0,0,0,0,0,0,0,1,0,0,0,7,1,0,0,1,2,0,0,0,0,0,0,0,1,0,0,0,1,1,0,0,1,1,6.0,0.0,0.204
1,1,2,0,1,1,2,3,0,2,3,1,3,0,0,6,1,1,1,1,0,1,1,1,1,0,1,2,1,1,0,0,1,1,9.0,4.667,0.408
3,2,3,2,1,4,0,0,0,1,2,10,3,0,0,2,0,1,1,1,2,1,1,0,0,0,1,1,1,1,0,0,1,0,16.5,3.0,0.369
4,4,0,0,2,1,0,3,0,0,2,0,3,0,0,1,0,1,1,0,0,1,1,0,1,0,0,1,0,1,0,0,1,0,6.667,2.667,0.316
1,1,0,2,0,1,0,7,0,1,2,0,0,1,0,0,1,1,1,0,1,0,1,0,1,0,1,1,0,0,1,0,0,1,17.0,12.0,0.514
1,2,0,2,0,1,0,3,0,1,3,0,1,0,0,3,0,1,1,0,2,0,1,0,1,0,1,3,0,1,0,0,1,0,8.5,13.875,1.029
3,1,1,3,1,5,1,9,0,3,3,0,4,0,0,6,0,1,1,1,2,1,1,1,1,0,1,2,0,1,0,0,1,0,10.0,2.0,0.335
2,1,0,0,1,1,0,1,0,1,1,2,1,0,0,3,1,1,1,0,0,1,1,0,1,0,1,1,1,1,0,0,1,1,7.5,1.0,0.365
1,2,2,1,1,1,0,5,0,1,5,1,4,0,0,5,0,1,1,1,1,1,1,0,1,0,1,4,1,1,0,0,1,0,14.5,6.0,0.657
1,0,0,2,0,1,0,1,0,0,3,0,2,0,0,1,0,1,0,0,2,0,1,0,1,0,0,2,0,1,0,0,1,0,11.0,6.0,0.64
1,1,0,1,1,0,0,6,0,0,2,2,3,1,0,3,1,1,1,0,1,1,0,0,1,0,0,2,1,1,1,0,1,1,22.0,5.0,0.452
1,0,0,1,0,1,1,1,0,1,2,2,2,1,0,3,2,1,0,0,1,0,1,1,1,0,1,1,1,1,1,0,1,1,4.5,3.0,0.333
4,2,2,1,1,1,0,7,0,2,0,0,2,0,0,2,0,1,1,1,1,1,1,0,1,0,2,0,0,1,0,0,2,0,24.0,16.0,0.577
2,5,3,4,2,4,0,10,0,2,12,1,9,1,1,8,0,1,1,1,1,1,1,0,1,0,1,5,1,1,1,1,2,0,15.75,10.25,0.535
2,4,0,0,1,4,0,9,0,0,0,1,2,0,0,1,0,1,1,0,0,1,1,0,1,0,0,0,1,1,0,0,1,0,24.0,0.0,0.144
0,1,1,1,0,2,0,2,0,1,1,0,1,0,0,2,0,0,1,1,1,0,1,0,1,0,1,1,0,1,0,0,1,0,12.0,2.0,0.408
0,2,0,1,0,1,0,3,0,1,3,0,1,0,0,2,0,0,1,0,1,0,1,0,1,0,1,3,0,1,0,0,1,0,14.0,20.0,0.945
1,2,1,0,1,1,0,4,0,0,0,0,0,0,0,1,0,1,1,1,0,1,1,0,1,0,0,0,0,0,0,0,1,0,11.0,0.0,0.213
1,0,1,2,0,1,0,2,0,0,2,1,1,0,1,2,0,1,0,1,2,0,1,0,1,0,0,2,1,0,0,1,1,0,13.0,11.0,0.784
9,3,4,3,2,4,0,8,0,3,4,0,5,2,0,7,0,1,1,1,2,1,1,0,1,0,2,4,0,1,1,0,1,0,18.0,9.0,0.577
2,3,0,0,1,2,0,6,0,0,4,0,2,1,0,4,0,1,1,0,0,1,1,0,1,0,0,3,0,1,1,0,1,0,25.0,8.0,0.566
5,6,3,2,0,2,0,8,1,3,5,0,7,1,0,6,1,1,1,1,2,0,1,0,1,1,2,1,0,1,1,0,1,1,10.0,5.2,0.4
2,2,2,3,1,3,0,6,0,1,4,0,2,2,0,4,1,1,1,1,2,1,1,0,1,0,1,2,0,1,1,0,1,1,16.5,10.0,0.369
1,1,0,2,0,2,0,2,0,0,2,1,2,0,0,1,1,1,1,0,1,0,1,0,1,0,0,1,1,1,0,0,1,1,7.5,4.0,0.548
0,0,2,2,1,0,0,3,1,0,2,0,1,1,0,1,0,0,0,1,2,1,0,0,1,1,0,1,0,1,1,0,1,0,14.0,11.0,0.567
7,3,6,3,1,0,0,7,0,1,6,1,9,2,0,6,0,1,1,1,1,1,0,0,1,0,1,3,1,1,1,0,2,0,13.0,4.5,0.392
25,23,8,8,9,14,0,44,1,9,19,5,26,5,0,25,3,1,1,1,2,1,1,0,1,1,2,7,1,1,1,0,2,1,18.667,5.917,0.472
2,3,1,1,1,3,0,3,0,1,4,1,3,0,0,3,0,1,1,1,1,1,1,0,1,0,1,2,1,1,0,0,2,0,13.0,9.0,0.693
1,2,2,4,1,2,0,3,2,3,4,0,3,0,0,3,1,1,1,1,2,1,1,0,1,1,2,1,0,1,0,0,1,1,15.5,13.0,0.635
11,11,11,6,3,5,0,16,1,1,18,4,15,5,0,17,1,1,1,1,2,1,1,0,1,1,1,10,1,1,1,0,1,1,15.75,6.25,0.693
1,0,1,2,0,2,0,3,1,0,4,1,3,1,0,3,0,1,0,1,2,0,1,0,1,1,0,3,1,1,1,0,2,0,7.333,9.0,1.055
4,6,1,3,1,3,0,6,1,1,5,1,5,1,0,5,0,1,1,1,1,1,1,0,1,1,1,4,1,1,1,0,1,0,14.333,5.0,0.539
7,9,6,6,3,10,0,19,0,4,19,3,10,4,0,15,1,1,1,1,2,1,1,0,1,0,2,8,1,1,1,0,3,1,19.333,13.5,0.788
2,1,0,2,1,1,0,3,0,0,5,2,3,1,0,6,0,1,1,0,1,1,1,0,1,0,0,3,1,1,1,0,2,0,27.0,19.0,0.544
7,8,5,6,6,8,0,20,1,4,20,6,13,4,0,15,3,1,1,1,2,1,1,0,1,1,2,8,1,1,1,0,3,1,20.5,13.833,0.765
7,7,6,8,4,11,0,18,1,4,9,5,9,4,0,12,0,1,1,1,2,1,1,0,1,1,2,4,1,1,1,0,2,0,21.0,9.2,0.483
2,4,5,3,2,3,0,4,2,0,5,2,3,1,0,6,0,1,1,1,2,1,1,0,1,1,0,2,1,1,1,0,1,0,10.5,3.0,0.436
2,0,0,3,0,0,0,2,0,1,4,0,2,1,0,2,0,1,0,0,1,0,0,0,1,0,1,3,0,1,1,0,1,0,17.0,23.0,1.029
4,7,3,6,6,7,0,11,2,2,10,0,9,1,0,15,1,1,1,1,2,1,1,0,1,1,2,3,0,1,1,0,2,1,21.0,9.5,0.386
3,4,9,3,4,1,2,8,1,3,7,0,6,1,0,10,0,1,1,1,3,1,1,1,1,1,2,3,0,1,1,0,1,0,20.333,9.833,0.543
3,3,5,1,3,3,0,3,5,0,4,0,4,0,2,2,0,1,1,1,1,1,1,0,1,1,0,2,0,1,0,1,1,0,18.0,4.0,0.354
0,2,2,1,0,1,0,2,2,0,5,0,2,0,0,5,0,0,1,1,1,0,1,0,1,1,0,2,0,1,0,0,2,0,7.333,4.333,0.452
1,2,0,2,1,1,0,3,2,0,2,2,0,0,0,0,0,1,1,0,1,1,1,0,1,1,0,2,1,0,0,0,0,0,16.0,6.0,0.53
0,0,0,0,1,1,0,3,0,0,0,11,0,0,0,0,7,0,0,0,0,1,1,0,1,0,0,0,1,0,0,0,0,1,23.0,0.0,0.147
2,5,2,6,0,3,0,5,1,1,4,0,1,2,0,2,0,1,1,1,3,0,1,0,1,1,1,3,0,1,1,0,1,0,17.0,11.5,0.728
2,1,3,2,0,1,0,4,0,0,1,0,1,1,0,2,0,1,1,1,2,0,1,0,1,0,0,1,0,1,1,0,1,0,9.0,2.5,0.5
3,4,5,1,3,0,0,21,0,2,3,3,14,0,0,8,2,1,1,1,1,1,0,0,1,0,2,2,1,1,0,0,1,1,35.0,5.5,0.254
6,3,3,4,0,2,0,5,0,1,1,0,3,1,0,3,1,1,1,1,2,0,1,0,1,0,1,1,0,1,1,0,1,1,16.5,4.0,0.369
3,2,5,4,0,1,0,6,0,1,3,0,4,0,0,3,1,1,1,1,2,0,1,0,1,0,1,2,0,1,0,0,1,1,16.5,6.5,0.492
4,1,2,1,0,3,0,3,0,0,3,1,3,0,0,2,1,1,1,1,1,0,1,0,1,0,0,3,1,1,0,0,2,1,12.0,4.5,0.577
0,2,1,0,0,1,0,3,2,0,2,0,2,0,1,2,1,0,1,1,0,0,1,0,1,1,0,1,0,1,0,1,1,1,8.0,2.0,0.354
3,5,7,3,1,1,0,6,1,4,10,1,6,3,0,10,0,1,1,1,3,1,1,0,1,1,2,6,1,1,1,0,2,0,10.167,9.0,0.905
3,6,3,4,0,5,0,11,0,2,3,1,7,1,1,5,0,1,1,1,2,0,1,0,1,0,2,3,1,1,1,1,1,0,17.333,7.667,0.588
3,5,6,3,2,1,0,6,0,2,10,0,5,0,0,6,0,1,1,1,1,1,1,0,1,0,1,3,0,1,0,0,1,0,12.25,5.0,0.404
3,1,0,3,1,4,0,8,0,2,2,0,7,1,0,5,0,1,1,0,2,1,1,0,1,0,2,2,0,1,1,0,1,0,38.0,16.0,0.574
2,2,0,1,1,1,0,1,0,0,2,0,1,0,0,1,0,1,1,0,1,1,1,0,1,0,0,2,0,1,0,0,1,0,12.0,8.0,0.612
2,4,2,1,0,1,0,3,3,1,3,0,2,0,1,3,0,1,1,1,1,0,1,0,1,1,1,2,0,1,0,1,1,0,12.5,4.0,0.566
5,5,3,3,1,2,0,4,3,1,4,0,2,1,0,5,0,1,1,1,2,1,1,0,1,1,1,2,0,1,1,0,3,0,19.5,14.786,0.793
1,1,3,2,1,0,0,7,0,0,1,1,4,0,0,0,0,1,1,1,1,1,0,0,1,0,0,1,1,1,0,0,0,0,10.5,3.5,0.463
3,1,2,2,0,3,0,3,0,0,2,0,2,1,0,2,0,1,1,1,1,0,1,0,1,0,0,2,0,1,1,0,1,0,10.5,6.0,0.617
3,3,3,3,2,3,0,10,0,3,9,0,7,1,1,6,0,1,1,1,2,1,1,0,1,0,2,5,0,1,1,1,1,0,26.5,18.0,0.777
1,0,0,3,1,0,0,1,0,2,2,0,1,0,0,4,0,1,0,0,3,1,0,0,1,0,2,2,0,1,0,0,1,0,15.0,19.0,1.095
2,3,3,3,2,2,1,5,1,0,7,0,5,1,0,5,0,1,1,1,2,1,1,1,1,1,0,3,0,1,1,0,1,0,13.333,8.667,0.559
5,5,6,4,1,1,0,5,1,1,5,0,4,1,0,5,0,1,1,1,2,1,1,0,1,1,1,2,0,1,1,0,1,0,44.0,28.75,0.64
0,2,1,0,1,0,0,2,0,1,1,1,0,0,0,2,0,0,1,1,0,1,0,0,1,0,1,1,1,0,0,0,1,0,11.0,2.0,0.426
1,1,1,0,0,2,0,4,0,0,1,1,2,1,0,3,0,1,1,1,0,0,1,0,1,0,0,1,1,1,1,0,2,0,17.0,9.0,0.514
5,5,1,3,0,0,1,5,0,0,4,0,2,2,0,3,0,1,1,1,3,0,0,1,1,0,0,3,0,1,1,0,1,0,31.0,22.0,0.762
2,4,3,0,1,2,1,0,1,1,2,7,1,0,0,4,0,1,1,1,0,1,1,1,0,1,1,1,1,1,0,0,1,0,29.0,4.0,0.263
1,3,0,0,0,3,0,5,0,0,3,2,0,1,0,3,0,1,1,0,0,0,1,0,1,0,0,2,1,0,1,0,1,0,21.0,6.0,0.463
0,0,1,0,0,2,0,1,0,1,1,2,0,0,0,3,0,0,0,1,0,0,1,0,1,0,1,1,1,0,0,0,2,0,11.0,9.0,0.64
2,6,3,1,0,3,0,7,0,1,11,1,2,1,0,7,0,1,1,1,1,0,1,0,1,0,1,5,1,1,1,0,1,0,45.0,29.0,0.632
2,3,2,2,2,0,0,4,0,3,6,3,2,0,0,5,0,1,1,1,2,1,0,0,1,0,1,3,1,1,0,0,1,0,34.0,10.0,0.485
4,5,5,2,2,2,0,5,0,1,6,2,1,1,0,5,0,1,1,1,2,1,1,0,1,0,1,4,1,1,1,0,3,0,41.0,34.0,0.883
8,7,6,4,2,4,0,9,3,1,12,0,10,0,1,7,0,1,1,1,1,1,1,0,1,1,1,6,0,1,0,1,1,0,24.333,12.333,0.579
3,5,1,2,1,3,0,10,0,0,3,4,10,1,0,5,0,1,1,1,2,1,1,0,1,0,0,2,1,1,1,0,1,0,48.0,4.0,0.306
1,3,2,2,0,2,0,4,2,0,4,1,4,0,0,1,0,1,1,1,1,0,1,0,1,1,0,3,1,1,0,0,1,0,13.0,5.0,0.555
3,1,2,0,1,1,1,4,0,0,5,3,4,0,0,2,0,1,1,1,0,1,1,1,1,0,0,5,1,1,0,0,1,0,13.5,6.0,0.68
6,7,9,4,4,7,1,19,1,3,10,3,13,1,0,16,0,1,1,1,3,1,1,1,1,1,1,3,1,1,1,0,3,0,20.6,15.114,0.488
3,1,1,0,0,0,0,6,2,0,0,2,6,0,0,1,0,1,1,1,0,0,0,0,1,1,0,0,1,1,0,0,1,0,22.0,0.0,0.151
0,1,0,2,0,1,1,1,0,0,2,2,0,0,0,1,0,0,1,0,1,0,1,1,1,0,0,2,1,0,0,0,1,0,11.0,6.0,0.64
28,29,12,25,9,21,0,54,1,18,37,8,39,13,0,46,2,1,1,1,3,1,1,0,1,1,2,6,1,1,1,0,3,1,34.3,23.7,0.344
1,1,1,2,1,2,0,3,0,3,6,1,2,0,0,6,0,1,1,1,1,1,1,0,1,0,2,4,1,1,0,0,1,0,29.0,23.0,0.657
0,1,1,1,1,1,0,5,0,0,1,4,4,0,0,1,0,0,1,1,1,1,1,0,1,0,0,1,1,1,0,0,1,0,9.5,2.0,0.487
1,1,2,0,1,1,0,2,0,0,1,5,8,0,0,2,0,1,1,1,0,1,1,0,1,0,0,1,1,1,0,0,1,0,24.0,2.0,0.289
1,1,1,0,1,2,0,4,0,0,2,5,1,1,0,2,0,1,1,1,0,1,1,0,1,0,0,1,1,1,1,0,1,0,21.0,4.0,0.309
0,0,0,1,1,1,0,1,0,2,3,0,1,2,0,4,0,0,0,0,1,1,1,0,1,0,2,3,0,1,1,0,2,0,16.0,28.0,1.061
0,2,2,2,0,1,1,3,0,1,5,1,7,0,0,4,0,0,1,1,1,0,1,1,1,0,1,3,1,1,0,0,1,0,9.667,6.0,0.525
0,3,0,2,0,3,1,7,0,0,2,0,1,0,0,1,0,0,1,0,2,0,1,1,1,0,0,1,0,1,0,0,1,0,20.0,14.0,0.474
4,5,3,8,4,6,0,7,0,7,11,0,6,2,0,7,1,1,1,1,2,1,1,0,1,0,3,4,0,1,1,0,3,1,35.5,26.625,0.671
1,0,1,0,1,0,0,2,0,0,1,1,2,0,0,2,0,1,0,1,0,1,0,0,1,0,0,1,1,1,0,0,1,0,5.5,0.0,0.213
5,8,4,4,3,3,0,14,1,4,12,4,10,1,0,14,2,1,1,1,2,1,1,0,1,1,2,6,1,1,1,0,1,1,22.5,12.0,0.596
6,11,5,1,1,4,0,13,0,3,3,1,6,0,1,4,0,1,1,1,1,1,1,0,1,0,2,2,1,1,0,1,1,0,19.333,7.667,0.464
5,5,1,3,0,3,0,6,0,2,4,0,4,0,0,6,0,1,1,1,2,0,1,0,1,0,1,3,0,1,0,0,1,0,13.0,6.5,0.566
1,0,0,0,1,1,0,4,0,1,0,2,0,0,0,2,0,1,0,0,0,1,1,0,1,0,1,0,1,0,0,0,1,0,12.0,0.0,0.204
4,8,7,7,2,6,0,9,0,1,6,8,12,0,0,5,1,1,1,1,3,1,1,0,1,0,1,5,1,1,0,0,1,1,12.5,5.833,0.653
1,1,2,1,0,0,0,2,4,0,1,10,9,1,1,0,1,1,1,1,1,0,0,0,1,1,0,1,1,1,1,1,0,1,33.0,5.0,0.369
2,3,3,3,2,5,0,6,0,0,5,1,5,0,0,1,0,1,1,1,1,1,1,0,1,0,0,2,1,1,0,0,1,0,18.0,11.5,0.589
0,2,0,0,0,1,0,2,1,1,0,5,2,0,0,1,0,0,1,0,0,0,1,0,1,1,1,0,1,1,0,0,1,0,15.0,0.0,0.183
2,1,2,4,0,1,0,2,0,2,5,0,3,1,0,4,1,1,1,1,3,0,1,0,1,0,2,3,0,1,1,0,1,1,9.333,10.667,0.935
0,3,0,0,1,2,0,2,0,0,2,1,7,0,0,4,0,0,1,0,0,1,1,0,1,0,0,2,1,1,0,0,1,0,11.0,4.5,0.452
1,0,0,0,1,0,0,6,1,0,0,9,10,0,0,1,1,1,0,0,0,1,0,0,1,1,0,0,1,1,0,0,1,1,15.0,0.0,0.129
2,4,4,1,1,1,0,5,0,0,2,0,1,0,0,2,0,1,1,1,1,1,1,0,1,0,0,2,0,1,0,0,1,0,23.0,7.0,0.295
1,4,1,2,2,2,0,6,0,0,2,0,1,0,0,2,0,1,1,1,2,1,1,0,1,0,0,2,0,1,0,0,1,0,23.0,6.0,0.59
1,1,2,1,0,0,0,4,0,0,3,0,2,0,0,4,0,1,1,1,1,0,0,0,1,0,0,2,0,1,0,0,2,0,9.0,7.5,0.667
2,3,2,3,0,5,1,16,3,0,3,1,24,0,0,3,3,1,1,1,2,0,1,1,1,1,0,2,1,1,0,0,2,1,16.5,5.75,0.435
4,1,2,8,2,5,0,7,0,1,5,2,3,2,0,5,1,1,1,1,2,1,1,0,1,0,1,2,1,1,1,0,1,1,12.0,5.25,0.51
3,4,3,2,0,3,1,10,2,0,2,3,21,0,0,3,3,1,1,1,2,0,1,1,1,1,0,2,1,1,0,0,2,1,14.75,4.5,0.46
4,3,0,2,1,1,0,5,1,0,2,0,1,0,0,1,0,1,1,0,1,1,1,0,1,1,0,2,0,1,0,0,1,0,21.0,8.0,0.463
1,5,3,0,0,1,0,9,1,1,3,3,4,0,0,4,2,1,1,1,0,0,1,0,1,1,1,3,1,1,0,0,1,1,9.25,2.75,0.465
4,3,1,2,2,2,0,4,0,0,4,1,4,0,0,2,0,1,1,1,1,1,1,0,1,0,0,2,1,1,0,0,1,0,14.5,6.5,0.525
1,2,0,0,0,2,0,1,0,0,3,0,1,1,0,4,0,1,1,0,0,0,1,0,1,0,0,2,0,1,1,0,2,0,7.5,4.5,0.548
1,0,1,2,0,1,0,2,0,0,1,0,2,0,0,1,1,1,0,1,1,0,1,0,1,0,0,1,0,1,0,0,1,1,12.0,7.0,0.408
0,0,0,1,0,1,0,3,0,0,0,2,6,1,3,1,1,0,0,0,1,0,1,0,1,0,0,0,1,1,1,1,1,1,17.0,2.0,0.343
1,2,0,0,0,1,0,6,0,0,1,6,5,0,1,1,0,1,1,0,0,0,1,0,1,0,0,1,1,1,0,1,1,0,23.0,0.0,0.147
0,1,1,1,1,1,0,4,0,3,2,10,3,0,0,3,4,0,1,1,1,1,1,0,1,0,2,2,1,1,0,0,1,1,17.0,8.5,0.606
1,2,4,2,0,1,1,8,0,0,1,0,4,1,0,5,0,1,1,1,1,0,1,1,1,0,0,1,0,1,1,0,1,0,7.5,2.5,0.387
0,0,3,0,0,0,0,1,2,1,2,9,2,0,0,0,1,0,0,1,0,0,0,0,1,1,1,2,1,1,0,0,0,1,23.0,2.0,0.295
0,0,0,0,0,0,0,1,0,0,1,3,3,0,1,1,2,0,0,0,0,0,0,0,1,0,0,1,1,1,0,1,1,1,5.5,0.0,0.213
0,0,2,0,0,0,0,0,1,1,0,16,8,0,0,0,0,0,0,1,0,0,0,0,0,1,1,0,1,1,0,0,0,0,28.0,0.0,0.134
2,0,3,2,1,0,0,0,0,1,2,0,2,0,0,1,0,1,0,1,1,1,0,0,0,0,1,1,0,1,0,0,1,0,14.0,15.0,0.756
0,0,0,2,0,2,0,5,0,0,4,0,2,0,1,3,0,0,0,0,2,0,1,0,1,0,0,3,0,1,0,1,1,0,9.0,11.0,0.667
0,2,0,1,2,1,0,5,0,1,3,0,4,0,1,2,1,0,1,0,1,1,1,0,1,0,1,2,0,1,0,1,1,1,11.0,6.0,0.452
4,5,7,8,0,7,0,10,0,3,11,1,5,4,0,9,0,1,1,1,2,0,1,0,1,0,3,5,1,1,1,0,3,0,24.667,22.083,0.904
3,1,3,0,0,2,0,3,1,0,2,0,4,1,0,5,0,1,1,1,0,0,1,0,1,1,0,2,0,1,1,0,1,0,12.5,1.0,0.283
0,2,0,0,0,0,0,1,0,1,2,5,0,0,0,2,0,0,1,0,0,0,0,0,1,0,1,1,1,0,0,0,1,0,13.0,4.0,0.392
0,3,0,2,0,0,0,6,0,1,5,0,4,0,0,5,0,0,1,0,1,0,0,0,1,0,1,4,0,1,0,0,2,0,26.0,9.0,0.693
0,0,3,2,0,0,0,1,0,0,1,1,1,1,0,2,0,0,0,1,2,0,0,0,1,0,0,1,1,1,1,0,1,0,12.0,4.0,0.612
0,0,0,1,1,0,0,2,0,1,3,0,1,0,0,2,0,0,0,0,1,1,0,0,1,0,1,2,0,1,0,0,1,0,11.0,14.0,0.853
1,2,4,1,0,1,0,4,0,0,2,0,2,0,0,4,0,1,1,1,1,0,1,0,1,0,0,2,0,1,0,0,1,0,10.5,3.5,0.617
0,2,0,1,0,1,0,6,0,2,4,0,7,2,0,4,0,0,1,0,1,0,1,0,1,0,2,4,0,1,1,0,2,0,28.0,22.0,0.802
3,4,2,4,3,2,0,8,0,2,8,0,4,3,0,7,0,1,1,1,3,1,1,0,1,0,2,5,0,1,1,0,1,0,25.0,15.875,0.8
2,2,3,1,2,1,0,3,0,0,2,0,3,0,0,2,0,1,1,1,1,1,1,0,1,0,0,2,0,1,0,0,1,0,21.0,6.0,0.617
3,3,1,3,1,0,0,4,0,1,6,0,2,0,0,3,0,1,1,1,2,1,0,0,1,0,1,4,0,1,0,0,1,0,13.5,14.5,0.953
0,3,4,1,0,0,0,3,0,3,4,1,3,0,0,5,0,0,1,1,1,0,0,0,1,0,2,2,1,1,0,0,1,0,27.0,15.0,0.544
1,5,3,3,1,4,0,6,0,1,4,0,3,1,0,4,0,1,1,1,2,1,1,0,1,0,1,2,0,1,1,0,2,0,18.0,10.5,0.589
3,1,0,2,1,1,1,2,0,2,3,0,3,0,0,5,0,1,1,0,2,1,1,1,1,0,2,2,0,1,0,0,2,0,12.0,9.125,0.866
1,2,0,0,1,0,0,4,0,0,0,0,2,0,0,2,0,1,1,0,0,1,0,0,1,0,0,0,0,1,0,0,1,0,12.0,0.0,0.204
2,0,2,2,0,1,0,0,0,2,3,0,3,1,0,4,0,1,0,1,2,0,1,0,0,0,1,2,0,1,1,0,3,0,10.0,11.125,0.949
0,1,1,3,2,1,0,2,1,4,6,0,1,1,0,8,0,0,1,1,2,1,1,0,1,1,2,3,0,1,1,0,2,0,15.5,19.875,0.889
14,16,3,8,8,10,0,27,5,3,12,19,25,1,0,9,0,1,1,1,2,1,1,0,1,1,1,4,1,1,1,0,1,0,22.714,5.0,0.28
1,5,4,3,1,5,0,7,0,0,5,2,7,0,1,4,1,1,1,1,2,1,1,0,1,0,0,3,1,1,0,1,1,1,11.25,3.75,0.527
6,10,5,5,4,3,2,15,5,1,8,0,10,0,0,7,0,1,1,1,1,1,1,1,1,1,1,2,0,1,0,0,1,0,11.571,2.286,0.236
2,6,1,1,2,1,0,6,3,0,2,0,1,0,0,3,0,1,1,1,1,1,1,0,1,1,0,2,0,1,0,0,1,0,28.0,6.0,0.535
2,1,2,4,0,1,0,3,1,1,5,0,2,2,0,4,0,1,1,1,2,0,1,0,1,1,1,3,0,1,1,0,1,0,9.333,9.667,0.935
2,2,2,3,0,1,0,1,1,1,2,0,1,0,0,2,0,1,1,1,2,0,1,0,1,1,1,1,0,1,0,0,1,0,18.0,10.571,0.5
1,1,1,1,0,1,0,2,0,1,1,1,1,0,1,2,0,1,1,1,1,0,1,0,1,0,1,1,1,0,0,1,1,0,13.0,11.0,0.784
0,0,0,1,2,0,0,1,0,1,3,2,2,1,0,4,0,0,0,0,1,1,0,0,1,0,1,2,1,1,1,0,1,0,8.5,5.5,0.686
0,1,3,1,0,0,0,1,1,2,3,0,2,1,0,5,0,0,1,1,1,0,0,0,1,1,2,2,0,1,1,0,1,0,20.0,13.0,0.632
0,2,1,2,0,1,0,2,0,0,4,1,3,0,0,3,0,0,1,1,2,0,1,0,1,0,0,3,1,1,0,0,2,0,19.0,16.0,0.811
5,7,0,3,5,1,0,3,1,1,10,1,5,1,0,10,1,1,1,0,3,1,1,0,1,1,1,5,1,1,1,0,2,1,18.0,13.333,0.77
0,2,0,2,0,0,0,3,1,0,1,0,2,0,0,1,0,0,1,0,2,0,0,0,1,1,0,1,0,1,0,0,1,0,6.0,2.0,0.612
6,4,2,2,4,4,1,8,0,0,3,0,2,0,0,2,0,1,1,1,1,1,1,1,1,0,0,2,0,1,0,0,1,0,12.667,3.333,0.459
2,6,4,5,3,4,0,11,0,6,8,2,6,1,0,11,0,1,1,1,2,1,1,0,1,0,3,4,1,1,1,0,2,0,13.8,10.65,0.681
0,0,1,3,1,1,0,1,0,0,2,1,2,0,0,1,0,0,0,1,3,1,1,0,1,0,0,2,1,1,0,0,1,0,13.0,13.0,0.981
0,0,0,0,1,1,0,3,2,0,0,0,0,1,0,3,0,0,0,0,0,1,1,0,1,1,0,0,0,0,1,0,1,0,11.0,0.0,0.213
1,1,0,0,1,0,0,1,1,0,1,4,2,0,0,1,0,1,1,0,0,1,0,0,1,1,0,1,1,1,0,0,1,0,13.0,2.0,0.392
7,4,8,6,1,2,0,10,1,1,11,1,9,2,1,7,0,1,1,1,3,1,1,0,1,1,1,4,1,1,1,1,1,0,23.333,15.333,0.592
3,6,3,4,2,3,0,9,0,2,10,1,6,2,0,6,0,1,1,1,2,1,1,0,1,0,2,6,1,1,1,0,2,0,14.0,12.25,0.85
1,1,3,1,0,1,0,3,0,1,3,0,1,1,0,3,0,1,1,1,1,0,1,0,1,0,1,3,0,1,1,0,1,0,19.0,20.75,0.811
3,2,0,5,3,1,0,6,0,1,1,1,3,1,0,5,0,1,1,0,1,1,1,0,1,0,1,1,1,1,1,0,1,0,10.667,7.0,0.5
2,3,1,5,1,2,0,8,0,0,7,2,0,1,0,4,0,1,1,1,3,1,1,0,1,0,0,2,1,0,1,0,1,0,12.0,8.857,0.589
2,2,5,5,0,3,0,4,1,5,4,3,8,1,0,10,0,1,1,1,3,0,1,0,1,1,2,1,1,1,1,0,1,0,13.25,10.393,0.583
4,1,2,2,1,1,0,11,0,1,7,0,3,3,0,8,0,1,1,1,1,1,1,0,1,0,1,2,0,1,1,0,2,0,14.333,9.667,0.539
1,5,2,8,2,5,0,9,0,2,9,0,2,2,0,8,0,1,1,1,2,1,1,0,1,0,2,3,0,1,1,0,1,0,27.5,11.5,0.477
0,4,3,2,1,3,0,7,1,1,7,0,5,1,0,4,0,0,1,1,1,1,1,0,1,1,1,4,0,1,1,0,2,0,13.0,7.667,0.566
1,2,0,0,2,3,0,3,0,3,3,1,2,1,0,6,0,1,1,0,0,1,1,0,1,0,1,3,1,1,1,0,2,0,27.0,13.0,0.544
3,3,1,0,0,2,0,4,0,0,4,0,3,0,0,3,0,1,1,1,0,0,1,0,1,0,0,2,0,1,0,0,1,0,7.667,3.333,0.442
1,1,2,1,0,1,0,1,1,0,2,0,1,0,0,2,0,1,1,1,1,0,1,0,1,1,0,1,0,1,0,0,1,0,13.0,4.0,0.392
18,19,16,20,8,18,0,31,5,16,31,11,34,12,0,36,5,1,1,1,3,1,1,0,1,1,2,6,1,1,1,0,2,1,31.222,18.194,0.422
1,1,2,1,1,0,0,1,0,0,1,0,1,0,0,2,0,1,1,1,1,1,0,0,1,0,0,1,0,1,0,0,1,0,11.0,2.0,0.426
2,4,5,4,3,2,0,7,0,4,2,1,6,0,0,7,1,1,1,1,3,1,1,0,1,0,2,2,1,1,0,0,2,1,16.667,12.0,0.6
36,31,25,29,13,21,0,51,2,11,34,5,32,6,0,42,7,1,1,1,5,1,1,0,1,1,2,6,1,1,1,0,2,1,38.333,25.468,0.419
3,5,4,0,2,2,0,4,0,3,7,0,3,1,0,9,0,1,1,1,0,1,1,0,1,0,2,4,0,1,1,0,1,0,14.333,7.0,0.539
5,4,0,3,2,4,0,8,0,1,3,0,2,1,0,5,0,1,1,0,1,1,1,0,1,0,1,3,0,1,1,0,1,0,19.0,11.5,0.574
3,3,5,3,0,3,0,8,0,1,3,0,3,1,0,1,0,1,1,1,1,0,1,0,1,0,1,2,0,1,1,0,1,0,17.0,8.5,0.485
9,9,7,12,6,7,1,15,0,7,18,0,12,1,0,18,1,1,1,1,4,1,1,1,1,0,2,5,0,1,1,0,2,1,17.571,12.367,0.574
5,10,9,8,1,2,0,11,1,0,13,0,8,3,0,10,1,1,1,1,3,1,1,0,1,1,0,3,0,1,1,0,2,1,20.5,14.0,0.469
20,30,18,18,10,16,1,35,4,4,23,0,26,6,1,26,3,1,1,1,4,1,1,1,1,1,3,7,0,1,1,1,2,1,30.0,16.853,0.593
7,3,4,7,3,6,0,12,0,2,9,6,8,3,0,12,0,1,1,1,2,1,1,0,1,0,2,3,1,1,1,0,1,0,21.0,5.75,0.386
2,2,1,3,2,2,0,3,0,0,3,0,0,0,0,2,0,1,1,1,2,1,1,0,1,0,0,3,0,0,0,0,1,0,20.0,11.0,0.632
9,12,9,5,4,7,1,25,1,7,18,0,20,3,0,19,1,1,1,1,2,1,1,1,1,1,2,3,0,1,1,0,2,1,17.625,8.375,0.417
2,1,1,0,0,2,0,2,0,0,1,0,3,0,0,1,0,1,1,1,0,0,1,0,1,0,0,1,0,1,0,0,1,0,13.0,2.0,0.392
2,2,1,0,0,1,0,4,2,0,2,0,4,0,2,2,0,1,1,1,0,0,1,0,1,1,0,2,0,1,0,1,1,0,10.0,5.0,0.474
1,4,1,2,0,2,0,5,1,0,3,0,2,1,0,4,0,1,1,1,2,0,1,0,1,1,0,2,0,1,1,0,1,0,26.0,10.0,0.555
3,0,1,0,0,1,1,3,0,0,0,0,2,0,0,1,0,1,0,1,0,0,1,1,1,0,0,0,0,1,0,0,1,0,6.0,3.5,0.408
3,6,7,4,1,3,0,10,8,1,6,4,8,2,4,6,0,1,1,1,2,1,1,0,1,1,1,3,1,1,1,1,2,0,34.5,17.5,0.511
2,2,3,2,0,3,0,5,0,2,3,0,5,0,0,2,0,1,1,1,2,0,1,0,1,0,2,3,0,1,0,0,1,0,14.5,10.0,0.788
4,5,1,2,0,2,0,7,0,1,5,2,3,1,0,3,0,1,1,1,2,0,1,0,1,0,1,5,1,1,1,0,3,0,12.0,10.333,0.943
1,1,1,0,0,2,0,2,0,0,2,1,4,1,1,2,0,1,1,1,0,0,1,0,1,0,0,2,1,1,1,1,1,0,17.0,8.0,0.514
7,2,6,7,2,10,0,12,0,5,9,3,6,2,0,13,1,1,1,1,2,1,1,0,1,0,2,4,1,1,1,0,1,1,14.167,12.167,0.537
5,5,0,1,0,3,0,10,0,0,4,2,4,1,1,1,0,1,1,0,1,0,1,0,1,0,0,2,1,1,1,1,1,0,36.0,10.0,0.471
5,4,2,3,3,2,0,8,0,1,6,0,2,1,0,6,0,1,1,1,2,1,1,0,1,0,1,3,0,1,1,0,1,0,21.5,12.0,0.647
8,7,6,5,3,4,0,10,4,2,7,9,16,1,1,7,1,1,1,1,2,1,1,0,1,1,2,5,1,1,1,1,1,1,30.0,12.667,0.522
2,2,1,2,2,1,0,6,0,0,4,3,3,0,0,3,0,1,1,1,1,1,1,0,1,0,0,2,1,1,0,0,1,0,9.667,3.333,0.394
0,0,0,0,0,0,0,0,0,0,1,4,3,0,1,1,2,0,0,0,0,0,0,0,0,0,0,1,1,1,0,1,1,1,5.5,0.0,0.213
2,2,5,4,2,2,0,9,0,1,9,3,11,3,0,8,0,1,1,1,2,1,1,0,1,0,1,5,1,1,1,0,1,0,30.5,13.5,0.543
1,1,3,4,0,2,0,1,0,1,3,3,3,0,0,2,1,1,1,1,2,0,1,0,1,0,1,3,1,1,0,0,1,1,25.0,25.0,0.849
1,2,2,0,1,2,1,4,0,1,1,0,4,0,0,2,0,1,1,1,0,1,1,1,1,0,1,1,0,1,0,0,2,0,10.5,7.0,0.463
2,3,3,2,0,0,0,3,2,1,4,0,4,1,1,3,1,1,1,1,2,0,0,0,1,1,1,3,0,1,1,1,1,1,7.25,3.75,0.657
3,6,2,3,1,2,0,8,4,1,4,5,9,2,2,2,0,1,1,1,2,1,1,0,1,1,1,3,1,1,1,1,2,0,25.5,14.0,0.594
3,10,4,2,2,4,0,6,3,3,7,17,14,0,0,5,0,1,1,1,2,1,1,0,1,1,1,4,1,1,0,0,2,0,26.667,9.667,0.474
0,4,2,2,1,2,0,1,1,0,2,1,1,0,0,2,0,0,1,1,1,1,1,0,1,1,0,2,1,1,0,0,1,0,19.0,9.0,0.649
3,2,0,0,1,1,0,5,1,0,4,2,2,1,0,3,0,1,1,0,0,1,1,0,1,1,0,3,1,1,1,0,2,0,25.0,20.0,0.566
0,0,1,1,1,1,0,1,0,0,1,4,0,0,0,1,0,0,0,1,1,1,1,0,1,0,0,1,1,0,0,0,1,0,11.0,5.0,0.64
15,24,15,9,7,17,0,37,5,9,20,7,27,7,3,25,3,1,1,1,3,1,1,0,1,1,2,9,1,1,1,1,2,1,28.25,13.844,0.611
2,0,2,1,0,0,0,2,0,0,2,1,1,0,0,1,0,1,0,1,1,0,0,0,1,0,0,2,1,1,0,0,1,0,6.0,3.0,0.816
5,6,6,7,1,4,0,10,2,0,11,5,6,3,0,10,1,1,1,1,3,1,1,0,1,1,0,4,1,1,1,0,3,1,25.333,16.333,0.568
2,3,5,3,0,1,0,1,3,1,4,0,2,2,0,3,1,1,1,1,1,0,1,0,1,1,1,3,0,1,1,0,1,1,15.5,10.0,0.635
24,25,23,25,6,19,0,35,0,9,38,10,36,10,0,33,3,1,1,1,5,1,1,0,1,0,2,7,1,1,1,0,3,1,21.0,15.821,0.495
0,2,1,0,4,0,0,2,1,0,1,9,5,0,0,1,0,0,1,1,0,1,0,0,1,1,0,1,1,1,0,0,1,0,13.0,1.0,0.277
1,3,1,3,1,2,0,4,1,0,5,2,1,2,0,4,0,1,1,1,1,1,1,0,1,1,0,2,1,1,1,0,1,0,30.0,19.0,0.516
3,1,3,1,0,2,0,1,1,0,3,2,3,1,1,3,0,1,1,1,1,0,1,0,1,1,0,3,1,1,1,1,1,0,12.0,7.5,0.722
1,1,1,0,1,2,0,1,1,0,2,2,2,1,0,2,0,1,1,1,0,1,1,0,1,1,0,1,1,1,1,0,2,0,17.0,11.0,0.514
2,2,2,3,2,1,1,2,2,1,4,0,0,1,0,3,0,1,1,1,2,1,1,1,1,1,1,3,0,0,1,0,1,0,13.0,11.5,0.832
0,3,0,2,0,1,0,1,1,0,3,0,0,2,0,2,0,0,1,0,2,0,1,0,1,1,0,2,0,0,1,0,1,0,15.0,14.0,0.548
13,14,9,9,7,13,0,31,4,4,20,4,14,7,0,15,0,1,1,1,3,1,1,0,1,1,2,6,1,1,1,0,2,0,32.6,17.0,0.554
1,0,1,0,0,0,2,0,0,0,2,0,4,0,0,1,0,1,0,1,0,0,0,1,0,0,0,2,0,1,0,0,1,0,3.667,0.667,0.426
1,1,0,3,0,0,0,2,0,1,1,0,1,0,0,1,0,1,1,0,2,0,0,0,1,0,1,1,0,1,0,0,1,0,11.0,11.0,0.853
6,7,3,8,3,3,0,9,0,2,10,2,7,3,0,6,0,1,1,1,3,1,1,0,1,0,2,7,1,1,1,0,2,0,23.0,20.0,0.851
1,6,5,5,1,2,0,9,0,0,8,1,5,3,0,4,2,1,1,1,2,1,1,0,1,0,0,5,1,1,1,0,2,1,17.333,9.667,0.686
1,2,5,7,2,0,0,4,1,6,7,0,3,2,0,9,0,1,1,1,3,1,0,0,1,1,2,3,0,1,1,0,1,0,24.5,21.786,0.707
0,2,1,1,0,2,0,3,0,0,1,2,1,0,0,0,0,0,1,1,1,0,1,0,1,0,0,1,1,1,0,0,0,0,13.0,4.0,0.588
7,14,3,4,1,1,1,7,0,1,9,0,7,0,0,8,1,1,1,1,2,1,1,1,1,0,1,5,0,1,0,0,1,1,21.333,18.667,0.707
10,14,9,9,5,11,0,22,1,6,13,4,30,3,3,13,0,1,1,1,3,1,1,0,1,1,2,4,1,1,1,1,1,0,30.2,13.4,0.403
18,17,9,16,4,17,1,39,0,5,17,5,27,4,0,12,3,1,1,1,2,1,1,1,1,0,2,5,1,1,1,0,2,1,12.062,6.562,0.407
2,3,2,2,0,3,1,10,3,0,2,1,21,0,0,7,3,1,1,1,2,0,1,1,1,1,0,2,1,1,0,0,2,1,14.5,4.5,0.464
3,3,2,5,0,2,0,5,0,1,3,0,4,1,0,2,1,1,1,1,1,0,1,0,1,0,1,3,0,1,1,0,1,1,8.0,3.0,0.5
0,3,4,0,1,1,0,1,0,0,6,0,2,1,0,4,0,0,1,1,0,1,1,0,1,0,0,4,0,1,1,0,1,0,11.5,6.0,0.59
11,11,6,7,4,13,0,26,2,3,21,3,11,4,0,17,2,1,1,1,2,1,1,0,1,1,2,4,1,1,1,0,2,1,12.818,6.545,0.417
3,1,6,8,0,1,0,2,0,3,8,0,0,3,0,7,0,1,1,1,2,0,1,0,1,0,1,2,0,0,1,0,1,0,42.0,29.0,0.436
4,3,3,1,2,2,1,9,1,1,3,1,4,0,0,3,0,1,1,1,1,1,1,1,1,1,1,1,1,1,0,0,1,0,12.667,5.0,0.459
4,1,2,2,2,4,1,10,0,2,2,0,5,2,0,6,0,1,1,1,2,1,1,1,1,0,2,1,0,1,1,0,2,0,21.5,5.5,0.323
2,3,3,3,0,0,0,3,0,0,3,1,3,1,0,1,0,1,1,1,2,0,0,0,1,0,0,3,1,1,1,0,1,0,11.5,10.0,0.737
2,0,3,5,0,0,0,0,0,2,3,0,3,2,0,1,0,1,0,1,2,0,0,0,0,0,2,1,0,1,1,0,1,0,10.5,10.0,0.617
5,3,2,1,0,3,0,6,0,0,1,0,3,0,0,2,0,1,1,1,1,0,1,0,1,0,0,1,0,1,0,0,1,0,26.0,6.0,0.277
3,3,5,2,2,2,0,7,0,1,8,0,4,1,0,7,1,1,1,1,2,1,1,0,1,0,1,5,0,1,1,0,3,1,15.333,13.0,1.043
0,1,0,0,1,1,1,4,1,0,3,1,4,2,0,3,0,0,1,0,0,1,1,1,1,1,0,1,1,1,1,0,2,0,22.0,2.0,0.302
6,5,6,9,3,8,0,15,0,4,10,3,11,5,0,10,2,1,1,1,3,1,1,0,1,0,2,6,1,1,1,0,2,1,16.167,9.667,0.646
2,4,3,2,0,4,1,15,1,0,2,2,21,0,0,3,3,1,1,1,2,0,1,1,1,1,0,2,1,1,0,0,2,1,15.0,4.5,0.456
8,0,0,0,0,0,0,8,0,0,0,0,3,0,0,4,0,1,0,0,0,0,0,0,1,0,0,0,0,1,0,0,1,0,23.0,0.0,0.147
8,6,2,1,2,4,0,9,0,1,6,5,3,0,0,7,2,1,1,1,1,1,1,0,1,0,1,4,1,1,0,0,2,1,13.75,3.25,0.477
3,0,0,1,1,0,0,2,0,0,1,3,4,1,0,2,2,1,0,0,1,1,0,0,1,0,0,1,1,1,1,0,1,1,10.0,4.0,0.474
9,8,5,9,3,7,0,19,0,4,8,7,12,2,0,13,2,1,1,1,3,1,1,0,1,0,2,4,1,1,1,0,3,1,21.6,10.0,0.476
2,0,2,3,0,0,0,1,0,0,2,1,0,0,0,0,1,1,0,1,2,0,0,0,1,0,0,2,1,0,0,0,0,1,12.0,9.0,0.612
10,2,2,4,0,1,0,4,0,2,3,0,8,1,1,6,0,1,1,1,2,0,1,0,1,0,1,3,0,1,1,1,1,0,22.5,5.5,0.422
1,0,1,2,0,0,0,2,0,1,3,1,1,0,0,1,0,1,0,1,1,0,0,0,1,0,1,2,1,1,0,0,1,0,6.5,5.0,0.588
6,3,2,6,1,2,0,7,0,1,6,0,5,1,0,3,0,1,1,1,2,1,1,0,1,0,1,4,0,1,1,0,1,0,14.333,9.667,0.647
6,3,7,4,1,6,0,11,0,0,1,0,3,1,0,4,0,1,1,1,3,1,1,0,1,0,0,1,0,1,1,0,2,0,15.667,7.333,0.413
1,3,0,3,0,1,0,2,0,2,3,0,3,1,0,1,0,1,1,0,2,0,1,0,1,0,1,1,0,1,1,0,1,0,6.667,8.0,0.632
3,1,0,4,0,0,0,2,0,1,3,0,1,1,0,2,0,1,1,0,2,0,0,0,1,0,1,2,0,1,1,0,1,0,9.0,10.0,0.833
2,2,0,4,0,5,0,9,0,2,5,0,1,0,1,3,0,1,1,0,2,0,1,0,1,0,2,3,0,0,0,1,1,0,33.0,21.0,0.615
3,4,5,5,0,3,0,6,0,0,6,0,6,1,0,4,0,1,1,1,2,0,1,0,1,0,0,4,0,1,1,0,1,0,21.5,8.0,0.539
8,5,5,8,4,2,0,9,0,3,11,1,4,3,0,11,0,1,1,1,2,1,1,0,1,0,2,3,1,1,1,0,2,0,24.667,14.417,0.493
4,5,12,4,4,3,0,11,5,1,10,7,7,2,1,8,2,1,1,1,2,1,1,0,1,1,1,4,1,1,1,1,2,1,21.25,12.5,0.537
1,3,3,2,0,2,1,3,0,1,5,0,3,1,0,5,0,1,1,1,2,0,1,1,1,0,1,2,0,1,1,0,1,0,15.0,12.786,0.645
1,1,0,1,1,1,0,2,0,0,2,0,5,0,0,1,0,1,1,0,1,1,1,0,1,0,0,2,0,1,0,0,1,0,15.0,8.0,0.548
2,0,3,0,1,0,0,3,1,1,2,0,2,0,0,3,0,1,0,1,0,1,0,0,1,1,1,1,0,1,0,0,2,0,9.0,5.5,0.5
1,4,4,2,0,1,0,4,0,1,5,1,5,0,0,3,1,1,1,1,2,0,1,0,1,0,1,4,1,1,0,0,1,1,10.667,6.833,0.75
2,3,5,1,1,4,0,5,0,0,2,27,18,0,1,1,0,1,1,1,1,1,1,0,1,0,0,2,1,1,0,1,1,0,68.0,4.0,0.257
7,0,2,8,1,1,0,6,0,1,6,3,7,1,0,3,1,1,0,1,2,1,1,0,1,0,1,3,1,1,1,0,1,1,15.667,10.667,0.619
2,0,1,1,2,0,0,0,0,2,2,0,0,0,0,1,0,1,0,1,1,1,0,0,0,0,2,1,0,0,0,0,1,0,5.5,3.5,0.426
2,1,3,1,2,0,0,1,0,2,1,1,1,0,0,2,0,1,1,1,1,1,0,0,1,0,2,1,1,1,0,0,1,0,17.0,9.0,0.514
0,2,0,0,2,2,0,0,0,0,0,8,2,0,0,0,1,0,1,0,0,1,1,0,0,0,0,0,1,1,0,0,0,1,16.0,0.0,0.177
1,2,0,2,0,0,0,2,0,0,6,0,0,1,0,4,1,1,1,0,1,0,0,0,1,0,0,3,0,0,1,0,1,1,19.0,10.0,0.487
1,1,0,1,1,1,0,1,1,1,1,0,3,1,0,1,0,1,1,0,1,1,1,0,1,1,1,1,0,1,1,0,1,0,12.0,14.0,0.612
7,5,2,3,5,2,0,14,0,5,15,7,10,0,0,13,1,1,1,1,2,1,1,0,1,0,2,7,1,1,0,0,2,1,14.833,12.762,0.824
3,8,3,5,4,5,0,5,0,1,6,37,23,2,0,3,1,1,1,1,2,1,1,0,1,0,1,3,1,1,1,0,1,1,52.0,11.25,0.347
7,3,4,3,3,4,0,7,0,2,7,0,3,1,0,4,0,1,1,1,2,1,1,0,1,0,2,4,0,1,1,0,1,0,24.0,15.0,0.714
3,2,0,5,0,1,0,1,0,0,4,0,0,2,0,1,0,1,1,0,2,0,1,0,1,0,0,3,0,0,1,0,1,0,19.0,23.0,0.811
12,8,10,12,7,6,0,19,6,6,10,0,13,2,0,13,1,1,1,1,4,1,1,0,1,1,1,4,0,1,1,0,2,1,20.833,13.0,0.506
1,1,1,0,1,0,0,3,0,0,0,3,3,0,0,0,0,1,1,1,0,1,0,0,1,0,0,0,1,1,0,0,0,0,4.333,0.0,0.196
2,3,4,3,1,0,0,4,0,1,2,0,3,0,0,6,1,1,1,1,2,1,0,0,1,0,1,2,0,1,0,0,1,1,15.0,6.25,0.516
2,0,1,3,2,1,0,4,0,1,3,2,3,0,0,2,1,1,0,1,2,1,1,0,1,0,1,3,1,1,0,0,1,1,8.333,5.667,0.707
3,4,2,2,1,2,0,5,0,1,2,23,12,0,0,1,0,1,1,1,2,1,1,0,1,0,1,2,1,1,0,0,1,0,29.0,2.0,0.279
18,23,20,23,8,5,0,35,1,10,27,0,15,6,0,30,1,1,1,1,3,1,1,0,1,1,2,8,0,1,1,0,2,1,36.5,22.333,0.526
5,3,1,2,2,0,0,3,1,0,3,0,0,1,0,1,0,1,1,1,2,1,0,0,1,1,0,2,0,0,1,0,1,0,22.0,8.0,0.603
2,6,4,2,2,2,0,10,5,0,6,0,6,2,2,5,0,1,1,1,1,1,1,0,1,1,0,2,0,1,1,1,1,0,17.333,6.0,0.392
0,1,4,0,1,0,0,1,5,0,1,0,4,0,2,4,1,0,1,1,0,1,0,0,1,1,0,1,0,1,0,1,1,1,22.0,2.0,0.302
2,3,3,4,3,4,1,12,0,1,8,3,5,2,1,8,0,1,1,1,2,1,1,1,1,0,1,5,1,1,1,1,1,0,29.0,14.0,0.65
6,1,2,1,1,2,0,11,0,0,1,6,13,0,0,0,0,1,1,1,1,1,1,0,1,0,0,1,1,1,0,0,0,0,45.0,2.0,0.211
7,7,11,9,3,3,0,11,1,4,10,1,11,3,0,14,1,1,1,1,3,1,1,0,1,1,1,3,1,1,1,0,2,1,24.0,7.125,0.361
5,6,5,5,0,3,0,8,0,5,7,0,5,5,0,8,0,1,1,1,2,0,1,0,1,0,2,5,0,1,1,0,1,0,30.5,27.0,0.724
3,1,0,1,1,1,0,4,0,0,2,0,2,1,0,1,0,1,1,0,1,1,1,0,1,0,0,2,0,1,1,0,1,0,8.5,2.0,0.514
2,4,2,1,1,3,0,7,0,0,2,0,1,1,0,3,0,1,1,1,1,1,1,0,1,0,0,2,0,1,1,0,2,0,27.0,4.0,0.408
6,5,2,5,5,1,0,6,2,2,11,4,5,1,0,8,0,1,1,1,4,1,1,0,1,1,1,6,1,1,1,0,1,0,21.0,17.917,0.891
0,0,2,2,0,2,0,4,0,1,3,0,2,1,0,3,0,0,0,1,2,0,1,0,1,0,1,3,0,1,1,0,1,0,20.0,14.0,0.791
7,15,10,5,5,6,0,13,2,4,18,7,12,1,1,15,0,1,1,1,3,1,1,0,1,1,2,5,1,1,1,1,2,0,40.0,25.0,0.516
0,1,4,1,1,0,1,4,1,0,2,1,1,0,0,3,0,0,1,1,1,1,0,1,1,1,0,1,1,1,0,0,2,0,21.0,4.0,0.309
2,4,0,1,0,2,0,8,1,0,5,0,4,0,0,6,1,1,1,0,1,0,1,0,1,1,0,3,0,1,0,0,1,1,8.5,3.25,0.485
4,1,1,3,4,1,1,6,1,2,7,1,1,0,0,7,0,1,1,1,1,1,1,1,1,1,2,3,1,1,0,0,2,0,20.0,13.0,0.671
0,3,0,0,0,1,0,4,0,1,1,1,0,1,0,1,0,0,1,0,0,0,1,0,1,0,1,1,1,0,1,0,1,0,13.0,11.0,0.588
0,1,1,1,0,0,1,0,2,2,2,1,5,0,0,4,0,0,1,1,1,0,0,1,0,1,1,2,1,1,0,0,1,0,10.0,2.0,0.474
3,3,4,0,1,2,0,3,1,0,6,0,6,0,0,4,1,1,1,1,0,1,1,0,1,1,0,4,0,1,0,0,1,1,11.333,8.0,0.485
5,1,5,7,1,2,1,8,0,2,6,0,7,5,0,3,0,1,1,1,3,1,1,1,1,0,1,4,0,1,1,0,1,0,17.667,17.583,0.874
0,3,1,4,0,0,0,3,4,0,5,0,2,0,0,4,0,0,1,1,1,0,0,0,1,1,0,4,0,1,0,0,1,0,13.0,8.0,0.693
4,3,3,5,2,1,0,3,0,0,5,1,2,2,0,2,0,1,1,1,2,1,1,0,1,0,0,4,1,1,1,0,1,0,16.5,8.0,0.615
0,1,0,0,0,2,0,4,0,1,0,0,3,0,0,3,0,0,1,0,0,0,1,0,1,0,1,0,0,1,0,0,1,0,14.0,0.0,0.189
3,9,0,4,2,3,0,9,0,1,8,4,3,3,0,7,1,1,1,0,1,1,1,0,1,0,1,5,1,1,1,0,1,1,28.5,25.0,0.656
2,2,4,3,1,2,1,3,1,0,9,2,6,2,0,4,0,1,1,1,1,1,1,1,1,1,0,5,1,1,1,0,2,0,14.0,12.667,0.764
2,1,0,0,0,2,0,3,0,0,2,0,1,0,0,2,0,1,1,0,0,0,1,0,1,0,0,2,0,1,0,0,1,0,13.0,7.0,0.392
4,4,5,6,1,2,0,8,2,1,12,4,6,4,0,9,0,1,1,1,2,1,1,0,1,1,1,5,1,1,1,0,2,0,22.667,12.667,0.6
3,6,2,4,2,0,1,7,0,0,5,3,3,1,0,4,0,1,1,1,2,1,0,1,1,0,0,3,1,1,1,0,1,0,10.5,2.5,0.436
2,4,1,3,0,2,1,4,1,2,5,3,4,0,0,4,1,1,1,1,2,0,1,1,1,1,1,4,1,1,0,0,1,1,18.5,15.5,0.814
3,1,2,0,0,1,0,2,0,1,5,0,4,0,0,5,0,1,1,1,0,0,1,0,1,0,1,4,0,1,0,0,2,0,8.0,6.333,0.722
2,3,6,3,3,4,0,8,0,2,6,4,5,0,0,9,0,1,1,1,2,1,1,0,1,0,1,2,1,1,0,0,1,0,11.0,2.8,0.286
1,2,0,0,1,1,0,4,0,0,0,29,16,0,0,0,0,1,1,0,0,1,1,0,1,0,0,0,1,1,0,0,0,0,54.0,0.0,0.096
1,0,3,0,0,0,0,2,1,0,3,20,8,0,0,2,0,1,0,1,0,0,0,0,1,1,0,3,1,1,0,0,1,0,20.0,2.0,0.335
6,6,5,3,5,4,0,8,2,3,10,1,5,1,0,14,0,1,1,1,1,1,1,0,1,1,2,2,1,1,1,0,1,0,12.167,5.5,0.414
2,1,4,3,2,0,0,1,0,1,8,0,3,1,0,4,0,1,1,1,2,1,0,0,1,0,1,4,0,1,1,0,1,0,15.0,10.0,0.775
7,8,7,2,1,5,0,9,3,0,14,2,5,3,1,10,0,1,1,1,2,1,1,0,1,1,0,6,1,1,1,1,2,0,15.2,6.4,0.649
0,3,1,5,1,1,1,4,1,1,5,8,6,1,0,5,1,0,1,1,2,1,1,1,1,1,1,3,1,1,1,0,1,1,7.333,2.833,0.533
0,2,0,0,0,0,0,6,0,0,3,1,6,0,4,1,0,0,1,0,0,0,0,0,1,0,0,3,1,1,0,1,1,0,21.0,4.0,0.463
2,5,5,3,0,2,1,8,0,4,11,0,6,2,0,11,0,1,1,1,2,0,1,1,1,0,1,4,0,1,1,0,2,0,15.0,8.393,0.639
1,5,3,5,1,4,0,7,0,5,11,1,6,2,0,10,0,1,1,1,2,1,1,0,1,0,2,4,1,1,1,0,1,0,20.333,10.667,0.543
0,2,0,0,3,2,1,5,1,0,3,1,3,0,0,3,0,0,1,0,0,1,1,1,1,1,0,2,1,1,0,0,2,0,8.0,4.333,0.577
3,2,0,0,1,0,0,5,2,0,0,9,10,0,1,1,0,1,1,0,0,1,0,0,1,1,0,0,1,1,0,1,1,0,33.0,0.0,0.123
0,2,1,0,1,0,0,0,0,0,2,3,1,0,0,3,0,0,1,1,0,1,0,0,0,0,0,2,1,1,0,0,1,0,13.0,9.0,0.588
0,4,3,1,0,2,0,5,0,0,5,3,2,0,0,4,0,0,1,1,1,0,1,0,1,0,0,3,1,1,0,0,1,0,14.5,7.0,0.657
2,0,5,2,1,1,0,2,1,2,4,0,5,1,0,4,0,1,0,1,2,1,1,0,1,1,2,3,0,1,1,0,2,0,15.0,15.275,0.904
0,1,0,3,1,1,1,2,1,3,2,0,0,0,0,3,0,0,1,0,1,1,1,1,1,1,2,2,0,0,0,0,1,0,9.0,10.0,0.667
0,1,0,1,2,1,0,2,0,0,2,3,4,1,1,1,0,0,1,0,1,1,1,0,1,0,0,2,1,1,1,1,1,0,9.5,2.0,0.487
1,1,1,2,0,0,0,0,0,1,4,0,3,0,0,1,0,1,1,1,1,0,0,0,0,0,1,3,0,1,0,0,1,0,7.0,8.5,0.945
2,3,2,2,0,1,0,1,0,0,4,2,3,0,0,1,0,1,1,1,1,0,1,0,1,0,0,3,1,1,0,0,1,0,10.5,6.5,0.617
4,6,4,2,4,5,0,14,2,2,8,1,6,0,0,12,0,1,1,1,2,1,1,0,1,1,1,5,1,1,0,0,3,0,17.5,8.75,0.592
1,0,3,2,0,1,0,1,0,0,1,1,2,0,0,1,0,1,0,1,1,0,1,0,1,0,0,1,1,1,0,0,1,0,13.0,6.0,0.588
9,5,4,6,4,4,1,9,2,1,11,1,6,1,0,5,0,1,1,1,3,1,1,1,1,1,1,6,1,1,1,0,2,0,13.8,11.0,0.766
1,2,3,1,0,1,0,3,2,1,2,0,0,1,0,4,0,1,1,1,1,0,1,0,1,1,1,2,0,0,1,0,1,0,21.0,8.0,0.617
2,2,1,3,0,4,0,7,1,1,3,6,7,0,0,3,0,1,1,1,2,0,1,0,1,1,1,3,1,1,0,0,1,0,8.0,4.4,0.671
3,1,0,2,1,0,0,1,1,2,2,0,1,1,0,2,0,1,1,0,1,1,0,0,1,1,2,1,0,1,1,0,2,0,17.0,24.25,1.029
1,0,6,6,0,2,0,5,0,0,7,1,3,2,0,4,0,1,0,1,2,0,1,0,1,0,0,4,1,1,1,0,1,0,9.25,4.25,0.581
3,5,3,5,2,0,0,7,3,0,7,0,2,1,0,5,1,1,1,1,4,1,0,0,1,1,0,5,0,1,1,0,1,1,14.667,10.667,0.853
3,9,11,6,5,4,0,8,0,2,10,3,8,1,1,15,1,1,1,1,2,1,1,0,1,0,1,4,1,1,1,1,2,1,28.667,16.0,0.457
0,0,0,1,0,1,0,6,0,0,1,0,3,0,0,1,0,0,0,0,1,0,1,0,1,0,0,1,0,1,0,0,1,0,13.0,5.0,0.588
1,1,5,4,1,2,0,4,0,0,0,0,3,0,0,1,0,1,1,1,1,1,1,0,1,0,0,0,0,1,0,0,1,0,11.0,4.0,0.302
2,1,3,2,1,1,0,3,0,1,4,0,3,2,0,4,0,1,1,1,2,1,1,0,1,0,1,2,0,1,1,0,1,0,13.5,8.5,0.68
4,8,12,9,3,3,2,10,1,8,18,3,10,2,0,16,0,1,1,1,4,1,1,1,1,1,3,4,1,1,1,0,2,0,13.625,15.031,0.677
2,2,1,2,1,1,0,2,1,2,2,0,2,1,0,3,0,1,1,1,1,1,1,0,1,1,2,1,0,1,1,0,1,0,7.333,3.667,0.452
3,4,5,3,0,7,0,12,0,5,3,2,7,3,0,7,0,1,1,1,2,0,1,0,1,0,1,3,1,1,1,0,1,0,20.333,4.667,0.362
0,0,1,2,0,0,0,3,1,0,1,0,1,1,0,1,0,0,0,1,1,0,0,0,1,1,0,1,0,1,1,0,1,0,5.5,3.0,0.64
0,0,1,0,1,0,0,1,0,1,1,1,2,1,0,3,0,0,0,1,0,1,0,0,1,0,1,1,1,1,1,0,1,0,6.0,5.0,0.612
1,1,1,1,0,1,0,2,0,1,1,1,2,0,0,1,1,1,1,1,1,0,1,0,1,0,1,1,1,1,0,0,1,1,7.0,8.0,0.756
2,4,3,3,2,3,0,9,1,0,6,0,4,1,0,8,0,1,1,1,2,1,1,0,1,1,0,3,0,1,1,0,1,0,11.5,3.75,0.521
3,7,2,3,3,8,0,15,6,4,7,0,9,3,0,6,0,1,1,1,2,1,1,0,1,1,2,4,0,1,1,0,2,0,25.333,16.667,0.649
1,4,2,2,1,1,1,7,1,2,8,2,3,1,0,6,0,1,1,1,2,1,1,1,1,1,2,5,1,1,1,0,2,0,21.0,15.5,0.982
2,6,2,3,2,4,0,9,0,2,8,3,5,0,0,5,1,1,1,1,2,1,1,0,1,0,2,7,1,1,0,0,1,1,26.0,15.5,0.883
1,1,2,0,0,1,0,2,0,1,1,0,1,0,0,2,0,1,1,1,0,0,1,0,1,0,1,1,0,1,0,0,1,0,6.0,1.0,0.408
1,3,1,2,0,2,0,4,0,0,2,1,1,1,0,2,0,1,1,1,2,0,1,0,1,0,0,1,1,1,1,0,1,0,20.0,6.0,0.474
5,6,9,6,5,1,0,11,0,4,21,0,10,2,0,12,3,1,1,1,3,1,1,0,1,0,2,5,0,1,1,0,2,1,19.0,15.6,0.58
1,1,4,2,2,0,0,3,0,5,7,0,3,1,0,9,0,1,1,1,1,1,0,0,1,0,2,4,0,1,1,0,1,0,12.667,9.0,0.574
0,0,1,1,3,0,0,4,0,3,5,11,8,0,0,6,5,0,0,1,1,1,0,0,1,0,2,3,1,1,0,0,2,1,22.0,15.0,0.746
1,2,0,1,0,1,1,2,0,0,3,1,1,0,0,2,0,1,1,0,1,0,1,1,1,0,0,2,1,1,0,0,1,0,7.5,4.0,0.73
0,1,0,0,1,0,2,2,0,0,1,1,4,0,0,4,1,0,1,0,0,1,0,1,1,0,0,1,1,1,0,0,1,1,17.0,2.0,0.343
3,1,4,1,2,1,0,1,0,0,3,0,1,0,0,3,0,1,1,1,1,1,1,0,1,0,0,1,0,1,0,0,1,0,10.0,4.0,0.474
4,1,4,2,0,1,0,3,0,0,4,0,4,1,0,3,0,1,1,1,2,0,1,0,1,0,0,2,0,1,1,0,2,0,9.0,6.0,0.68
1,2,0,1,0,1,1,8,0,0,3,0,5,0,0,2,1,1,1,0,1,0,1,1,1,0,0,3,0,1,0,0,1,1,8.333,2.0,0.566
1,1,1,2,0,2,1,2,0,0,3,0,3,1,0,4,0,1,1,1,1,0,1,1,1,0,0,3,0,1,1,0,2,0,21.0,17.0,0.772
0,2,1,0,1,0,0,1,0,0,5,1,0,1,0,4,0,0,1,1,0,1,0,0,1,0,0,3,1,0,1,0,1,0,16.0,10.0,0.53
0,0,0,0,1,1,0,0,1,0,0,5,4,0,0,0,0,0,0,0,0,1,1,0,0,1,0,0,1,1,0,0,0,0,12.0,0.0,0.204
1,1,3,3,0,0,0,2,0,1,4,0,1,1,0,3,0,1,1,1,1,0,0,0,1,0,1,3,0,1,1,0,1,0,20.0,14.0,0.632
1,3,1,2,0,3,0,4,0,1,0,2,2,0,0,2,0,1,1,1,1,0,1,0,1,0,1,0,1,1,0,0,1,0,10.5,3.5,0.309
0,0,1,0,1,0,1,4,0,0,1,0,4,0,0,1,0,0,0,1,0,1,0,1,1,0,0,1,0,1,0,0,1,0,6.5,1.0,0.392
4,1,1,0,1,2,0,9,0,0,0,5,6,0,0,0,0,1,1,1,0,1,1,0,1,0,0,0,1,1,0,0,0,0,29.0,0.0,0.131
1,3,4,3,0,3,0,6,0,0,3,0,4,1,0,3,0,1,1,1,3,0,1,0,1,0,0,1,0,1,1,0,2,0,10.333,7.19,0.635
2,1,2,1,1,1,0,7,3,0,0,3,6,0,1,1,0,1,1,1,1,1,1,0,1,1,0,0,1,1,0,1,1,0,7.0,2.25,0.401
5,4,10,2,3,5,0,15,5,1,8,4,18,0,0,8,2,1,1,1,2,1,1,0,1,1,1,3,1,1,0,0,2,1,18.0,10.8,0.447
5,4,0,0,1,4,0,10,2,0,4,24,19,0,0,4,11,1,1,0,0,1,1,0,1,1,0,2,1,1,0,0,1,1,44.0,1.0,0.151
8,6,2,6,2,6,0,10,2,2,8,3,7,1,2,4,0,1,1,1,2,1,1,0,1,1,1,4,1,1,1,1,1,0,33.5,11.5,0.432
1,1,3,0,1,0,0,1,0,0,1,0,1,1,0,3,0,1,1,1,0,1,0,0,1,0,0,1,0,1,1,0,1,0,6.5,1.0,0.392
2,1,0,2,2,0,0,4,0,2,1,1,5,0,0,0,1,1,1,0,1,1,0,0,1,0,1,1,1,1,0,0,0,1,20.0,20.0,0.632
3,0,1,3,1,1,0,2,0,2,3,3,5,1,0,5,0,1,0,1,1,1,1,0,1,0,2,3,1,1,1,0,1,0,15.0,11.0,0.645
2,3,3,1,1,0,0,1,0,2,4,1,3,2,0,5,0,1,1,1,1,1,0,0,1,0,1,3,1,1,1,0,1,0,28.0,12.0,0.535
0,3,5,1,3,1,0,5,2,0,10,0,1,1,0,9,0,0,1,1,1,1,1,0,1,1,0,5,0,1,1,0,1,0,20.5,11.5,0.552
8,8,7,5,3,3,0,7,0,3,8,0,7,1,0,5,0,1,1,1,2,1,1,0,1,0,2,4,0,1,1,0,2,0,16.25,7.5,0.526
3,3,2,2,1,1,0,4,0,0,4,0,5,0,1,1,0,1,1,1,2,1,1,0,1,0,0,2,0,1,0,1,1,0,26.0,8.0,0.416
0,0,1,1,1,2,0,1,0,2,3,1,0,0,0,3,0,0,0,1,1,1,1,0,1,0,1,2,1,0,0,0,1,0,15.0,22.0,0.73
1,2,0,2,0,2,0,2,0,1,5,0,2,0,0,3,0,1,1,0,2,0,1,0,1,0,1,4,0,1,0,0,1,0,10.0,13.0,0.949
2,2,0,1,0,0,0,2,0,1,2,0,3,1,0,2,0,1,1,0,1,0,0,0,1,0,1,1,0,1,1,0,1,0,16.0,13.0,0.707
2,0,1,2,0,0,0,0,0,0,3,0,1,1,0,2,0,1,0,1,2,0,0,0,0,0,0,3,0,1,1,0,1,0,6.0,6.5,1.021
0,0,2,0,0,0,0,1,1,0,2,1,1,1,0,2,0,0,0,1,0,0,0,0,1,1,0,2,1,1,1,0,2,0,11.0,15.0,0.853
1,1,0,2,0,1,0,4,7,0,0,1,2,0,0,0,0,1,1,0,1,0,1,0,1,1,0,0,1,1,0,0,0,0,9.5,2.0,0.324
3,0,2,1,1,0,0,1,0,1,1,1,3,1,0,1,0,1,0,1,1,1,0,0,1,0,1,1,1,1,1,0,1,0,16.0,8.0,0.53
0,0,0,0,0,0,0,1,1,0,1,2,3,0,1,1,2,0,0,0,0,0,0,0,1,1,0,1,1,1,0,1,1,1,5.5,0.0,0.213
17,15,9,5,6,11,0,29,1,3,8,4,12,2,0,11,1,1,1,1,1,1,1,0,1,1,2,3,1,1,1,0,2,1,44.333,12.667,0.368
0,2,1,1,1,1,0,3,0,0,1,3,1,1,0,0,0,0,1,1,1,1,1,0,1,0,0,1,1,1,1,0,0,0,15.0,2.0,0.365
1,1,1,0,1,0,0,0,0,1,0,3,5,0,0,0,0,1,1,1,0,1,0,0,0,0,1,0,1,1,0,0,0,0,13.0,7.0,0.392
1,1,1,0,1,0,0,0,0,1,0,3,5,0,0,0,0,1,1,1,0,1,0,0,0,0,1,0,1,1,0,0,0,0,13.0,7.0,0.392
1,3,3,3,0,1,0,1,1,1,2,4,3,0,0,2,0,1,1,1,2,0,1,0,1,1,1,1,1,1,0,0,1,0,6.25,2.0,0.424
0,0,0,0,0,0,0,0,0,0,1,4,3,0,1,1,2,0,0,0,0,0,0,0,0,0,0,1,1,1,0,1,1,1,11.0,0.0,0.213
2,3,3,4,0,1,0,1,2,3,4,0,3,1,0,7,0,1,1,1,3,0,1,0,1,1,1,4,0,1,1,0,1,0,17.0,10.75,0.728
4,9,1,5,5,8,0,17,2,1,4,0,8,2,0,10,0,1,1,1,1,1,1,0,1,1,1,3,0,1,1,0,1,0,25.333,9.0,0.406
3,3,3,2,1,5,0,28,2,0,2,10,72,0,15,4,0,1,1,1,2,1,1,0,1,1,0,2,1,1,0,1,1,0,68.0,4.5,0.182
0,0,0,0,0,0,0,0,0,0,1,4,3,0,1,1,2,0,0,0,0,0,0,0,0,0,0,1,1,1,0,1,1,1,5.5,0.0,0.213
0,3,1,0,0,2,0,3,2,0,3,0,3,1,0,3,0,0,1,1,0,0,1,0,1,1,0,2,0,1,1,0,2,0,10.0,4.0,0.474
1,0,1,0,0,2,0,5,1,1,2,0,4,0,0,1,0,1,0,1,0,0,1,0,1,1,1,2,0,1,0,0,1,0,6.0,3.667,0.667
3,2,4,4,0,1,0,3,0,1,1,0,2,1,0,2,0,1,1,1,2,0,1,0,1,0,1,1,0,1,1,0,1,0,12.0,7.786,0.577
6,4,7,3,2,4,0,19,2,3,17,0,5,4,0,13,0,1,1,1,2,1,1,0,1,1,2,7,0,1,1,0,3,0,17.8,14.2,0.824
0,1,3,4,2,0,0,4,3,1,4,0,3,2,1,3,0,0,1,1,2,1,0,0,1,1,1,2,0,1,1,1,1,0,15.0,12.5,0.387
2,3,1,0,1,4,0,5,0,0,4,0,2,0,0,4,0,1,1,1,0,1,1,0,1,0,0,2,0,1,0,0,2,0,13.0,7.5,0.555
3,2,3,5,0,0,0,6,0,1,4,4,6,2,2,3,0,1,1,1,3,0,0,0,1,0,1,2,1,1,1,1,1,0,13.0,7.19,0.566
3,0,2,3,0,2,0,4,6,0,3,1,8,3,2,2,0,1,0,1,1,0,1,0,1,1,0,3,1,1,1,1,1,0,36.0,11.0,0.471
0,3,4,3,1,3,0,4,4,0,3,1,4,1,1,6,1,0,1,1,2,1,1,0,1,1,0,2,1,1,1,1,1,1,18.5,8.786,0.581
0,2,2,1,0,2,2,7,1,0,0,0,3,0,0,3,0,0,1,1,1,0,1,1,1,1,0,0,0,1,0,0,1,0,11.5,1.0,0.295
2,3,1,3,1,2,1,4,3,1,1,4,8,0,1,4,0,1,1,1,2,1,1,1,1,1,1,1,1,1,0,1,1,0,19.0,5.5,0.344
6,4,4,3,0,3,0,10,2,2,5,1,4,3,0,6,0,1,1,1,3,0,1,0,1,1,2,5,1,1,1,0,1,0,26.5,14.5,0.777
6,4,4,3,0,3,0,10,2,2,5,1,4,3,0,6,0,1,1,1,3,0,1,0,1,1,2,5,1,1,1,0,1,0,26.5,14.5,0.777
2,3,1,1,0,0,1,3,0,0,2,0,3,0,0,2,0,1,1,1,1,0,0,1,1,0,0,2,0,1,0,0,1,0,18.0,10.5,0.5
4,2,1,0,0,3,0,8,0,0,1,0,2,0,0,1,0,1,1,1,0,0,1,0,1,0,0,1,0,1,0,0,1,0,11.0,1.0,0.302
3,4,0,3,1,3,0,9,3,0,5,4,6,0,1,5,0,1,1,0,2,1,1,0,1,1,0,3,1,1,0,1,1,0,45.0,12.0,0.422
4,4,3,4,2,3,0,6,6,1,5,3,3,2,0,5,0,1,1,1,2,1,1,0,1,1,1,3,1,1,1,0,1,0,25.5,9.5,0.495
1,4,2,2,1,3,0,4,1,0,3,0,1,0,0,5,0,1,1,1,2,1,1,0,1,1,0,2,0,1,0,0,1,0,9.0,3.0,0.544
5,3,3,3,3,1,0,1,0,1,6,0,3,2,0,3,0,1,1,1,3,1,1,0,1,0,1,5,0,1,1,0,1,0,11.333,9.667,0.849
4,2,5,4,0,1,1,4,2,0,5,0,3,0,0,4,0,1,1,1,2,0,1,1,1,1,0,2,0,1,0,0,2,0,8.75,9.5,0.478
1,1,1,0,0,0,1,2,1,0,1,1,2,0,0,1,0,1,1,1,0,0,0,1,1,1,0,1,1,1,0,0,1,0,6.0,0.0,0.204
1,0,0,1,2,2,0,3,0,3,2,1,2,0,0,5,0,1,0,0,1,1,1,0,1,0,2,2,1,1,0,0,1,0,11.0,9.0,0.603
0,0,1,1,0,1,2,3,0,0,2,0,8,0,0,3,0,0,0,1,1,0,1,1,1,0,0,2,0,1,0,0,1,0,5.25,1.0,0.309
0,1,1,0,0,1,0,1,0,0,2,1,2,0,0,3,0,0,1,1,0,0,1,0,1,0,0,1,1,1,0,0,1,0,12.0,4.0,0.408
0,2,3,3,0,0,0,3,1,1,2,0,2,1,0,1,0,0,1,1,2,0,0,0,1,1,1,2,0,1,1,0,1,0,19.0,26.0,0.973
1,1,1,3,0,2,1,3,0,0,1,0,2,1,0,1,0,1,1,1,2,0,1,1,1,0,0,1,0,1,1,0,1,0,17.0,4.0,0.514
2,5,3,3,2,3,0,8,1,1,6,0,3,0,0,4,0,1,1,1,3,1,1,0,1,1,1,5,0,1,0,0,2,0,20.5,22.375,0.994
2,3,1,1,1,2,0,9,0,2,2,1,2,0,0,4,0,1,1,1,1,1,1,0,1,0,1,2,1,1,0,0,1,0,29.0,10.571,0.525
1,3,4,2,2,0,0,2,1,0,6,2,5,0,0,3,0,1,1,1,1,1,0,0,1,1,0,4,1,1,0,0,1,0,30.0,16.0,0.645
1,0,2,2,0,0,0,2,0,0,3,0,2,0,0,1,1,1,0,1,1,0,0,0,1,0,0,2,0,1,0,0,1,1,7.0,4.0,0.567
0,0,0,3,0,1,0,3,0,2,2,1,3,0,0,2,0,0,0,0,1,0,1,0,1,0,1,2,1,1,0,0,1,0,8.5,8.0,0.514
3,7,1,0,1,3,0,9,0,0,4,0,6,1,1,4,0,1,1,1,0,1,1,0,1,0,0,3,0,1,1,1,1,0,19.5,6.5,0.34
0,1,3,2,0,2,0,4,0,3,4,1,4,2,0,7,1,0,1,1,2,0,1,0,1,0,1,3,1,1,1,0,1,1,17.0,11.75,0.728
1,1,2,2,0,1,0,2,0,0,2,2,1,0,0,2,0,1,1,1,1,0,1,0,1,0,0,1,1,1,0,0,1,0,16.0,10.0,0.53
5,10,4,10,2,5,0,8,2,3,12,0,6,4,0,7,2,1,1,1,4,1,1,0,1,1,2,3,0,1,1,0,1,1,26.667,18.524,0.553
7,6,5,6,3,4,0,11,0,6,10,0,7,3,0,14,3,1,1,1,3,1,1,0,1,0,2,3,0,1,1,0,1,1,21.25,13.25,0.537
1,0,1,3,0,1,0,1,0,0,3,1,1,2,0,3,0,1,0,1,2,0,1,0,1,0,0,1,1,1,1,0,1,0,17.0,11.0,0.514
1,1,1,1,0,2,0,2,0,1,1,2,3,0,1,2,0,1,1,1,1,0,1,0,1,0,1,1,1,1,0,1,1,0,18.0,7.0,0.5
0,0,0,0,0,0,0,0,0,0,1,4,3,0,1,1,2,0,0,0,0,0,0,0,0,0,0,1,1,1,0,1,1,1,5.5,0.0,0.213
2,5,3,1,2,1,0,7,1,2,10,1,4,0,0,11,1,1,1,1,1,1,1,0,1,1,2,7,1,1,0,0,1,1,25.5,17.5,0.792
4,0,3,0,1,0,0,2,0,1,2,1,3,0,0,3,0,1,0,1,0,1,0,0,1,0,1,2,1,1,0,0,1,0,20.0,9.0,0.474
1,0,0,1,1,0,0,2,1,0,3,1,2,0,0,2,0,1,0,0,1,1,0,0,1,1,0,2,1,1,0,0,1,0,14.0,8.0,0.756
1,1,2,1,2,2,0,2,1,0,3,4,4,0,0,2,0,1,1,1,1,1,1,0,1,1,0,2,1,1,0,0,1,0,25.0,10.0,0.566
3,2,3,2,1,4,0,3,0,0,1,0,2,0,0,1,0,1,1,1,2,1,1,0,1,0,0,1,0,1,0,0,1,0,11.0,2.0,0.452
1,2,4,1,0,2,0,4,1,1,2,1,7,0,0,5,0,1,1,1,1,0,1,0,1,1,1,2,1,1,0,0,1,0,7.75,1.25,0.381
0,1,2,1,0,0,0,3,0,0,1,1,2,0,0,3,0,0,1,1,1,0,0,0,1,0,0,1,1,1,0,0,1,0,4.667,2.667,0.567
1,1,0,0,0,1,0,1,0,1,3,1,0,0,0,3,0,1,1,0,0,0,1,0,1,0,1,3,1,0,0,0,2,0,12.0,12.0,0.816
4,2,2,5,1,3,0,6,0,1,6,1,5,0,0,3,0,1,1,1,3,1,1,0,1,0,1,3,1,1,0,0,2,0,13.0,8.0,0.679
2,2,0,1,0,2,2,3,0,0,3,2,0,0,0,1,0,1,1,0,1,0,1,1,1,0,0,3,1,0,0,0,1,0,18.0,7.0,0.667
2,0,0,0,0,1,0,2,0,0,0,8,7,0,0,4,0,1,0,0,0,0,1,0,1,0,0,0,1,1,0,0,1,0,8.0,0.0,0.144
0,1,0,2,1,2,0,2,0,1,2,4,2,0,0,1,0,0,1,0,1,1,1,0,1,0,1,2,1,1,0,0,1,0,18.0,13.0,0.667
10,10,3,14,4,12,0,22,0,3,12,3,12,3,0,15,2,1,1,1,2,1,1,0,1,0,2,6,1,1,1,0,1,1,17.857,7.714,0.506
4,2,4,2,2,3,1,9,2,3,3,0,6,0,0,4,2,1,1,1,2,1,1,1,1,1,2,2,0,1,0,0,2,1,15.0,6.667,0.422
2,0,3,4,1,4,0,5,0,2,4,0,3,2,0,6,0,1,0,1,2,1,1,0,1,0,1,4,0,1,1,0,2,0,18.0,10.0,0.707
1,2,1,8,3,1,0,6,7,1,9,0,9,3,0,6,1,1,1,1,2,1,1,0,1,1,1,4,0,1,1,0,1,1,19.667,13.0,0.644
4,1,1,1,1,2,1,6,0,2,1,1,7,0,0,2,0,1,1,1,1,1,1,1,1,0,2,1,1,1,0,0,2,0,15.0,5.5,0.387
3,2,4,5,1,3,0,4,1,2,2,0,6,1,0,2,0,1,1,1,2,1,1,0,1,1,1,1,0,1,1,0,1,0,9.0,5.5,0.354
8,6,3,7,7,5,0,16,0,4,6,10,26,1,2,4,1,1,1,1,2,1,1,0,1,0,2,4,1,1,1,1,1,1,52.0,13.0,0.416
2,1,3,4,2,4,0,5,0,2,7,1,5,1,0,6,1,1,1,1,3,1,1,0,1,0,2,4,1,1,1,0,1,1,11.0,10.125,0.746
1,0,1,0,3,0,0,5,0,0,0,4,5,0,0,0,0,1,0,1,0,1,0,0,1,0,0,0,1,1,0,0,0,0,19.0,0.0,0.162
4,4,5,2,2,5,0,9,0,2,1,2,2,1,0,3,0,1,1,1,2,1,1,0,1,0,1,1,1,1,1,0,1,0,42.0,21.0,0.436
2,1,0,2,1,1,0,2,0,0,1,2,2,0,0,1,1,1,1,0,2,1,1,0,1,0,0,1,1,1,0,0,1,1,15.0,5.0,0.548
4,4,3,5,2,3,0,11,2,1,8,1,3,2,0,5,0,1,1,1,2,1,1,0,1,1,1,3,1,1,1,0,1,0,10.8,5.8,0.481
0,1,0,0,1,1,0,7,1,2,2,5,0,0,0,2,0,0,1,0,0,1,1,0,1,1,1,1,1,0,0,0,1,0,23.0,8.0,0.295
6,6,2,4,0,1,1,11,2,1,1,2,7,0,0,3,0,1,1,1,3,0,1,1,1,1,1,1,1,1,0,0,1,0,11.75,4.893,0.516
3,5,1,6,3,4,0,5,2,2,10,2,2,1,0,12,1,1,1,1,3,1,1,0,1,1,2,5,1,1,1,0,2,1,29.5,32.0,0.736
0,0,1,1,0,1,1,1,0,2,1,1,1,0,0,2,0,0,0,1,1,0,1,1,1,0,2,1,1,1,0,0,1,0,12.0,14.0,0.612
8,13,6,10,5,10,0,20,0,4,20,0,8,4,0,21,0,1,1,1,3,1,1,0,1,0,2,6,0,1,1,0,3,0,21.5,13.595,0.623
2,3,1,2,0,3,0,5,0,2,3,2,2,1,0,3,0,1,1,1,1,0,1,0,1,0,2,2,1,1,1,0,1,0,29.0,23.0,0.525
2,2,2,0,0,1,0,5,0,1,0,0,0,1,0,2,0,1,1,1,0,0,1,0,1,0,1,0,0,0,1,0,1,0,16.0,0.0,0.177
0,1,0,0,1,1,0,0,1,0,0,11,6,0,0,0,0,0,1,0,0,1,1,0,0,1,0,0,1,1,0,0,0,0,21.0,0.0,0.154
4,1,4,1,0,2,0,6,0,0,2,2,8,0,5,3,2,1,1,1,1,0,1,0,1,0,0,2,1,1,0,1,2,1,18.0,9.0,0.354
2,4,0,2,0,3,0,7,0,2,4,2,2,0,0,5,0,1,1,0,2,0,1,0,1,0,1,4,1,1,0,0,1,0,16.5,12.5,0.739
4,3,3,4,1,3,0,8,0,1,5,0,3,1,0,4,0,1,1,1,2,1,1,0,1,0,1,3,0,1,1,0,2,0,20.0,12.5,0.559
2,1,3,4,0,3,0,3,1,2,8,0,4,1,0,5,0,1,1,1,2,0,1,0,1,1,1,3,0,1,1,0,1,0,18.5,19.0,0.697
1,1,1,0,0,2,0,4,1,0,0,0,0,1,0,1,0,1,1,1,0,0,1,0,1,1,0,0,0,0,1,0,1,0,12.0,0.0,0.204
2,5,0,3,1,2,0,3,4,1,2,2,2,1,0,1,0,1,1,0,1,1,1,0,1,1,1,2,1,1,1,0,1,0,14.5,5.0,0.525
17,23,12,14,6,17,1,48,1,4,19,1,19,6,0,22,2,1,1,1,3,1,1,1,1,1,1,7,1,1,1,0,3,1,19.273,6.909,0.437
2,1,0,0,1,1,0,1,0,0,1,2,0,1,0,1,0,1,1,0,0,1,1,0,1,0,0,1,1,0,1,0,1,0,11.0,5.0,0.64
0,2,0,2,1,1,0,1,1,0,0,0,2,0,0,2,0,0,1,0,2,1,1,0,1,1,0,0,0,1,0,0,1,0,12.0,2.0,0.408
1,1,0,1,1,0,0,1,0,0,2,1,2,0,0,2,0,1,1,0,1,1,0,0,1,0,0,2,1,1,0,0,1,0,12.0,13.0,0.612
0,2,1,1,0,2,0,4,0,0,2,0,1,1,0,5,0,0,1,1,1,0,1,0,1,0,0,2,0,1,1,0,1,0,19.0,8.0,0.487
3,3,3,2,1,2,0,4,1,2,4,0,3,1,0,4,1,1,1,1,1,1,1,0,1,1,1,4,0,1,1,0,2,1,34.0,27.0,0.849
1,1,0,2,0,1,0,3,0,0,0,3,3,0,0,2,0,1,1,0,1,0,1,0,1,0,0,0,1,1,0,0,1,0,5.333,1.333,0.354
3,2,2,5,2,2,0,5,0,1,2,1,3,0,0,4,0,1,1,1,2,1,1,0,1,0,1,2,1,1,0,0,1,0,10.667,3.667,0.375
6,2,3,3,1,1,0,6,0,0,1,0,3,1,0,3,0,1,1,1,2,1,1,0,1,0,0,1,0,1,1,0,1,0,14.5,2.0,0.394
0,1,0,0,0,0,0,2,0,0,3,1,3,0,0,2,0,0,1,0,0,0,0,0,1,0,0,3,1,1,0,0,1,0,12.0,5.0,0.612
3,0,6,5,1,3,0,4,0,3,2,0,4,0,0,4,0,1,0,1,2,1,1,0,1,0,2,1,0,1,0,0,2,0,11.667,7.333,0.598
5,2,1,0,2,5,0,9,0,1,8,1,4,1,0,6,0,1,1,1,0,1,1,0,1,0,1,4,1,1,1,0,1,0,45.0,8.0,0.422
1,3,1,1,1,2,0,3,0,0,3,1,2,0,0,4,1,1,1,1,1,1,1,0,1,0,0,2,1,1,0,0,1,1,11.5,4.0,0.59
1,4,4,2,3,3,0,7,0,2,9,0,3,1,0,8,0,1,1,1,1,1,1,0,1,0,2,5,0,1,1,0,2,0,15.667,13.417,0.825
8,5,8,7,3,4,0,9,0,3,5,0,1,4,0,10,0,1,1,1,2,1,1,0,1,0,1,4,0,1,1,0,1,0,67.0,19.0,0.432
1,2,0,1,1,1,0,4,0,1,1,0,0,0,0,3,0,1,1,0,1,1,1,0,1,0,1,1,0,0,0,0,1,0,15.0,9.0,0.548
2,1,2,3,0,2,0,3,0,1,2,0,3,0,0,1,0,1,1,1,2,0,1,0,1,0,1,1,0,1,0,0,1,0,20.0,13.0,0.632
2,1,0,2,0,2,0,2,0,0,4,3,2,0,0,2,0,1,1,0,1,0,1,0,1,0,0,2,1,1,0,0,1,0,6.667,8.0,0.632
2,1,7,1,0,1,0,4,0,2,4,0,4,0,0,4,0,1,1,1,1,0,1,0,1,0,2,3,0,1,0,0,1,0,10.0,5.0,0.645
5,8,3,3,2,5,0,9,0,3,9,1,9,1,0,6,1,1,1,1,2,1,1,0,1,0,2,4,1,1,1,0,2,1,21.333,10.667,0.619
2,1,7,1,0,1,0,4,0,2,4,0,4,0,0,4,0,1,1,1,1,0,1,0,1,0,2,3,0,1,0,0,1,0,10.0,5.0,0.645
4,3,9,5,0,4,1,11,1,4,14,0,16,5,0,9,0,1,1,1,2,0,1,1,1,1,2,6,0,1,1,0,2,0,28.333,19.667,0.69
3,5,4,1,3,2,1,7,5,1,15,31,4,1,0,4,15,1,1,1,1,1,1,1,1,1,1,3,1,1,1,0,3,1,34.0,13.0,0.35
0,0,0,0,1,0,0,3,1,0,0,4,4,0,0,0,1,0,0,0,0,1,0,0,1,1,0,0,1,1,0,0,0,1,14.0,0.0,0.189
1,1,2,1,0,3,8,2,0,0,8,0,8,1,0,2,11,1,1,1,1,0,1,1,1,0,0,2,0,1,1,0,1,1,9.4,1.2,0.309
9,7,10,9,7,4,0,10,3,3,16,6,9,2,0,15,1,1,1,1,2,1,1,0,1,1,2,4,1,1,1,0,2,1,22.2,14.2,0.537
0,2,1,1,1,1,0,4,0,0,5,1,2,0,0,5,0,0,1,1,1,1,1,0,1,0,0,4,1,1,0,0,1,0,23.0,14.0,0.737
1,1,1,0,1,0,0,1,0,0,2,3,1,0,0,4,0,1,1,1,0,1,0,0,1,0,0,1,1,1,0,0,1,0,15.0,4.0,0.365
1,0,1,0,0,2,0,4,0,0,1,0,3,1,0,3,0,1,0,1,0,0,1,0,1,0,0,1,0,1,1,0,1,0,16.0,6.0,0.354
0,0,0,1,1,1,0,1,0,0,0,7,4,0,0,0,0,0,0,0,1,1,1,0,1,0,0,0,1,1,0,0,0,0,15.0,2.0,0.365
1,4,1,1,2,2,0,3,4,1,1,5,4,1,0,2,0,1,1,1,1,1,1,0,1,1,1,1,1,1,1,0,1,0,30.0,4.0,0.387
2,3,1,3,0,0,0,4,0,2,6,0,1,0,0,3,0,1,1,1,2,0,0,0,1,0,2,4,0,1,0,0,1,0,25.0,28.0,0.99
3,3,0,1,0,1,0,9,2,1,0,0,4,2,1,1,0,1,1,0,1,0,1,0,1,1,1,0,0,1,1,1,1,0,27.0,9.0,0.408
2,5,1,6,1,3,0,5,4,2,6,4,4,3,1,6,0,1,1,1,2,1,1,0,1,1,2,4,1,1,1,1,1,0,26.0,16.5,0.686
4,2,0,4,4,3,0,8,0,2,8,1,3,0,0,7,1,1,1,0,2,1,1,0,1,0,2,6,1,1,0,0,2,1,23.5,22.5,0.928
3,0,1,0,0,0,0,11,1,0,1,0,4,0,0,0,0,1,0,1,0,0,0,0,1,1,0,1,0,1,0,0,0,0,10.5,1.0,0.309
3,1,0,0,1,2,0,2,0,0,1,1,3,0,0,1,1,1,1,0,0,1,1,0,1,0,0,1,1,1,0,0,1,1,14.0,3.0,0.378
1,1,0,2,0,0,0,1,0,0,3,0,0,1,0,2,0,1,1,0,1,0,0,0,1,0,0,2,0,0,1,0,1,0,11.0,4.0,0.426
6,8,5,8,1,6,0,17,0,8,10,2,17,1,0,13,3,1,1,1,3,1,1,0,1,0,2,7,1,1,1,0,1,1,15.0,6.429,0.69
1,4,6,3,1,4,0,9,0,2,6,6,8,0,0,4,1,1,1,1,2,1,1,0,1,0,1,2,1,1,0,0,1,1,7.857,2.0,0.286
2,2,0,1,0,2,2,6,0,0,0,1,3,0,0,1,0,1,1,0,1,0,1,1,1,0,0,0,1,1,0,0,1,0,10.0,1.0,0.316
5,0,2,2,1,0,0,4,0,2,0,0,2,0,0,0,0,1,0,1,1,1,0,0,1,0,1,0,0,1,0,0,0,0,18.0,18.0,0.5
5,4,2,1,2,1,0,3,1,0,2,0,4,1,0,5,0,1,1,1,1,1,1,0,1,1,0,2,0,1,1,0,1,0,15.5,5.5,0.508
2,1,3,5,0,2,1,6,1,2,7,0,5,3,0,6,1,1,1,1,2,0,1,1,1,1,1,2,0,1,1,0,1,1,15.0,11.333,0.527
1,3,1,3,0,2,0,5,1,1,4,2,3,0,0,1,1,1,1,1,2,0,1,0,1,1,1,3,1,1,0,0,1,1,9.333,7.0,0.668
1,5,4,2,2,5,1,5,1,0,5,2,4,1,0,4,0,1,1,1,2,1,1,1,1,1,0,4,1,1,1,0,1,0,21.0,6.5,0.546
1,4,2,5,0,1,1,6,0,3,5,1,5,2,0,6,1,1,1,1,1,0,1,1,1,0,2,4,1,1,1,0,1,1,10.75,5.5,0.539
3,5,3,8,1,2,3,9,0,3,6,5,12,3,0,8,2,1,1,1,3,1,1,1,1,0,2,4,1,1,1,0,1,1,14.6,11.629,0.579
8,6,2,2,1,0,0,6,1,0,8,0,3,1,0,4,0,1,1,1,1,1,0,0,1,1,0,5,0,1,1,0,2,0,21.0,12.5,0.764
2,1,2,1,1,1,0,3,0,0,0,0,0,1,0,1,0,1,1,1,1,1,1,0,1,0,0,0,0,0,1,0,1,0,13.0,7.0,0.392
5,9,3,9,6,6,0,13,0,3,13,7,6,1,0,12,2,1,1,1,5,1,1,0,1,0,2,6,1,1,1,0,2,1,19.0,18.1,0.798
1,3,1,2,2,3,0,6,0,2,2,1,4,0,0,2,0,1,1,1,1,1,1,0,1,0,2,2,1,1,0,0,1,0,28.0,14.0,0.535
3,2,2,1,1,1,0,5,0,1,4,1,3,0,0,3,1,1,1,1,1,1,1,0,1,0,1,3,1,1,0,0,2,1,9.333,7.333,0.802
2,2,0,3,1,2,0,2,0,0,4,2,0,1,0,0,0,1,1,0,1,1,1,0,1,0,0,3,1,0,1,0,0,0,19.0,15.0,0.811
2,2,0,1,1,1,0,1,0,0,2,4,4,0,0,1,0,1,1,0,1,1,1,0,1,0,0,2,1,1,0,0,1,0,9.5,2.0,0.487
0,1,1,0,0,1,0,1,0,0,2,3,3,0,0,0,0,0,1,1,0,0,1,0,1,0,0,2,1,1,0,0,0,0,6.0,1.0,0.408
1,2,0,0,1,0,0,2,1,1,0,13,9,0,0,1,0,1,1,0,0,1,0,0,1,1,1,0,1,1,0,0,1,0,32.0,0.0,0.125
3,10,7,7,3,6,0,14,0,1,12,0,7,2,0,13,2,1,1,1,3,1,1,0,1,0,1,5,0,1,1,0,2,1,29.0,13.833,0.606
2,3,1,1,0,2,0,4,0,0,3,2,3,0,0,3,0,1,1,1,1,0,1,0,1,0,0,2,1,1,0,0,1,0,12.0,4.0,0.577
2,3,1,1,0,2,0,4,0,0,3,2,3,0,0,3,0,1,1,1,1,0,1,0,1,0,0,2,1,1,0,0,1,0,12.0,4.0,0.577
1,0,1,2,1,0,0,2,0,0,2,0,2,0,0,0,0,1,0,1,2,1,0,0,1,0,0,2,0,1,0,0,0,0,11.0,6.0,0.853
1,1,1,0,1,0,0,0,2,0,3,0,1,0,0,3,0,1,1,1,0,1,0,0,0,1,0,1,0,1,0,0,1,0,13.0,6.0,0.392
1,5,5,2,1,0,0,5,0,1,8,0,9,0,0,5,0,1,1,1,1,1,0,0,1,0,1,5,0,1,0,0,1,0,14.0,12.0,0.764
1,1,1,2,0,1,0,2,1,0,1,0,1,1,0,1,0,1,1,1,2,0,1,0,1,1,0,1,0,1,1,0,1,0,13.0,18.0,0.784
1,0,1,1,2,2,0,7,0,0,4,0,0,0,0,4,0,1,0,1,1,1,1,0,1,0,0,2,0,0,0,0,1,0,11.0,5.0,0.603
2,3,1,1,0,1,0,3,0,0,3,0,2,0,0,3,0,1,1,1,1,0,1,0,1,0,0,3,0,1,0,0,2,0,19.0,15.0,0.811
2,2,1,1,0,1,0,2,0,1,4,0,0,0,0,2,0,1,1,1,1,0,1,0,1,0,1,3,0,0,0,0,2,0,16.0,15.0,0.884
2,2,4,1,2,1,0,4,0,0,5,0,0,1,0,1,0,1,1,1,1,1,1,0,1,0,0,5,0,0,1,0,1,0,11.5,8.5,0.885
1,3,0,2,1,3,1,4,0,1,4,2,3,2,0,4,0,1,1,0,2,1,1,1,1,0,1,2,1,1,1,0,1,0,10.333,7.667,0.381
1,0,0,2,0,1,0,4,0,0,3,1,2,0,0,2,0,1,0,0,2,0,1,0,1,0,0,3,1,1,0,0,1,0,8.0,8.786,0.884
1,1,1,1,1,3,1,11,0,2,2,0,4,2,0,4,0,1,1,1,1,1,1,1,1,0,1,2,0,1,1,0,1,0,8.5,1.0,0.364
2,1,1,1,1,2,0,6,3,0,0,0,3,0,0,0,4,1,1,1,1,1,1,0,1,1,0,0,0,1,0,0,0,1,23.0,2.0,0.295
7,5,2,3,1,3,0,7,0,4,3,0,2,1,0,4,0,1,1,1,1,1,1,0,1,0,2,3,0,1,1,0,1,0,21.0,11.0,0.546
0,0,3,0,2,0,0,1,0,3,3,0,1,0,0,4,0,0,0,1,0,1,0,0,1,0,1,2,0,1,0,0,1,0,17.0,29.0,0.686
6,10,2,4,2,7,0,14,0,3,11,2,15,2,0,13,0,1,1,1,2,1,1,0,1,0,2,5,1,1,1,0,1,0,15.167,7.667,0.593
4,7,2,3,1,4,0,8,0,1,3,2,2,1,0,4,0,1,1,1,2,1,1,0,1,0,1,2,1,1,1,0,1,0,21.0,5.0,0.436
0,0,0,0,0,0,0,1,0,0,1,3,3,0,1,1,2,0,0,0,0,0,0,0,1,0,0,1,1,1,0,1,1,1,5.5,0.0,0.213
0,0,0,0,0,0,0,2,0,0,1,2,3,0,1,1,2,0,0,0,0,0,0,0,1,0,0,1,1,1,0,1,1,1,5.5,0.0,0.213
0,0,0,0,0,0,0,1,0,0,1,3,3,0,1,1,2,0,0,0,0,0,0,0,1,0,0,1,1,1,0,1,1,1,5.5,0.0,0.213
0,0,0,0,0,0,0,0,0,0,1,4,3,0,1,1,2,0,0,0,0,0,0,0,0,0,0,1,1,1,0,1,1,1,5.5,0.0,0.213
2,7,1,0,2,3,0,8,2,2,6,0,4,1,0,5,1,1,1,1,0,1,1,0,1,1,1,3,0,1,1,0,2,1,14.667,5.0,0.426
10,11,4,11,2,9,0,13,1,4,14,3,10,1,0,10,2,1,1,1,3,1,1,0,1,1,2,4,1,1,1,0,3,1,21.0,16.4,0.552
0,0,0,0,0,0,0,1,0,0,1,3,3,0,1,1,2,0,0,0,0,0,0,0,1,0,0,1,1,1,0,1,1,1,5.5,0.0,0.213
4,0,0,4,0,2,0,6,0,1,2,0,3,0,0,1,0,1,0,0,2,0,1,0,1,0,1,2,0,1,0,0,1,0,22.0,6.0,0.452
0,0,0,0,0,0,0,1,1,0,1,2,3,0,1,1,2,0,0,0,0,0,0,0,1,1,0,1,1,1,0,1,1,1,5.5,0.0,0.213
2,3,3,3,0,4,0,5,1,1,4,0,4,1,0,1,0,1,1,1,2,0,1,0,1,1,1,1,0,1,1,0,1,0,10.667,3.667,0.375
3,2,2,5,0,0,0,4,0,1,5,0,3,3,0,6,0,1,1,1,2,0,0,0,1,0,1,4,0,1,1,0,1,0,11.333,8.667,0.728
1,1,0,0,0,1,0,4,2,0,2,0,3,0,0,0,2,1,1,0,0,0,1,0,1,1,0,1,0,1,0,0,0,1,4.25,1.0,0.343
0,0,0,0,0,0,0,1,0,0,1,3,3,0,1,1,2,0,0,0,0,0,0,0,1,0,0,1,1,1,0,1,1,1,5.5,0.0,0.213
10,10,6,10,4,6,1,21,0,8,11,4,20,1,0,21,1,1,1,1,2,1,1,1,1,0,2,6,1,1,1,0,2,1,16.625,11.625,0.552
0,0,0,0,0,0,0,1,1,0,1,2,3,0,1,1,2,0,0,0,0,0,0,0,1,1,0,1,1,1,0,1,1,1,5.5,0.0,0.213
0,2,3,2,0,3,0,3,0,0,4,0,3,0,0,4,0,0,1,1,2,0,1,0,1,0,0,3,0,1,0,0,1,0,12.0,11.286,0.722
0,3,0,1,0,1,0,4,0,0,4,0,1,0,0,1,0,0,1,0,1,0,1,0,1,0,0,3,0,1,0,0,1,0,15.0,6.0,0.548
11,11,3,11,3,10,0,14,1,3,10,7,12,7,0,12,1,1,1,1,2,1,1,0,1,1,1,4,1,1,1,0,1,1,19.333,6.833,0.328
0,0,0,0,0,0,0,1,1,0,1,2,3,0,1,1,2,0,0,0,0,0,0,0,1,1,0,1,1,1,0,1,1,1,5.5,0.0,0.213
0,0,0,0,0,0,0,0,0,0,1,4,3,0,1,1,2,0,0,0,0,0,0,0,0,0,0,1,1,1,0,1,1,1,5.5,0.0,0.213
19,10,24,24,14,9,1,30,2,14,42,1,37,8,0,41,4,1,1,1,4,1,1,1,1,1,2,6,1,1,1,0,2,1,12.955,8.93,0.461
2,1,1,0,1,0,1,0,0,0,4,0,2,1,0,3,0,1,1,1,0,1,0,1,0,0,0,2,0,1,1,0,1,0,16.0,10.0,0.53
4,4,4,3,3,3,0,13,2,0,7,0,6,3,1,5,0,1,1,1,1,1,1,0,1,1,0,5,0,1,1,1,2,0,28.5,12.0,0.562
2,0,0,1,1,0,0,4,0,0,0,1,14,1,0,3,0,1,0,0,1,1,0,0,1,0,0,0,1,1,1,0,1,0,9.0,0.667,0.272
0,2,1,1,1,1,1,1,2,1,2,2,1,0,0,2,0,0,1,1,1,1,1,1,1,1,1,2,1,1,0,0,1,0,9.0,4.5,0.5
13,12,3,7,5,7,0,13,1,3,24,0,14,2,0,23,0,1,1,1,3,1,1,0,1,1,2,5,0,1,1,0,2,0,63.5,54.75,0.565
9,9,5,9,2,8,0,10,1,1,15,4,11,2,0,14,1,1,1,1,4,1,1,0,1,1,1,7,1,1,1,0,1,1,16.667,11.167,0.778
8,5,1,4,0,6,0,12,0,2,4,1,9,2,0,6,1,1,1,1,1,0,1,0,1,0,2,3,1,1,1,0,1,1,30.5,12.5,0.453
1,1,1,0,3,0,0,0,0,1,0,22,13,0,0,0,0,1,1,1,0,1,0,0,0,0,1,0,1,1,0,0,0,0,41.0,0.0,0.11
2,3,0,1,2,1,0,5,4,2,3,0,3,0,0,6,0,1,1,0,1,1,1,0,1,1,1,1,0,1,0,0,2,0,16.0,6.5,0.375
3,5,1,0,0,2,0,8,0,1,2,5,2,1,0,3,1,1,1,1,0,0,1,0,1,0,1,2,1,1,1,0,1,1,17.0,4.0,0.364
2,0,0,0,1,0,0,7,0,0,1,1,3,0,0,0,0,1,0,0,0,1,0,0,1,0,0,1,1,1,0,0,0,0,15.0,2.0,0.365
8,10,5,5,4,7,0,17,0,2,4,5,9,1,0,8,2,1,1,1,2,1,1,0,1,0,1,4,1,1,1,0,1,1,17.0,1.6,0.383
0,2,1,0,1,1,0,4,2,0,0,0,1,0,0,0,0,0,1,1,0,1,1,0,1,1,0,0,0,1,0,0,0,0,12.0,0.0,0.204
1,2,4,4,0,0,0,5,4,0,4,0,2,2,0,2,0,1,1,1,1,0,0,0,1,1,0,3,0,1,1,0,1,0,15.0,8.5,0.645
1,1,1,3,0,0,0,2,0,1,4,1,3,0,0,1,0,1,1,1,2,0,0,0,1,0,1,4,1,1,0,0,1,0,18.0,12.0,0.833
1,1,1,2,1,1,0,5,0,1,4,0,3,1,0,3,0,1,1,1,1,1,1,0,1,0,1,3,0,1,1,0,1,0,12.0,8.0,0.722
1,7,2,2,2,9,0,12,0,2,3,6,6,1,0,8,0,1,1,1,2,1,1,0,1,0,1,2,1,1,1,0,2,0,20.333,3.667,0.272
3,4,3,0,0,4,0,4,0,0,0,0,5,0,0,2,0,1,1,1,0,0,1,0,1,0,0,0,0,1,0,0,2,0,25.0,3.0,0.283
5,7,3,2,3,7,0,13,0,3,4,1,5,1,0,10,1,1,1,1,2,1,1,0,1,0,2,3,1,1,1,0,1,1,21.667,7.833,0.439
0,0,0,0,0,0,0,0,0,0,1,4,3,0,1,1,2,0,0,0,0,0,0,0,0,0,0,1,1,1,0,1,1,1,5.5,0.0,0.213
3,2,4,0,1,1,0,4,0,0,4,0,3,1,0,2,0,1,1,1,0,1,1,0,1,0,0,2,0,1,1,0,2,0,12.5,5.5,0.566
12,1,2,6,6,3,1,10,0,7,15,0,7,3,0,17,1,1,1,1,2,1,1,1,1,0,2,5,0,1,1,0,1,1,18.2,11.6,0.519
0,2,1,3,1,0,1,2,0,1,6,0,10,1,0,6,0,0,1,1,1,1,0,1,1,0,1,4,0,1,1,0,1,0,34.0,24.0,0.606
5,2,0,2,1,2,0,7,0,1,3,0,3,1,0,2,0,1,1,0,1,1,1,0,1,0,1,2,0,1,1,0,1,0,29.0,6.0,0.394
0,1,4,1,1,2,0,3,0,0,1,0,0,0,0,2,0,0,1,1,1,1,1,0,1,0,0,1,0,0,0,0,1,0,15.0,8.571,0.548
1,0,2,2,2,0,0,0,0,0,1,0,1,0,0,2,0,1,0,1,2,1,0,0,0,0,0,1,0,1,0,0,1,0,11.0,13.571,0.64
5,5,4,5,4,5,1,13,1,2,8,1,7,2,0,7,1,1,1,1,2,1,1,1,1,1,1,3,1,1,1,0,1,1,23.667,4.667,0.336
3,0,0,3,0,0,0,1,0,1,1,2,3,1,0,1,0,1,0,0,2,0,0,0,1,0,1,1,1,1,1,0,1,0,7.5,7.375,0.73
0,2,1,1,1,0,0,0,0,0,1,3,2,1,0,1,0,0,1,1,1,1,0,0,0,0,0,1,1,1,1,0,1,0,12.0,2.0,0.408
9,6,9,4,7,7,0,13,0,3,8,1,10,1,0,11,0,1,1,1,4,1,1,0,1,0,2,5,1,1,1,0,4,0,29.333,18.167,0.829
2,1,1,2,0,0,0,0,1,2,4,0,3,0,0,2,0,1,1,1,2,0,0,0,0,1,1,2,0,1,0,0,1,0,6.0,7.333,0.667
1,3,4,3,1,2,0,7,0,1,3,1,7,3,0,6,0,1,1,1,2,1,1,0,1,0,1,3,1,1,1,0,2,0,21.0,9.0,0.655
5,7,7,5,1,2,0,8,1,2,7,0,8,1,0,7,0,1,1,1,2,1,1,0,1,1,1,6,0,1,1,0,1,0,20.333,11.667,0.724
7,5,6,9,2,5,0,13,0,5,12,2,14,5,0,11,1,1,1,1,5,1,1,0,1,0,2,6,1,1,1,0,3,1,16.333,15.22,0.786
1,0,2,1,1,0,0,1,0,1,1,5,2,0,0,1,0,1,0,1,1,1,0,0,1,0,1,1,1,1,0,0,1,0,16.0,4.0,0.53
2,2,2,0,1,2,0,2,0,0,3,3,0,0,0,3,0,1,1,1,0,1,1,0,1,0,0,2,1,0,0,0,1,0,20.0,2.0,0.316
1,0,0,2,2,2,0,2,0,1,5,4,3,0,0,5,0,1,0,0,2,1,1,0,1,0,1,3,1,1,0,0,2,0,13.5,9.0,0.68
2,1,7,2,0,3,0,4,0,1,6,1,3,2,0,5,0,1,1,1,2,0,1,0,1,0,1,4,1,1,1,0,1,0,37.0,18.0,0.581
3,4,2,2,1,2,0,9,0,1,4,0,7,2,0,5,0,1,1,1,2,1,1,0,1,0,1,4,0,1,1,0,1,0,21.0,12.375,0.764
0,2,1,1,1,0,0,2,0,0,1,6,2,0,0,2,0,0,1,1,1,1,0,0,1,0,0,1,1,1,0,0,1,0,9.0,2.0,0.5
1,0,5,4,1,1,1,1,0,2,4,0,0,2,0,2,0,1,0,1,1,1,1,1,1,0,2,3,0,0,1,0,1,0,24.0,20.0,0.722
11,14,11,14,10,12,0,25,1,7,15,3,25,2,0,17,1,1,1,1,4,1,1,0,1,1,2,5,1,1,1,0,1,1,23.714,10.796,0.494
4,1,7,7,4,5,0,8,0,4,13,2,11,2,0,9,0,1,1,1,3,1,1,0,1,0,2,6,1,1,1,0,2,0,25.667,25.25,0.806
2,2,4,3,1,2,0,4,0,3,5,3,8,1,0,5,0,1,1,1,2,1,1,0,1,0,3,3,1,1,1,0,2,0,14.333,10.75,0.755
4,4,4,4,1,4,0,4,1,1,4,1,5,0,0,3,0,1,1,1,2,1,1,0,1,1,1,3,1,1,0,0,1,0,20.0,17.5,0.671
10,6,4,6,2,5,1,14,1,5,12,1,11,2,0,8,0,1,1,1,2,1,1,1,1,1,2,7,1,1,1,0,1,0,22.0,12.5,0.678
0,2,1,1,1,0,0,10,1,0,2,2,14,0,4,1,3,0,1,1,1,1,0,0,1,1,0,2,1,1,0,1,1,1,20.5,1.0,0.221
5,9,3,7,2,3,0,15,0,4,8,3,8,1,0,12,0,1,1,1,4,1,1,0,1,0,2,5,1,1,1,0,3,0,20.0,20.938,0.87
0,2,0,2,0,2,0,3,0,1,0,3,2,0,0,2,0,0,1,0,1,0,1,0,1,0,1,0,1,1,0,0,2,0,8.5,7.0,0.514
5,8,2,3,2,7,0,8,0,1,4,11,7,0,0,4,0,1,1,1,3,1,1,0,1,0,1,4,1,1,0,0,2,0,30.0,15.0,0.73
0,2,5,2,0,5,0,7,0,2,0,3,5,1,0,4,0,0,1,1,1,0,1,0,1,0,2,0,1,1,1,0,1,0,18.0,3.5,0.236
0,0,0,2,0,0,1,1,0,0,4,2,6,1,0,4,2,0,0,0,2,0,0,1,1,0,0,3,1,1,1,0,1,1,8.0,3.0,0.577
0,2,3,2,0,1,0,5,2,2,6,0,12,2,5,6,1,0,1,1,2,0,1,0,1,1,1,2,0,1,1,1,3,1,22.5,32.0,0.632
1,2,1,1,1,3,0,40,8,0,5,17,56,1,29,5,5,1,1,1,1,1,1,0,1,1,0,3,1,1,1,1,1,1,16.889,1.333,0.229
1,1,3,1,1,0,0,1,0,1,2,0,2,0,0,2,0,1,1,1,1,1,0,0,1,0,1,1,0,1,0,0,1,0,15.0,11.0,0.548
1,5,3,4,0,1,0,5,1,3,9,0,1,3,0,10,0,1,1,1,2,0,1,0,1,1,2,3,0,0,1,0,1,0,22.5,12.0,0.527
1,0,0,3,4,2,1,5,1,0,5,0,0,0,0,1,0,1,0,0,1,1,1,1,1,1,0,2,0,0,0,0,1,0,23.0,16.0,0.59
0,4,0,1,1,0,0,5,1,2,4,0,0,1,0,7,0,0,1,0,1,1,0,0,1,1,2,3,0,0,1,0,1,0,26.0,22.0,0.693
20,22,20,27,10,21,1,44,1,6,17,6,17,10,0,27,1,1,1,1,3,1,1,1,1,1,2,6,1,1,1,0,2,1,27.556,9.278,0.404
1,0,2,2,0,1,1,1,1,0,2,0,2,0,0,1,0,1,0,1,1,0,1,1,1,1,0,2,0,1,0,0,1,0,7.0,3.0,0.567
0,0,1,1,1,1,0,1,0,0,2,0,2,0,0,3,0,0,0,1,1,1,1,0,1,0,0,1,0,1,0,0,2,0,6.0,5.5,0.612
4,8,5,6,0,5,0,17,0,3,5,0,4,0,0,3,0,1,1,1,2,0,1,0,1,0,2,4,0,1,0,0,1,0,60.0,37.0,0.548
3,7,2,2,0,3,0,9,0,0,3,1,5,0,0,2,0,1,1,1,1,0,1,0,1,0,0,3,1,1,0,0,1,0,18.5,7.0,0.465
2,5,3,5,2,5,0,14,0,3,9,1,6,3,0,6,0,1,1,1,2,1,1,0,1,0,2,6,1,1,1,0,1,0,64.0,54.0,0.707
1,1,1,2,1,0,0,2,0,1,5,3,3,0,0,1,0,1,1,1,1,1,0,0,1,0,1,4,1,1,0,0,1,0,10.5,10.5,1.08
2,1,1,1,0,3,0,4,0,0,1,0,2,0,0,2,0,1,1,1,1,0,1,0,1,0,0,1,0,1,0,0,1,0,17.0,4.0,0.514
4,3,0,2,1,4,0,4,3,0,3,0,2,1,0,2,0,1,1,0,1,1,1,0,1,1,0,1,0,1,1,0,1,0,29.0,10.0,0.394
2,2,1,0,0,2,0,3,0,0,1,0,1,0,0,1,0,1,1,1,0,0,1,0,1,0,0,1,0,1,0,0,1,0,13.0,2.0,0.392
0,5,0,0,0,4,0,9,0,0,1,7,9,0,0,2,2,0,1,0,0,0,1,0,1,0,0,1,1,1,0,0,1,1,19.5,1.0,0.226
0,1,0,0,0,2,0,3,0,0,1,1,8,0,0,1,0,0,1,0,0,0,1,0,1,0,0,1,1,1,0,0,1,0,6.0,0.667,0.333
1,1,0,0,1,1,0,4,0,1,0,10,5,0,0,0,0,1,1,0,0,1,1,0,1,0,1,0,1,1,0,0,0,0,24.0,0.0,0.144
5,7,5,1,1,5,0,13,0,0,2,0,6,1,0,7,0,1,1,1,1,1,1,0,1,0,0,1,0,1,1,0,2,0,26.5,4.5,0.389
0,2,1,0,1,0,0,2,2,0,2,3,2,0,1,1,0,0,1,1,0,1,0,0,1,1,0,2,1,1,0,1,1,0,16.0,5.0,0.53
4,3,2,4,1,3,0,7,1,1,6,1,4,2,0,3,1,1,1,1,2,1,1,0,1,1,1,4,1,1,1,0,1,1,13.667,11.0,0.773
1,1,0,0,1,1,0,1,2,0,1,9,4,0,0,1,0,1,1,0,0,1,1,0,1,1,0,1,1,1,0,0,1,0,22.0,2.0,0.302
2,1,1,1,1,2,0,3,0,0,0,0,0,0,0,1,0,1,1,1,1,1,1,0,1,0,0,0,0,0,0,0,1,0,12.0,2.0,0.408
1,1,2,1,0,0,0,2,0,2,3,0,2,1,0,4,0,1,1,1,1,0,0,0,1,0,1,2,0,1,1,0,2,0,19.0,17.0,0.649
3,1,0,0,0,1,0,2,0,1,1,0,0,0,0,2,0,1,1,0,0,0,1,0,1,0,1,1,0,0,0,0,1,0,11.0,6.0,0.426
1,3,0,0,0,3,0,1,0,0,1,2,2,0,0,2,0,1,1,0,0,0,1,0,1,0,0,1,1,1,0,0,1,0,15.0,0.0,0.183
1,1,2,1,0,1,0,4,1,1,3,0,1,0,0,3,0,1,1,1,1,0,1,0,1,1,1,3,0,1,0,0,1,0,9.5,9.375,0.811
0,1,0,1,0,2,0,2,0,0,3,1,0,1,0,2,0,0,1,0,1,0,1,0,1,0,0,2,1,0,1,0,2,0,13.0,15.0,0.981
1,1,1,3,0,0,0,1,0,1,6,0,4,1,0,5,0,1,1,1,1,0,0,0,1,0,1,4,0,1,1,0,1,0,12.0,11.5,0.722
2,1,2,1,0,1,0,4,0,1,2,0,3,0,0,2,0,1,1,1,1,0,1,0,1,0,1,2,0,1,0,0,1,0,9.5,2.5,0.487
0,3,0,1,1,3,0,3,0,1,1,0,0,0,0,2,0,0,1,0,1,1,1,0,1,0,1,1,0,0,0,0,1,0,15.0,9.0,0.548
2,2,1,2,4,1,0,10,0,1,5,0,0,1,0,5,0,1,1,1,2,1,1,0,1,0,1,3,0,0,1,0,1,0,34.0,17.0,0.606
2,1,1,0,0,2,0,7,2,0,2,3,6,1,1,2,0,1,1,1,0,0,1,0,1,1,0,2,1,1,1,1,1,0,14.5,4.0,0.394
0,1,0,1,1,1,0,5,0,1,2,2,2,2,0,1,0,0,1,0,1,1,1,0,1,0,1,2,1,1,1,0,1,0,19.0,15.0,0.649
0,1,1,2,0,1,0,2,0,0,3,0,1,0,0,2,0,0,1,1,1,0,1,0,1,0,0,3,0,1,0,0,1,0,13.0,15.0,0.784
4,13,8,8,5,8,0,17,1,5,20,4,9,8,1,15,2,1,1,1,2,1,1,0,1,1,3,6,1,1,1,1,3,1,25.4,18.279,0.753
4,2,3,3,2,3,2,9,0,0,2,0,5,0,0,2,0,1,1,1,2,1,1,1,1,0,0,2,0,1,0,0,1,0,9.25,2.75,0.349
0,1,0,1,0,1,0,2,0,2,1,0,1,0,0,2,0,0,1,0,1,0,1,0,1,0,2,1,0,1,0,0,1,0,11.0,13.0,0.64
1,0,1,1,0,1,1,2,0,2,1,0,1,0,0,1,0,1,0,1,1,0,1,1,1,0,1,1,0,1,0,0,1,0,6.0,12.786,1.021
1,1,0,3,1,1,1,3,1,1,2,0,3,0,0,1,1,1,1,0,2,1,1,1,1,1,1,2,0,1,0,0,1,1,10.0,9.5,0.791
2,3,5,7,2,4,1,7,2,3,13,1,9,2,0,14,0,1,1,1,3,1,1,1,1,1,2,5,1,1,1,0,1,0,12.5,6.333,0.653
1,2,2,0,2,1,0,4,0,0,0,0,3,0,0,1,0,1,1,1,0,1,1,0,1,0,0,0,0,1,0,0,1,0,16.0,0.0,0.177
0,0,0,0,0,0,0,1,0,0,1,6,5,1,0,2,0,0,0,0,0,0,0,0,1,0,0,1,1,1,1,0,1,0,16.0,0.0,0.177
3,7,1,2,0,4,0,6,1,1,7,0,3,1,0,5,0,1,1,1,2,0,1,0,1,1,1,3,0,1,1,0,1,0,20.5,8.0,0.442
0,2,1,4,0,1,0,2,0,0,7,0,4,0,0,1,0,0,1,1,1,0,1,0,1,0,0,4,0,1,0,0,1,0,5.5,6.25,0.754
1,1,1,1,1,2,0,4,0,0,1,0,0,1,0,2,0,1,1,1,1,1,1,0,1,0,0,1,0,0,1,0,1,0,15.0,4.0,0.548
4,3,2,4,1,1,0,3,0,1,7,1,6,3,0,6,1,1,1,1,3,1,1,0,1,0,1,3,1,1,1,0,1,1,21.5,18.0,0.647
3,3,3,1,2,1,0,4,0,0,2,0,3,0,0,3,0,1,1,1,1,1,1,0,1,0,0,2,0,1,0,0,1,0,12.0,3.0,0.577
0,1,0,2,0,0,0,1,1,0,4,0,3,0,0,2,0,0,1,0,2,0,0,0,1,1,0,3,0,1,0,0,1,0,7.0,6.5,0.756
0,1,0,1,1,0,0,0,0,1,4,0,2,0,0,2,0,0,1,0,1,1,0,0,0,0,1,3,0,1,0,0,1,0,12.0,19.0,1.021
3,2,5,4,0,3,2,8,2,0,4,0,5,2,0,5,1,1,1,1,2,0,1,1,1,1,0,3,0,1,1,0,2,1,11.5,4.5,0.521
5,3,2,3,3,4,0,4,0,1,6,7,11,2,0,7,0,1,1,1,2,1,1,0,1,0,1,4,1,1,1,0,2,0,19.333,13.333,0.743
2,0,1,2,1,1,0,3,0,0,1,0,0,0,0,0,0,1,0,1,1,1,1,0,1,0,0,1,0,0,0,0,0,0,11.0,4.0,0.426
2,3,2,5,1,6,0,11,0,3,5,1,9,1,0,7,1,1,1,1,2,1,1,0,1,0,2,2,1,1,1,0,2,1,19.0,7.667,0.375
7,12,2,7,4,9,0,19,1,3,17,2,8,4,0,19,0,1,1,1,2,1,1,0,1,1,1,4,1,1,1,0,1,0,22.8,9.8,0.397
1,4,4,2,2,5,0,3,1,1,6,15,12,0,0,6,0,1,1,1,1,1,1,0,1,1,1,3,1,1,0,0,1,0,20.667,5.0,0.359
7,6,7,4,3,5,0,12,3,0,6,4,11,3,0,6,0,1,1,1,1,1,1,0,1,1,0,4,1,1,1,0,2,0,19.25,6.5,0.483
0,2,0,0,1,1,0,5,0,0,1,0,1,0,0,1,0,0,1,0,0,1,1,0,1,0,0,1,0,1,0,0,1,0,12.0,2.0,0.408
2,0,1,0,1,1,1,3,0,0,1,1,2,0,0,1,0,1,0,1,0,1,1,1,1,0,0,1,1,1,0,0,1,0,14.0,2.0,0.378
3,0,3,5,1,0,0,3,0,3,9,0,7,2,0,7,0,1,0,1,3,1,0,0,1,0,2,5,0,1,1,0,2,0,14.333,19.524,0.97
0,2,0,2,0,0,0,2,1,0,2,0,2,0,0,2,0,0,1,0,1,0,0,0,1,1,0,2,0,1,0,0,1,0,6.5,4.0,0.784
5,2,2,0,0,2,0,8,0,0,0,2,9,0,0,1,1,1,1,1,0,0,1,0,1,0,0,0,1,1,0,0,1,1,3.556,0.0,0.125
4,4,3,6,5,4,1,16,1,4,5,7,11,1,1,11,1,1,1,1,2,1,1,1,1,1,2,3,1,1,1,1,3,1,28.0,18.333,0.54
3,4,3,0,2,5,0,7,1,1,1,4,5,0,0,2,1,1,1,1,0,1,1,0,1,1,1,1,1,1,0,0,1,1,20.0,1.0,0.224
0,4,3,4,4,4,0,9,0,3,8,0,2,1,0,8,0,0,1,1,1,1,1,0,1,0,2,3,0,1,1,0,2,0,25.0,16.0,0.6
5,5,1,5,3,2,0,8,0,3,9,1,10,1,0,5,1,1,1,1,3,1,1,0,1,0,1,4,1,1,1,0,2,1,14.75,7.5,0.552
1,0,2,2,0,1,1,1,0,0,2,0,2,0,0,3,0,1,0,1,1,0,1,1,1,0,0,1,0,1,0,0,1,0,7.5,2.0,0.365
1,4,1,3,2,3,0,10,1,1,3,0,3,1,0,4,0,1,1,1,2,1,1,0,1,1,1,2,0,1,1,0,3,0,36.0,33.0,0.589
1,1,2,3,0,1,0,3,0,1,1,0,3,1,0,1,0,1,1,1,2,0,1,0,1,0,1,1,0,1,1,0,1,0,9.0,4.786,0.5
2,1,2,2,0,0,0,1,0,0,3,0,1,1,0,1,0,1,1,1,1,0,0,0,1,0,0,3,0,1,1,0,1,0,7.0,2.5,0.567
1,1,1,1,1,2,0,3,0,1,2,0,2,0,0,2,0,1,1,1,1,1,1,0,1,0,1,2,0,1,0,0,1,0,17.0,5.0,0.514
1,2,1,1,0,0,0,0,0,0,4,0,2,0,0,3,0,1,1,1,1,0,0,0,0,0,0,4,0,1,0,0,1,0,7.0,6.5,0.945
0,2,0,1,0,1,0,3,1,1,0,1,1,0,0,1,0,0,1,0,1,0,1,0,1,1,1,0,1,1,0,0,1,0,12.0,7.0,0.612
0,0,0,3,0,0,1,1,0,0,6,1,2,0,0,4,0,0,0,0,2,0,0,1,1,0,0,3,1,1,0,0,1,0,9.0,9.0,0.667
0,1,0,1,0,1,0,1,0,0,2,4,1,0,0,1,0,0,1,0,1,0,1,0,1,0,0,2,1,1,0,0,1,0,13.0,4.0,0.588
2,2,1,0,2,0,0,7,0,0,3,0,1,0,0,2,0,1,1,1,0,1,0,0,1,0,0,3,0,1,0,0,1,0,20.0,5.0,0.474
3,0,2,2,2,1,0,3,0,1,2,1,3,0,0,2,0,1,0,1,1,1,1,0,1,0,1,2,1,1,0,0,1,0,22.0,9.0,0.603
9,6,3,5,2,3,0,8,0,4,5,1,9,2,0,6,1,1,1,1,1,1,1,0,1,0,2,4,1,1,1,0,1,1,16.5,8.75,0.522
0,2,0,2,1,3,0,4,0,1,1,0,0,0,0,2,0,0,1,0,1,1,1,0,1,0,1,1,0,0,0,0,1,0,16.0,2.0,0.354
5,2,1,6,1,2,0,4,0,0,2,0,2,0,0,1,0,1,1,1,2,1,1,0,1,0,0,2,0,1,0,0,1,0,26.0,10.0,0.416
4,4,5,2,1,2,0,4,0,1,3,4,4,0,0,5,0,1,1,1,1,1,1,0,1,0,1,2,1,1,0,0,1,0,13.0,2.0,0.34
0,2,2,1,2,2,0,5,0,1,5,1,0,1,0,4,0,0,1,1,1,1,1,0,1,0,1,3,1,0,1,0,2,0,13.0,12.5,0.832
6,3,9,5,10,3,3,12,0,1,6,1,4,0,0,15,0,1,1,1,1,1,1,1,1,0,1,4,1,1,0,0,1,0,19.25,3.25,0.322
4,3,2,6,1,5,1,6,0,2,5,0,8,0,0,4,0,1,1,1,3,1,1,1,1,0,2,3,0,1,0,0,1,0,9.4,5.6,0.619
3,6,2,0,1,5,0,4,1,0,2,0,1,0,0,3,0,1,1,1,0,1,1,0,1,1,0,2,0,1,0,0,1,0,14.0,1.0,0.267
2,6,1,6,2,2,0,7,0,1,5,0,2,1,0,1,0,1,1,1,2,1,1,0,1,0,1,2,0,1,1,0,1,0,18.5,11.5,0.581
2,7,9,8,9,6,0,18,0,5,10,9,6,2,0,13,0,1,1,1,3,1,1,0,1,0,1,2,1,1,1,0,1,0,34.667,10.333,0.347
0,1,1,1,1,3,1,2,0,1,4,0,3,0,0,3,0,0,1,1,1,1,1,1,1,0,1,2,0,1,0,0,1,0,10.5,10.5,0.772
1,4,2,1,1,4,0,7,0,1,4,0,2,1,0,2,0,1,1,1,1,1,1,0,1,0,1,2,0,1,1,0,1,0,30.0,25.0,0.645
0,2,6,1,1,1,0,6,0,1,10,0,5,1,0,7,0,0,1,1,1,1,1,0,1,0,1,4,0,1,1,0,1,0,10.25,8.5,0.663
1,0,1,2,0,1,0,3,1,1,1,0,0,0,0,1,0,1,0,1,2,0,1,0,1,1,1,1,0,0,0,0,1,0,12.0,13.25,1.021
2,11,7,6,0,2,1,10,0,3,10,3,7,3,0,9,2,1,1,1,4,0,1,1,1,0,1,3,1,1,1,0,2,1,15.2,12.6,0.568
1,3,2,5,1,3,0,5,0,0,4,0,3,2,0,4,0,1,1,1,4,1,1,0,1,0,0,2,0,1,1,0,1,0,16.5,13.286,0.739
1,2,2,3,0,2,0,4,0,1,5,1,4,0,0,3,0,1,1,1,3,0,1,0,1,0,1,3,1,1,0,0,1,0,14.0,15.286,0.935
2,1,1,1,2,1,0,6,0,3,3,0,2,1,0,3,1,1,1,1,1,1,1,0,1,0,2,2,0,1,1,0,1,1,13.5,7.5,0.544
0,1,2,2,0,0,2,3,0,0,1,0,3,0,0,2,0,0,1,1,1,0,0,1,1,0,0,1,0,1,0,0,1,0,8.0,1.0,0.354
7,4,6,7,3,5,0,9,1,2,11,5,7,0,0,12,0,1,1,1,2,1,1,0,1,1,1,3,1,1,0,0,2,0,13.167,6.833,0.318
2,0,0,1,0,0,1,2,0,1,2,0,2,0,0,0,0,1,0,0,1,0,0,1,1,0,1,2,0,1,0,0,0,0,5.5,5.5,0.853
9,19,6,2,6,13,0,23,1,2,13,15,14,5,0,19,2,1,1,1,2,1,1,0,1,1,1,6,1,1,1,0,2,1,29.8,7.2,0.521
1,1,0,2,0,1,0,1,0,0,3,2,2,0,0,1,0,1,1,0,2,0,1,0,1,0,0,2,1,1,0,0,1,0,14.0,8.571,0.567
6,8,8,2,3,5,0,10,3,3,7,0,6,1,0,8,0,1,1,1,2,1,1,0,1,1,2,4,0,1,1,0,1,0,23.333,11.667,0.676
1,3,4,0,0,0,0,1,1,1,1,1,2,0,0,1,0,1,1,1,0,0,0,0,1,1,1,1,1,1,0,0,1,0,8.0,4.5,0.53
2,1,1,1,1,0,0,2,0,1,2,0,0,0,0,3,0,1,1,1,1,1,0,0,1,0,1,2,0,0,0,0,1,0,14.0,4.0,0.567
20,19,13,6,17,6,0,36,1,4,20,7,17,3,0,21,0,1,1,1,3,1,1,0,1,1,1,5,1,1,1,0,1,0,190.0,75.75,0.41
1,2,0,2,2,1,0,6,0,3,4,1,4,1,2,4,1,1,1,0,2,1,1,0,1,0,2,3,1,1,1,1,2,1,16.0,9.5,0.75
0,0,1,0,1,0,0,0,0,0,0,11,8,0,0,1,0,0,0,1,0,1,0,0,0,0,0,0,1,1,0,0,1,0,22.0,0.0,0.151
0,0,3,2,0,0,0,0,1,1,5,0,0,1,0,3,0,0,0,1,1,0,0,0,0,1,1,3,0,0,1,0,1,0,16.0,14.0,0.707
4,3,5,3,4,1,0,7,0,3,6,1,1,1,0,7,0,1,1,1,2,1,1,0,1,0,2,4,1,1,1,0,2,0,11.5,10.438,0.938
0,3,0,0,1,0,0,2,0,0,5,4,7,0,0,3,0,0,1,0,0,1,0,0,1,0,0,4,1,1,0,0,1,0,12.5,4.5,0.566
0,0,0,1,2,1,0,3,0,2,4,3,4,0,0,6,2,0,0,0,1,1,1,0,1,0,2,4,1,1,0,0,2,1,13.5,10.625,0.953
2,2,2,1,1,3,0,8,0,0,6,1,2,0,0,7,0,1,1,1,1,1,1,0,1,0,0,4,1,1,0,0,2,0,12.333,6.0,0.581
4,2,1,3,1,1,0,6,0,1,3,0,7,0,0,1,0,1,1,1,1,1,1,0,1,0,1,3,0,1,0,0,1,0,15.0,5.5,0.516
4,0,2,1,3,1,0,10,0,1,1,0,4,0,0,2,0,1,0,1,1,1,1,0,1,0,1,1,0,1,0,0,1,0,9.333,0.667,0.267
2,2,2,4,1,1,0,4,0,3,5,0,4,2,0,4,0,1,1,1,3,1,1,0,1,0,2,3,0,1,1,0,2,0,33.0,23.0,0.739
2,0,3,1,0,1,0,4,0,1,2,3,3,1,1,1,0,1,0,1,1,0,1,0,1,0,1,2,1,1,1,1,1,0,11.0,7.5,0.754
2,0,1,2,0,1,0,1,0,1,2,0,0,0,0,1,0,1,0,1,2,0,1,0,1,0,1,1,0,0,0,0,1,0,11.0,9.0,0.64
1,2,2,3,2,2,0,3,0,0,6,0,4,0,0,5,0,1,1,1,3,1,1,0,1,0,0,4,0,1,0,0,1,0,10.0,8.333,0.775
4,3,2,2,1,0,0,4,0,1,5,3,3,0,0,5,0,1,1,1,2,1,0,0,1,0,1,2,1,1,0,0,1,0,16.5,7.0,0.492
4,0,3,3,0,0,0,6,0,2,1,0,0,2,0,2,0,1,0,1,2,0,0,0,1,0,1,1,0,0,1,0,1,0,23.0,4.0,0.442
2,1,0,2,1,2,0,2,0,2,5,0,2,0,0,3,0,1,1,0,2,1,1,0,1,0,2,4,0,1,0,0,1,0,22.0,25.0,0.905
6,1,3,3,1,2,1,7,0,3,6,0,10,1,0,5,1,1,1,1,2,1,1,1,1,0,2,4,0,1,1,0,1,1,17.0,15.333,0.693
1,2,1,1,1,1,0,2,0,0,1,3,1,1,0,1,0,1,1,1,1,1,1,0,1,0,0,1,1,1,1,0,1,0,16.0,2.0,0.354
1,1,1,3,1,1,1,1,0,0,1,0,2,0,0,2,0,1,1,1,1,1,1,1,1,0,0,1,0,1,0,0,1,0,15.0,8.0,0.548
2,5,2,3,1,1,0,3,0,1,3,0,2,0,0,4,0,1,1,1,2,1,1,0,1,0,1,2,0,1,0,0,1,0,13.5,5.0,0.544
2,1,1,4,0,1,0,5,0,1,4,0,1,4,0,3,0,1,1,1,2,0,1,0,1,0,1,3,0,1,1,0,1,0,27.0,27.0,0.68
0,6,2,2,1,2,0,1,0,0,5,5,5,1,0,5,0,0,1,1,2,1,1,0,1,0,0,4,1,1,1,0,1,0,17.5,7.5,0.598
1,4,1,3,2,1,0,8,0,1,7,0,2,1,0,4,0,1,1,1,2,1,1,0,1,0,1,4,0,1,1,0,2,0,17.5,17.0,0.956
1,5,1,2,0,3,0,2,2,0,2,6,2,1,1,4,0,1,1,1,2,0,1,0,1,1,0,1,1,1,1,1,1,0,15.5,1.0,0.254
3,3,5,2,3,1,1,6,0,0,3,1,7,0,0,2,0,1,1,1,1,1,1,1,1,0,0,2,1,1,0,0,1,0,12.333,3.333,0.465
2,4,0,2,0,3,0,3,0,1,3,2,3,1,0,2,1,1,1,0,2,0,1,0,1,0,1,1,1,1,1,0,1,1,13.5,10.0,0.68
4,6,4,4,1,5,0,39,11,1,8,26,60,1,31,10,5,1,1,1,2,1,1,0,1,1,1,6,1,1,1,1,1,1,21.222,3.333,0.409
36,23,13,12,13,21,2,60,1,6,18,6,51,3,2,25,9,1,1,1,2,1,1,1,1,1,1,6,1,1,1,1,3,1,49.5,11.333,0.328
0,1,1,2,0,0,0,1,0,1,2,0,2,0,0,2,0,0,1,1,1,0,0,0,1,0,1,2,0,1,0,0,1,0,12.0,13.0,0.816
0,3,3,1,1,4,0,5,0,1,5,0,4,1,0,3,1,0,1,1,1,1,1,0,1,0,1,2,0,1,1,0,1,1,10.667,5.667,0.5
0,0,0,0,0,0,0,1,0,0,1,3,3,0,1,1,2,0,0,0,0,0,0,0,1,0,0,1,1,1,0,1,1,1,11.0,0.0,0.213
1,1,1,0,0,1,0,0,0,0,0,5,2,0,0,1,0,1,1,1,0,0,1,0,0,0,0,0,1,1,0,0,1,0,12.0,0.0,0.204
4,2,3,5,2,3,0,6,0,2,10,0,9,2,0,6,1,1,1,1,2,1,1,0,1,0,1,4,0,1,1,0,2,1,27.5,19.5,0.572
3,4,3,4,2,2,0,3,2,0,9,0,5,0,0,3,0,1,1,1,2,1,1,0,1,1,0,3,0,1,0,0,1,0,13.333,6.333,0.559
1,3,0,0,1,2,0,4,0,0,2,0,1,1,0,3,0,1,1,0,0,1,1,0,1,0,0,2,0,1,1,0,1,0,18.0,2.0,0.333
5,7,5,4,4,3,1,16,1,1,7,9,12,1,0,7,1,1,1,1,2,1,1,1,1,1,1,4,1,1,1,0,2,1,41.5,10.5,0.466
3,5,1,1,4,3,0,9,0,1,3,2,4,1,0,4,0,1,1,1,1,1,1,0,1,0,1,2,1,1,1,0,2,0,20.5,12.0,0.552
4,4,4,2,2,1,0,3,0,1,6,3,6,2,0,6,0,1,1,1,2,1,1,0,1,0,1,3,1,1,1,0,1,0,22.0,6.0,0.426
0,1,3,1,1,0,0,4,0,2,3,0,5,1,2,4,0,0,1,1,1,1,0,0,1,0,2,2,0,1,1,1,1,0,12.5,7.5,0.566
2,3,1,3,2,2,0,5,2,1,3,0,3,0,0,3,0,1,1,1,2,1,1,0,1,1,1,2,0,1,0,0,1,0,30.0,17.0,0.645
4,5,2,1,1,2,0,9,0,0,3,0,7,1,2,5,0,1,1,1,1,1,1,0,1,0,0,3,0,1,1,1,2,0,20.0,6.5,0.559
3,1,2,1,3,2,0,9,0,1,4,0,11,0,5,4,1,1,1,1,1,1,1,0,1,0,1,2,0,1,0,1,1,1,10.75,5.688,0.539
0,0,0,1,1,0,0,6,0,0,2,0,1,0,1,2,0,0,0,0,1,1,0,0,1,0,0,2,0,0,0,1,1,0,14.0,6.0,0.756
0,0,0,0,0,1,0,15,1,0,1,2,10,0,9,1,1,0,0,0,0,0,1,0,1,1,0,1,1,1,0,1,1,1,16.5,4.5,0.369
5,8,2,4,3,8,0,10,4,3,8,0,5,1,0,10,0,1,1,1,3,1,1,0,1,1,2,4,0,1,1,0,1,0,35.5,25.786,0.755
0,3,0,0,0,2,0,3,0,0,3,0,2,0,0,2,0,0,1,0,0,0,1,0,1,0,0,3,0,1,0,0,1,0,7.5,4.0,0.548
3,2,0,2,1,2,0,5,0,2,1,1,3,0,0,1,1,1,1,0,2,1,1,0,1,0,2,1,1,1,0,0,1,1,23.0,12.0,0.59
7,6,4,3,5,8,0,22,0,1,8,3,12,0,0,12,1,1,1,1,3,1,1,0,1,0,1,3,1,1,0,0,1,1,46.0,12.036,0.369
0,1,1,1,0,2,0,1,0,0,1,3,1,0,0,1,0,0,1,1,1,0,1,0,1,0,0,1,1,1,0,0,1,0,12.0,11.0,0.612
5,2,3,0,2,1,0,6,0,0,0,0,2,0,0,1,0,1,1,1,0,1,1,0,1,0,0,0,0,1,0,0,1,0,7.333,0.0,0.151
6,2,0,5,2,3,0,4,1,1,7,43,18,0,0,3,0,1,1,0,3,1,1,0,1,1,1,3,1,1,0,0,2,0,47.5,11.25,0.363
1,4,1,1,1,2,0,4,0,0,3,9,7,0,0,3,1,1,1,1,1,1,1,0,1,0,0,3,1,1,0,0,1,1,9.25,2.5,0.465
0,0,0,2,0,1,2,2,0,2,2,0,0,0,0,1,0,0,0,0,2,0,1,1,1,0,2,2,0,0,0,0,1,0,12.0,13.0,0.816
0,1,0,0,0,0,0,1,0,0,1,5,0,0,0,2,1,0,1,0,0,0,0,0,1,0,0,1,1,0,0,0,1,1,11.0,0.0,0.213
1,2,0,1,1,0,0,2,1,1,4,0,0,0,0,4,0,1,1,0,1,1,0,0,1,1,1,3,0,0,0,0,1,0,17.0,15.0,0.514
0,2,0,3,1,1,0,2,0,1,3,1,1,0,0,4,0,0,1,0,1,1,1,0,1,0,1,1,1,1,0,0,1,0,9.5,13.5,0.487
2,1,2,1,2,2,0,4,0,0,1,2,4,0,0,4,0,1,1,1,1,1,1,0,1,0,0,1,1,1,0,0,1,0,25.0,8.571,0.424
1,0,0,3,1,2,0,3,0,0,3,3,1,1,0,2,0,1,0,0,2,1,1,0,1,0,0,3,1,1,1,0,1,0,20.0,13.0,0.791
1,1,1,3,1,2,0,5,0,0,1,0,0,0,0,1,0,1,1,1,2,1,1,0,1,0,0,1,0,0,0,0,1,0,16.0,4.0,0.53
1,1,1,1,0,0,0,0,0,0,4,0,1,0,0,2,0,1,1,1,1,0,0,0,0,0,0,2,0,1,0,0,1,0,11.0,11.0,0.853
1,1,2,2,0,0,0,0,0,0,2,3,3,1,0,2,0,1,1,1,2,0,0,0,0,0,0,1,1,1,1,0,1,0,17.0,12.5,0.514
2,4,3,4,2,2,0,3,1,0,8,7,9,2,1,7,1,1,1,1,3,1,1,0,1,1,0,4,1,1,1,1,1,1,11.0,8.714,0.667
3,0,2,2,2,0,0,0,0,1,2,4,6,0,0,1,1,1,0,1,1,1,0,0,0,0,1,1,1,1,0,0,1,1,12.0,11.5,0.577
2,1,1,2,0,3,2,3,1,1,2,0,2,0,0,3,0,1,1,1,2,0,1,1,1,1,1,2,0,1,0,0,1,0,23.0,10.571,0.59
1,0,3,1,3,0,0,0,0,0,4,0,1,0,0,2,0,1,0,1,1,1,0,0,0,0,0,4,0,1,0,0,1,0,7.5,6.5,0.913
2,1,1,2,4,5,0,7,0,0,3,1,2,0,0,4,0,1,1,1,2,1,1,0,1,0,0,2,1,1,0,0,1,0,16.0,8.286,0.5
10,15,13,10,4,6,1,28,3,6,25,0,14,8,0,24,1,1,1,1,2,1,1,1,1,1,2,6,0,1,1,0,3,1,33.4,24.6,0.492
1,14,2,1,6,3,0,4,2,1,2,40,30,0,1,4,11,1,1,1,1,1,1,0,1,1,1,2,1,1,0,1,1,1,121.0,16.5,0.257
2,3,1,3,0,5,0,35,7,0,0,14,45,0,28,3,5,1,1,1,1,0,1,0,1,1,0,0,1,1,0,1,1,1,18.286,0.857,0.125
1,1,0,1,0,1,1,2,0,0,2,1,2,0,0,1,0,1,1,0,1,0,1,1,1,0,0,2,1,1,0,0,1,0,6.5,5.0,0.784
5,2,0,0,2,2,0,3,0,1,2,14,11,0,0,2,0,1,1,0,0,1,1,0,1,0,1,2,1,1,0,0,1,0,45.0,4.0,0.316
0,2,1,3,0,3,0,5,0,1,2,1,0,0,0,1,0,0,1,1,2,0,1,0,1,0,1,1,1,0,0,0,1,0,9.5,6.5,0.649
1,2,0,1,1,1,0,7,0,0,3,0,6,0,0,0,0,1,1,0,1,1,1,0,1,0,0,3,0,1,0,0,0,0,11.5,3.5,0.59
0,1,1,0,1,0,0,10,0,0,0,4,14,0,7,1,0,0,1,1,0,1,0,0,1,0,0,0,1,1,0,1,1,0,32.0,0.0,0.125
4,0,1,0,0,1,0,5,1,0,2,0,1,2,0,2,0,1,0,1,0,0,1,0,1,1,0,2,0,1,1,0,2,0,19.0,11.0,0.649
0,0,1,3,0,2,0,2,0,1,3,0,2,1,0,3,0,0,0,1,2,0,1,0,1,0,1,2,0,1,1,0,1,0,18.0,19.0,0.833
2,0,2,0,0,0,0,2,0,0,1,0,3,0,0,1,0,1,0,1,0,0,0,0,1,0,0,1,0,1,0,0,1,0,5.5,0.0,0.213
28,23,18,21,11,17,1,36,2,5,31,2,30,7,0,27,3,1,1,1,4,1,1,1,1,1,2,9,1,1,1,0,3,1,18.714,11.714,0.568
1,2,3,4,1,3,0,4,2,1,5,3,1,2,1,3,0,1,1,1,2,1,1,0,1,1,1,3,1,0,1,1,1,0,17.5,11.5,0.598
6,8,3,3,4,6,0,14,5,1,7,14,14,0,1,9,4,1,1,1,2,1,1,0,1,1,1,3,1,1,0,1,2,1,15.833,4.333,0.435
0,0,0,0,1,1,0,5,0,0,1,3,4,0,1,1,1,0,0,0,0,1,1,0,1,0,0,1,1,1,0,1,1,1,8.0,1.0,0.354
10,12,7,7,4,9,0,25,0,1,9,2,24,3,1,11,0,1,1,1,3,1,1,0,1,0,1,5,1,1,1,1,2,0,20.333,7.595,0.512
0,1,8,8,0,3,0,7,0,5,13,1,9,3,0,9,0,0,1,1,3,0,1,0,1,0,2,5,1,1,1,0,2,0,33.5,27.786,0.691
2,0,1,2,0,1,0,1,1,0,2,0,2,0,0,1,0,1,0,1,2,0,1,0,1,1,0,2,0,1,0,0,1,0,13.0,11.0,0.784
0,3,0,1,0,1,1,2,1,1,2,2,0,0,0,3,0,0,1,0,1,0,1,1,1,1,1,2,1,0,0,0,1,0,17.0,12.5,0.686
5,4,1,2,6,1,0,5,0,1,4,9,4,1,0,2,4,1,1,1,1,1,1,0,1,0,1,4,1,1,1,0,1,1,12.0,5.25,0.612
0,4,2,1,2,2,1,2,0,0,6,7,2,0,0,5,1,0,1,1,1,1,1,1,1,0,0,5,1,1,0,0,1,1,17.5,11.786,0.717
1,0,2,2,0,0,3,4,0,1,4,1,4,1,1,3,1,1,0,1,2,0,0,1,1,0,1,3,1,1,1,1,1,1,6.75,3.5,0.68
1,1,0,0,1,0,0,5,1,0,0,0,1,1,1,2,0,1,1,0,0,1,0,0,1,1,0,0,0,0,1,1,1,0,13.0,0.0,0.196
5,2,2,6,0,1,0,7,0,2,10,0,9,1,0,4,1,1,1,1,2,0,1,0,1,0,1,6,0,1,1,0,1,1,12.5,14.75,0.9
1,1,0,2,1,2,0,2,1,1,3,2,3,1,0,3,0,1,1,0,1,1,1,0,1,1,1,2,1,1,1,0,1,0,23.0,10.0,0.59
4,1,1,2,1,0,1,1,0,1,1,0,1,0,0,0,0,1,1,1,2,1,0,1,1,0,1,1,0,1,0,0,0,0,14.0,5.0,0.567
3,4,5,1,1,3,0,6,0,0,7,0,2,0,0,5,0,1,1,1,1,1,1,0,1,0,0,4,0,1,0,0,2,0,18.5,10.5,0.697
0,1,1,1,0,1,0,1,1,0,2,1,1,0,0,2,0,0,1,1,1,0,1,0,1,1,0,2,1,1,0,0,1,0,12.0,7.0,0.816
0,1,2,0,1,1,0,2,0,0,2,2,2,0,1,2,1,0,1,1,0,1,1,0,1,0,0,2,1,0,0,1,1,1,7.5,4.0,0.548
3,2,2,3,1,3,0,30,9,0,3,22,54,0,28,4,5,1,1,1,2,1,1,0,1,1,0,2,1,1,0,1,1,1,21.0,1.143,0.175
1,2,0,0,0,2,0,4,0,0,1,2,1,0,0,1,0,1,1,0,0,0,1,0,1,0,0,1,1,1,0,0,1,0,14.0,2.0,0.378
4,2,1,1,0,2,0,6,1,1,3,1,4,1,0,4,0,1,1,1,1,0,1,0,1,1,1,2,1,1,1,0,2,0,30.0,15.25,0.645
1,3,0,0,0,1,0,5,0,1,2,0,1,0,0,2,0,1,1,0,0,0,1,0,1,0,1,1,0,1,0,0,1,0,16.0,13.0,0.53
1,0,1,3,1,3,0,4,0,2,4,0,1,0,0,4,0,1,0,1,3,1,1,0,1,0,2,3,0,1,0,0,1,0,12.0,11.0,0.866
1,0,0,1,0,1,0,2,1,2,2,0,1,0,0,3,0,1,0,0,1,0,1,0,1,1,2,2,0,1,0,0,1,0,14.0,15.0,0.756
1,0,1,2,1,0,1,1,0,1,2,0,2,2,0,2,0,1,0,1,2,1,0,1,1,0,1,1,0,1,1,0,1,0,16.0,13.0,0.707
4,5,1,3,0,2,0,2,1,0,2,1,3,0,0,2,0,1,1,1,2,0,1,0,1,1,0,2,1,1,0,0,1,0,8.667,4.0,0.555
2,3,2,0,1,1,0,5,0,0,2,0,2,0,0,2,0,1,1,1,0,1,1,0,1,0,0,1,0,1,0,0,1,0,10.0,2.0,0.316
0,2,1,0,0,0,0,2,0,0,1,2,3,1,0,1,1,0,1,1,0,0,0,0,1,0,0,1,1,1,1,0,1,1,7.0,3.0,0.378
2,4,0,2,0,0,1,6,2,2,3,1,4,1,0,3,1,1,1,0,1,0,0,1,1,1,2,2,1,1,1,0,1,1,16.0,8.5,0.625
0,1,0,2,1,0,0,3,0,1,4,1,3,0,0,2,0,0,1,0,2,1,0,0,1,0,1,3,1,1,0,0,1,0,18.0,18.0,0.833
2,3,0,2,1,1,0,6,0,3,3,2,3,1,0,2,0,1,1,0,2,1,1,0,1,0,2,2,1,1,1,0,1,0,29.0,18.0,0.788
3,4,3,4,0,3,0,6,0,1,1,0,2,0,0,3,1,1,1,1,2,0,1,0,1,0,1,1,0,1,0,0,1,1,10.333,3.667,0.508
5,3,3,4,1,3,0,4,0,1,6,1,4,0,0,3,1,1,1,1,3,1,1,0,1,0,1,4,1,1,0,0,2,1,19.5,17.0,0.679
1,2,2,2,0,3,0,3,0,0,3,1,1,1,0,3,0,1,1,1,1,0,1,0,1,0,0,2,1,1,1,0,1,0,11.0,6.0,0.603
3,6,5,3,1,7,0,8,0,1,5,4,3,2,0,5,0,1,1,1,2,1,1,0,1,0,1,4,1,1,1,0,2,0,26.5,18.0,0.777
2,1,0,1,1,1,1,1,0,1,1,0,3,0,0,0,0,1,1,0,1,1,1,1,1,0,1,1,0,1,0,0,0,0,13.0,11.0,0.784
6,4,1,3,0,3,0,8,0,0,2,1,7,0,2,1,0,1,1,1,2,0,1,0,1,0,0,2,1,1,0,1,1,0,18.0,6.5,0.471
3,4,3,4,2,2,0,3,0,2,6,2,0,1,0,4,0,1,1,1,2,1,1,0,1,0,1,3,1,0,1,0,1,0,18.0,16.0,0.707
5,3,1,4,2,2,0,4,1,0,6,0,4,1,0,2,0,1,1,1,2,1,1,0,1,1,0,4,0,1,1,0,1,0,11.667,5.667,0.598
2,5,5,3,0,2,0,4,0,1,2,1,3,0,0,3,0,1,1,1,1,0,1,0,1,0,1,2,1,1,0,0,1,0,15.5,6.0,0.508
7,12,2,7,4,9,0,17,2,4,9,0,11,2,0,8,0,1,1,1,3,1,1,0,1,1,2,3,0,1,1,0,2,0,47.0,31.5,0.583
3,0,0,2,0,1,0,3,1,0,1,0,0,2,0,2,0,1,0,0,1,0,1,0,1,1,0,1,0,0,1,0,1,0,15.0,6.0,0.548
7,6,5,10,1,6,0,11,0,1,6,3,8,1,0,6,0,1,1,1,3,1,1,0,1,0,1,4,1,1,1,0,1,0,35.5,24.0,0.587
7,4,1,1,1,4,0,7,1,0,4,3,4,1,0,7,1,1,1,1,1,1,1,0,1,1,0,2,1,1,1,0,2,1,15.333,6.0,0.521
1,2,0,3,0,1,0,12,0,1,2,2,16,0,5,3,1,1,1,0,2,0,1,0,1,0,1,2,1,1,0,1,1,1,15.0,4.333,0.422
1,0,5,3,2,0,0,1,0,0,3,1,4,1,0,1,1,1,0,1,1,1,0,0,1,0,0,3,1,1,1,0,1,1,11.0,7.0,0.754
1,4,0,1,0,5,0,6,0,1,2,1,5,0,0,1,0,1,1,0,1,0,1,0,1,0,1,1,1,1,0,0,1,0,13.5,6.5,0.544
2,1,0,4,1,1,2,6,0,2,7,0,4,2,0,5,0,1,1,0,3,1,1,1,1,0,2,4,0,1,1,0,1,0,18.5,15.5,0.93
2,1,2,2,0,1,1,1,0,0,2,0,2,1,0,0,0,1,1,1,1,0,1,1,1,0,0,2,0,1,1,0,0,0,15.0,13.0,0.73
4,4,1,1,3,3,0,7,1,0,2,4,3,0,0,3,1,1,1,1,1,1,1,0,1,1,0,2,1,1,0,0,1,1,12.0,1.667,0.354
16,10,4,9,12,8,0,34,1,4,13,1,12,5,0,19,6,1,1,1,4,1,1,0,1,1,2,4,1,1,1,0,1,1,77.0,30.375,0.456
0,0,0,0,0,0,0,1,0,0,1,3,3,0,1,1,2,0,0,0,0,0,0,0,1,0,0,1,1,1,0,1,1,1,11.0,0.0,0.213
2,0,3,4,2,2,0,5,1,3,2,2,6,1,0,4,0,1,0,1,2,1,1,0,1,1,1,1,1,1,1,0,1,0,18.0,6.286,0.354
1,3,1,1,0,1,0,23,2,0,1,9,24,0,13,4,2,1,1,1,1,0,1,0,1,1,0,1,1,1,0,1,1,1,76.0,4.0,0.243
3,3,2,2,2,0,0,2,0,1,6,0,2,0,0,5,0,1,1,1,2,1,0,0,1,0,1,3,0,1,0,0,1,0,14.0,8.0,0.535
2,0,4,3,0,1,0,4,0,1,1,1,4,0,1,0,2,1,0,1,2,0,1,0,1,0,1,1,1,1,0,1,0,1,11.5,3.0,0.442
1,3,0,2,1,3,1,7,0,0,3,0,2,0,0,2,0,1,1,0,2,1,1,1,1,0,0,3,0,1,0,0,1,0,12.5,6.5,0.566
0,5,2,3,1,4,0,5,1,1,4,1,2,0,0,2,0,0,1,1,2,1,1,0,1,1,1,3,1,1,0,0,1,0,31.0,21.0,0.762
2,0,1,2,2,1,0,5,0,2,0,0,0,1,0,3,1,1,0,1,2,1,1,0,1,0,2,0,0,0,1,0,1,1,20.0,14.0,0.632
1,1,1,1,1,2,0,6,0,0,4,0,0,1,0,4,0,1,1,1,1,1,1,0,1,0,0,3,0,0,1,0,1,0,7.333,5.333,0.603
2,1,3,1,1,1,0,1,0,1,5,1,1,0,0,4,0,1,1,1,1,1,1,0,1,0,1,4,1,1,0,0,1,0,22.0,16.0,0.754
2,0,0,2,0,0,0,5,0,0,0,1,4,0,0,0,1,1,0,0,1,0,0,0,1,0,0,0,1,1,0,0,0,1,6.5,2.0,0.392
2,1,2,5,0,0,0,3,0,1,2,1,2,0,0,3,0,1,1,1,1,0,0,0,1,0,1,2,1,1,0,0,1,0,22.0,16.0,0.603
1,4,0,2,0,0,0,5,0,0,3,1,3,0,0,2,0,1,1,0,1,0,0,0,1,0,0,2,1,1,0,0,1,0,10.5,3.0,0.463
5,5,5,3,2,4,0,9,0,2,8,2,6,0,0,8,0,1,1,1,1,1,1,0,1,0,2,5,1,1,0,0,1,0,29.5,18.0,0.552
3,10,6,9,4,8,0,15,0,1,14,0,8,3,0,11,1,1,1,1,4,1,1,0,1,0,1,5,0,1,1,0,2,1,23.25,21.875,0.66
1,6,1,1,1,1,0,4,0,0,2,4,2,0,0,2,0,1,1,1,1,1,1,0,1,0,0,2,1,1,0,0,1,0,25.0,11.0,0.424
8,3,5,6,3,6,0,8,1,5,7,0,9,2,0,4,1,1,1,1,2,1,1,0,1,1,1,3,0,1,1,0,2,1,22.667,21.333,0.6
4,7,9,2,3,3,0,7,3,1,10,0,6,2,0,11,0,1,1,1,2,1,1,0,1,1,1,4,0,1,1,0,2,0,17.0,7.25,0.514
4,6,4,4,1,4,0,10,1,0,8,0,5,1,0,5,0,1,1,1,2,1,1,0,1,1,0,4,0,1,1,0,2,0,17.667,9.0,0.583
0,2,1,2,0,0,0,1,0,1,3,0,2,0,0,2,0,0,1,1,2,0,0,0,1,0,1,3,0,1,0,0,1,0,14.0,21.0,1.134
9,7,6,14,3,8,1,10,0,5,20,1,14,7,0,14,2,1,1,1,3,1,1,1,1,0,2,5,1,1,1,0,2,1,17.143,14.679,0.581
0,2,4,2,0,0,0,10,0,2,10,0,4,0,0,4,2,0,1,1,1,0,0,0,1,0,1,4,0,1,0,0,1,1,13.333,12.667,0.671
9,12,8,12,3,7,0,16,1,6,15,0,16,5,0,15,1,1,1,1,3,1,1,0,1,1,2,5,0,1,1,0,1,1,18.0,11.51,0.504
3,1,0,1,0,1,0,3,0,0,3,3,5,0,0,1,1,1,1,0,1,0,1,0,1,0,0,3,1,1,0,0,1,1,11.0,4.0,0.452
0,0,0,0,0,0,0,0,0,0,1,4,3,0,1,1,2,0,0,0,0,0,0,0,0,0,0,1,1,1,0,1,1,1,5.5,0.0,0.213
3,1,1,0,1,1,0,2,0,2,7,0,2,1,0,5,0,1,1,1,0,1,1,0,1,0,2,5,0,1,1,0,2,0,13.0,12.5,0.971
1,0,2,2,0,0,0,4,0,0,1,0,2,0,0,1,0,1,0,1,1,0,0,0,1,0,0,1,0,1,0,0,1,0,13.0,2.0,0.392
1,1,3,3,0,1,0,1,0,1,9,0,3,0,0,3,0,1,1,1,2,0,1,0,1,0,1,4,0,1,0,0,1,0,13.0,14.5,0.832
2,3,2,2,0,2,0,3,0,0,4,3,4,0,0,1,0,1,1,1,1,0,1,0,1,0,0,4,1,1,0,0,1,0,8.667,3.333,0.693
5,2,2,4,1,0,0,2,0,2,8,0,6,3,0,5,1,1,1,1,1,1,0,0,1,0,2,3,0,1,1,0,2,1,13.667,19.0,0.773
4,0,2,4,0,1,0,1,0,0,4,0,3,2,0,0,1,1,0,1,1,0,1,0,1,0,0,1,0,1,1,0,0,1,11.0,16.0,0.452
0,6,1,2,2,3,0,6,0,1,4,1,7,0,0,5,0,0,1,1,2,1,1,0,1,0,1,2,1,1,0,0,2,0,9.5,8.5,0.574
2,1,1,1,0,1,0,4,0,1,3,1,2,0,0,2,0,1,1,1,1,0,1,0,1,0,1,3,1,1,0,0,1,0,9.5,8.5,0.811
4,4,2,11,4,5,1,8,0,2,18,0,8,3,0,10,0,1,1,1,3,1,1,1,1,0,2,5,0,1,1,0,1,0,20.0,12.643,0.632
7,4,2,4,1,4,0,7,0,2,7,0,3,2,0,7,0,1,1,1,3,1,1,0,1,0,2,5,0,1,1,0,2,0,25.0,27.0,0.9
8,4,6,3,1,2,0,9,0,2,8,0,12,1,0,8,1,1,1,1,2,1,1,0,1,0,1,4,0,1,1,0,2,1,16.25,12.393,0.614
0,0,0,0,0,0,0,0,0,0,1,4,3,0,1,1,2,0,0,0,0,0,0,0,0,0,0,1,1,1,0,1,1,1,5.5,0.0,0.213
0,0,2,3,0,2,0,3,0,2,4,1,2,1,0,4,0,0,0,1,3,0,1,0,1,0,2,3,1,1,1,0,1,0,12.0,10.5,0.866
11,7,11,6,5,5,0,13,2,2,18,3,20,4,0,12,2,1,1,1,2,1,1,0,1,1,1,6,1,1,1,0,2,1,24.2,14.4,0.579
3,5,0,1,2,3,0,7,0,0,3,0,1,1,0,2,0,1,1,0,1,1,1,0,1,0,0,3,0,1,1,0,1,0,28.0,11.0,0.668
1,2,3,0,0,0,1,6,1,0,2,1,3,0,0,2,2,1,1,1,0,0,0,1,1,1,0,2,1,1,0,0,1,1,12.0,2.0,0.433
2,3,1,2,0,2,0,8,0,1,4,0,4,0,0,2,1,1,1,1,2,0,1,0,1,0,1,3,0,1,0,0,1,1,29.0,17.0,0.657
0,1,2,0,0,0,0,3,0,0,2,0,0,1,0,1,0,0,1,1,0,0,0,0,1,0,0,2,0,0,1,0,1,0,11.0,2.0,0.426
6,5,8,7,4,5,2,12,0,0,8,3,10,1,0,5,5,1,1,1,3,1,1,1,1,0,0,4,1,1,1,0,2,1,78.0,40.0,0.48
1,3,0,0,0,2,0,2,0,0,0,3,2,0,0,0,0,1,1,0,0,0,1,0,1,0,0,0,1,1,0,0,0,0,13.0,0.0,0.196
0,0,2,1,1,0,0,3,0,0,2,2,0,0,0,0,0,0,0,1,1,1,0,0,1,0,0,2,1,0,0,0,0,0,5.5,3.0,0.853
6,2,3,10,4,1,0,5,0,3,13,0,9,3,0,14,1,1,1,1,4,1,1,0,1,0,3,5,0,1,1,0,2,1,18.5,25.036,0.904
2,2,4,2,2,1,1,3,0,0,4,0,1,1,0,2,0,1,1,1,2,1,1,1,1,0,0,4,0,1,1,0,1,0,25.0,23.5,0.849
4,2,0,5,0,2,0,4,0,3,7,0,4,2,0,3,0,1,1,0,2,0,1,0,1,0,1,3,0,1,1,0,1,0,12.0,20.0,0.825
5,9,4,4,2,3,0,11,0,1,6,0,5,2,0,7,0,1,1,1,2,1,1,0,1,0,1,3,0,1,1,0,2,0,29.5,17.625,0.552
2,1,6,6,2,8,0,8,0,1,3,1,8,0,0,3,0,1,1,1,2,1,1,0,1,0,1,2,1,1,0,0,1,0,9.8,4.0,0.404
3,0,3,3,3,0,0,3,0,1,6,0,2,1,1,2,0,1,0,1,3,1,0,0,1,0,1,4,0,1,1,1,1,0,27.0,22.5,0.816
2,1,0,3,2,0,1,4,1,0,4,3,6,0,0,1,0,1,1,0,1,1,0,1,1,1,0,4,1,1,0,0,1,0,28.0,14.0,0.668
2,2,5,6,3,3,0,7,0,1,5,1,6,1,0,4,1,1,1,1,3,1,1,0,1,0,1,4,1,1,1,0,1,1,23.5,14.5,0.722
6,2,3,4,2,4,0,6,0,0,5,2,9,0,0,6,0,1,1,1,3,1,1,0,1,0,0,3,1,1,0,0,1,0,12.25,7.5,0.606
3,1,1,4,0,3,1,3,0,3,3,3,7,0,0,4,2,1,1,1,2,0,1,1,1,0,2,3,1,1,0,0,1,1,19.0,13.0,0.574
0,0,0,2,1,0,0,1,2,0,2,0,3,0,0,1,0,0,0,0,1,1,0,0,1,1,0,2,0,1,0,0,1,0,11.0,8.0,0.853
0,2,1,1,0,0,0,0,0,0,1,5,6,0,0,2,0,0,1,1,1,0,0,0,0,0,0,1,1,1,0,0,1,0,20.0,10.5,0.474
2,2,1,2,4,1,0,1,3,0,5,2,4,0,0,2,0,1,1,1,1,1,1,0,1,1,0,3,1,1,0,0,1,0,14.5,8.5,0.525
0,0,0,0,0,0,0,0,0,0,1,4,3,0,1,1,2,0,0,0,0,0,0,0,0,0,0,1,1,1,0,1,1,1,5.5,0.0,0.213
4,1,0,1,0,3,0,3,0,0,2,1,0,0,0,1,0,1,1,0,1,0,1,0,1,0,0,2,1,0,0,0,1,0,16.0,7.0,0.707
5,2,2,1,4,1,0,2,0,0,6,3,9,2,0,4,5,1,1,1,1,1,1,0,1,0,0,3,1,1,1,0,1,1,43.0,31.0,0.431
7,7,4,5,3,0,0,9,0,2,7,1,10,0,0,5,0,1,1,1,3,1,0,0,1,0,2,5,1,1,0,0,1,0,29.0,16.5,0.743
3,3,3,3,2,4,0,5,4,0,8,7,9,0,2,5,1,1,1,1,2,1,1,0,1,1,0,5,1,1,0,1,1,1,28.5,14.5,0.562
2,2,2,1,1,1,0,1,0,1,5,0,0,2,0,3,0,1,1,1,1,1,1,0,1,0,1,3,0,0,1,0,1,0,21.0,16.0,0.617
2,0,2,3,2,6,1,4,0,3,13,1,5,2,0,10,1,1,0,1,2,1,1,1,1,0,1,4,1,1,1,0,2,1,18.333,22.667,0.572
0,0,0,1,1,1,0,1,0,0,3,2,1,0,0,2,1,0,0,0,1,1,1,0,1,0,0,3,1,1,0,0,1,1,13.0,13.0,0.981
4,8,7,9,4,4,0,10,2,2,16,7,11,3,2,8,3,1,1,1,3,1,1,0,1,1,2,6,1,1,1,1,1,1,16.333,11.583,0.643
3,1,1,4,1,3,0,8,0,3,7,1,0,3,0,4,0,1,1,1,2,1,1,0,1,0,2,4,1,0,1,0,1,0,39.0,47.0,0.793
3,2,1,3,0,1,0,2,0,2,5,1,2,1,0,5,0,1,1,1,1,0,1,0,1,0,2,3,1,1,1,0,2,0,14.0,16.125,0.935
1,1,3,2,1,1,0,2,0,0,3,1,3,0,0,4,0,1,1,1,1,1,1,0,1,0,0,2,1,1,0,0,2,0,11.0,10.0,0.754
3,0,0,3,0,2,0,3,1,1,4,1,3,1,0,1,0,1,0,0,1,0,1,0,1,1,1,3,1,1,1,0,1,0,7.667,6.667,0.737
0,1,2,2,1,0,0,0,1,0,5,0,3,1,0,2,0,0,1,1,1,1,0,0,0,1,0,2,0,1,1,0,1,0,18.0,16.0,0.667
6,3,3,2,2,2,0,5,2,2,3,0,3,1,0,3,0,1,1,1,1,1,1,0,1,1,1,3,0,1,1,0,1,0,37.0,4.0,0.349
1,1,1,1,2,0,0,0,0,0,2,1,2,0,0,2,0,1,1,1,1,1,0,0,0,0,0,2,1,1,0,0,1,0,6.5,1.0,0.392
1,0,2,2,0,1,0,1,1,0,2,2,1,1,0,2,0,1,0,1,1,0,1,0,1,1,0,2,1,1,1,0,1,0,8.0,4.0,0.707
4,4,4,7,3,2,0,5,2,1,12,0,10,2,0,7,0,1,1,1,2,1,1,0,1,1,1,4,0,1,1,0,1,0,12.6,8.2,0.445
2,0,0,2,0,0,0,2,0,1,3,1,2,2,0,4,0,1,0,0,1,0,0,0,1,0,1,2,1,1,1,0,1,0,9.5,8.5,0.649
2,6,6,3,3,7,1,16,0,2,15,2,10,2,1,11,5,1,1,1,1,1,1,1,1,0,1,4,1,1,1,1,2,1,15.167,13.167,0.445
4,2,0,1,1,3,0,3,0,0,1,1,2,0,0,1,1,1,1,0,1,1,1,0,1,0,0,1,1,0,0,0,1,1,18.0,5.0,0.5
1,0,0,0,0,0,0,0,0,0,1,3,3,0,1,1,2,1,0,0,0,0,0,0,0,0,0,1,1,1,0,1,1,1,5.5,0.0,0.213
1,1,0,0,0,0,0,2,0,0,0,6,6,0,0,0,0,1,1,0,0,0,0,0,1,0,0,0,1,1,0,0,0,0,16.0,0.0,0.177
1,1,2,1,1,2,0,2,0,0,1,2,2,0,0,2,0,1,1,1,1,1,1,0,1,0,0,1,1,1,0,0,1,0,17.0,12.571,0.514
0,0,0,2,1,1,0,3,0,0,4,2,1,0,0,2,0,0,0,0,2,1,1,0,1,0,0,2,1,1,0,0,1,0,16.0,6.0,0.53
1,1,0,2,0,1,0,1,1,1,3,0,2,1,0,2,0,1,1,0,2,0,1,0,1,1,1,2,0,1,1,0,1,0,8.0,11.0,0.884
0,0,0,0,0,0,0,2,0,0,0,4,5,0,0,0,0,0,0,0,0,0,0,0,1,0,0,0,1,1,0,0,0,0,11.0,0.0,0.213
1,2,1,1,1,2,0,3,2,0,2,1,2,0,0,0,0,1,1,1,1,1,1,0,1,1,0,2,1,1,0,0,0,0,9.5,4.0,0.649
1,2,4,1,3,0,0,1,1,0,4,4,2,0,0,4,0,1,1,1,1,1,0,0,1,1,0,1,1,1,0,0,1,0,5.4,1.6,0.272
2,1,3,2,2,1,0,2,0,0,0,0,2,0,0,3,0,1,1,1,1,1,1,0,1,0,0,0,0,1,0,0,1,0,18.0,4.0,0.333
3,3,6,3,2,4,2,4,1,1,10,2,4,0,0,6,0,1,1,1,2,1,1,1,1,1,1,4,1,1,0,0,3,0,12.75,11.5,0.792
1,4,2,3,3,3,0,6,0,4,10,0,5,1,0,8,0,1,1,1,2,1,1,0,1,0,2,4,0,1,1,0,2,0,16.667,18.0,0.7
0,0,0,0,0,0,0,0,2,0,0,7,0,0,0,1,1,0,0,0,0,0,0,0,0,1,0,0,1,1,0,0,1,1,12.0,0.0,0.204
0,3,0,2,0,2,0,2,1,2,3,0,2,0,0,2,0,0,1,0,2,0,1,0,1,1,2,2,0,1,0,0,1,0,19.0,19.0,0.811
0,1,0,0,1,0,0,3,0,0,1,5,0,0,0,1,0,0,1,0,0,1,0,0,1,0,0,1,1,1,0,0,1,0,13.0,2.0,0.392
2,1,1,1,0,0,1,3,0,1,4,0,2,1,0,2,0,1,1,1,1,0,0,1,1,0,1,3,0,1,1,0,1,0,9.5,9.5,0.811
1,3,3,6,0,3,0,6,0,1,7,4,4,3,0,6,1,1,1,1,3,0,1,0,1,0,1,4,1,1,1,0,1,1,11.75,9.5,0.722
2,3,2,3,0,5,1,16,3,0,3,1,24,0,0,3,3,1,1,1,2,0,1,1,1,1,0,2,1,1,0,0,2,1,16.5,5.75,0.435
3,5,7,7,5,1,1,4,1,6,13,1,2,1,0,10,0,1,1,1,2,1,1,1,1,1,2,4,1,1,1,0,1,0,9.571,8.0,0.518
3,1,1,4,1,1,1,2,1,1,2,0,0,0,0,1,0,1,1,1,2,1,1,1,1,1,1,1,0,0,0,0,1,0,19.0,14.0,0.487
0,7,1,1,2,6,0,8,0,3,1,14,0,0,0,4,0,0,1,1,1,1,1,0,1,0,1,1,1,0,0,0,1,0,47.0,2.0,0.206
3,4,1,6,1,1,0,4,2,3,6,3,9,2,0,4,1,1,1,1,3,1,1,0,1,1,2,2,1,1,1,0,2,1,9.8,10.1,0.707
1,1,1,1,0,0,0,1,0,0,2,0,2,1,0,1,0,1,1,1,1,0,0,0,1,0,0,2,0,1,1,0,1,0,5.5,3.0,0.426
17,17,10,18,8,23,1,36,4,5,22,6,37,3,0,16,2,1,1,1,3,1,1,1,1,1,2,7,1,1,1,0,2,1,14.125,8.312,0.47
2,0,0,2,1,3,0,5,0,1,2,1,9,0,1,2,0,1,0,0,1,1,1,0,1,0,1,2,1,1,0,1,2,0,10.0,6.333,0.516
0,0,0,1,1,1,0,1,0,1,0,5,3,0,0,2,1,0,0,0,1,1,1,0,1,0,1,0,1,1,0,0,1,1,8.0,6.0,0.53
3,3,1,1,1,2,0,4,0,0,3,0,2,0,0,1,0,1,1,1,1,1,1,0,1,0,0,3,0,1,0,0,1,0,21.0,20.0,0.926
2,5,2,1,1,2,0,6,0,3,6,1,6,2,0,5,0,1,1,1,1,1,1,0,1,0,2,4,1,1,1,0,1,0,14.0,10.0,0.764
4,0,0,2,0,1,0,3,0,1,4,0,1,2,0,2,0,1,0,0,2,0,1,0,1,0,1,3,0,1,1,0,1,0,20.0,18.0,0.791
8,3,3,2,2,6,0,10,0,2,8,1,5,1,0,6,0,1,1,1,2,1,1,0,1,0,1,4,1,1,1,0,1,0,28.5,12.5,0.562
7,10,1,3,5,8,0,25,0,3,10,0,20,1,0,10,2,1,1,1,2,1,1,0,1,0,2,5,0,1,1,0,1,1,15.0,4.571,0.483
2,0,0,0,0,2,0,3,0,0,0,3,3,0,0,2,1,1,0,0,0,0,1,0,1,0,0,0,1,1,0,0,1,1,8.0,0.0,0.177
0,3,0,2,0,4,0,4,1,0,2,0,2,1,0,1,0,0,1,0,1,0,1,0,1,1,0,1,0,1,1,0,1,0,10.0,1.0,0.316
6,8,6,7,4,4,0,10,0,7,14,10,18,1,0,14,2,1,1,1,3,1,1,0,1,0,2,4,1,1,1,0,2,1,13.625,6.5,0.542
4,4,3,3,1,9,0,11,0,1,2,0,5,2,0,6,0,1,1,1,1,1,1,0,1,0,1,2,0,1,1,0,2,0,17.0,8.667,0.495
5,8,1,3,5,3,0,25,0,4,5,4,24,2,0,9,0,1,1,1,2,1,1,0,1,0,2,2,1,1,1,0,1,0,16.333,4.5,0.286
1,0,0,2,2,2,1,2,0,1,3,0,1,2,0,4,1,1,0,0,2,1,1,1,1,0,1,2,0,1,1,0,2,1,5.5,5.0,0.754
3,5,0,3,3,3,0,9,0,3,5,2,9,1,0,6,2,1,1,0,2,1,1,0,1,0,2,3,1,1,1,0,1,1,17.667,6.667,0.486
1,3,1,4,2,5,0,3,0,1,6,6,8,1,2,6,1,1,1,1,3,1,1,0,1,0,1,3,1,1,1,1,1,1,9.8,9.8,0.707
12,11,3,4,6,13,0,35,2,7,12,3,29,3,0,11,2,1,1,1,2,1,1,0,1,1,2,7,1,1,1,0,2,1,22.0,8.0,0.57
4,5,3,3,2,8,0,13,1,2,5,5,12,0,0,9,3,1,1,1,3,1,1,0,1,1,2,5,1,1,0,0,1,1,12.167,6.0,0.662
6,3,1,6,2,9,0,12,1,1,2,0,6,0,0,3,0,1,1,1,2,1,1,0,1,1,1,1,0,1,0,0,1,0,10.4,7.0,0.49
2,1,0,2,0,1,0,2,0,3,2,1,3,0,0,4,0,1,1,0,2,0,1,0,1,0,2,2,1,1,0,0,1,0,7.0,4.667,0.772
3,2,1,1,1,1,0,6,1,1,3,4,6,0,0,5,1,1,1,1,1,1,1,0,1,1,1,3,1,1,0,0,2,1,11.667,5.333,0.717
17,14,12,14,9,13,1,35,0,9,29,1,16,6,0,28,3,1,1,1,4,1,1,1,1,0,2,8,1,1,1,0,2,1,20.7,15.075,0.639
1,3,6,2,5,2,0,1,0,0,3,13,4,0,0,1,0,1,1,1,2,1,1,0,1,0,0,2,1,1,0,0,1,0,13.667,1.333,0.331
13,14,21,18,12,11,0,23,2,5,34,11,21,9,0,34,4,1,1,1,5,1,1,0,1,1,2,6,1,1,1,0,2,1,17.846,8.981,0.511
1,1,1,2,1,1,1,2,0,0,2,1,1,1,0,1,0,1,1,1,2,1,1,1,1,0,0,2,1,1,1,0,1,0,16.0,13.0,0.707
3,0,6,5,2,2,0,4,1,5,9,0,4,1,0,10,0,1,0,1,2,1,1,0,1,1,3,3,0,1,1,0,3,0,13.0,16.812,0.686
1,0,3,2,1,1,0,0,0,0,2,0,1,0,0,0,0,1,0,1,1,1,1,0,0,0,0,1,0,1,0,0,0,0,11.0,18.0,0.64
0,0,0,0,0,0,0,1,0,1,4,2,0,1,0,3,0,0,0,0,0,0,0,0,1,0,1,3,1,0,1,0,2,0,12.0,19.0,1.021
3,3,10,5,1,5,0,7,0,0,7,0,5,1,0,9,1,1,1,1,3,1,1,0,1,0,0,4,0,1,1,0,2,1,19.0,10.667,0.656
3,4,1,5,1,2,0,3,1,0,4,1,3,0,0,2,0,1,1,1,2,1,1,0,1,1,0,3,1,1,0,0,1,0,10.0,4.0,0.516
6,2,5,10,5,2,1,8,0,5,11,2,8,7,0,15,1,1,1,1,4,1,1,1,1,0,2,6,1,1,1,0,1,1,44.0,36.286,0.754
3,1,2,4,1,0,0,5,1,1,8,0,3,3,0,6,0,1,1,1,3,1,0,0,1,1,1,4,0,1,1,0,2,0,38.0,45.0,0.803
2,5,6,0,5,3,1,15,1,3,9,5,8,0,0,15,0,1,1,1,0,1,1,1,1,1,1,3,1,1,0,0,2,0,19.5,4.5,0.32
1,0,1,0,1,1,0,1,0,0,3,1,4,0,0,4,0,1,0,1,0,1,1,0,1,0,0,2,1,1,0,0,1,0,16.0,6.0,0.53
0,1,0,1,1,0,0,2,0,1,2,1,1,0,0,1,0,0,1,0,1,1,0,0,1,0,1,2,1,1,0,0,1,0,11.0,14.0,1.066
1,1,0,2,2,0,0,4,0,1,4,0,0,1,0,3,0,1,1,0,2,1,0,0,1,0,1,2,0,0,1,0,1,0,19.0,15.0,0.649
3,2,4,2,0,1,0,3,0,1,6,0,4,0,0,5,0,1,1,1,1,0,1,0,1,0,1,4,0,1,0,0,1,0,10.333,7.667,0.635
2,2,0,0,0,1,2,1,0,0,0,0,3,1,0,0,0,1,1,0,0,0,1,1,1,0,0,0,0,1,1,0,0,0,12.0,0.0,0.204
7,5,7,5,2,6,1,15,0,3,12,1,7,3,0,16,0,1,1,1,2,1,1,1,1,0,1,6,1,1,1,0,2,0,18.0,10.4,0.596
5,3,3,3,1,3,0,5,0,2,7,0,4,1,0,7,0,1,1,1,2,1,1,0,1,0,2,5,0,1,1,0,1,0,22.0,13.5,0.746
9,14,5,12,2,12,0,23,1,7,15,0,12,2,0,22,0,1,1,1,3,1,1,0,1,1,2,5,0,1,1,0,2,0,27.2,21.2,0.485
4,5,3,4,1,0,0,4,1,3,7,6,5,1,0,7,1,1,1,1,3,1,0,0,1,1,1,5,1,1,1,0,1,1,26.0,23.286,0.784
6,3,0,5,0,4,0,3,0,4,3,0,3,1,0,4,1,1,1,0,2,0,1,0,1,0,2,3,0,1,1,0,1,1,12.333,9.0,0.697
0,1,0,0,1,2,0,2,1,0,1,0,2,0,0,2,0,0,1,0,0,1,1,0,1,1,0,1,0,1,0,0,1,0,13.0,6.0,0.392
11,9,9,10,3,11,0,24,0,1,16,6,13,1,0,20,2,1,1,1,2,1,1,0,1,0,1,4,1,1,1,0,3,1,19.429,9.286,0.424
3,2,2,2,1,2,0,5,0,0,1,4,2,0,0,2,0,1,1,1,2,1,1,0,1,0,0,1,1,1,0,0,2,0,13.0,3.5,0.555
0,2,5,1,1,3,1,2,0,0,0,2,2,0,0,1,0,0,1,1,1,1,1,1,1,0,0,0,1,1,0,0,1,0,20.0,2.0,0.316
2,5,1,5,2,3,0,4,1,0,5,3,3,0,0,2,0,1,1,1,3,1,1,0,1,1,0,4,1,1,0,0,1,0,18.0,11.0,0.825
1,0,0,1,0,0,0,0,0,1,4,1,0,0,0,3,0,1,0,0,1,0,0,0,0,0,1,2,1,0,0,0,1,0,5.5,12.0,1.066
2,1,2,2,1,1,0,2,1,0,0,0,0,0,0,0,1,1,1,1,1,1,1,0,1,1,0,0,0,0,0,0,0,1,13.0,4.0,0.392
0,0,3,0,1,0,0,2,0,0,0,0,4,0,0,1,0,0,0,1,0,1,0,0,1,0,0,0,0,1,0,0,1,0,11.0,0.0,0.213
0,2,0,0,0,2,0,4,0,0,2,0,0,0,0,2,0,0,1,0,0,0,1,0,1,0,0,2,0,0,0,0,2,0,12.0,4.0,0.612
0,4,2,2,1,0,0,4,1,2,5,0,2,0,0,3,0,0,1,1,1,1,0,0,1,1,2,5,0,1,0,0,1,0,25.0,32.0,0.99
0,1,1,3,1,0,0,0,0,0,2,0,1,1,0,3,0,0,1,1,1,1,0,0,0,0,0,2,0,1,1,0,1,0,13.0,8.0,0.588
2,3,0,1,1,3,0,3,0,0,3,0,1,0,0,1,0,1,1,0,1,1,1,0,1,0,0,2,0,1,0,0,1,0,18.0,12.0,0.667
2,6,6,1,1,5,0,7,0,2,9,1,3,2,0,10,0,1,1,1,1,1,1,0,1,0,1,5,1,1,1,0,3,0,27.5,21.5,0.763
3,5,1,5,3,6,0,9,0,2,4,7,5,0,0,4,0,1,1,1,3,1,1,0,1,0,2,3,1,1,0,0,1,0,13.5,5.688,0.577
0,0,0,3,1,1,0,5,1,2,4,0,0,2,0,5,0,0,0,0,2,1,1,0,1,1,2,2,0,0,1,0,1,0,24.0,25.75,0.722
0,3,1,0,0,1,0,3,1,0,8,0,4,0,0,4,0,0,1,1,0,0,1,0,1,1,0,4,0,1,0,0,2,0,8.333,5.667,0.707
4,6,6,4,3,7,0,8,0,2,7,3,5,0,0,7,0,1,1,1,3,1,1,0,1,0,1,3,1,1,0,0,1,0,20.667,8.167,0.539
1,0,1,2,0,0,1,3,0,0,2,1,5,0,0,1,1,1,0,1,1,0,0,1,1,0,0,2,1,1,0,0,1,1,9.0,3.0,0.5
7,9,12,4,2,4,0,13,0,2,14,0,3,1,0,7,0,1,1,1,2,1,1,0,1,0,2,6,0,1,1,0,2,0,15.8,8.8,0.716
1,1,2,2,0,3,0,3,1,3,1,2,2,1,0,3,0,1,1,1,2,0,1,0,2,1,3,1,1,1,1,0,1,0,25.0,24.0,0.849
6,5,5,7,2,7,0,13,0,2,8,1,4,1,0,8,0,1,1,1,1,1,1,0,1,0,2,6,1,1,1,0,1,0,17.25,9.5,0.766
3,5,8,9,3,4,0,10,1,2,5,1,7,4,0,7,0,1,1,1,3,1,1,0,1,1,1,4,1,1,1,0,2,0,34.5,20.875,0.596
12,20,17,11,8,12,0,28,2,7,17,4,12,2,0,14,0,1,1,1,3,1,1,0,1,1,2,7,1,1,1,0,2,0,27.667,15.5,0.549
5,13,7,6,5,9,0,19,0,4,19,10,9,8,0,21,1,1,1,1,4,1,1,0,1,0,1,6,1,1,1,0,4,1,27.2,14.6,0.546
10,16,20,13,6,19,0,29,3,7,17,5,19,2,0,17,1,1,1,1,3,1,1,0,1,1,1,5,1,1,1,0,3,1,26.286,16.0,0.469
6,9,6,7,1,6,1,19,0,6,13,3,17,5,0,13,6,1,1,1,3,1,1,1,1,0,2,6,1,1,1,0,3,1,12.3,11.2,0.638
4,7,7,10,0,3,0,9,1,6,13,3,10,5,0,12,4,1,1,1,4,0,1,0,1,1,2,6,1,1,1,0,2,1,10.889,11.111,0.714
2,3,1,1,1,0,0,0,0,1,3,0,1,0,0,1,0,1,1,1,1,1,0,0,0,0,1,3,0,1,0,0,1,0,14.0,20.75,0.945
3,7,5,7,6,6,0,10,1,8,12,1,7,4,0,16,0,1,1,1,3,1,1,0,1,1,2,5,1,1,1,0,1,0,18.6,12.6,0.587
1,0,2,1,1,2,0,3,1,0,2,3,2,0,0,1,1,1,0,1,1,1,1,0,1,1,0,2,1,1,0,0,1,1,20.0,4.0,0.474
1,0,2,5,2,1,0,2,0,1,7,0,4,1,0,3,0,1,0,1,2,1,1,0,1,0,1,4,0,1,1,0,1,0,14.5,16.5,0.788
0,0,1,1,0,0,1,1,2,1,1,0,3,1,1,1,0,0,0,1,1,0,0,1,1,1,1,1,0,1,1,1,1,0,13.0,16.0,0.784
3,4,2,1,0,4,0,6,0,0,0,5,0,1,0,2,2,1,1,1,1,0,1,0,1,0,0,0,1,0,1,0,2,1,30.0,14.0,0.258
5,7,5,9,4,8,0,15,0,0,4,5,5,2,0,10,0,1,1,1,3,1,1,0,1,0,0,2,1,1,1,0,1,0,19.75,5.75,0.318
4,2,2,1,2,1,1,2,0,1,1,2,0,0,0,3,0,1,1,1,1,1,1,1,1,0,1,1,1,0,0,0,1,0,22.0,0.0,0.151
2,3,3,0,0,1,1,2,0,0,1,0,2,0,0,2,0,1,1,1,0,0,1,1,1,0,0,1,0,1,0,0,1,0,17.0,2.0,0.343
1,1,0,1,0,1,0,3,0,1,2,0,2,0,0,1,0,1,1,0,1,0,1,0,1,0,1,2,0,1,0,0,1,0,7.0,6.0,0.756
0,1,1,2,0,1,0,2,1,0,5,0,4,0,0,3,0,0,1,1,2,0,1,0,1,1,0,3,0,1,0,0,1,0,10.0,8.5,0.949
1,0,2,1,1,1,1,2,0,2,1,2,3,1,0,4,1,1,0,1,1,1,1,1,1,0,1,1,1,1,1,0,1,1,11.5,2.5,0.442
0,0,0,0,4,0,0,2,0,0,0,10,12,0,0,0,1,0,0,0,0,1,0,0,1,0,0,0,1,1,0,0,0,1,14.5,0.0,0.131
3,4,1,2,1,4,0,5,0,0,3,0,3,0,0,5,0,1,1,1,1,1,1,0,1,0,0,3,0,1,0,0,2,0,15.5,7.5,0.508
2,3,1,4,0,3,2,5,0,0,5,0,3,2,0,3,0,1,1,1,2,0,1,1,1,0,0,4,0,1,1,0,1,0,11.0,6.333,0.739
0,0,1,0,1,1,1,4,0,0,3,0,3,1,0,3,0,0,0,1,0,1,1,1,1,0,0,2,0,1,1,0,2,0,6.0,4.667,0.667
2,2,0,0,1,1,0,2,0,0,2,1,3,0,0,2,0,1,1,0,0,1,1,0,1,0,0,2,1,1,0,0,2,0,5.333,3.0,0.53
2,2,0,0,2,2,0,3,0,0,2,2,1,0,0,1,0,1,1,0,0,1,1,0,1,0,0,2,1,1,0,0,1,0,17.0,2.0,0.343
0,1,0,2,1,0,0,6,0,1,2,1,4,0,0,2,0,0,1,0,2,1,0,0,1,0,1,2,1,1,0,0,1,0,10.0,10.0,0.949
2,6,5,4,2,1,0,5,0,1,4,1,3,2,0,2,0,1,1,1,2,1,1,0,1,0,1,2,1,1,1,0,1,0,38.0,31.0,0.459
0,1,1,0,0,0,1,1,0,1,6,1,1,0,0,4,0,0,1,1,0,0,0,1,1,0,1,5,1,1,0,0,1,0,8.5,10.0,0.857
3,4,2,2,0,2,0,7,0,2,5,0,3,1,0,5,0,1,1,1,2,0,1,0,1,0,2,2,0,1,1,0,1,0,12.0,6.333,0.589
1,6,2,1,2,5,1,7,0,0,2,1,2,0,0,3,0,1,1,1,1,1,1,1,1,0,0,1,1,1,0,0,1,0,16.5,6.0,0.246
3,0,3,3,0,1,0,9,0,2,1,0,4,1,0,2,0,1,0,1,1,0,1,0,1,0,1,1,0,1,1,0,1,0,13.5,4.0,0.408
0,1,2,1,1,1,0,2,0,0,2,4,4,0,0,1,1,0,1,1,1,1,1,0,1,0,0,2,1,1,0,0,1,1,6.333,3.333,0.649
1,1,0,1,0,0,2,0,0,1,2,0,2,0,0,1,0,1,1,0,1,0,0,1,0,0,1,2,0,1,0,0,1,0,11.0,14.0,0.853
4,7,5,6,1,8,0,12,0,1,12,1,13,3,0,6,1,1,1,1,3,1,1,0,1,0,1,5,1,1,1,0,1,1,26.667,17.333,0.632
1,1,2,1,1,2,0,5,0,0,3,1,2,1,0,2,0,1,1,1,1,1,1,0,1,0,0,2,1,1,1,0,2,0,22.0,16.0,0.754
3,5,3,3,2,0,1,3,0,3,13,0,3,2,0,7,1,1,1,1,3,1,0,1,1,0,2,5,0,1,1,0,2,1,12.25,13.25,0.909
0,0,2,0,2,0,0,1,2,0,0,1,4,0,0,0,1,0,0,1,0,1,0,0,1,1,0,0,1,1,0,0,0,1,13.0,0.0,0.196
1,3,0,2,0,1,0,7,0,1,2,1,1,0,0,3,0,1,1,0,1,0,1,0,1,0,1,2,1,1,0,0,1,0,22.0,11.0,0.452
2,0,0,0,0,1,0,9,0,0,1,0,6,0,5,2,6,1,0,0,0,0,1,0,1,0,0,1,0,1,0,1,1,1,28.0,0.0,0.134
1,2,0,1,2,3,1,5,0,1,2,4,5,0,0,3,0,1,1,0,1,1,1,1,1,0,1,1,1,1,0,0,1,0,15.0,5.5,0.387
4,2,0,2,1,2,0,7,1,0,3,3,8,2,0,2,0,1,1,0,2,1,1,0,1,1,0,1,1,1,1,0,1,0,18.5,4.0,0.349
2,0,1,2,0,2,0,4,0,1,1,0,0,1,0,3,0,1,0,1,2,0,1,0,1,0,1,1,0,0,1,0,1,0,17.0,4.0,0.514
1,1,0,1,3,0,0,3,1,0,2,0,0,0,0,2,0,1,1,0,1,1,0,0,1,1,0,2,0,0,0,0,1,0,14.0,8.0,0.567
5,3,3,3,0,2,0,8,0,0,3,3,6,1,1,2,1,1,1,1,2,0,1,0,1,0,0,3,1,1,1,1,1,1,20.0,6.0,0.447
0,0,1,2,0,0,0,1,0,1,3,0,2,1,0,2,0,0,0,1,2,0,0,0,1,0,1,2,0,1,1,0,1,0,13.0,30.0,0.981
0,2,1,1,0,3,0,4,0,1,2,0,1,1,0,3,0,0,1,1,1,0,1,0,1,0,1,1,0,1,1,0,1,0,19.0,11.0,0.487
3,2,4,3,1,1,0,4,0,0,2,7,7,0,2,2,0,1,1,1,2,1,1,0,1,0,0,1,1,1,0,1,1,0,6.0,2.5,0.471
2,6,5,3,1,4,0,8,1,1,7,0,7,1,0,6,0,1,1,1,2,1,1,0,1,1,1,5,0,1,1,0,1,0,13.0,11.75,0.784
3,2,3,3,3,0,0,4,0,4,5,0,3,1,0,2,0,1,1,1,2,1,0,0,1,0,2,3,0,1,1,0,1,0,16.5,10.5,0.739
0,1,0,3,1,0,0,0,1,0,3,4,1,2,0,1,0,0,1,0,1,1,0,0,0,1,0,1,1,1,1,0,1,0,8.5,12.0,0.514
1,0,0,2,1,1,0,3,0,2,3,2,4,0,0,4,0,1,0,0,1,1,1,0,1,0,1,2,1,1,0,0,1,0,7.667,10.333,0.737
2,1,2,4,1,5,0,5,0,1,7,0,2,0,0,4,0,1,1,1,2,1,1,0,1,0,1,2,0,1,0,0,1,0,17.0,15.0,0.606
1,1,4,1,1,1,0,4,0,0,2,0,2,0,0,2,0,1,1,1,1,1,1,0,1,0,0,2,0,1,0,0,1,0,9.5,2.0,0.487
3,4,0,0,1,4,1,7,0,2,8,1,2,0,0,5,1,1,1,0,0,1,1,1,1,0,1,5,1,1,0,0,3,1,39.0,34.0,0.793
6,6,3,6,1,4,0,9,0,1,9,1,8,1,0,6,1,1,1,1,1,1,1,0,1,0,1,3,1,1,1,0,1,1,12.4,11.0,0.449
0,2,1,1,0,0,0,3,0,0,3,0,6,0,0,2,1,0,1,1,1,0,0,0,1,0,0,3,0,1,0,0,1,1,9.5,3.0,0.487
3,4,8,6,3,1,0,7,2,0,14,3,7,2,0,8,1,1,1,1,3,1,1,0,1,1,0,6,1,1,1,0,2,1,17.25,15.0,0.766
1,0,2,1,0,1,0,1,0,1,2,0,2,0,0,2,0,1,0,1,1,0,1,0,1,0,1,2,0,1,0,0,1,0,13.0,12.0,0.784
5,1,1,3,2,0,0,1,0,0,3,0,5,0,0,1,0,1,1,1,1,1,0,0,1,0,0,2,0,1,0,0,1,0,11.0,6.0,0.452
2,9,5,0,4,5,0,10,0,5,3,1,2,0,0,8,0,1,1,1,0,1,1,0,1,0,2,1,1,1,0,0,1,0,27.0,9.5,0.289
1,2,3,0,0,1,0,1,0,1,5,1,2,0,0,5,1,1,1,1,0,0,1,0,1,0,1,3,1,1,0,0,1,1,11.5,7.0,0.59
13,17,5,7,6,14,1,28,0,5,5,11,17,2,0,17,0,1,1,1,2,1,1,1,1,0,2,4,1,1,1,0,2,0,24.667,6.667,0.407
7,9,2,4,2,6,0,13,0,1,3,9,8,0,0,1,1,1,1,1,1,1,1,0,1,0,1,3,1,1,0,0,1,1,22.0,4.0,0.348
26,47,14,17,15,22,0,61,5,8,23,16,53,3,1,32,1,1,1,1,2,1,1,0,1,1,2,9,1,1,1,1,3,1,38.0,10.444,0.459
2,2,1,3,2,3,0,7,0,2,3,0,10,0,0,6,0,1,1,1,1,1,1,0,1,0,1,2,0,1,0,0,2,0,20.5,5.5,0.331
6,8,5,5,4,8,0,18,1,3,7,0,8,4,1,9,2,1,1,1,2,1,1,0,1,1,1,5,0,1,1,1,2,1,29.0,12.0,0.531
5,5,2,2,2,3,1,8,1,0,3,0,3,0,0,6,0,1,1,1,1,1,1,1,1,1,0,1,0,1,0,0,2,0,20.5,10.5,0.221
1,1,0,1,0,2,0,1,0,0,3,0,2,0,0,1,0,1,1,0,1,0,1,0,1,0,0,3,0,1,0,0,1,0,6.0,5.0,0.816
4,1,0,3,1,2,0,7,0,0,3,0,3,0,0,4,0,1,1,0,1,1,1,0,1,0,0,2,0,1,0,0,1,0,14.0,6.0,0.401
12,13,8,4,10,13,0,24,3,4,14,3,12,3,0,16,2,1,1,1,2,1,1,0,1,1,2,6,1,1,1,0,2,1,20.143,11.143,0.536
2,6,3,1,1,6,0,8,1,0,6,1,4,1,0,3,1,1,1,1,1,1,1,0,1,1,0,3,1,1,1,0,1,1,14.667,2.333,0.426
1,3,2,1,0,1,0,2,0,0,2,2,4,0,0,0,0,1,1,1,1,0,1,0,1,0,0,2,1,1,0,0,0,0,9.0,2.0,0.5
2,2,0,1,1,3,1,4,0,2,2,0,3,1,0,2,0,1,1,0,1,1,1,1,1,0,1,1,0,1,1,0,1,0,24.0,26.0,0.433
1,0,2,0,0,1,0,3,0,1,0,0,2,0,0,3,0,1,0,1,0,0,1,0,1,0,1,0,0,1,0,0,1,0,6.5,0.0,0.196
15,17,2,8,3,16,1,31,0,5,19,4,12,6,0,16,0,1,1,1,2,1,1,1,1,0,2,9,1,1,1,0,1,0,19.375,9.0,0.625
9,9,5,7,4,6,0,28,1,4,6,1,12,2,0,16,2,1,1,1,2,1,1,0,1,1,2,4,1,1,1,0,1,1,14.0,3.75,0.401
4,5,5,3,3,6,1,10,0,1,0,1,6,1,0,6,0,1,1,1,1,1,1,1,1,0,1,0,1,1,1,0,2,0,17.333,6.667,0.392
2,1,0,3,0,2,0,2,0,0,3,0,1,1,0,1,0,1,1,0,1,0,1,0,1,0,0,2,0,1,1,0,1,0,16.0,10.0,0.53
1,4,2,2,1,2,1,4,0,0,1,1,2,0,0,2,0,1,1,1,1,1,1,1,1,0,0,1,1,1,0,0,1,0,23.0,7.0,0.442
5,6,0,1,2,4,0,10,1,0,0,0,3,1,0,3,1,1,1,0,1,1,1,0,1,1,0,0,0,1,1,0,1,1,18.5,1.0,0.232
9,18,5,11,4,14,0,41,2,5,17,4,27,4,0,22,2,1,1,1,2,1,1,0,1,1,2,7,1,1,1,0,2,1,16.727,7.364,0.469
4,9,6,7,2,3,0,23,1,3,12,0,11,5,0,13,0,1,1,1,2,1,1,0,1,1,1,3,0,1,1,0,2,0,12.375,8.5,0.426
5,9,4,6,2,5,0,19,3,2,9,0,9,1,0,7,0,1,1,1,2,1,1,0,1,1,2,6,0,1,1,0,2,0,13.5,9.0,0.707
1,4,1,1,0,1,0,23,1,0,1,9,24,0,13,4,2,1,1,1,1,0,1,0,1,1,0,1,1,1,0,1,1,1,76.0,4.0,0.243
0,3,2,0,1,0,1,0,0,0,2,2,2,0,0,2,0,0,1,1,0,1,0,1,0,0,0,2,1,1,0,0,1,0,15.0,2.0,0.365
4,3,3,5,2,3,0,7,0,1,2,0,4,1,0,1,1,1,1,1,2,1,1,0,1,0,1,2,0,1,1,0,1,1,37.0,19.0,0.581
9,11,7,4,6,5,0,23,0,2,12,1,9,1,0,7,0,1,1,1,2,1,1,0,1,0,2,4,1,1,1,0,2,0,32.333,16.667,0.574
1,3,1,2,0,2,0,4,0,0,1,0,1,0,0,2,0,1,1,1,1,0,1,0,1,0,0,1,0,1,0,0,1,0,17.0,6.0,0.343
1,0,0,1,0,0,0,1,0,1,3,1,0,3,0,2,0,1,0,0,1,0,0,0,1,0,1,1,1,0,1,0,1,0,13.0,8.0,0.588
1,1,3,4,1,1,0,2,1,0,3,0,2,0,0,2,0,1,1,1,2,1,1,0,1,1,0,1,0,1,0,0,1,0,22.0,24.0,0.603
1,2,2,1,0,0,0,1,1,0,2,0,1,1,0,2,1,1,1,1,1,0,0,0,1,1,0,2,0,1,1,0,1,1,15.0,8.0,0.548
2,0,3,2,1,1,0,2,2,1,1,0,2,0,0,0,1,1,0,1,1,1,1,0,1,1,1,1,0,1,0,0,0,1,19.0,14.0,0.649
5,4,2,2,3,3,0,6,1,1,2,1,2,1,0,4,0,1,1,1,1,1,1,0,1,1,1,2,1,1,1,0,1,0,37.0,20.0,0.581
3,0,1,3,1,1,0,1,1,0,3,2,6,0,1,1,0,1,0,1,2,1,1,0,1,1,0,1,1,1,0,1,1,0,11.5,4.0,0.442
2,0,4,0,1,0,0,0,2,0,0,0,2,0,0,0,0,1,0,1,0,1,0,0,0,1,0,0,0,1,0,0,0,0,5.5,0.0,0.213
3,6,4,3,1,4,0,10,0,1,3,0,4,1,0,2,1,1,1,1,1,1,1,0,1,0,1,3,0,1,1,0,2,1,14.333,5.667,0.539
1,0,2,2,1,0,0,2,0,1,1,3,8,1,2,1,1,1,0,1,1,1,0,0,1,0,1,1,1,1,1,1,1,1,24.0,10.0,0.433
2,4,4,4,2,3,2,8,0,3,8,1,5,3,0,9,0,1,1,1,3,1,1,1,1,0,2,4,1,1,1,0,1,0,11.6,9.2,0.65
3,2,5,1,0,4,0,3,0,0,2,3,1,1,0,3,0,1,1,1,1,0,1,0,1,0,0,1,1,1,1,0,1,0,14.0,4.0,0.401
2,3,1,2,1,1,2,3,0,1,4,0,2,0,0,3,0,1,1,1,2,1,1,1,1,0,1,3,0,1,0,0,1,0,12.5,13.0,0.849
2,0,2,1,1,4,0,2,0,0,1,0,0,1,0,1,0,1,0,1,1,1,1,0,1,0,0,1,0,0,1,0,1,0,15.0,11.0,0.548
1,1,1,2,0,2,1,1,0,2,2,0,0,1,0,1,0,1,1,1,1,0,1,1,1,0,1,2,0,0,1,0,1,0,15.0,24.0,0.913
1,0,2,5,2,2,1,2,1,0,5,2,4,1,0,3,0,1,0,1,2,1,1,1,1,1,0,3,1,1,1,0,1,0,10.333,4.0,0.508
1,1,0,1,0,1,0,1,0,2,1,1,0,1,0,1,1,1,1,0,1,0,1,0,1,0,2,1,1,0,1,0,1,1,12.0,10.0,0.612
0,1,0,0,0,3,0,3,1,0,2,0,0,1,0,5,0,0,1,0,0,0,1,0,1,1,0,2,0,0,1,0,2,0,16.0,9.0,0.53
3,1,0,3,2,3,0,8,0,0,4,0,2,0,0,3,0,1,1,0,1,1,1,0,1,0,0,4,0,1,0,0,1,0,9.667,5.0,0.657
1,0,0,2,0,1,0,3,0,1,4,0,1,1,0,4,2,1,0,0,2,0,1,0,1,0,1,2,0,1,1,0,2,1,10.0,13.5,0.632
1,0,3,1,1,0,0,0,0,1,3,2,4,0,0,2,1,1,0,1,1,1,0,0,0,0,1,2,1,1,0,0,1,1,19.0,6.0,0.487
1,2,1,3,0,0,0,2,0,0,3,0,2,1,0,1,0,1,1,1,2,0,0,0,1,0,0,2,0,1,1,0,1,0,16.0,8.0,0.53
3,1,0,1,0,2,1,3,0,1,1,0,1,0,0,0,0,1,1,0,1,0,1,1,1,0,1,1,0,1,0,0,0,0,7.0,6.5,0.756
6,10,1,5,1,7,0,9,0,4,5,2,8,1,0,3,1,1,1,1,2,1,1,0,1,0,2,2,1,1,1,0,1,1,15.75,9.75,0.445
0,0,1,0,0,0,0,2,2,1,0,5,8,0,2,0,2,0,0,1,0,0,0,0,1,1,1,0,1,1,0,1,0,1,11.0,0.0,0.151
3,1,0,2,1,3,1,6,0,3,4,2,3,0,0,6,0,1,1,0,2,1,1,1,1,0,2,3,1,1,0,0,1,0,11.667,14.917,0.837
3,4,2,2,0,3,1,12,1,0,2,2,21,0,0,4,3,1,1,1,2,0,1,1,1,1,0,2,1,1,0,0,2,1,14.75,4.5,0.46
1,2,0,1,1,0,0,4,0,0,0,1,3,0,1,0,0,1,1,0,1,1,0,0,1,0,0,0,1,1,0,1,0,0,13.0,2.0,0.392
4,1,1,4,0,0,0,4,1,2,2,3,6,0,1,1,0,1,1,1,2,0,0,0,1,1,2,2,1,1,0,1,1,0,7.25,6.188,0.657
1,1,0,1,0,1,0,3,0,1,1,0,1,0,0,2,0,1,1,0,1,0,1,0,1,0,1,1,0,1,0,0,1,0,12.0,10.5,0.612
1,2,1,1,1,1,0,3,0,1,3,2,3,0,0,2,1,1,1,1,1,1,1,0,1,0,1,2,1,1,0,0,1,1,11.0,8.5,0.603
5,10,8,6,4,7,0,15,0,4,8,0,9,3,0,11,1,1,1,1,3,1,1,0,1,0,2,3,0,1,1,0,2,1,44.5,15.5,0.45
3,2,2,0,0,2,0,4,2,0,3,0,5,1,0,3,1,1,1,1,0,0,1,0,1,1,0,2,0,1,1,0,1,1,14.0,3.0,0.401
2,1,1,0,0,4,0,3,0,0,1,0,2,0,0,2,0,1,1,1,0,0,1,0,1,0,0,1,0,1,0,0,2,0,16.0,5.0,0.53
0,4,1,3,0,1,1,3,2,0,2,2,2,0,0,1,1,0,1,1,1,0,1,1,1,1,0,2,1,1,0,0,1,1,22.0,8.0,0.452
3,7,2,4,0,8,0,14,1,3,6,0,11,1,2,6,0,1,1,1,2,0,1,0,1,1,2,3,0,1,1,1,1,0,16.25,8.25,0.526
3,3,1,3,3,3,0,2,3,0,6,2,1,0,0,2,0,1,1,1,1,1,1,0,1,1,0,4,1,1,0,0,1,0,16.0,8.0,0.625
2,0,2,2,2,0,0,5,1,1,2,1,4,1,0,3,1,1,0,1,1,1,0,0,1,1,1,2,1,1,1,0,1,1,26.0,13.0,0.555
8,7,6,3,1,8,0,12,0,2,7,0,6,2,0,9,0,1,1,1,2,1,1,0,1,0,2,5,0,1,1,0,2,0,23.667,16.0,0.671
3,3,7,7,2,2,0,9,16,0,11,3,18,3,7,9,1,1,1,1,4,1,1,0,1,1,0,5,1,1,1,1,1,1,47.0,23.75,0.583
2,2,2,3,0,1,0,1,0,0,4,0,2,2,0,3,0,1,1,1,1,0,1,0,1,0,0,4,0,1,1,0,1,0,11.0,7.5,0.754
3,1,4,2,0,1,0,2,0,1,6,0,3,1,0,6,1,1,1,1,2,0,1,0,1,0,1,3,0,1,1,0,2,1,15.5,19.0,0.635
0,2,1,0,1,2,0,4,1,1,5,1,2,0,0,3,0,0,1,1,0,1,1,0,1,1,1,4,1,1,0,0,2,0,11.5,14.0,0.885
16,15,16,12,7,14,0,43,1,5,14,5,15,4,0,20,1,1,1,1,4,1,1,0,1,1,2,6,1,1,1,0,3,1,26.857,12.0,0.516
3,2,3,1,1,2,0,5,0,1,1,0,3,1,0,2,0,1,1,1,1,1,1,0,1,0,1,1,0,1,1,0,2,0,8.333,5.333,0.566
2,3,5,0,0,4,0,10,2,0,6,1,3,0,0,6,0,1,1,1,0,0,1,0,1,1,0,4,1,1,0,0,2,0,14.333,9.667,0.539
2,3,1,3,2,2,0,5,2,1,2,0,0,1,0,1,0,1,1,1,3,1,1,0,1,1,1,2,0,0,1,0,1,0,25.0,13.0,0.566
3,7,7,5,6,3,0,7,3,0,4,5,10,2,0,4,0,1,1,1,2,1,1,0,1,1,0,2,1,1,1,0,1,0,22.0,10.333,0.435
1,1,2,2,0,1,0,2,4,0,1,0,3,0,2,1,0,1,1,1,1,0,1,0,1,1,0,1,0,1,0,1,1,0,9.0,3.0,0.5
1,2,0,2,0,1,0,1,0,0,3,0,0,1,0,2,0,1,1,0,2,0,1,0,1,0,0,2,0,0,1,0,1,0,13.0,10.0,0.784
9,11,7,6,1,6,0,15,1,3,16,15,11,3,2,14,2,1,1,1,3,1,1,0,1,1,1,6,1,1,1,1,2,1,30.0,17.875,0.581
3,2,4,8,1,3,0,7,0,3,12,0,3,4,0,11,0,1,1,1,2,1,1,0,1,0,2,4,0,1,1,0,2,0,20.333,18.0,0.634
4,1,1,0,2,1,0,4,0,1,2,0,1,0,0,2,0,1,1,1,0,1,1,0,1,0,1,2,0,1,0,0,1,0,9.5,1.0,0.324
2,2,3,6,2,3,0,5,3,2,6,5,8,4,0,9,1,1,1,1,1,1,1,0,1,1,2,3,1,1,1,0,1,1,60.0,39.0,0.456
1,2,1,2,0,3,0,4,0,2,3,0,2,1,0,2,0,1,1,1,1,0,1,0,1,0,1,1,0,1,1,0,1,0,11.5,10.0,0.442
0,1,1,2,1,0,1,0,1,0,2,2,1,1,0,2,0,0,1,1,1,1,0,1,0,1,0,1,1,1,1,0,1,0,15.0,8.0,0.548
0,0,3,2,0,0,0,0,0,0,3,0,2,1,0,1,0,0,0,1,2,0,0,0,0,0,0,2,0,1,1,0,1,0,6.0,5.0,0.816
2,1,4,4,0,2,0,3,0,1,9,0,3,1,0,7,0,1,1,1,3,0,1,0,1,0,1,5,0,1,1,0,2,0,18.5,19.75,0.814
3,1,4,4,1,1,1,8,6,1,3,1,4,3,1,4,0,1,1,1,1,1,1,1,1,1,1,3,1,1,1,1,1,0,15.0,7.333,0.527
9,15,13,9,8,14,0,28,18,4,19,15,32,5,6,25,6,1,1,1,3,1,1,0,1,1,2,5,1,1,1,1,3,1,36.5,11.0,0.382
3,3,2,3,0,3,0,9,1,2,4,1,9,3,0,8,0,1,1,1,3,0,1,0,1,1,2,2,1,1,1,0,1,0,12.75,6.438,0.495
7,11,5,7,4,7,0,16,6,4,9,1,7,4,2,10,2,1,1,1,2,1,1,0,1,1,2,2,1,1,1,1,1,1,19.8,10.2,0.284
3,3,3,2,1,4,0,5,0,1,2,2,5,0,0,3,1,1,1,1,1,1,1,0,1,0,1,2,1,1,0,0,1,1,17.0,3.0,0.364
6,5,3,5,3,7,0,15,1,1,9,0,8,3,1,11,3,1,1,1,2,1,1,0,1,1,1,6,0,1,1,1,3,1,26.667,15.167,0.712
5,2,5,4,0,2,1,7,0,0,4,6,8,1,0,2,0,1,1,1,1,0,1,1,1,0,0,3,1,1,1,0,1,0,12.0,5.75,0.51
5,3,7,5,2,2,0,5,0,2,9,0,4,2,0,9,0,1,1,1,2,1,1,0,1,0,2,4,0,1,1,0,2,0,18.0,11.083,0.674
6,10,7,7,1,7,0,14,1,7,10,0,9,2,0,14,0,1,1,1,3,1,1,0,1,1,3,3,0,1,1,0,3,0,24.0,20.911,0.577
5,5,5,3,2,3,0,13,2,1,6,14,17,1,0,3,0,1,1,1,2,1,1,0,1,1,1,4,1,1,1,0,2,0,16.2,5.0,0.471
8,6,2,12,8,8,1,30,1,3,8,4,14,2,0,6,0,1,1,1,2,1,1,1,1,1,2,6,1,1,1,0,2,0,38.0,26.667,0.596
1,3,2,2,0,2,0,5,1,1,4,0,2,1,0,3,0,1,1,1,2,0,1,0,1,1,1,2,0,1,1,0,1,0,26.0,17.0,0.693
7,9,8,10,2,6,0,22,3,2,6,1,10,1,2,9,0,1,1,1,3,1,1,0,1,1,2,3,1,1,1,1,1,0,32.0,11.0,0.433
0,2,2,1,0,0,0,4,0,0,4,3,4,1,0,2,0,0,1,1,1,0,0,0,1,0,0,4,1,1,1,0,1,0,11.5,5.0,0.737
1,3,0,1,0,2,0,4,0,1,2,0,1,1,0,3,0,1,1,0,1,0,1,0,1,0,1,2,0,1,1,0,1,0,9.5,4.5,0.487
8,8,1,7,1,4,0,10,0,2,6,6,6,1,1,8,1,1,1,1,3,1,1,0,1,0,1,4,1,1,1,1,1,1,34.0,20.75,0.6
7,12,8,10,1,11,0,15,0,3,6,11,7,1,0,11,3,1,1,1,3,1,1,0,1,0,2,4,1,1,1,0,1,1,26.5,10.25,0.481
2,2,3,3,2,3,0,10,0,1,4,2,5,2,0,6,0,1,1,1,2,1,1,0,1,0,1,4,1,1,1,0,1,0,15.0,7.333,0.632
4,4,5,7,6,2,1,14,0,3,10,6,16,2,0,11,5,1,1,1,2,1,1,1,1,0,2,4,1,1,1,0,1,1,18.2,11.0,0.445
2,2,0,2,0,1,0,4,0,0,2,0,2,0,0,1,0,1,1,0,2,0,1,0,1,0,0,2,0,1,0,0,1,0,8.0,5.5,0.707
2,1,1,3,0,2,0,5,0,1,3,0,0,1,0,1,0,1,1,1,2,0,1,0,1,0,1,2,0,0,1,0,1,0,20.0,22.0,0.791
2,4,3,4,0,2,1,3,2,2,3,0,2,0,0,5,0,1,1,1,3,0,1,1,1,1,1,2,0,1,0,0,1,0,11.0,6.333,0.615
2,2,1,4,1,4,0,5,1,4,5,0,3,2,0,3,0,1,1,1,2,1,1,0,1,1,2,4,0,1,1,0,1,0,37.0,28.0,0.697
2,0,1,3,0,2,0,2,0,0,5,0,3,1,0,2,0,1,0,1,1,0,1,0,1,0,0,3,0,1,1,0,1,0,10.5,11.0,0.617
4,11,8,6,3,5,0,20,10,1,11,0,9,5,0,12,2,1,1,1,1,1,1,0,1,1,1,5,0,1,1,0,3,1,35.667,25.333,0.547
1,2,3,2,2,2,0,7,0,1,4,0,4,1,0,2,1,1,1,1,1,1,1,0,1,0,1,3,0,1,1,0,2,1,32.0,27.0,0.75
9,8,5,11,3,6,0,9,6,2,17,1,13,5,0,11,1,1,1,1,2,1,1,0,1,1,1,6,1,1,1,0,2,1,21.0,16.0,0.621
1,6,3,2,1,1,0,10,1,2,6,0,9,0,0,4,0,1,1,1,2,1,1,0,1,1,2,3,0,1,0,0,1,0,15.0,7.0,0.527
1,1,2,2,1,1,0,2,2,0,2,2,6,0,1,3,0,1,1,1,1,1,1,0,1,1,0,2,1,1,0,1,2,0,25.0,13.0,0.424
4,3,4,1,2,3,0,4,0,0,3,1,4,1,0,3,0,1,1,1,1,1,1,0,1,0,0,2,1,1,1,0,1,0,33.0,4.0,0.246
0,1,2,1,1,1,0,3,0,0,4,0,1,0,0,3,0,0,1,1,1,1,1,0,1,0,0,2,0,1,0,0,1,0,17.0,7.0,0.514
9,18,6,5,5,5,0,16,1,1,19,2,12,2,1,14,0,1,1,1,3,1,1,0,1,1,1,5,1,1,1,1,3,0,28.75,17.75,0.528
2,2,0,1,0,2,0,3,0,0,2,0,0,2,0,2,0,1,1,0,1,0,1,0,1,0,0,2,0,0,1,0,2,0,16.0,18.0,0.884
1,2,1,3,0,3,0,4,0,1,3,1,1,3,0,3,0,1,1,1,2,0,1,0,1,0,1,2,1,1,1,0,2,0,26.0,32.0,0.555
9,8,7,10,2,12,0,16,0,3,14,8,21,1,0,14,1,1,1,1,2,1,1,0,1,0,2,6,1,1,1,0,2,1,11.455,6.364,0.567
1,2,1,0,0,1,0,2,0,1,2,0,1,1,0,3,0,1,1,1,0,0,1,0,1,0,1,1,0,1,1,0,1,0,15.0,12.0,0.365
0,2,3,1,0,0,0,2,0,1,2,0,2,0,0,1,0,0,1,1,1,0,0,0,1,0,1,2,0,1,0,0,1,0,14.0,12.0,0.756
1,5,1,3,0,0,0,4,0,0,4,0,6,1,0,3,0,1,1,1,1,0,0,0,1,0,0,2,0,1,1,0,1,0,13.5,10.5,0.408
2,4,1,0,0,2,0,5,0,0,1,0,1,0,0,3,0,1,1,1,0,0,1,0,1,0,0,1,0,1,0,0,1,0,9.5,1.5,0.324
1,1,2,1,2,0,0,0,0,0,3,0,1,0,0,1,0,1,1,1,1,1,0,0,0,0,0,2,0,1,0,0,1,0,12.0,9.0,0.612
5,1,3,8,3,3,0,8,0,7,9,0,3,1,0,13,0,1,1,1,2,1,1,0,1,0,2,4,0,1,1,0,1,0,12.8,5.2,0.53
0,2,1,4,3,3,0,5,0,3,6,0,4,1,0,7,0,0,1,1,1,1,1,0,1,0,2,2,0,1,1,0,1,0,13.0,5.667,0.34
2,6,7,5,4,6,1,11,2,3,13,0,14,3,0,13,1,1,1,1,1,1,1,1,1,1,2,4,0,1,1,0,2,1,13.0,6.714,0.445
1,0,3,2,0,2,0,3,2,0,3,1,2,1,0,2,0,1,0,1,2,0,1,0,1,1,0,1,1,1,1,0,1,0,11.0,4.0,0.452
4,8,2,2,2,2,0,8,0,0,5,0,4,2,0,4,0,1,1,1,1,1,1,0,1,0,0,2,0,1,1,0,2,0,21.5,10.5,0.539
1,1,4,3,1,1,1,3,0,1,7,0,2,4,0,6,0,1,1,1,2,1,1,1,1,0,1,2,0,1,1,0,2,0,17.5,12.5,0.598
7,6,3,10,4,7,0,19,0,5,7,2,3,3,0,10,1,1,1,1,2,1,1,0,1,0,2,4,1,1,1,0,2,1,87.0,79.0,0.531
1,0,1,3,0,0,0,0,2,0,3,0,2,0,1,0,0,1,0,1,1,0,0,0,0,1,0,3,0,1,0,1,0,0,12.0,17.0,1.021
3,5,3,5,4,3,0,5,4,2,6,1,8,2,0,8,0,1,1,1,2,1,1,0,1,1,2,2,1,1,1,0,2,0,11.4,6.0,0.562
1,1,1,0,1,1,1,4,2,2,4,0,5,1,0,4,0,1,1,1,0,1,1,1,1,1,1,3,0,1,1,0,2,0,13.5,9.0,0.544
1,2,1,1,1,0,0,1,2,0,1,1,1,0,0,2,0,1,1,1,1,1,0,0,1,1,0,1,1,1,0,0,1,0,14.0,4.0,0.567
2,1,0,1,1,0,0,1,0,1,5,0,3,0,0,3,0,1,1,0,1,1,0,0,1,0,1,3,0,1,0,0,1,0,18.0,17.0,0.667
1,1,1,2,1,1,0,3,0,0,3,0,3,1,0,4,0,1,1,1,2,1,1,0,1,0,0,1,0,1,1,0,1,0,21.0,23.0,0.463
2,1,2,2,1,0,0,4,0,1,2,0,0,1,0,2,0,1,1,1,1,1,0,0,1,0,1,2,0,0,1,0,1,0,18.0,7.0,0.5
4,0,1,1,2,1,0,2,0,1,7,2,5,1,0,7,0,1,0,1,1,1,1,0,1,0,1,3,1,1,1,0,1,0,11.333,5.333,0.485
4,4,3,5,1,2,1,3,1,1,4,0,6,2,0,5,0,1,1,1,2,1,1,1,1,1,1,2,0,1,1,0,1,0,21.0,12.0,0.546
1,4,3,3,0,3,0,12,0,3,7,0,3,2,0,11,0,1,1,1,2,0,1,0,1,0,2,4,0,1,1,0,2,0,17.333,8.667,0.588
3,4,4,3,1,2,1,6,1,0,4,0,2,1,0,3,0,1,1,1,2,1,1,1,1,1,0,3,0,1,1,0,1,0,17.5,5.5,0.478
3,3,0,1,2,1,0,7,1,0,1,0,2,0,0,1,0,1,1,0,1,1,1,0,1,1,0,1,0,1,0,0,1,0,22.0,5.0,0.452
7,5,1,4,3,3,0,10,0,5,8,0,5,1,0,8,0,1,1,1,3,1,1,0,1,0,2,3,0,1,1,0,1,0,20.0,12.833,0.548
6,8,6,7,8,10,0,17,4,2,17,3,6,0,0,11,0,1,1,1,4,1,1,0,1,1,2,5,1,1,0,0,2,0,17.5,11.833,0.621
0,1,3,0,1,1,0,3,2,0,3,0,2,1,0,3,0,0,1,1,0,1,1,0,1,1,0,2,0,1,1,0,2,0,10.0,3.0,0.474
2,12,3,4,6,7,0,17,1,1,4,4,5,1,0,7,0,1,1,1,1,1,1,0,1,1,1,3,1,1,1,0,2,0,37.0,13.0,0.411
1,4,5,5,1,5,0,11,1,1,9,1,11,4,0,9,0,1,1,1,2,1,1,0,1,1,1,2,1,1,1,0,1,0,16.75,5.25,0.346
8,6,0,8,7,10,1,18,0,5,11,4,10,0,0,12,9,1,1,0,3,1,1,1,1,0,2,7,1,1,0,0,1,1,34.667,23.667,0.693
1,6,1,1,3,2,0,7,1,0,6,4,3,0,0,5,0,1,1,1,1,1,1,0,1,1,0,5,1,1,0,0,2,0,20.0,13.0,0.894
4,6,2,5,1,3,0,7,0,2,6,4,1,2,0,6,0,1,1,1,3,1,1,0,1,0,2,4,1,1,1,0,1,0,49.0,32.0,0.707
3,0,0,2,1,1,0,1,0,0,1,0,2,0,0,0,0,1,0,0,1,1,1,0,1,0,0,1,0,1,0,0,0,0,11.0,7.0,0.64
10,8,12,16,5,3,2,9,10,5,18,0,12,6,0,8,0,1,1,1,2,1,1,1,1,1,2,5,0,1,1,0,1,0,17.714,12.571,0.508
2,7,2,2,1,1,0,1,3,1,5,0,3,0,0,5,0,1,1,1,2,1,1,0,1,1,1,3,0,1,0,0,1,0,11.0,6.333,0.615
3,1,4,3,1,0,0,3,1,1,8,0,1,1,0,5,0,1,1,1,2,1,0,0,1,1,1,4,0,1,1,0,1,0,10.667,11.667,1.0
3,2,5,2,1,0,0,3,1,0,5,0,2,0,0,1,0,1,1,1,1,1,0,0,1,1,0,3,0,1,0,0,1,0,8.333,7.0,0.707
2,2,4,3,0,0,0,2,0,2,8,0,2,1,0,4,0,1,1,1,2,0,0,0,1,0,2,4,0,1,1,0,1,0,15.0,13.0,0.775
5,8,5,2,1,0,0,7,0,0,5,0,6,0,0,5,0,1,1,1,2,1,0,0,1,0,0,3,0,1,0,0,1,0,22.0,7.286,0.533
1,3,1,1,1,3,0,4,1,0,3,0,2,1,0,3,0,1,1,1,1,1,1,0,1,1,0,2,0,1,1,0,2,0,24.0,18.0,0.722
5,1,5,5,1,3,0,3,0,2,4,1,2,1,0,4,0,1,1,1,2,1,1,0,1,0,1,4,1,1,1,0,1,0,12.333,5.667,0.581
1,2,0,1,2,3,1,8,0,1,2,0,3,0,0,4,0,1,1,0,1,1,1,1,1,0,1,2,0,1,0,0,1,0,28.0,7.0,0.401
13,17,24,19,8,11,0,26,2,11,26,0,23,7,0,27,1,1,1,1,4,1,1,0,1,1,2,5,0,1,1,0,1,1,21.6,10.6,0.433
6,6,5,7,2,5,0,12,0,2,8,0,7,1,0,8,0,1,1,1,4,1,1,0,1,0,1,3,0,1,1,0,1,0,23.0,13.19,0.596
11,9,9,14,3,7,1,13,0,3,20,0,13,3,0,14,2,1,1,1,5,1,1,1,1,0,3,6,0,1,1,0,2,1,24.0,20.064,0.839
2,2,4,3,0,3,0,6,1,2,4,2,7,1,0,4,2,1,1,1,2,0,1,0,1,1,1,4,1,1,1,0,1,1,14.333,11.667,0.863
9,3,3,3,1,8,0,13,0,3,6,1,6,3,0,8,0,1,1,1,2,1,1,0,1,0,2,3,1,1,1,0,1,0,22.333,10.25,0.605
2,2,5,3,2,2,0,4,0,2,4,5,7,1,0,7,0,1,1,1,2,1,1,0,1,0,1,1,1,1,1,0,1,0,15.333,8.667,0.417
4,11,9,12,1,10,0,23,2,2,11,8,21,3,1,7,2,1,1,1,3,1,1,0,1,1,1,4,1,1,1,1,2,1,16.0,7.125,0.5
1,2,0,0,0,2,0,4,0,1,1,3,3,0,0,1,0,1,1,0,0,0,1,0,1,0,1,1,1,1,0,0,1,0,18.0,2.0,0.333
1,1,2,0,1,1,0,2,0,0,1,0,1,1,0,3,0,1,1,1,0,1,1,0,1,0,0,1,0,1,1,0,1,0,14.0,6.0,0.378
1,2,5,3,1,1,0,1,0,1,4,1,3,0,0,2,0,1,1,1,2,1,1,0,1,0,1,2,1,1,0,0,1,0,12.5,13.0,0.849
3,8,6,6,4,9,1,14,3,1,11,0,10,3,0,10,1,1,1,1,3,1,1,1,1,1,1,3,0,1,1,0,1,1,22.5,10.5,0.447
1,1,1,1,1,0,0,2,0,2,4,0,2,0,0,4,0,1,1,1,1,1,0,0,1,0,2,3,0,1,0,0,3,0,19.0,37.571,1.136
1,0,2,2,0,1,0,2,2,0,1,6,6,0,1,0,2,1,0,1,1,0,1,0,1,1,0,1,1,1,0,1,0,1,25.0,3.0,0.283
1,2,0,3,1,1,2,3,0,1,3,0,0,2,0,3,1,1,1,0,2,1,1,1,1,0,1,1,0,0,1,0,1,1,7.667,7.583,0.737
4,4,4,3,1,7,0,12,2,1,8,1,9,2,0,7,1,1,1,1,1,1,1,0,1,1,1,2,1,1,1,0,1,1,16.5,5.75,0.348
3,4,3,2,1,1,0,7,1,1,4,0,7,1,0,4,0,1,1,1,2,1,1,0,1,1,1,3,0,1,1,0,2,0,19.0,11.0,0.574
2,1,3,1,2,1,0,2,1,0,4,0,0,0,0,2,0,1,1,1,1,1,1,0,1,1,0,3,0,0,0,0,2,0,19.0,17.0,0.811
3,1,0,1,0,1,0,4,0,0,0,1,0,0,0,0,0,1,1,0,1,0,1,0,1,0,0,0,1,0,0,0,0,0,11.0,2.0,0.426
5,9,2,2,2,5,0,13,3,1,6,2,8,2,1,7,0,1,1,1,2,1,1,0,1,1,1,3,1,1,1,1,3,0,33.5,12.0,0.432
2,7,5,5,5,10,0,12,2,2,6,6,10,1,0,7,1,1,1,1,3,1,1,0,1,1,1,3,1,1,1,0,2,1,16.2,4.2,0.393
5,7,3,5,1,5,0,12,1,2,5,3,10,3,0,9,1,1,1,1,2,1,1,0,1,1,2,3,1,1,1,0,1,1,14.4,5.0,0.417
0,2,0,0,0,1,0,3,0,1,0,11,16,0,0,1,4,0,1,0,0,0,1,0,1,0,1,0,1,1,0,0,1,1,9.75,1.75,0.226
4,7,5,6,2,1,1,11,0,1,4,1,6,3,0,10,0,1,1,1,3,1,1,1,1,0,1,2,1,1,1,0,1,0,30.5,15.75,0.362
0,0,0,1,0,0,0,5,0,0,1,2,2,0,0,0,0,0,0,0,1,0,0,0,1,0,0,1,1,1,0,0,0,0,5.5,1.0,0.426
2,4,1,2,0,2,0,10,0,2,6,0,4,0,0,3,0,1,1,1,2,0,1,0,1,0,2,4,0,1,0,0,1,0,12.0,9.0,0.943
3,3,1,1,1,2,0,7,0,1,3,0,2,1,0,3,0,1,1,1,1,1,1,0,2,0,1,3,0,1,1,0,1,0,29.0,15.0,0.657
2,3,2,3,0,3,0,3,0,1,4,0,0,2,0,3,1,1,1,1,2,0,1,0,1,0,1,3,0,0,1,0,1,1,27.0,11.0,0.544
2,2,1,3,0,2,0,3,2,0,0,3,3,0,0,0,1,1,1,1,1,0,1,0,1,1,0,0,1,1,0,0,0,1,11.0,3.0,0.302
5,5,9,2,1,2,0,10,0,1,8,0,8,2,0,5,0,1,1,1,2,1,1,0,1,0,1,5,0,1,1,0,1,0,11.2,5.4,0.661
2,2,0,5,2,2,0,3,0,0,5,0,3,0,0,4,0,1,1,0,3,1,1,0,1,0,0,3,0,1,0,0,1,0,28.0,20.0,0.668
1,1,0,4,0,1,0,4,0,0,0,0,1,0,0,1,1,1,1,0,1,0,1,0,1,0,0,0,0,1,0,0,1,1,14.0,0.0,0.189
3,0,1,1,0,1,0,3,0,0,0,0,1,1,0,1,0,1,0,1,1,0,1,0,1,0,0,0,0,1,1,0,1,0,12.0,9.0,0.612
1,2,1,4,2,1,0,1,3,0,1,2,3,0,0,1,0,1,1,1,2,1,1,0,1,1,0,1,1,1,0,0,1,0,11.0,3.0,0.452
2,0,0,2,0,1,0,2,1,0,2,3,1,0,0,1,0,1,0,0,1,0,1,0,1,1,0,2,1,1,0,0,1,0,7.5,6.0,0.73
1,2,0,1,0,1,0,3,0,0,3,0,1,2,1,2,0,1,1,0,1,0,1,0,1,0,0,2,0,0,1,1,1,0,17.0,13.0,0.686
1,1,1,1,0,2,0,4,0,1,3,0,2,0,0,3,0,1,1,1,1,0,1,0,1,0,1,2,0,1,0,0,1,0,6.333,2.667,0.649
3,9,6,8,5,8,1,20,1,1,7,2,11,2,0,11,1,1,1,1,2,1,1,1,1,1,1,4,1,1,1,0,1,1,24.0,7.0,0.361
12,31,9,23,10,17,0,52,15,6,25,9,23,7,2,36,2,1,1,1,3,1,1,0,1,1,2,7,1,1,1,1,2,1,27.8,10.5,0.424
22,29,11,20,7,33,0,43,0,8,22,13,29,8,0,23,2,1,1,1,4,1,1,0,1,0,2,5,1,1,1,0,3,1,30.0,12.278,0.387
7,13,5,9,2,19,0,27,0,7,6,1,15,2,0,14,3,1,1,1,2,1,1,0,1,0,1,4,1,1,1,0,2,1,14.778,1.778,0.307
2,1,2,1,0,2,0,4,0,1,3,0,1,0,0,5,0,1,1,1,1,0,1,0,1,0,1,3,0,1,0,0,1,0,22.0,6.0,0.452
3,4,7,1,1,1,0,12,1,1,5,1,8,0,0,6,0,1,1,1,1,1,1,0,1,1,1,4,1,1,0,0,2,0,7.0,4.714,0.606
4,5,3,1,1,5,0,10,0,0,7,0,6,0,1,5,1,1,1,1,1,1,1,0,1,0,0,5,0,1,0,1,1,1,12.0,6.75,0.612
3,0,3,4,0,0,0,0,0,0,1,0,3,1,0,1,0,1,0,1,2,0,0,0,0,0,0,1,0,1,1,0,1,0,5.333,2.333,0.53
4,5,4,5,1,5,0,12,1,3,6,2,8,3,0,5,3,1,1,1,2,1,1,0,1,1,2,4,1,1,1,0,1,1,22.333,9.667,0.605
0,1,2,1,0,1,0,5,0,0,1,0,3,0,0,0,1,0,1,1,1,0,1,0,1,0,0,1,0,1,0,0,0,1,5.0,1.333,0.548
2,2,2,0,0,1,0,2,1,0,3,1,2,0,0,2,0,1,1,1,0,0,1,0,1,1,0,3,1,1,0,0,1,0,18.0,9.0,0.5
1,0,2,0,1,0,0,0,0,1,2,1,1,0,0,3,0,1,0,1,0,1,0,0,0,0,1,2,1,1,0,0,1,0,12.0,5.0,0.612
1,1,0,0,0,0,0,2,0,2,2,0,0,1,0,2,0,1,1,0,0,0,0,0,1,0,2,2,0,0,1,0,1,0,11.0,12.0,0.853
7,7,5,4,4,4,0,10,0,1,10,7,8,0,0,8,2,1,1,1,2,1,1,0,1,0,1,4,1,1,0,0,1,1,15.4,3.4,0.403
0,1,1,1,1,0,0,2,0,2,4,0,2,0,0,3,0,0,1,1,1,1,0,0,1,0,2,3,0,1,0,0,1,0,17.0,13.0,0.686
0,3,1,0,1,0,1,3,1,0,4,0,1,0,0,3,0,0,1,1,0,1,0,1,1,1,0,3,0,1,0,0,2,0,9.0,4.5,0.667
0,2,5,3,0,0,0,2,0,1,2,0,3,1,0,1,0,0,1,1,2,0,0,0,1,0,1,2,0,1,1,0,1,0,6.667,10.333,0.949
1,1,1,1,0,1,0,2,1,1,3,1,1,0,0,2,0,1,1,1,1,0,1,0,1,1,1,2,1,1,0,0,1,0,16.0,6.0,0.53
3,6,5,5,1,3,0,10,0,1,8,0,4,1,0,8,0,1,1,1,2,1,1,0,1,0,1,3,0,1,1,0,2,0,13.75,9.5,0.477
8,7,8,3,3,4,0,14,1,0,8,1,8,1,0,4,0,1,1,1,2,1,1,0,1,1,0,6,1,1,1,0,1,0,35.5,15.5,0.587
1,4,1,2,1,2,0,7,0,0,4,0,2,0,0,3,0,1,1,1,2,1,1,0,1,0,0,1,0,1,0,0,1,0,13.5,1.0,0.272
1,2,0,0,0,1,0,4,1,0,3,3,1,0,0,2,0,1,1,0,0,0,1,0,1,1,0,3,1,1,0,0,1,0,9.0,5.5,0.667
3,3,6,1,0,2,0,7,0,1,2,2,5,0,0,0,1,1,1,1,1,0,1,0,1,0,1,2,1,1,0,0,0,1,33.0,14.0,0.615
0,0,0,0,0,0,0,2,0,0,1,12,6,0,0,0,5,0,0,0,0,0,0,0,1,0,0,1,1,1,0,0,0,1,13.0,1.0,0.277
5,8,10,9,2,7,0,8,5,3,6,6,7,2,0,5,0,1,1,1,4,1,1,0,1,1,1,3,1,1,1,0,1,0,20.75,14.938,0.543
3,4,2,1,1,1,0,12,1,0,7,2,8,1,0,2,0,1,1,1,1,1,1,0,1,1,0,4,1,1,1,0,1,0,14.667,4.333,0.533
2,0,1,0,0,3,0,6,0,1,2,0,1,1,0,1,0,1,0,1,0,0,1,0,1,0,1,1,0,1,1,0,1,0,9.0,4.0,0.333
3,2,5,1,1,1,0,4,0,2,1,2,4,0,0,3,0,1,1,1,1,1,1,0,1,0,1,1,1,1,0,0,1,0,28.0,18.0,0.401
4,9,10,7,3,4,1,15,0,5,13,1,6,2,0,13,0,1,1,1,3,1,1,1,1,0,2,4,1,1,1,0,1,0,15.5,8.595,0.513
6,4,4,3,2,1,0,6,2,1,2,0,7,1,1,3,0,1,1,1,2,1,1,0,1,1,1,2,0,1,1,1,1,0,21.0,3.0,0.436
2,2,1,1,1,0,0,5,2,0,6,0,6,0,0,3,1,1,1,1,1,1,0,0,1,1,0,4,0,1,0,0,1,1,14.0,10.4,0.802
3,1,1,0,2,0,0,10,2,0,2,42,42,0,6,1,11,1,1,1,0,1,0,0,1,1,0,2,1,1,0,1,1,1,11.7,0.2,0.131
4,7,6,3,6,6,0,19,0,3,15,0,19,3,1,14,1,1,1,1,3,1,1,0,1,0,2,8,0,1,1,1,2,1,17.333,14.167,0.763
5,1,2,4,2,1,0,1,0,3,7,1,6,2,0,5,0,1,1,1,2,1,1,0,1,0,2,3,1,1,1,0,1,0,19.5,16.0,0.679
0,0,0,0,0,0,0,0,0,0,1,4,3,0,1,1,2,0,0,0,0,0,0,0,0,0,0,1,1,1,0,1,1,1,5.5,0.0,0.213
0,3,0,2,0,0,0,2,2,0,2,1,0,0,0,1,1,0,1,0,2,0,0,0,1,1,0,2,1,0,0,0,1,1,14.0,9.0,0.567
4,5,7,5,1,5,0,9,1,4,10,2,15,1,1,10,1,1,1,1,2,1,1,0,1,1,2,7,1,1,1,1,2,1,26.667,19.333,0.791
0,2,2,0,0,3,0,4,2,0,1,0,3,0,0,2,0,0,1,1,0,0,1,0,1,1,0,1,0,1,0,0,1,0,9.0,1.5,0.333
2,2,1,2,1,2,0,2,2,1,2,0,3,0,0,2,0,1,1,1,2,1,1,0,1,1,1,2,0,1,0,0,1,0,10.5,5.5,0.617
3,5,6,4,1,4,0,8,1,1,7,1,6,0,0,7,1,1,1,1,3,1,1,0,1,1,1,4,1,1,0,0,1,1,13.75,7.0,0.572
1,1,1,3,1,1,0,8,3,0,3,0,2,1,1,2,1,1,1,1,1,1,1,0,1,1,0,2,0,1,1,1,1,1,28.0,10.0,0.401
1,0,3,1,1,1,1,3,0,0,2,0,5,1,0,3,0,1,0,1,1,1,1,1,1,0,0,2,0,1,1,0,1,0,22.0,8.0,0.603
3,2,0,1,0,0,0,4,1,0,1,0,2,0,0,3,0,1,1,0,1,0,0,0,1,1,0,1,0,1,0,0,1,0,16.0,2.0,0.354
1,0,0,2,0,1,0,3,0,0,1,1,2,0,1,0,0,1,0,0,1,0,1,0,1,0,0,1,1,1,0,1,0,0,5.5,2.0,0.426
1,2,4,1,0,1,1,3,0,2,3,0,1,2,0,3,0,1,1,1,1,0,1,1,1,0,2,2,0,1,1,0,1,0,24.0,11.0,0.433
0,1,1,2,0,1,1,1,0,0,1,0,1,1,0,2,0,0,1,1,2,0,1,1,1,0,0,1,0,1,1,0,1,0,12.0,4.0,0.612
1,1,1,1,0,1,0,4,0,0,1,0,2,1,0,1,0,1,1,1,1,0,1,0,1,0,0,1,0,1,1,0,1,0,7.0,2.5,0.567
0,1,5,2,0,1,1,3,0,0,6,0,3,0,0,3,0,0,1,1,1,0,1,1,1,0,0,6,0,1,0,0,2,0,12.5,13.0,0.99
0,3,0,0,1,3,0,8,0,0,1,0,5,0,0,2,0,0,1,0,0,1,1,0,1,0,0,1,0,1,0,0,1,0,23.0,2.0,0.295
6,6,3,6,9,4,2,12,6,2,10,6,18,2,1,10,6,1,1,1,2,1,1,1,1,1,1,4,1,1,1,1,2,1,12.333,4.889,0.47
4,5,3,8,2,4,0,5,0,2,10,1,5,5,0,4,0,1,1,1,3,1,1,0,1,0,1,4,1,1,1,0,2,0,29.0,27.786,0.743
5,2,2,2,1,0,0,3,0,1,2,0,2,1,0,1,0,1,1,1,2,1,0,0,1,0,1,2,0,1,1,0,1,0,11.0,9.5,0.905
3,3,4,4,0,3,0,3,3,3,6,0,4,0,0,4,0,1,1,1,4,0,1,0,1,1,2,3,0,1,0,0,1,0,10.0,9.643,0.783
1,1,0,3,3,2,0,4,1,1,5,0,0,1,0,2,0,1,1,0,2,1,1,0,1,1,1,3,0,0,1,0,1,0,12.0,6.0,0.577
3,1,1,1,1,3,0,3,0,1,2,0,2,0,0,1,0,1,1,1,1,1,1,0,1,0,1,1,0,1,0,0,1,0,19.0,13.0,0.649
0,1,0,1,0,1,1,1,1,0,2,0,2,0,0,1,0,0,1,0,1,0,1,1,1,1,0,2,0,1,0,0,1,0,11.0,4.0,0.64
1,9,1,5,0,2,0,10,4,1,3,4,7,1,0,6,0,1,1,1,2,0,1,0,1,1,1,2,1,1,1,0,1,0,18.0,3.667,0.385
0,2,1,1,1,1,0,0,2,0,4,2,1,0,0,4,0,0,1,1,1,1,1,0,0,1,0,3,1,1,0,0,1,0,9.5,9.5,0.811
4,1,0,1,0,0,0,8,0,0,2,4,10,0,3,1,2,1,1,0,1,0,0,0,1,0,0,2,1,1,0,1,1,1,17.5,2.0,0.359
11,5,11,7,6,4,0,19,1,1,11,1,6,3,0,10,1,1,1,1,2,1,1,0,1,1,1,4,1,1,1,0,2,1,19.4,6.2,0.359
3,3,1,6,2,1,0,7,0,1,13,0,2,3,0,6,0,1,1,1,2,1,1,0,1,0,1,6,0,1,1,0,3,0,24.0,28.0,0.919
1,3,0,0,0,1,0,1,0,0,1,2,1,0,0,2,0,1,1,0,0,0,1,0,1,0,0,1,1,1,0,0,2,0,12.0,2.0,0.408
8,9,6,10,4,6,0,18,1,5,12,0,7,0,0,9,1,1,1,1,3,1,1,0,1,1,2,7,0,1,0,0,1,1,19.2,14.2,0.794
0,0,0,0,0,0,0,0,0,0,1,4,3,0,1,1,2,0,0,0,0,0,0,0,0,0,0,1,1,1,0,1,1,1,5.5,0.0,0.213
0,0,0,0,0,0,0,3,0,0,1,1,3,0,1,1,2,0,0,0,0,0,0,0,1,0,0,1,1,1,0,1,1,1,5.5,0.0,0.213
1,7,3,5,1,7,0,7,1,1,6,0,3,2,0,5,0,1,1,1,2,1,1,0,1,1,1,3,0,1,1,0,1,0,12.25,5.0,0.505
0,0,0,0,0,0,0,1,0,0,1,3,3,0,1,1,2,0,0,0,0,0,0,0,1,0,0,1,1,1,0,1,1,1,11.0,0.0,0.213
1,2,2,2,1,3,0,5,0,0,2,0,2,0,0,4,0,1,1,1,2,1,1,0,1,0,0,2,0,1,0,0,1,0,12.0,6.0,0.577
0,0,0,0,0,0,0,0,0,0,1,4,3,0,1,1,2,0,0,0,0,0,0,0,0,0,0,1,1,1,0,1,1,1,11.0,0.0,0.213
1,2,5,2,0,0,0,5,3,0,7,0,4,0,0,5,0,1,1,1,2,0,0,0,1,1,0,4,0,1,0,0,2,0,11.333,14.333,0.849
4,6,2,4,1,1,0,4,1,4,7,1,2,0,0,6,0,1,1,1,3,1,1,0,1,1,2,3,1,1,0,0,1,0,21.5,15.786,0.647
2,1,1,3,1,2,0,3,2,1,3,0,0,0,0,0,1,1,1,1,1,1,1,0,1,1,1,2,0,0,0,0,0,1,20.0,16.0,0.632
9,11,9,2,2,5,0,13,0,0,11,0,7,3,0,8,0,1,1,1,2,1,1,0,1,0,0,5,0,1,1,0,1,0,40.0,23.5,0.632
22,20,5,25,9,19,0,43,1,8,40,6,22,10,1,27,2,1,1,1,4,1,1,0,1,1,2,9,1,1,1,1,3,1,25.9,19.6,0.571
6,9,4,4,2,9,0,15,0,3,5,2,6,1,0,7,0,1,1,1,2,1,1,0,1,0,1,4,1,1,1,0,2,0,24.333,10.667,0.497
4,4,5,6,0,4,0,9,0,0,7,2,7,2,0,3,0,1,1,1,2,0,1,0,1,0,0,5,1,1,1,0,1,0,13.25,5.0,0.583
7,4,2,4,1,1,0,9,3,2,4,9,26,1,5,6,2,1,1,1,1,1,1,0,1,1,1,3,1,1,1,1,1,1,14.0,2.5,0.309
9,6,5,6,5,1,0,11,0,3,16,1,6,6,0,14,2,1,1,1,2,1,1,0,1,0,2,4,1,1,1,0,1,1,30.0,21.667,0.447
2,3,1,2,2,4,1,7,0,0,2,1,2,1,0,1,1,1,1,1,2,1,1,1,1,0,0,2,1,1,1,0,1,1,30.0,7.0,0.516
4,1,2,2,1,1,0,2,0,0,1,0,2,1,0,0,0,1,1,1,1,1,1,0,1,0,0,1,0,1,1,0,0,0,8.5,3.5,0.514
0,0,0,0,0,0,0,0,0,0,1,4,3,0,1,1,2,0,0,0,0,0,0,0,0,0,0,1,1,1,0,1,1,1,5.5,0.0,0.213
6,4,9,9,3,4,0,8,0,1,13,0,9,2,0,7,0,1,1,1,3,1,1,0,1,0,1,4,0,1,1,0,2,0,25.667,17.857,0.564
1,2,0,2,0,2,0,2,0,2,1,1,2,0,0,5,0,1,1,0,2,0,1,0,1,0,1,1,1,1,0,0,1,0,10.0,4.5,0.474
2,5,2,2,0,2,0,3,0,2,6,1,1,2,0,4,0,1,1,1,2,0,1,0,1,0,2,2,1,1,1,0,1,0,32.0,22.0,0.625
0,2,1,3,0,0,0,3,2,1,4,0,2,0,0,2,0,0,1,1,2,0,0,0,1,1,1,4,0,1,0,0,2,0,10.0,10.0,0.949
2,0,1,3,1,0,0,1,0,0,6,0,0,0,0,4,0,1,0,1,2,1,0,0,1,0,0,3,0,0,0,0,1,0,6.0,8.0,1.0
4,3,4,3,1,3,0,4,0,1,3,1,1,1,0,1,0,1,1,1,2,1,1,0,1,0,1,3,1,1,1,0,1,0,15.0,10.0,0.775
1,0,2,1,1,0,0,4,0,1,3,0,1,1,0,2,0,1,0,1,1,1,0,0,1,0,1,3,0,1,1,0,1,0,17.0,17.0,1.029
2,2,0,3,1,0,0,2,0,1,5,0,3,0,0,3,0,1,1,0,1,1,0,0,1,0,1,2,0,1,0,0,1,0,7.333,7.0,0.603
1,3,1,0,2,1,0,4,0,1,5,0,5,1,0,5,0,1,1,1,0,1,1,0,1,0,1,4,0,1,1,0,2,0,29.0,18.0,0.788
5,3,7,2,4,1,2,13,1,0,6,2,8,1,0,5,0,1,1,1,1,1,1,1,1,1,0,5,1,1,1,0,2,0,20.0,11.667,0.639
8,3,3,5,4,5,2,11,0,2,3,1,7,0,0,6,0,1,1,1,2,1,1,1,1,0,1,2,1,1,0,0,1,0,12.0,4.4,0.365
0,0,2,1,1,1,0,1,0,0,1,3,3,0,0,1,0,0,0,1,1,1,1,0,1,0,0,1,1,1,0,0,1,0,7.0,1.0,0.378
2,2,1,4,3,2,0,6,0,2,6,1,2,2,0,7,0,1,1,1,1,1,1,0,1,0,2,3,1,1,1,0,1,0,40.0,34.0,0.559
0,4,0,0,0,1,0,3,1,0,0,0,1,0,0,1,1,0,1,0,0,0,1,0,1,1,0,0,0,1,0,0,1,1,12.0,0.0,0.204
1,0,1,2,0,1,1,1,0,1,2,0,1,1,0,0,0,1,0,1,1,0,1,1,1,0,1,2,0,1,1,0,0,0,12.0,20.0,1.021
2,2,2,4,2,1,0,3,0,1,4,0,2,0,0,4,0,1,1,1,2,1,1,0,1,0,1,4,0,1,0,0,1,0,13.5,10.0,0.68
3,5,1,1,0,3,0,6,0,1,3,0,2,1,0,5,0,1,1,1,1,0,1,0,1,0,1,1,0,1,1,0,2,0,31.0,9.0,0.381
0,1,3,1,1,1,1,1,1,0,3,1,3,0,0,4,0,0,1,1,1,1,1,1,1,1,0,2,1,1,0,0,2,0,10.5,10.0,0.772
5,1,3,3,2,1,0,7,0,1,7,0,3,2,0,6,1,1,1,1,2,1,1,0,1,0,1,2,0,1,1,0,1,1,14.0,7.0,0.436
0,1,2,0,1,1,0,3,0,0,1,2,2,2,0,2,0,0,1,1,0,1,1,0,1,0,0,1,1,1,1,0,1,0,8.5,0.0,0.171
2,0,1,1,1,2,0,3,0,0,2,2,2,0,0,1,0,1,0,1,1,1,1,0,1,0,0,2,1,1,0,0,1,0,8.5,5.5,0.686
0,1,0,1,0,0,0,2,0,2,2,0,2,0,1,3,0,0,1,0,1,0,0,0,1,0,2,2,0,1,0,1,2,0,13.0,18.25,0.981
1,2,6,2,0,1,3,0,0,0,7,2,6,0,0,3,0,1,1,1,2,0,1,1,0,0,0,4,1,1,0,0,1,0,11.0,9.19,0.739
1,5,2,2,1,5,0,7,4,0,3,0,8,0,1,2,0,1,1,1,1,1,1,0,1,1,0,2,0,1,0,1,1,0,13.333,2.0,0.224
0,2,1,1,0,1,0,1,0,0,2,0,0,1,0,2,0,0,1,1,1,0,1,0,1,0,0,2,0,0,1,0,1,0,11.0,10.0,0.853
2,0,0,0,1,0,0,2,0,0,3,0,1,0,0,3,0,1,0,0,0,1,0,0,1,0,0,2,0,1,0,0,1,0,6.0,3.0,0.612
5,5,5,3,4,3,0,10,0,2,10,2,0,1,0,7,0,1,1,1,2,1,1,0,1,0,1,5,1,0,1,0,2,0,28.5,18.5,0.656
2,0,0,1,1,0,0,4,2,1,0,0,1,1,0,2,0,1,0,0,1,1,0,0,1,1,1,0,0,1,1,0,1,0,15.0,9.0,0.548
5,7,4,5,4,10,1,13,7,3,8,1,7,2,1,11,0,1,1,1,3,1,1,1,1,1,2,4,1,1,1,1,3,0,22.0,13.562,0.754
7,8,6,5,3,9,1,16,1,0,4,4,6,2,1,5,1,1,1,1,2,1,1,1,1,1,0,3,1,1,1,1,2,1,26.0,5.667,0.4
2,3,1,1,0,1,0,3,2,0,3,0,1,1,1,2,0,1,1,1,1,0,1,0,1,1,0,2,0,0,1,1,1,0,20.0,4.0,0.474
0,4,2,1,2,0,0,3,1,1,5,1,1,0,0,5,0,0,1,1,1,1,0,0,1,1,1,3,1,1,0,0,1,0,26.0,23.0,0.832
2,2,0,3,2,2,0,3,1,4,3,1,1,3,0,6,0,1,1,0,2,1,1,0,1,1,2,2,1,1,1,0,1,0,16.5,12.0,0.615
1,2,1,0,1,1,0,1,1,0,0,0,3,0,0,1,0,1,1,1,0,1,1,0,1,1,0,0,0,1,0,0,1,0,12.0,0.0,0.204
3,2,6,6,3,0,0,11,0,5,10,0,6,3,1,8,0,1,1,1,2,1,0,0,1,0,2,6,0,1,1,1,1,0,20.667,13.333,0.718
2,1,4,1,0,1,1,5,1,0,5,0,2,0,0,2,0,1,1,1,1,0,1,1,1,1,0,4,0,1,0,0,2,0,6.25,4.5,0.849
3,1,5,2,1,0,0,4,0,2,4,0,2,1,0,5,0,1,1,1,2,1,0,0,1,0,2,2,0,1,1,0,1,0,30.0,20.0,0.645
1,1,1,1,0,1,0,3,0,0,1,1,2,0,0,0,1,1,1,1,1,0,1,0,1,0,0,1,1,1,0,0,0,1,13.0,6.0,0.588
2,0,0,1,0,2,0,4,0,2,1,1,2,0,0,3,0,1,0,0,1,0,1,0,1,0,2,1,1,1,0,0,1,0,19.0,16.0,0.649
2,0,0,2,1,0,0,1,0,1,2,0,3,1,0,1,0,1,0,0,1,1,0,0,1,0,1,2,0,1,1,0,1,0,4.667,4.333,0.756
1,0,0,2,0,1,0,4,0,1,3,0,2,1,0,3,0,1,0,0,1,0,1,0,1,0,1,3,0,1,1,0,2,0,9.0,6.5,0.667
2,2,3,2,1,1,0,2,0,0,4,0,2,1,0,1,0,1,1,1,2,1,1,0,1,0,0,4,0,1,1,0,1,0,10.5,8.0,0.772
3,5,3,5,3,3,1,7,0,4,3,0,2,0,0,5,0,1,1,1,3,1,1,1,1,0,2,2,0,1,0,0,1,0,22.0,11.5,0.533
0,0,3,1,1,0,0,1,2,1,2,0,0,0,0,2,0,0,0,1,1,1,0,0,1,1,1,1,0,0,0,0,1,0,6.5,3.0,0.588
4,4,2,1,2,1,0,8,0,0,1,0,5,0,0,3,0,1,1,1,1,1,1,0,1,0,0,1,0,1,0,0,1,0,15.5,1.0,0.254
0,0,0,0,0,0,0,1,0,0,1,3,3,0,1,1,2,0,0,0,0,0,0,0,1,0,0,1,1,1,0,1,1,1,5.5,0.0,0.213
3,4,5,7,4,5,0,10,0,1,6,0,4,4,0,6,1,1,1,1,3,1,1,0,1,0,1,3,0,1,1,0,2,1,59.0,32.0,0.552
4,1,1,1,0,1,1,6,0,0,2,0,2,0,0,4,2,1,1,1,1,0,1,1,1,0,0,2,0,1,0,0,1,1,27.0,4.0,0.408
3,6,5,5,2,3,0,4,0,3,14,0,7,2,0,10,1,1,1,1,4,1,1,0,1,0,1,4,0,1,1,0,1,1,21.667,22.917,0.702
1,1,3,2,1,2,1,6,0,2,6,1,1,1,0,6,0,1,1,1,2,1,1,1,1,0,1,3,1,1,1,0,2,0,17.0,25.0,0.728
1,5,4,4,1,1,0,7,6,1,4,0,3,0,0,5,0,1,1,1,4,1,1,0,1,1,1,1,0,1,0,0,1,0,42.0,21.0,0.546
2,4,4,2,1,0,0,3,2,0,9,1,3,1,0,6,0,1,1,1,2,1,0,0,1,1,0,5,1,1,1,0,2,0,9.25,7.75,0.814
2,2,5,4,1,1,0,2,0,1,5,1,1,1,0,1,0,1,1,1,2,1,1,0,1,0,1,3,1,1,1,0,1,0,27.0,27.0,0.816
3,1,3,3,2,2,0,2,0,1,2,0,3,0,0,0,0,1,1,1,2,1,1,0,1,0,1,1,0,1,0,0,0,0,11.0,6.5,0.603
0,7,0,5,2,4,0,6,2,0,11,1,7,1,1,8,1,0,1,0,2,1,1,0,1,1,0,5,1,1,1,1,1,1,27.5,16.5,0.572
5,6,2,1,2,9,0,9,1,1,4,14,21,1,0,6,2,1,1,1,1,1,1,0,1,1,1,2,1,1,1,0,2,1,28.0,5.333,0.309
8,9,3,6,3,4,1,13,1,2,6,0,7,3,0,4,0,1,1,1,2,1,1,1,1,1,1,3,0,1,1,0,1,0,35.0,6.0,0.338
2,0,0,0,1,0,1,1,0,1,3,1,6,0,0,3,0,1,0,0,0,1,0,1,1,0,1,3,1,1,0,0,1,0,9.5,5.9,0.487
9,8,6,13,2,11,0,19,1,9,28,0,17,9,0,28,1,1,1,1,4,1,1,0,1,1,2,5,0,1,1,0,2,1,23.143,22.143,0.5
2,3,1,2,0,0,0,1,0,1,4,1,2,0,0,3,0,1,1,1,1,0,0,0,1,0,1,2,1,1,0,0,1,0,20.0,13.0,0.474
0,1,2,1,1,2,0,2,0,0,3,0,1,0,0,2,0,0,1,1,1,1,1,0,1,0,0,2,0,1,0,0,1,0,15.0,14.0,0.548
2,2,0,1,0,1,0,4,0,1,2,3,1,3,0,2,1,1,1,0,1,0,1,0,1,0,1,1,1,0,1,0,2,1,22.0,15.0,0.603
1,1,0,4,3,1,0,11,0,0,9,0,7,1,1,6,0,1,1,0,2,1,1,0,1,0,0,6,0,1,1,1,1,0,14.333,11.524,0.863
1,3,2,4,0,2,1,7,0,3,6,0,4,2,0,3,0,1,1,1,2,0,1,1,1,0,1,3,0,1,1,0,2,0,19.0,23.5,0.803
4,2,2,8,1,4,0,4,2,2,6,2,4,1,0,6,0,1,1,1,3,1,1,0,1,1,1,3,1,1,1,0,1,0,16.0,17.0,0.714
3,3,5,5,1,1,0,3,3,2,2,0,4,0,0,3,0,1,1,1,2,1,1,0,1,1,1,2,0,1,0,0,1,0,17.5,4.0,0.359
2,5,2,3,2,3,0,6,0,4,6,0,4,1,0,5,1,1,1,1,1,1,1,0,1,0,2,4,0,1,1,0,1,1,22.0,17.5,0.746
1,5,1,2,0,3,0,4,0,2,3,2,2,1,0,3,0,1,1,1,1,0,1,0,1,0,2,3,1,1,1,0,1,0,29.0,20.0,0.657
2,3,3,3,1,3,1,6,3,1,5,1,4,1,0,5,0,1,1,1,2,1,1,1,1,1,1,3,1,1,1,0,3,0,14.0,11.667,0.764
4,2,3,2,2,0,0,12,0,2,3,1,11,1,0,8,0,1,1,1,2,1,0,0,1,0,1,3,1,1,1,0,1,0,17.0,4.667,0.495
3,3,2,4,2,1,0,4,0,0,8,0,4,1,0,6,0,1,1,1,2,1,1,0,1,0,0,4,0,1,1,0,1,0,12.667,7.0,0.574
8,5,1,3,2,6,0,10,0,1,4,2,7,1,1,7,0,1,1,1,2,1,1,0,1,0,1,2,1,1,1,1,2,0,11.4,3.2,0.281
1,1,1,0,0,1,1,2,0,0,1,0,5,0,0,1,0,1,1,1,0,0,1,1,1,0,0,1,0,1,0,0,1,0,14.0,2.0,0.378
0,0,2,1,2,0,0,3,0,1,2,0,3,1,3,2,0,0,0,1,1,1,0,0,1,0,1,2,0,1,1,1,1,0,19.0,14.75,0.649
1,6,1,2,1,3,0,8,1,0,6,3,3,0,0,5,1,1,1,1,2,1,1,0,1,1,0,3,1,1,0,0,1,1,41.0,7.0,0.442
4,5,3,5,2,1,1,11,0,0,3,0,4,2,0,4,0,1,1,1,2,1,1,1,1,0,0,3,0,1,1,0,1,0,11.25,5.5,0.527
0,1,1,1,0,2,0,3,0,0,2,0,2,0,0,2,0,0,1,1,1,0,1,0,1,0,0,2,0,1,0,0,1,0,7.0,2.0,0.567
0,2,0,0,0,1,0,0,1,0,1,3,3,0,0,1,0,0,1,0,0,0,1,0,0,1,0,1,1,1,0,0,1,0,12.0,0.0,0.204
2,1,0,0,1,2,0,1,0,1,1,3,2,0,0,1,0,1,1,0,0,1,1,0,1,0,1,1,1,1,0,0,1,0,15.0,10.0,0.548
0,3,0,2,0,2,1,3,0,0,2,0,2,1,0,2,1,0,1,0,1,0,1,1,1,0,0,2,0,1,1,0,1,1,9.5,4.0,0.487
2,11,3,1,0,4,0,9,4,0,2,0,7,1,0,6,0,1,1,1,1,0,1,0,1,1,0,2,0,1,1,0,1,0,50.0,5.0,0.3
2,2,4,2,0,0,0,3,0,0,4,2,1,1,0,2,0,1,1,1,2,0,0,0,1,0,0,3,1,1,1,0,1,0,11.5,9.5,0.737
1,3,3,1,0,1,1,4,1,1,1,1,2,1,0,4,0,1,1,1,1,0,1,1,1,1,1,1,1,1,1,0,1,0,12.5,5.5,0.424
4,5,2,6,4,1,1,15,1,4,6,1,5,2,1,13,0,1,1,1,3,1,1,1,1,1,2,3,1,1,1,1,1,0,71.0,46.0,0.504
6,4,0,2,0,4,0,9,0,0,3,1,4,1,0,5,1,1,1,0,2,0,1,0,1,0,0,2,1,1,1,0,1,1,20.0,5.0,0.447
13,13,13,9,4,12,2,26,1,1,12,12,24,1,0,13,2,1,1,1,2,1,1,1,1,1,1,4,1,1,1,0,2,1,15.9,4.0,0.336
0,0,0,1,0,0,0,0,0,2,3,0,2,1,0,3,0,0,0,0,1,0,0,0,0,0,2,2,0,1,1,0,2,0,12.0,34.75,1.225
10,4,1,9,2,7,0,18,1,2,5,1,8,3,0,8,0,1,1,1,4,1,1,0,1,1,1,5,1,1,1,0,1,0,15.8,10.4,0.716
4,1,6,4,2,2,0,4,0,0,5,0,7,0,0,3,1,1,1,1,2,1,1,0,1,0,0,4,0,1,0,0,1,1,7.8,2.2,0.566
3,2,2,1,0,1,0,3,0,0,1,0,1,0,0,1,0,1,1,1,1,0,1,0,1,0,0,1,0,1,0,0,1,0,15.0,2.0,0.365
3,2,3,2,0,1,0,3,0,0,2,0,4,1,0,1,0,1,1,1,1,0,1,0,1,0,0,2,0,1,1,0,1,0,22.0,7.0,0.452
2,1,1,4,0,1,0,3,0,1,3,0,4,1,1,0,0,1,1,1,2,0,1,0,1,0,1,3,0,1,1,1,0,0,10.5,11.0,0.926
3,2,1,2,1,3,0,3,1,2,3,2,5,1,1,2,1,1,1,1,2,1,1,0,1,1,2,3,1,1,1,1,1,1,6.8,3.4,0.606
1,1,0,2,0,1,0,1,0,1,2,1,2,0,0,1,0,1,1,0,1,0,1,0,1,0,1,2,1,1,0,0,1,0,6.5,6.0,0.784
0,1,1,1,0,1,0,2,4,0,0,2,3,0,0,1,0,0,1,1,1,0,1,0,1,1,0,0,1,1,0,0,1,0,15.0,4.0,0.365
2,4,3,0,0,2,0,7,0,0,4,1,4,1,0,4,1,1,1,1,0,0,1,0,1,0,0,3,1,1,1,0,2,1,16.5,8.0,0.615
10,16,13,7,5,9,0,23,1,1,20,3,13,2,0,17,2,1,1,1,2,1,1,0,1,1,1,7,1,1,1,0,1,1,20.429,9.714,0.473
1,1,0,1,0,0,0,6,0,1,0,0,0,0,0,1,0,1,1,0,1,0,0,0,1,0,1,0,0,0,0,0,1,0,11.0,13.571,0.64
1,2,3,1,0,0,0,3,0,0,2,1,4,0,0,1,0,1,1,1,1,0,0,0,1,0,0,2,1,1,0,0,1,0,6.0,2.333,0.667
0,2,1,1,0,1,0,2,0,0,1,0,2,0,0,1,0,0,1,1,1,0,1,0,1,0,0,1,0,1,0,0,1,0,11.0,4.0,0.64
0,2,4,2,1,1,0,4,0,2,1,1,0,1,0,2,0,0,1,1,2,1,1,0,1,0,1,1,1,0,1,0,1,0,21.0,19.0,0.617
3,0,4,3,2,0,0,0,0,1,3,0,0,1,0,1,0,1,0,1,2,1,0,0,0,0,1,2,0,0,1,0,1,0,18.0,19.0,0.833
4,1,1,2,1,1,0,5,0,0,2,1,2,2,0,1,0,1,1,1,1,1,1,0,1,0,0,2,1,1,1,0,1,0,23.0,13.0,0.59
2,1,0,2,1,1,1,2,1,0,2,0,3,0,0,0,0,1,1,0,1,1,1,1,1,1,0,2,0,1,0,0,0,0,8.0,4.0,0.707
1,0,1,1,1,1,0,2,0,0,2,0,2,0,0,3,0,1,0,1,1,1,1,0,1,0,0,2,0,1,0,0,1,0,14.0,2.0,0.378
4,2,1,3,2,1,0,3,0,1,2,0,2,0,0,2,0,1,1,1,2,1,1,0,1,0,1,1,0,1,0,0,1,0,22.0,25.571,0.754
1,0,0,0,0,0,0,5,1,0,0,4,0,0,0,1,0,1,0,0,0,0,0,0,1,1,0,0,1,0,0,0,1,0,12.0,0.0,0.204
2,0,1,0,3,0,1,0,0,1,2,0,5,0,0,2,0,1,0,1,0,1,0,1,0,0,1,2,0,1,0,0,1,0,17.0,10.0,0.514
0,0,0,2,0,1,0,3,0,3,3,0,2,1,0,4,0,0,0,0,2,0,1,0,1,0,3,3,0,1,1,0,2,0,19.0,29.25,1.298
20,23,9,18,8,14,0,35,0,5,15,6,13,4,0,22,1,1,1,1,3,1,1,0,1,0,2,7,1,1,1,0,1,1,32.0,13.917,0.51
1,1,2,1,0,0,0,2,0,0,0,1,2,0,0,1,0,1,1,1,1,0,0,0,1,0,0,0,1,1,0,0,1,0,11.0,2.0,0.426
2,3,0,1,1,1,0,6,0,1,4,0,1,0,0,2,0,1,1,0,1,1,1,0,1,0,1,2,0,1,0,0,1,0,22.0,15.0,0.603
6,9,5,6,1,3,0,8,0,3,9,8,10,0,0,6,0,1,1,1,2,1,1,0,1,0,2,4,1,1,0,0,1,0,14.8,5.4,0.493
3,1,3,1,0,3,1,5,0,0,2,0,2,1,0,2,0,1,1,1,1,0,1,1,1,0,0,1,0,1,1,0,1,0,8.0,5.333,0.433
3,7,3,2,1,3,0,8,0,2,3,1,6,1,0,5,1,1,1,1,1,1,1,0,1,0,2,3,1,1,1,0,1,1,23.0,10.125,0.73
1,1,2,3,0,3,0,5,0,0,3,1,1,1,0,3,1,1,1,1,2,0,1,0,1,0,0,1,1,1,1,0,1,1,25.0,29.0,0.566
10,8,1,5,3,5,0,13,0,1,5,0,9,2,0,5,0,1,1,1,2,1,1,0,1,0,1,5,0,1,1,0,1,0,22.333,9.0,0.605
32,19,13,20,16,17,0,52,1,12,25,3,36,8,0,39,4,1,1,1,4,1,1,0,1,1,2,7,1,1,1,0,2,1,22.692,11.473,0.494
0,1,0,2,0,0,0,2,0,1,3,1,3,0,0,2,0,0,1,0,1,0,0,0,1,0,1,3,1,1,0,0,1,0,14.0,17.0,0.945
5,4,0,1,1,5,0,7,0,1,2,1,5,0,0,3,1,1,1,0,1,1,1,0,1,0,1,1,1,1,0,0,2,1,35.0,4.0,0.239
3,1,1,3,0,1,0,2,0,0,3,0,2,1,0,1,0,1,1,1,1,0,1,0,1,0,0,2,0,1,1,0,1,0,9.0,4.5,0.5
2,2,0,2,0,2,0,2,1,1,1,0,4,1,0,2,0,1,1,0,1,0,1,0,1,1,1,1,0,1,1,0,1,0,10.0,7.0,0.632
3,2,4,5,1,2,0,7,0,3,5,0,2,2,0,6,0,1,1,1,2,1,1,0,1,0,2,1,0,1,1,0,1,0,14.0,7.667,0.436
4,5,6,5,2,7,1,8,0,5,3,5,4,2,0,6,0,1,1,1,1,1,1,1,1,0,2,3,1,1,1,0,1,0,15.75,11.0,0.535
0,1,2,3,0,0,0,2,3,1,4,3,2,0,1,3,1,0,1,1,3,0,0,0,1,1,1,4,1,1,0,1,1,1,12.5,10.5,0.849
1,2,2,1,0,1,0,1,1,1,1,0,1,1,0,1,0,1,1,1,1,0,1,0,1,1,1,1,0,1,1,0,1,0,14.0,6.0,0.378
1,3,5,1,1,1,0,2,1,0,1,3,3,1,0,3,0,1,1,1,1,1,1,0,1,1,0,1,1,1,1,0,1,0,26.0,8.0,0.416
1,1,2,2,0,1,0,3,0,1,1,0,2,0,0,0,0,1,1,1,1,0,1,0,1,0,1,1,0,1,0,0,0,0,7.0,8.5,0.756
14,13,11,11,5,8,3,20,1,5,13,6,18,4,0,13,3,1,1,1,2,1,1,1,1,1,2,5,1,1,1,0,2,1,16.333,6.778,0.408
0,2,2,2,1,0,1,1,3,1,2,0,2,0,0,3,0,0,1,1,2,1,0,1,1,1,1,2,0,1,0,0,2,0,20.0,18.0,0.791
9,4,6,12,3,6,0,18,1,8,20,0,13,5,2,25,0,1,1,1,4,1,1,0,1,1,2,6,0,1,1,1,3,0,16.125,13.594,0.685
4,5,1,1,1,2,0,6,0,1,1,0,2,0,0,1,1,1,1,1,1,1,1,0,1,0,1,1,0,1,0,0,1,1,13.0,3.5,0.277
24,15,15,24,12,18,0,49,4,15,37,9,33,9,2,43,7,1,1,1,4,1,1,0,1,1,2,7,1,1,1,1,3,1,19.188,12.734,0.484
1,3,0,1,0,2,0,3,0,0,2,0,2,0,0,1,0,1,1,0,1,0,1,0,1,0,0,2,0,1,0,0,1,0,7.5,3.5,0.365
0,0,1,1,0,0,0,2,0,0,1,1,0,0,0,1,4,0,0,1,1,0,0,0,1,0,0,1,1,0,0,0,1,1,11.0,2.0,0.426
0,0,1,0,0,0,0,2,1,0,1,2,3,0,0,1,0,0,0,1,0,0,0,0,1,1,0,1,1,1,0,0,1,0,3.667,0.667,0.426
1,0,0,2,0,1,0,3,0,2,1,1,2,0,0,1,0,1,0,0,1,0,1,0,1,0,2,1,1,1,0,0,1,0,7.0,5.5,0.567
2,0,0,0,0,1,0,2,0,0,3,0,2,0,0,2,0,1,0,0,0,0,1,0,1,0,0,3,0,1,0,0,2,0,6.0,7.5,1.021
2,1,2,3,0,0,0,2,0,1,4,2,6,0,0,3,0,1,1,1,2,0,0,0,1,0,1,2,1,1,0,0,1,0,6.5,5.5,0.693
3,2,1,2,2,2,0,4,1,1,2,0,0,2,0,4,0,1,1,1,2,1,1,0,1,1,1,2,0,0,1,0,1,0,26.0,16.0,0.555
2,2,2,1,0,3,1,2,0,2,4,1,5,2,0,4,0,1,1,1,1,0,1,1,1,0,2,2,1,1,1,0,2,0,31.0,29.0,0.762
3,2,3,6,4,10,0,14,0,1,10,2,9,0,1,11,0,1,1,1,2,1,1,0,1,0,1,4,1,1,0,1,1,0,15.0,7.2,0.49
4,2,9,7,2,2,0,5,2,2,6,2,5,1,0,6,0,1,1,1,3,1,1,0,1,1,2,3,1,1,1,0,1,0,18.333,11.333,0.572
5,8,6,13,4,3,0,8,1,5,11,6,8,2,0,8,1,1,1,1,3,1,1,0,1,1,2,5,1,1,1,0,1,1,17.8,14.6,0.6
8,7,1,3,3,2,0,12,0,1,4,1,10,2,0,5,0,1,1,1,2,1,1,0,1,0,1,3,1,1,1,0,1,0,19.333,4.0,0.464
0,2,0,1,0,2,0,6,0,1,1,2,2,0,0,1,0,0,1,0,1,0,1,0,1,0,1,1,1,1,0,0,1,0,8.5,4.5,0.514
10,12,3,1,4,8,0,20,0,1,0,2,11,4,0,9,10,1,1,1,1,1,1,0,1,0,1,0,1,1,1,0,2,1,95.0,9.0,0.218
0,0,0,1,0,1,0,3,0,0,2,0,3,1,0,1,0,0,0,0,1,0,1,0,1,0,0,1,0,1,1,0,1,0,4.0,2.0,0.612
35,18,7,20,17,16,0,54,1,12,30,15,43,6,1,31,15,1,1,1,4,1,1,0,1,1,2,8,1,1,1,1,2,1,20.8,15.65,0.48
19,24,10,7,4,8,0,42,6,0,7,19,50,1,14,9,5,1,1,1,2,1,1,0,1,1,0,2,1,1,1,1,1,1,22.0,1.9,0.143
7,9,4,2,2,5,0,13,0,2,3,1,7,1,0,10,2,1,1,1,2,1,1,0,1,0,1,3,1,1,1,0,1,1,66.0,20.0,0.522
1,1,1,0,1,1,0,2,0,1,2,4,7,0,0,3,2,1,1,1,0,1,1,0,1,0,1,2,1,1,0,0,1,1,4.167,0.333,0.283
3,3,5,1,1,2,0,9,0,2,4,1,6,2,0,5,1,1,1,1,1,1,1,0,1,0,2,3,1,1,1,0,2,1,11.0,4.25,0.533
0,1,2,0,1,0,0,1,0,0,3,0,2,0,0,3,0,0,1,1,0,1,0,0,1,0,0,3,0,1,0,0,1,0,6.5,6.5,0.588
5,6,2,6,2,2,0,10,0,0,4,0,2,1,0,5,0,1,1,1,3,1,1,0,1,0,0,4,0,1,1,0,2,0,22.5,14.5,0.632
0,3,4,4,1,0,0,1,4,0,4,1,5,2,1,3,0,0,1,1,2,1,0,0,1,1,0,3,1,1,1,1,1,0,32.0,12.0,0.5
0,0,0,1,0,1,0,4,1,0,2,2,1,0,0,1,0,0,0,0,1,0,1,0,1,1,0,2,1,1,0,0,1,0,6.5,3.0,0.784
3,3,2,2,0,3,1,17,3,0,2,0,22,0,0,3,3,1,1,1,2,0,1,1,1,1,0,2,0,1,0,0,2,1,15.25,4.5,0.453
3,4,3,7,4,1,0,10,2,4,8,3,9,1,0,6,0,1,1,1,2,1,1,0,1,1,2,3,1,1,1,0,1,0,16.25,10.25,0.439
2,1,3,2,0,0,0,3,3,0,2,0,1,1,0,1,0,1,1,1,1,0,0,0,1,1,0,2,0,1,1,0,1,0,9.5,4.5,0.649
1,3,2,2,0,3,0,5,0,3,2,3,4,1,0,3,0,1,1,1,1,0,1,0,1,0,2,2,1,1,1,0,2,0,16.0,11.0,0.5
20,28,19,25,12,19,1,42,0,18,41,3,41,2,1,41,2,1,1,1,3,1,1,1,1,0,2,7,1,1,1,1,2,1,15.65,10.6,0.4
26,26,13,26,5,26,3,54,2,11,28,6,32,7,0,47,0,1,1,1,2,1,1,1,1,1,2,7,1,1,1,0,2,0,14.227,5.227,0.4
0,2,1,0,0,1,0,2,0,0,2,3,0,0,0,2,0,0,1,1,0,0,1,0,1,0,0,1,1,0,0,0,1,0,13.0,0.0,0.196
0,1,0,2,1,2,0,3,0,0,3,2,2,1,0,1,1,0,1,0,1,1,1,0,1,0,0,2,1,1,1,0,1,1,18.0,6.0,0.5
5,4,4,3,2,5,0,13,0,1,1,0,5,1,0,4,1,1,1,1,2,1,1,0,1,0,1,1,0,1,1,0,1,1,49.0,14.0,0.404
2,8,6,1,4,4,0,17,2,2,10,0,8,1,1,13,1,1,1,1,1,1,1,0,1,1,2,3,0,1,1,1,2,1,19.75,6.75,0.398
1,0,0,0,0,0,0,6,1,0,0,4,4,1,0,0,0,1,0,0,0,0,0,0,1,1,0,0,1,1,1,0,0,0,18.0,0.0,0.167
2,4,2,5,1,4,0,7,1,1,5,1,4,0,0,4,0,1,1,1,3,1,1,0,1,1,1,4,1,1,0,0,1,0,13.667,7.0,0.663
5,10,7,11,8,2,1,6,8,7,14,4,16,0,0,14,4,1,1,1,3,1,1,1,1,1,2,5,1,1,0,0,2,1,16.714,11.714,0.523
4,3,5,5,3,4,0,11,2,3,6,5,14,2,1,7,0,1,1,1,2,1,1,0,1,1,1,3,1,1,1,1,1,0,18.5,8.75,0.411
0,3,1,0,1,1,1,1,0,1,4,0,2,0,0,5,0,0,1,1,0,1,1,1,1,0,1,3,0,1,0,0,1,0,10.5,8.0,0.463
0,3,0,3,1,2,0,6,1,0,4,0,2,0,0,2,0,0,1,0,1,1,1,0,1,1,0,3,0,1,0,0,1,0,12.0,6.0,0.577
2,4,0,3,1,2,0,9,0,1,4,0,6,1,0,5,0,1,1,0,2,1,1,0,1,0,1,3,0,1,1,0,1,0,38.0,19.0,0.574
4,4,4,2,0,2,1,6,1,2,7,0,2,0,1,5,0,1,1,1,2,0,1,1,1,1,2,5,0,1,0,1,1,0,20.0,16.0,0.783
0,4,2,1,1,4,0,6,2,0,1,4,2,0,1,2,0,0,1,1,1,1,1,0,1,1,0,1,1,1,0,1,1,0,29.0,4.0,0.394
6,2,4,7,1,4,0,11,0,2,3,5,4,1,0,3,0,1,1,1,3,1,1,0,1,0,2,3,1,1,1,0,2,0,13.25,8.643,0.777
2,3,0,1,0,0,0,1,0,0,0,2,2,0,0,1,0,1,1,0,1,0,0,0,1,0,0,0,1,1,0,0,1,0,12.0,0.0,0.204
5,4,1,0,1,1,0,6,1,0,2,0,3,1,0,3,0,1,1,1,0,1,1,0,1,1,0,2,0,1,1,0,1,0,9.333,1.667,0.401
3,4,0,2,0,2,0,3,3,0,3,0,3,1,1,1,0,1,1,0,1,0,1,0,1,1,0,2,0,1,1,1,1,0,12.5,4.0,0.424
3,2,3,3,3,2,0,6,4,2,6,2,7,0,0,5,1,1,1,1,2,1,1,0,1,1,1,4,1,1,0,0,2,1,9.6,8.0,0.816
3,0,2,3,1,1,0,4,2,0,2,3,4,1,1,4,0,1,0,1,2,1,1,0,1,1,0,2,1,1,1,1,1,0,15.0,3.0,0.387
1,1,0,3,1,1,1,4,0,2,10,0,1,1,0,6,0,1,1,0,2,1,1,1,1,0,1,7,0,1,1,0,2,0,16.0,26.0,1.25
0,1,3,2,1,2,0,2,2,0,5,1,3,1,0,4,0,0,1,1,1,1,1,0,1,1,0,3,1,1,1,0,2,0,27.0,13.0,0.68
0,2,0,1,0,0,0,2,0,0,0,1,2,1,0,2,0,0,1,0,1,0,0,0,1,0,0,0,1,1,1,0,1,0,11.0,5.0,0.426
3,0,2,4,2,1,0,1,1,2,6,1,3,2,0,4,0,1,0,1,2,1,1,0,1,1,2,5,1,1,1,0,1,0,16.0,15.0,0.875
14,15,16,10,3,12,2,24,1,4,16,8,34,5,4,18,2,1,1,1,3,1,1,1,1,1,1,6,1,1,1,1,2,1,20.444,7.0,0.417
1,6,0,1,2,2,0,2,0,0,2,5,1,0,0,1,0,1,1,0,1,1,1,0,1,0,0,2,1,1,0,0,1,0,23.0,14.0,0.737
1,1,0,1,0,0,0,2,0,0,2,0,2,1,0,1,0,1,1,0,1,0,0,0,1,0,0,2,0,1,1,0,1,0,11.0,6.0,0.853
1,1,0,0,0,0,0,3,0,0,0,0,1,0,0,3,2,1,1,0,0,0,0,0,1,0,0,0,0,1,0,0,2,1,11.0,7.0,0.426
10,16,6,8,5,14,1,30,0,3,9,2,13,3,1,12,1,1,1,1,2,1,1,1,1,0,2,4,1,1,1,1,3,1,33.25,9.5,0.429
2,1,1,1,1,1,0,5,0,0,1,0,1,0,0,1,0,1,1,1,1,1,1,0,1,0,0,1,0,1,0,0,1,0,15.0,4.0,0.548
4,2,6,2,3,2,0,2,1,2,5,1,5,0,0,6,0,1,1,1,2,1,1,0,1,1,1,2,1,1,0,0,2,0,13.667,12.333,0.773
9,16,9,11,2,16,1,31,0,2,8,11,21,10,0,16,3,1,1,1,3,1,1,1,1,0,1,5,1,1,1,0,1,1,23.714,6.571,0.384
0,0,2,0,0,0,0,1,0,0,0,6,5,0,0,1,3,0,0,1,0,0,0,0,1,0,0,0,1,1,0,0,1,1,18.0,0.0,0.167
1,3,4,2,1,1,0,4,0,4,9,5,4,3,0,10,0,1,1,1,1,1,1,0,1,0,2,4,1,1,1,0,1,0,12.75,6.75,0.594
0,1,3,0,2,0,0,1,0,0,2,5,3,0,0,2,0,0,1,1,0,1,0,0,1,0,0,1,1,1,0,0,1,0,19.0,4.0,0.324
2,1,3,1,1,2,0,3,0,0,3,1,2,0,0,2,1,1,1,1,1,1,1,0,1,0,0,2,1,1,0,0,1,1,11.0,5.0,0.603
0,3,3,2,1,1,0,1,2,0,2,2,2,0,0,2,0,0,1,1,1,1,1,0,1,1,0,2,1,1,0,0,1,0,21.0,8.0,0.617
3,4,2,2,1,1,0,4,1,0,4,2,3,1,1,2,0,1,1,1,1,1,1,0,1,1,0,3,1,1,1,1,1,0,30.0,8.0,0.516
3,1,1,0,2,3,0,8,0,1,5,0,2,0,0,4,0,1,1,1,0,1,1,0,1,0,1,3,0,1,0,0,2,0,30.0,15.0,0.645
2,0,0,0,2,0,0,2,0,0,2,4,4,0,0,2,1,1,0,0,0,1,0,0,1,0,0,2,1,1,0,0,1,1,9.5,2.0,0.487
3,2,2,0,1,3,0,5,0,0,4,0,3,1,0,3,0,1,1,1,0,1,1,0,1,0,0,2,0,1,1,0,2,0,27.0,14.0,0.544
4,1,3,3,1,1,0,6,0,1,1,0,5,0,0,1,0,1,1,1,3,1,1,0,1,0,1,1,0,1,0,0,1,0,6.75,4.643,0.68
0,0,4,1,1,1,0,3,0,0,6,3,6,1,0,4,0,0,0,1,1,1,1,0,1,0,0,2,1,1,1,0,2,0,6.0,4.8,0.645
1,1,0,2,0,2,0,4,0,0,1,0,1,1,1,0,0,1,1,0,1,0,1,0,1,0,0,1,0,0,1,1,0,0,13.0,7.0,0.588
2,0,2,1,1,1,0,3,0,2,2,1,1,1,0,4,0,1,0,1,1,1,1,0,1,0,2,1,1,1,1,0,1,0,21.0,11.0,0.463
1,2,4,1,2,0,0,1,2,1,3,0,1,0,0,1,0,1,1,1,1,1,0,0,1,1,1,2,0,1,0,0,1,0,19.0,17.0,0.811
5,7,5,7,3,9,0,15,3,2,13,4,11,1,0,9,1,1,1,1,3,1,1,0,1,1,1,4,1,1,1,0,3,1,19.0,13.6,0.653
1,0,0,1,1,1,0,3,0,0,1,1,1,0,0,1,0,1,0,0,1,1,1,0,1,0,0,1,1,1,0,0,1,0,11.0,2.0,0.426
0,1,0,0,0,0,0,3,9,0,0,13,24,0,0,1,5,0,1,0,0,0,0,0,1,1,0,0,1,1,0,0,1,1,50.0,0.0,0.1
2,2,1,1,0,0,0,1,2,0,3,0,1,1,0,1,0,1,1,1,1,0,0,0,1,1,0,2,0,1,1,0,1,0,15.0,15.0,0.913
3,2,1,3,0,2,0,4,1,1,4,6,7,1,2,1,1,1,1,1,2,0,1,0,1,1,1,2,1,1,1,1,1,1,18.5,12.0,0.697
6,12,2,6,2,10,0,38,13,0,3,25,50,0,14,9,7,1,1,1,2,1,1,0,1,1,0,2,1,1,0,1,1,1,21.333,1.222,0.153
17,15,8,7,6,13,1,40,3,1,5,1,16,5,1,18,3,1,1,1,3,1,1,1,1,1,1,3,1,1,1,1,2,1,31.8,10.8,0.28
10,10,3,14,5,14,0,35,1,6,13,1,18,5,1,11,0,1,1,1,4,1,1,0,1,1,2,5,1,1,1,1,2,0,24.5,17.262,0.525
1,2,1,1,0,0,0,6,0,0,1,0,0,1,0,3,0,1,1,1,1,0,0,0,1,0,0,1,0,0,1,0,1,0,16.0,8.0,0.53
0,0,0,0,0,0,0,4,10,0,0,4,9,0,4,1,4,0,0,0,0,0,0,0,1,1,0,0,1,1,0,1,1,1,32.0,0.0,0.125
1,4,5,3,2,3,1,8,0,1,2,1,8,0,2,4,0,1,1,1,2,1,1,1,1,0,1,2,1,1,0,1,1,0,21.5,7.0,0.431
2,0,1,1,0,0,0,0,0,1,3,0,3,0,0,2,0,1,0,1,1,0,0,0,0,0,1,2,0,1,0,0,1,0,6.5,3.0,0.588
5,2,4,3,3,4,0,7,0,1,2,2,4,1,2,3,0,1,1,1,2,1,1,0,1,0,1,1,1,1,1,1,1,0,21.5,5.5,0.323
1,2,0,1,1,1,0,2,0,2,3,0,2,0,0,3,0,1,1,0,1,1,1,0,1,0,2,3,0,1,0,0,1,0,18.0,19.0,0.833
4,5,9,5,3,6,0,8,0,3,14,1,5,4,0,11,0,1,1,1,1,1,1,0,1,0,2,6,1,1,1,0,1,0,26.0,15.0,0.641
16,18,8,5,8,14,0,37,20,1,3,33,43,1,5,4,24,1,1,1,1,1,1,0,1,1,1,3,1,1,1,1,2,1,46.8,6.4,0.277
3,2,1,2,0,2,1,4,1,0,5,1,2,1,0,1,0,1,1,1,1,0,1,1,1,1,0,4,1,1,1,0,1,0,26.0,15.0,0.832
19,39,20,21,11,27,1,70,3,6,26,15,57,8,6,24,1,1,1,1,3,1,1,1,1,1,2,7,1,1,1,1,1,1,31.636,11.636,0.379
13,11,9,5,4,8,0,20,3,0,21,1,6,3,0,16,1,1,1,1,2,1,1,0,1,1,0,4,1,1,1,0,4,1,17.286,13.0,0.514
2,5,2,2,1,4,1,11,0,5,8,6,8,0,0,10,3,1,1,1,2,1,1,1,1,0,2,4,1,1,0,0,2,1,8.5,5.5,0.514
3,2,1,0,1,0,0,8,10,2,4,10,3,1,1,4,6,1,1,1,0,1,0,0,1,1,1,2,1,1,1,1,2,1,13.75,3.0,0.381
7,3,1,2,0,2,0,6,6,0,3,18,12,0,0,2,6,1,1,1,1,0,1,0,1,1,0,2,1,1,0,0,1,1,22.667,3.333,0.343
6,5,6,1,1,0,0,5,5,4,3,4,9,0,0,6,1,1,1,1,1,1,0,0,1,1,1,2,1,1,0,0,1,1,28.0,5.0,0.283
1,1,1,0,1,0,0,1,0,1,1,6,3,0,0,2,0,1,1,1,0,1,0,0,1,0,1,1,1,1,0,0,1,0,18.0,2.0,0.333
3,3,7,3,3,2,0,8,0,2,11,0,7,1,0,8,0,1,1,1,1,1,1,0,1,0,1,3,0,1,1,0,1,0,11.6,6.6,0.464
0,0,1,1,0,1,1,1,0,1,1,0,2,0,0,2,0,0,0,1,1,0,1,1,1,0,1,1,0,1,0,0,1,0,5.5,7.0,0.853
2,1,2,0,1,3,0,3,0,1,2,4,2,0,0,4,0,1,1,1,0,1,1,0,1,0,1,2,1,1,0,0,2,0,12.5,4.0,0.566
2,5,8,7,4,2,0,6,1,3,10,0,3,2,0,11,0,1,1,1,2,1,1,0,1,1,1,4,0,1,1,0,1,0,21.333,16.0,0.53
22,11,2,11,6,24,1,46,18,0,19,16,19,1,0,13,0,1,1,1,1,1,1,1,1,1,0,4,1,1,1,0,3,0,17.417,8.083,0.391
1,3,1,0,1,0,0,4,0,0,0,2,2,0,0,3,1,1,1,1,0,1,0,0,1,0,0,0,1,1,0,0,1,1,17.0,0.0,0.171
3,2,1,2,3,0,0,12,1,2,3,0,6,1,0,3,0,1,1,1,1,1,0,0,1,1,2,3,0,1,1,0,1,0,12.667,5.0,0.574
0,1,1,0,0,1,1,2,2,0,1,0,2,0,0,3,0,0,1,1,0,0,1,1,1,1,0,1,0,1,0,0,1,0,14.0,2.0,0.378
3,6,5,4,2,6,0,11,0,1,16,0,7,2,0,11,1,1,1,1,2,1,1,0,1,0,1,6,0,1,1,0,2,1,18.75,14.0,0.653
2,7,6,4,0,5,0,10,0,4,11,0,9,4,0,11,1,1,1,1,2,0,1,0,1,0,2,3,0,1,1,0,2,1,18.0,14.25,0.583
0,0,5,1,1,0,0,3,0,2,3,0,1,2,0,7,0,0,0,1,1,1,0,0,1,0,1,3,0,1,1,0,2,0,25.0,21.0,0.849
0,1,0,1,0,2,2,4,0,0,2,0,2,0,0,2,0,0,1,0,1,0,1,1,1,0,0,2,0,1,0,0,1,0,16.0,6.0,0.707
0,0,0,1,1,0,0,2,1,2,2,2,0,1,0,1,0,0,0,0,1,1,0,0,1,1,2,1,1,0,1,0,1,0,13.0,21.0,0.784
2,3,2,1,0,2,0,5,2,1,1,0,4,2,0,4,1,1,1,1,1,0,1,0,1,1,1,1,0,1,1,0,2,1,30.0,12.0,0.516
6,4,6,7,1,4,1,12,2,4,15,0,8,2,1,6,0,1,1,1,2,1,1,1,1,1,2,6,0,1,1,1,2,0,15.6,14.4,0.801
1,2,1,0,1,3,0,2,4,0,0,2,2,0,0,1,0,1,1,1,0,1,1,0,1,1,0,0,1,1,0,0,1,0,9.5,1.5,0.324
3,2,0,3,1,1,0,4,6,2,4,1,9,0,3,2,0,1,1,0,1,1,1,0,1,1,1,3,1,1,0,1,1,0,19.0,2.0,0.344
1,0,0,0,1,1,0,5,0,0,1,3,4,0,0,1,0,1,0,0,0,1,1,0,1,0,0,1,1,1,0,0,1,0,17.0,2.0,0.343
6,5,5,4,0,2,0,9,0,2,7,0,12,1,0,6,4,1,1,1,2,0,1,0,1,0,2,4,0,1,1,0,2,1,16.5,8.25,0.696
4,7,3,5,1,6,0,12,0,2,5,2,8,0,0,7,0,1,1,1,3,1,1,0,1,0,1,3,1,1,0,0,1,0,31.0,9.286,0.449
3,0,3,1,1,0,0,7,2,0,3,4,2,1,0,2,0,1,0,1,1,1,0,0,1,1,0,2,1,1,1,0,1,0,9.667,2.0,0.263
0,3,1,2,1,1,0,3,2,1,2,1,1,0,0,1,0,0,1,1,2,1,1,0,1,1,1,2,1,1,0,0,1,0,19.0,13.0,0.811
0,2,0,0,2,2,0,5,0,0,1,0,1,0,0,2,0,0,1,0,0,1,1,0,1,0,0,1,0,1,0,0,1,0,15.0,3.0,0.365
1,1,1,1,1,1,1,3,0,1,3,5,3,0,1,5,0,1,1,1,1,1,1,1,1,0,1,3,1,1,0,1,1,0,13.5,7.0,0.68
4,5,6,3,2,1,0,4,0,4,3,0,1,1,0,6,0,1,1,1,2,1,1,0,1,0,2,1,0,1,1,0,2,0,13.333,8.0,0.559
3,3,1,0,2,1,0,10,0,0,6,1,4,0,0,7,0,1,1,1,0,1,1,0,1,0,0,3,1,1,0,0,1,0,19.0,7.0,0.459
5,5,4,3,1,4,0,7,0,1,5,0,6,1,1,2,0,1,1,1,1,1,1,0,1,0,1,3,0,1,1,1,1,0,14.667,11.0,0.533
3,0,0,0,0,1,0,3,0,2,1,0,2,0,0,2,0,1,0,0,0,0,1,0,1,0,2,1,0,1,0,0,2,0,7.0,4.5,0.567
1,3,2,4,2,3,0,5,1,1,4,2,2,2,0,3,0,1,1,1,2,1,1,0,1,1,1,3,1,1,1,0,1,0,35.0,19.8,0.598
4,5,3,5,1,6,0,9,0,1,4,1,5,1,0,5,0,1,1,1,2,1,1,0,1,0,1,3,1,1,1,0,1,0,16.667,7.667,0.5
1,1,3,4,0,1,0,1,0,1,4,2,2,1,0,2,0,1,1,1,2,0,1,0,1,0,1,4,1,1,1,0,1,0,23.0,18.0,0.885
1,1,0,3,1,0,0,2,0,0,2,1,2,1,0,0,1,1,1,0,1,1,0,0,1,0,0,2,1,1,1,0,0,1,14.0,12.0,0.567
1,1,1,1,1,1,0,2,0,1,1,0,1,0,0,2,0,1,1,1,1,1,1,0,1,0,1,1,0,0,0,0,1,0,12.0,14.0,0.612
1,1,1,2,0,2,0,2,0,1,3,2,1,0,0,4,0,1,1,1,2,0,1,0,1,0,1,2,1,1,0,0,1,0,20.0,6.0,0.474
1,2,4,1,2,2,0,4,1,2,5,3,3,2,0,3,0,1,1,1,1,1,1,0,1,1,1,3,1,1,1,0,1,0,35.0,10.0,0.478
0,3,2,1,2,2,0,4,0,2,2,2,2,2,0,4,0,0,1,1,1,1,1,0,1,0,1,2,1,1,1,0,1,0,14.0,10.5,0.668
2,3,1,0,0,4,0,3,1,0,3,1,2,0,0,3,0,1,1,1,0,0,1,0,1,1,0,2,1,1,0,0,2,0,11.5,7.5,0.59
2,4,3,3,4,4,0,4,3,4,14,7,4,2,0,9,0,1,1,1,2,1,1,0,1,1,2,5,1,1,1,0,2,0,33.5,24.0,0.691
2,1,2,3,0,0,0,1,3,2,2,2,3,0,1,1,0,1,1,1,2,0,0,0,1,1,1,2,1,1,0,1,1,0,11.0,11.5,0.754
4,4,6,6,0,6,0,13,0,2,8,3,6,5,0,9,0,1,1,1,2,0,1,0,1,0,1,4,1,1,1,0,2,0,36.0,17.5,0.583
3,1,0,1,0,1,0,4,0,2,3,1,1,0,0,3,0,1,1,0,1,0,1,0,1,0,1,2,1,1,0,0,2,0,20.0,6.0,0.474
3,4,1,3,2,4,1,14,4,1,5,18,25,1,2,7,1,1,1,1,2,1,1,1,1,1,1,3,1,1,1,1,2,1,94.0,21.0,0.365
1,0,3,0,0,1,0,1,0,0,1,2,1,0,0,1,0,1,0,1,0,0,1,0,1,0,0,1,1,1,0,0,1,0,5.5,1.0,0.426
1,7,4,1,3,2,0,8,0,1,15,4,9,1,0,9,0,1,1,1,1,1,1,0,1,0,1,5,1,1,1,0,2,0,16.25,13.75,0.789
7,6,2,6,3,8,0,16,2,5,10,4,8,2,0,11,2,1,1,1,2,1,1,0,1,1,1,6,1,1,1,0,1,1,30.667,13.667,0.516
2,0,1,2,0,1,1,1,0,3,1,0,2,0,0,1,0,1,0,1,1,0,1,1,1,0,2,1,0,1,0,0,1,0,15.0,20.0,0.548
1,0,1,1,0,2,0,3,0,1,3,3,2,0,0,1,0,1,0,1,1,0,1,0,1,0,1,3,1,1,0,0,1,0,9.0,4.5,0.833
3,1,1,2,1,3,0,3,1,1,5,0,3,0,0,4,0,1,1,1,2,1,1,0,1,1,1,2,0,1,0,0,2,0,7.0,5.5,0.668
1,0,4,0,2,0,0,1,1,0,1,2,2,1,0,1,0,1,0,1,0,1,0,0,1,1,0,1,1,1,1,0,1,0,16.0,2.0,0.354
1,2,0,0,0,1,0,3,1,0,3,2,0,1,0,2,0,1,1,0,0,0,1,0,1,1,0,3,1,0,1,0,2,0,16.0,15.0,0.884
1,2,0,0,0,3,0,5,0,0,1,0,1,0,0,1,0,1,1,0,0,0,1,0,1,0,0,1,0,1,0,0,1,0,14.0,0.0,0.189
1,3,1,1,0,1,0,23,2,0,1,9,24,0,13,4,2,1,1,1,1,0,1,0,1,1,0,1,1,1,0,1,1,1,76.0,4.0,0.243
3,2,2,1,1,1,0,24,3,3,8,16,32,0,14,9,5,1,1,1,1,1,1,0,1,1,2,4,1,1,0,1,2,1,30.75,7.893,0.446
0,1,1,1,0,2,0,3,0,0,2,3,5,1,0,3,1,0,1,1,1,0,1,0,1,0,0,2,1,1,1,0,2,1,11.0,7.5,0.603
2,3,1,4,2,4,0,6,0,0,3,0,5,1,0,6,0,1,1,1,2,1,1,0,1,0,0,2,0,1,1,0,1,0,12.333,4.333,0.465
2,5,1,3,1,3,0,6,0,1,8,1,3,1,0,4,1,1,1,1,2,1,1,0,1,0,1,4,1,1,1,0,1,1,13.333,8.333,0.559
2,1,1,3,1,4,0,6,1,2,6,1,2,3,1,8,1,1,1,1,2,1,1,0,1,1,1,3,1,1,1,1,1,1,21.5,10.0,0.539
3,1,3,3,1,0,0,5,0,0,3,1,4,0,0,2,0,1,1,1,2,1,0,0,1,0,0,3,1,1,0,0,2,0,8.667,10.524,0.971
5,3,1,5,1,4,0,10,0,2,2,1,4,1,0,4,0,1,1,1,2,1,1,0,1,0,2,1,1,1,1,0,2,0,10.75,4.25,0.323
5,3,1,8,3,6,1,15,0,0,7,0,17,4,0,10,0,1,1,1,2,1,1,1,1,0,0,3,0,1,1,0,2,0,20.0,8.25,0.395
0,1,1,2,0,0,0,3,0,1,2,8,2,0,0,2,1,0,1,1,1,0,0,0,1,0,1,2,1,1,0,0,1,1,5.75,3.0,0.59
2,3,1,4,1,4,0,4,1,1,4,2,4,0,0,2,0,1,1,1,2,1,1,0,1,1,1,2,1,1,0,0,1,0,16.5,9.5,0.492
1,0,0,1,1,1,2,2,0,0,2,1,2,1,0,1,1,1,0,0,1,1,1,1,1,0,0,1,1,1,1,0,1,1,7.5,7.0,0.548
0,3,3,2,0,3,0,3,0,1,2,0,2,0,0,3,0,0,1,1,2,0,1,0,1,0,1,2,0,1,0,0,1,0,22.0,19.0,0.905
0,1,2,4,2,2,0,4,0,2,4,1,7,1,0,5,0,0,1,1,3,1,1,0,1,0,1,2,1,1,1,0,1,0,17.5,16.0,0.598
5,5,3,3,2,5,0,8,1,0,5,0,6,1,0,4,1,1,1,1,3,1,1,0,1,1,0,3,0,1,1,0,1,1,16.333,5.667,0.505
2,5,2,1,0,2,0,6,1,0,2,1,3,0,0,2,0,1,1,1,1,0,1,0,1,1,0,2,1,1,0,0,1,0,13.5,3.0,0.544
2,4,2,1,1,4,0,10,0,1,3,1,3,0,0,3,0,1,1,1,1,1,1,0,1,0,1,2,1,1,0,0,1,0,11.667,1.333,0.359
0,1,1,0,0,0,0,1,1,1,3,0,3,0,0,2,0,0,1,1,0,0,0,0,1,1,1,2,0,1,0,0,1,0,6.5,4.5,0.588
0,4,4,4,1,3,0,9,10,0,1,5,8,2,4,2,1,0,1,1,2,1,1,0,1,1,0,1,1,1,1,1,1,1,27.0,2.0,0.289
2,1,0,1,1,2,0,2,0,1,2,3,0,2,0,4,0,1,1,0,1,1,1,0,1,0,1,2,1,0,1,0,1,0,21.0,10.0,0.617
1,0,0,1,1,1,1,1,0,0,2,0,1,1,0,2,1,1,0,0,1,1,1,1,1,0,0,2,0,1,1,0,1,1,6.5,4.5,0.784
1,2,0,1,0,2,0,2,0,0,2,0,1,0,0,1,0,1,1,0,1,0,1,0,1,0,0,2,0,1,0,0,1,0,12.0,8.0,0.816
14,8,7,8,1,16,0,28,0,1,15,0,11,3,0,13,1,1,1,1,2,1,1,0,1,0,1,4,0,1,1,0,2,1,15.75,4.375,0.315
3,2,0,1,0,2,0,4,2,1,1,0,0,0,0,1,1,1,1,0,1,0,1,0,1,1,1,1,0,0,0,0,1,1,18.0,5.0,0.5
1,0,0,2,1,1,0,1,2,0,2,1,0,0,0,0,0,1,0,0,1,1,1,0,1,1,0,2,1,0,0,0,0,0,11.0,9.0,0.853
1,4,3,5,2,2,0,2,1,1,5,7,13,1,0,5,0,1,1,1,3,1,1,0,1,1,1,3,1,1,1,0,1,0,12.0,5.938,0.612
0,0,0,0,1,1,0,4,0,0,2,2,3,1,0,2,1,0,0,0,0,1,1,0,1,0,0,2,1,1,1,0,1,1,15.0,6.0,0.548
6,5,5,5,2,5,0,14,0,0,12,7,9,0,0,9,0,1,1,1,1,1,1,0,1,0,0,4,1,1,0,0,2,0,13.167,9.0,0.557
0,3,0,2,1,3,0,6,0,0,3,0,4,0,0,2,0,0,1,0,1,1,1,0,1,0,0,3,0,1,0,0,2,0,12.0,9.0,0.722
5,13,2,10,3,7,0,13,0,5,15,0,8,5,0,14,1,1,1,1,3,1,1,0,1,0,2,6,0,1,1,0,1,1,25.25,15.5,0.633
2,0,0,2,2,0,0,2,0,2,1,2,5,0,0,2,0,1,0,0,2,1,0,0,1,0,1,1,1,1,0,0,1,0,10.0,12.0,0.791
2,1,0,2,0,0,0,3,1,1,1,0,4,0,0,0,1,1,1,0,1,0,0,0,1,1,1,1,0,1,0,0,0,1,5.333,3.667,0.53
0,0,2,2,2,2,0,2,0,0,3,4,4,1,0,2,0,0,0,1,2,1,1,0,1,0,0,3,1,1,1,0,1,0,12.0,8.25,0.722
3,5,0,1,0,3,0,5,0,1,4,0,5,1,0,4,0,1,1,0,1,0,1,0,1,0,1,3,0,1,1,0,1,0,16.0,8.5,0.625
3,10,6,6,2,2,0,12,0,2,8,0,12,1,1,6,4,1,1,1,2,1,1,0,1,0,1,5,0,1,1,1,1,1,9.75,5.625,0.56
2,4,2,4,0,1,1,6,0,0,6,2,5,0,1,3,0,1,1,1,3,0,1,1,1,0,0,3,1,1,0,1,1,0,12.0,5.667,0.589
1,3,0,0,1,2,0,1,1,0,2,3,3,0,0,1,1,1,1,0,0,1,1,0,1,1,0,2,1,1,0,0,1,1,9.5,1.0,0.324
1,5,7,3,3,3,0,7,3,1,9,0,5,1,0,8,0,1,1,1,2,1,1,0,1,1,1,4,0,1,1,0,1,0,11.2,5.8,0.567
2,0,1,2,2,0,0,3,0,2,1,2,1,3,0,1,0,1,0,1,1,1,0,0,1,0,1,1,1,1,1,0,1,0,10.0,12.5,0.632
0,1,1,0,0,0,0,2,0,1,1,0,2,1,0,3,1,0,1,1,0,0,0,0,1,0,1,1,0,1,1,0,1,1,13.0,2.0,0.392
1,3,6,4,1,2,0,2,5,2,4,0,5,0,0,5,1,1,1,1,3,1,1,0,1,1,2,2,0,1,0,0,1,1,20.0,13.25,0.671
1,3,0,9,1,4,1,7,0,3,11,2,9,2,0,10,0,1,1,0,3,1,1,1,1,0,2,5,1,1,1,0,2,0,63.0,57.75,0.802
2,2,1,1,0,2,0,6,0,0,2,1,0,1,0,1,0,1,1,1,1,0,1,0,1,0,0,2,1,0,1,0,1,0,19.0,6.0,0.649
0,1,1,0,0,1,0,4,0,0,1,0,2,0,0,1,0,0,1,1,0,0,1,0,1,0,0,1,0,1,0,0,1,0,11.0,0.0,0.213
6,8,9,8,2,5,0,11,1,4,20,0,8,4,0,14,3,1,1,1,4,1,1,0,1,1,2,7,0,1,1,0,1,1,25.75,18.25,0.766
9,13,10,14,4,5,1,18,0,6,14,0,11,4,0,25,3,1,1,1,5,1,1,1,1,0,2,5,0,1,1,0,2,1,34.25,26.393,0.604
0,0,0,0,0,0,0,2,0,0,1,2,3,0,1,1,2,0,0,0,0,0,0,0,1,0,0,1,1,1,0,1,1,1,5.5,0.0,0.213
2,1,3,1,0,1,0,6,0,2,6,0,3,1,0,9,1,1,1,1,1,0,1,0,1,0,1,4,0,1,1,0,2,1,18.0,11.5,0.589
14,17,15,11,5,10,1,25,2,5,20,3,28,2,0,14,1,1,1,1,4,1,1,1,1,1,1,6,1,1,1,0,2,1,19.111,11.861,0.539
4,9,1,3,2,9,1,49,5,1,6,16,54,0,27,9,5,1,1,1,1,1,1,1,1,1,1,4,1,1,0,1,1,1,17.7,1.7,0.266
4,2,0,4,4,2,0,9,0,0,1,0,4,2,0,3,0,1,1,0,2,1,1,0,1,0,0,1,0,1,1,0,2,0,17.5,3.0,0.239
0,1,0,2,0,1,0,2,2,0,1,1,2,1,1,0,0,0,1,0,1,0,1,0,1,1,0,1,1,1,1,1,0,0,13.0,6.0,0.588
1,5,4,1,2,3,0,9,0,0,10,0,6,0,0,8,1,1,1,1,1,1,1,0,1,0,0,5,0,1,0,0,2,1,25.0,13.5,0.7
4,3,2,4,1,3,0,8,3,2,3,0,5,2,2,6,0,1,1,1,2,1,1,0,1,1,2,2,0,1,1,1,1,0,11.75,6.188,0.516
2,0,0,2,1,1,0,4,1,0,3,0,3,0,0,0,0,1,0,0,1,1,1,0,1,1,0,3,0,1,0,0,0,0,8.5,5.5,0.686
1,1,1,1,1,1,0,1,0,0,2,3,0,0,0,1,1,1,1,1,1,1,1,0,1,0,0,2,1,0,0,0,1,1,14.0,7.0,0.378
2,5,2,3,2,5,0,5,10,3,7,3,8,2,3,10,0,1,1,1,3,1,1,0,1,1,1,2,1,1,1,1,2,0,16.75,8.375,0.518
2,1,4,0,1,1,0,3,0,1,1,3,6,0,0,2,1,1,1,1,0,1,1,0,1,0,1,1,1,1,0,0,1,1,12.5,2.0,0.283
2,2,3,5,0,4,0,4,0,2,6,0,4,0,0,2,0,1,1,1,3,0,1,0,1,0,2,3,0,1,0,0,1,0,11.333,9.333,0.728
1,2,1,3,1,0,0,0,1,1,5,0,1,0,0,4,0,1,1,1,2,1,0,0,0,1,1,2,0,1,0,0,1,0,20.0,19.0,0.632
5,5,1,4,2,4,0,8,0,1,5,4,10,2,0,6,2,1,1,1,2,1,1,0,1,0,1,3,1,1,1,0,1,1,29.0,11.0,0.464
3,2,1,1,0,2,0,3,0,1,3,0,1,1,0,4,0,1,1,1,1,0,1,0,1,0,1,3,0,1,1,0,1,0,22.0,5.0,0.452
3,3,1,3,0,4,1,3,0,0,3,0,2,1,0,2,0,1,1,1,2,0,1,1,1,0,0,3,0,1,1,0,1,0,13.0,4.5,0.555
4,5,3,3,0,4,0,10,0,2,4,3,4,1,0,9,0,1,1,1,1,0,1,0,1,0,1,4,1,1,1,0,1,0,10.4,3.0,0.49
7,10,6,9,2,8,1,16,0,7,9,1,12,2,0,14,1,1,1,1,4,1,1,1,1,0,2,4,1,1,1,0,2,1,21.0,18.8,0.621
3,0,2,3,0,1,0,2,1,0,4,4,5,0,0,1,0,1,0,1,2,0,1,0,1,1,0,3,1,1,0,0,1,0,26.0,20.0,0.832
2,6,3,3,2,3,0,7,0,0,6,0,5,2,0,4,0,1,1,1,2,1,1,0,1,0,0,4,0,1,1,0,1,0,10.75,4.5,0.647
0,2,0,0,1,0,0,0,2,0,2,1,1,0,0,3,0,0,1,0,0,1,0,0,0,1,0,2,1,1,0,0,1,0,12.0,5.0,0.612
9,10,6,8,5,7,1,22,7,4,10,0,17,2,2,12,1,1,1,1,3,1,1,1,1,1,2,3,0,1,1,1,2,1,24.2,10.55,0.45
2,2,5,2,1,3,0,4,0,2,5,1,1,0,0,5,0,1,1,1,2,1,1,0,1,0,2,4,1,1,0,0,1,0,33.0,20.0,0.739
0,2,1,0,0,1,0,2,1,0,4,2,1,0,0,4,0,0,1,1,0,0,1,0,1,1,0,3,1,1,0,0,1,0,18.0,15.0,0.667
0,4,0,3,3,1,0,4,0,2,7,4,6,0,0,5,0,0,1,0,3,1,1,0,1,0,1,4,1,1,0,0,2,0,12.667,20.19,0.918
2,4,2,0,0,3,0,5,0,0,2,1,2,0,0,2,0,1,1,1,0,0,1,0,1,0,0,2,1,1,0,0,1,0,11.5,1.0,0.295
2,1,2,0,1,0,0,3,0,1,0,2,5,0,0,2,1,1,1,1,0,1,0,0,1,0,1,0,1,1,0,0,1,1,21.0,0.0,0.154
1,3,3,1,1,1,0,8,1,0,3,0,4,0,0,1,0,1,1,1,1,1,1,0,1,1,0,2,0,1,0,0,1,0,27.0,7.0,0.408
0,4,2,0,3,0,0,6,0,0,10,5,4,1,0,8,0,0,1,1,0,1,0,0,1,0,0,4,1,1,1,0,1,0,14.333,3.667,0.431
2,0,2,2,2,1,0,4,0,2,2,1,3,0,0,2,0,1,0,1,1,1,1,0,1,0,2,1,1,1,0,0,1,0,7.667,5.0,0.59
4,1,1,1,1,1,0,10,0,0,0,4,8,2,3,1,0,1,1,1,1,1,1,0,1,0,0,0,1,1,1,1,1,0,34.0,2.0,0.243
1,3,1,2,1,3,1,5,0,0,3,0,2,1,0,3,0,1,1,1,2,1,1,1,1,0,0,2,0,1,1,0,1,0,26.0,18.0,0.555
1,0,0,1,0,2,0,2,0,0,3,0,1,0,0,2,1,1,0,0,1,0,1,0,1,0,0,3,0,1,0,0,1,1,13.0,13.0,0.784
0,2,1,1,0,1,0,1,0,1,1,1,0,0,0,2,0,0,1,1,1,0,1,0,1,0,1,1,1,0,0,0,1,0,11.0,11.0,0.64
3,5,5,1,4,2,2,8,0,2,10,2,5,1,0,8,0,1,1,1,1,1,1,1,1,0,2,5,1,1,1,0,2,0,19.333,10.0,0.65
0,0,0,1,0,0,0,1,2,0,2,2,4,1,1,3,0,0,0,0,1,0,0,0,1,1,0,2,1,1,1,1,1,0,16.0,7.0,0.707
2,4,4,2,1,0,0,4,0,2,8,0,2,2,0,5,0,1,1,1,2,1,0,0,1,0,1,3,0,1,1,0,1,0,36.0,31.0,0.707
1,2,0,0,0,0,0,3,0,0,0,2,3,0,0,0,0,1,1,0,0,0,0,0,1,0,0,0,1,1,0,0,0,0,11.0,0.0,0.213
1,2,1,3,1,1,0,7,0,0,6,0,3,2,0,5,0,1,1,1,1,1,1,0,1,0,0,4,0,1,1,0,2,0,32.0,33.0,0.75
0,1,1,3,0,1,1,1,1,0,4,1,4,0,0,3,0,0,1,1,2,0,1,1,1,1,0,2,1,1,0,0,1,0,5.25,4.0,0.617
7,11,5,13,7,9,0,15,2,7,17,9,13,4,0,19,0,1,1,1,6,1,1,0,1,1,2,5,1,1,1,0,3,0,17.125,14.884,0.665
1,0,0,1,0,1,0,1,0,1,2,0,2,1,0,3,0,1,0,0,1,0,1,0,1,0,1,2,0,1,1,0,1,0,13.0,15.0,0.784
3,3,4,4,2,2,1,8,0,1,7,1,3,0,0,5,1,1,1,1,2,1,1,1,1,0,1,5,1,1,0,0,3,1,22.5,26.5,1.054
7,2,5,2,2,6,0,9,5,0,5,8,9,0,0,5,0,1,1,1,1,1,1,0,1,1,0,3,1,1,0,0,3,0,21.333,6.667,0.53
6,5,4,2,3,3,1,18,2,1,7,1,11,0,0,5,0,1,1,1,1,1,1,1,1,1,1,3,1,1,0,0,2,0,13.8,4.6,0.426
2,4,3,2,1,0,0,5,0,1,4,0,5,0,0,1,1,1,1,1,1,1,0,0,1,0,1,3,0,1,0,0,1,1,14.5,9.5,0.788
5,9,1,4,3,3,0,10,1,1,9,1,4,1,0,7,0,1,1,1,3,1,1,0,1,1,1,4,1,1,1,0,1,0,14.75,9.375,0.644
1,1,2,2,1,2,0,6,3,3,3,0,5,0,1,5,0,1,1,1,2,1,1,0,1,1,1,3,0,1,0,1,2,0,11.333,6.667,0.606
4,11,9,3,5,6,0,19,1,5,13,1,6,2,0,13,0,1,1,1,2,1,1,0,1,1,2,7,1,1,1,0,2,0,19.6,10.4,0.714
6,3,5,7,3,3,0,8,1,2,11,1,7,5,0,9,1,1,1,1,2,1,1,0,1,1,1,5,1,1,1,0,1,1,24.0,13.667,0.5
2,2,0,2,0,1,0,1,1,2,4,0,2,0,0,2,0,1,1,0,2,0,1,0,1,1,2,3,0,1,0,0,1,0,19.0,18.0,0.811
4,0,1,2,1,3,0,5,0,2,1,3,4,2,0,2,0,1,0,1,2,1,1,0,1,0,2,1,1,1,1,0,1,0,10.0,5.0,0.516
4,4,3,6,4,4,0,13,0,3,9,2,7,5,0,7,0,1,1,1,1,1,1,0,1,0,2,6,1,1,1,0,2,0,35.5,25.5,0.755
1,3,2,0,1,2,0,7,1,0,1,1,0,0,0,1,0,1,1,1,0,1,1,0,1,1,0,1,1,0,0,0,1,0,20.0,3.0,0.316
0,1,2,3,0,0,0,3,0,1,3,2,4,0,0,5,0,0,1,1,2,0,0,0,1,0,1,3,1,1,0,0,1,0,12.0,10.0,0.722
2,3,1,3,2,3,0,8,0,0,4,0,1,2,0,1,0,1,1,1,1,1,1,0,1,0,0,3,0,1,1,0,1,0,30.0,15.0,0.645
4,3,7,5,0,3,0,8,0,1,6,0,6,2,0,3,0,1,1,1,2,0,1,0,1,0,1,3,0,1,1,0,1,0,16.0,7.333,0.51
2,5,3,3,1,0,0,6,0,0,5,1,2,2,0,1,0,1,1,1,1,1,0,0,1,0,0,4,1,1,1,0,1,0,10.333,6.333,0.635
4,3,0,1,1,2,0,8,4,0,2,0,5,0,1,3,0,1,1,0,1,1,1,0,1,1,0,2,0,1,0,1,1,0,10.667,2.667,0.5
4,1,3,3,0,1,0,4,0,1,2,0,1,1,0,2,0,1,1,1,2,0,1,0,1,0,1,2,0,1,1,0,1,0,11.5,10.5,0.737
4,0,2,2,0,4,1,4,0,1,3,0,4,0,0,3,0,1,0,1,1,0,1,1,1,0,1,3,0,1,0,0,1,0,14.0,8.0,0.668
2,3,1,4,3,2,2,5,0,1,8,0,1,1,0,5,1,1,1,1,4,1,1,1,1,0,1,5,0,1,1,0,1,1,19.5,19.786,1.019
0,0,0,0,0,1,0,3,0,0,3,1,0,1,0,2,0,0,0,0,0,0,1,0,1,0,0,3,1,0,1,0,2,0,11.0,11.0,0.853
0,2,0,2,1,3,0,5,0,2,1,1,1,1,0,2,0,0,1,0,2,1,1,0,1,0,2,1,1,1,1,0,1,0,21.0,16.75,0.772
1,3,1,0,0,1,0,2,0,0,5,2,4,1,0,2,1,1,1,1,0,0,1,0,1,0,0,4,1,1,1,0,1,1,11.5,4.5,0.59
1,2,2,0,0,5,0,6,1,1,3,1,4,0,0,4,2,1,1,1,0,0,1,0,1,1,1,2,1,1,0,0,1,1,10.667,2.333,0.375
0,1,1,0,0,1,0,2,0,1,2,0,2,0,0,3,0,0,1,1,0,0,1,0,1,0,1,2,0,1,0,0,1,0,13.0,5.0,0.588
0,1,0,0,1,0,1,1,5,0,1,5,5,0,3,0,2,0,1,0,0,1,0,1,1,1,0,1,1,1,0,1,0,1,22.0,0.0,0.151
3,2,3,3,0,1,0,3,0,0,9,0,4,3,0,4,1,1,1,1,2,0,1,0,1,0,0,4,0,1,1,0,2,1,18.0,11.0,0.589
0,2,2,2,1,2,0,3,1,1,2,1,2,1,0,3,0,0,1,1,2,1,1,0,1,1,1,1,1,1,1,0,1,0,23.0,6.0,0.442
0,1,2,1,1,0,0,1,0,1,3,2,2,0,0,2,0,0,1,1,1,1,0,0,1,0,1,2,1,1,0,0,1,0,8.0,7.0,0.707
7,6,2,4,2,1,0,2,2,0,6,4,10,0,0,1,1,1,1,1,1,1,1,0,1,1,0,3,1,1,0,0,1,1,12.0,5.5,0.408
3,5,4,3,2,3,0,13,0,3,6,2,4,0,0,6,0,1,1,1,2,1,1,0,1,0,2,4,1,1,0,0,1,0,18.0,7.667,0.674
2,5,3,0,2,2,0,12,0,0,6,0,8,0,0,6,0,1,1,1,0,1,1,0,1,0,0,3,0,1,0,0,1,0,15.667,3.333,0.309
3,1,1,2,0,0,0,3,1,2,3,2,3,0,0,4,1,1,1,1,2,0,0,0,1,1,1,2,1,1,0,0,1,1,26.0,10.0,0.555
2,3,3,4,1,2,0,5,0,3,8,2,10,2,0,4,1,1,1,1,2,1,1,0,1,0,1,3,1,1,1,0,1,1,12.5,11.75,0.6
0,0,0,0,0,0,1,2,0,0,1,2,12,0,4,1,0,0,0,0,0,0,0,1,1,0,0,1,1,1,0,1,1,0,7.667,0.667,0.295
3,1,0,1,1,1,0,2,0,0,1,13,10,0,0,0,1,1,1,0,1,1,1,0,1,0,0,1,1,1,0,0,0,1,17.0,2.0,0.364
0,3,3,0,4,1,0,4,0,2,2,8,4,1,0,2,1,0,1,1,0,1,1,0,1,0,2,1,1,1,1,0,1,1,17.5,5.5,0.359
0,1,1,2,1,1,0,2,1,0,1,1,2,0,0,1,0,0,1,1,2,1,1,0,1,1,0,1,1,1,0,0,1,0,14.0,4.0,0.567
0,2,0,2,0,1,0,1,0,0,2,1,2,0,0,1,0,0,1,0,2,0,1,0,1,0,0,2,1,1,0,0,1,0,12.0,11.0,0.816
0,0,0,1,1,0,0,1,0,0,2,2,4,0,0,0,1,0,0,0,1,1,0,0,1,0,0,2,1,1,0,0,0,1,6.0,2.5,0.612
6,1,0,1,1,1,0,2,1,1,3,0,4,0,0,3,1,1,1,0,1,1,1,0,1,1,1,2,0,1,0,0,1,1,12.5,8.0,0.566
0,2,0,2,0,1,0,2,0,1,3,2,2,3,0,5,1,0,1,0,2,0,1,0,1,0,1,1,1,1,1,0,2,1,12.0,8.625,0.722
0,1,0,0,0,1,0,1,0,2,2,2,1,1,0,3,0,0,1,0,0,0,1,0,1,0,1,1,1,1,1,0,1,0,14.0,4.0,0.378
1,0,1,2,0,0,0,0,0,0,2,1,2,0,0,1,1,1,0,1,2,0,0,0,0,0,0,2,1,1,0,0,1,1,5.5,4.5,0.64
1,1,2,1,0,2,0,2,1,0,3,0,3,1,0,4,0,1,1,1,1,0,1,0,1,1,0,2,0,1,1,0,1,0,7.0,4.667,0.463
0,5,1,2,0,2,1,0,0,0,4,3,3,1,0,4,0,0,1,1,1,0,1,1,0,0,0,2,1,1,1,0,1,0,26.0,10.0,0.416
0,4,1,0,1,2,0,3,0,0,2,2,2,0,0,3,0,0,1,1,0,1,1,0,1,0,0,2,1,1,0,0,1,0,10.0,2.0,0.474
5,1,3,3,1,3,0,6,0,1,6,0,1,1,0,4,0,1,1,1,2,1,1,0,1,0,1,3,0,1,1,0,2,0,11.667,15.917,0.837
0,0,0,0,0,0,0,0,0,0,1,3,3,0,1,2,2,0,0,0,0,0,0,0,0,0,0,1,1,1,0,1,1,1,11.0,0.0,0.213
1,1,2,1,0,0,0,1,1,2,1,2,2,0,0,1,0,1,1,1,1,0,0,0,1,1,2,1,1,1,0,0,1,0,15.0,13.0,0.73
1,1,0,1,0,0,0,1,0,0,2,2,5,0,0,0,0,1,1,0,1,0,0,0,1,0,0,2,1,1,0,0,0,0,13.0,8.0,0.588
13,34,18,8,6,17,1,38,3,8,26,2,21,4,0,27,4,1,1,1,3,1,1,1,1,1,2,6,1,1,1,0,3,1,19.083,8.083,0.514
1,2,0,0,1,1,0,4,0,2,1,0,1,0,0,2,1,1,1,0,0,1,1,0,1,0,2,1,0,1,0,0,1,1,16.0,11.0,0.53
2,1,0,0,0,1,2,1,0,0,2,0,3,0,0,2,0,1,1,0,0,0,1,1,1,0,0,1,0,1,0,0,1,0,4.667,0.0,0.189
4,2,4,2,1,2,0,4,0,1,3,0,3,0,0,0,0,1,1,1,1,1,1,0,1,0,1,2,0,1,0,0,0,0,13.0,8.5,0.693
1,2,2,0,0,1,0,3,0,1,3,0,0,0,0,2,0,1,1,1,0,0,1,0,1,0,1,3,0,0,0,0,2,0,15.0,11.0,0.73
1,3,0,2,0,1,0,2,1,0,3,0,1,0,0,1,0,1,1,0,1,0,1,0,1,1,0,3,0,1,0,0,1,0,7.5,5.0,0.73
2,0,3,2,2,2,0,2,2,1,4,0,2,0,0,2,0,1,0,1,1,1,1,0,1,1,1,3,0,1,0,0,1,0,7.667,4.0,0.737
2,3,7,5,2,3,1,7,2,1,10,1,7,3,0,8,3,1,1,1,2,1,1,1,1,1,1,6,1,1,1,0,1,1,21.0,17.048,0.713
3,5,2,4,3,1,0,3,0,2,11,3,2,2,0,8,0,1,1,1,2,1,1,0,1,0,1,4,1,1,1,0,1,0,24.5,9.5,0.505
2,2,1,8,3,4,2,10,2,2,10,1,2,1,0,8,1,1,1,1,3,1,1,1,1,1,2,5,1,1,1,0,1,1,14.75,11.393,0.829
1,2,2,1,1,1,0,1,1,0,2,3,0,0,0,3,0,1,1,1,1,1,1,0,1,1,0,1,1,0,0,0,1,0,6.0,2.0,0.5
2,7,4,3,2,2,1,6,0,1,8,0,5,1,0,5,1,1,1,1,3,1,1,1,1,0,1,5,0,1,1,0,1,1,12.0,6.393,0.714
1,4,3,2,3,3,0,5,0,1,5,0,3,0,0,5,0,1,1,1,1,1,1,0,1,0,1,3,0,1,0,0,1,0,11.667,6.0,0.598
0,4,5,1,3,3,0,3,0,1,6,0,3,2,0,7,0,0,1,1,1,1,1,0,1,0,1,3,0,1,1,0,2,0,38.0,18.0,0.459
10,3,3,6,3,4,0,10,0,0,8,0,3,2,0,4,0,1,1,1,1,1,1,0,1,0,0,7,0,1,1,0,1,0,28.0,16.0,0.756
3,6,2,4,1,3,0,8,5,0,3,1,4,1,1,3,0,1,1,1,2,1,1,0,1,1,0,2,1,1,1,1,1,0,22.0,3.0,0.32
19,21,14,11,5,19,2,30,0,3,25,5,29,2,0,22,4,1,1,1,2,1,1,1,1,0,2,7,1,1,1,0,3,1,12.412,5.471,0.584
4,4,2,1,1,4,0,8,0,2,8,1,5,2,0,7,2,1,1,1,1,1,1,0,1,0,1,3,1,1,1,0,1,1,17.0,6.0,0.495
3,2,3,2,0,1,1,6,1,1,8,1,11,2,1,7,0,1,1,1,1,0,1,1,1,1,1,2,1,1,1,1,2,0,9.6,7.45,0.51
5,11,3,5,4,6,0,10,1,1,2,8,15,0,4,7,2,1,1,1,2,1,1,0,1,1,1,1,1,1,0,1,1,1,16.2,3.0,0.236
0,1,0,0,0,2,0,2,0,0,2,2,2,0,0,2,0,0,1,0,0,0,1,0,1,0,0,2,1,1,0,0,2,0,13.0,8.0,0.588
1,1,1,0,1,0,0,2,0,0,4,1,0,0,0,2,1,1,1,1,0,1,0,0,1,0,0,4,1,0,0,0,1,1,14.0,13.0,0.756
8,6,4,5,1,5,0,9,0,0,4,7,16,0,4,1,2,1,1,1,2,1,1,0,1,0,0,4,1,1,0,1,1,1,16.75,3.75,0.432
0,0,0,1,0,1,0,2,0,0,3,1,2,0,0,3,0,0,0,0,1,0,1,0,1,0,0,3,1,1,0,0,1,0,6.5,4.0,0.784
2,2,0,1,0,0,0,4,0,0,2,0,3,0,1,1,0,1,1,0,1,0,0,0,1,0,0,2,0,1,0,1,1,0,15.0,12.0,0.73
3,0,4,2,0,0,1,4,0,1,6,2,3,1,0,4,0,1,0,1,1,0,0,1,1,0,1,4,1,1,1,0,1,0,31.0,16.0,0.635
1,4,1,1,0,5,0,33,8,0,1,18,48,0,23,3,5,1,1,1,1,0,1,0,1,1,0,1,1,1,0,1,1,1,16.875,0.25,0.122
1,0,2,2,1,0,0,2,0,0,2,2,0,0,0,1,0,1,0,1,1,1,0,0,1,0,0,2,1,0,0,0,1,0,13.0,6.0,0.588
6,7,5,10,1,10,0,9,0,0,2,17,11,1,0,1,0,1,1,1,2,1,1,0,1,0,0,1,1,1,1,0,1,0,16.0,2.0,0.158
1,1,2,1,0,0,0,1,0,0,1,1,0,1,0,2,0,1,1,1,1,0,0,0,1,0,0,1,1,0,1,0,1,0,11.0,4.0,0.64
0,0,2,1,0,1,0,3,0,0,1,1,1,0,1,2,0,0,0,1,1,0,1,0,1,0,0,1,1,0,0,1,1,0,12.0,4.0,0.612
1,2,1,2,0,1,1,2,0,1,3,1,2,0,0,0,0,1,1,1,2,0,1,1,1,0,1,2,1,1,0,0,0,0,17.0,11.0,0.686
1,3,1,0,2,1,0,4,0,0,5,1,4,0,0,6,0,1,1,1,0,1,1,0,1,0,0,4,1,1,0,0,1,0,14.0,6.0,0.535
1,2,1,0,1,1,0,3,1,0,1,1,2,0,0,2,0,1,1,1,0,1,1,0,1,1,0,1,1,1,0,0,1,0,8.0,1.0,0.354
2,7,6,5,6,1,1,6,0,3,9,4,10,4,0,8,0,1,1,1,2,1,1,1,1,0,1,4,1,1,1,0,1,0,36.0,28.5,0.5
3,4,2,2,1,3,0,4,0,2,2,2,3,1,0,5,0,1,1,1,2,1,1,0,1,0,2,1,1,1,1,0,1,0,17.0,6.5,0.485
0,0,2,1,0,2,3,1,0,0,1,1,4,1,0,2,0,0,0,1,1,0,1,1,1,0,0,1,1,1,1,0,1,0,9.0,1.0,0.333
0,4,0,0,1,0,0,2,0,0,0,3,5,0,0,2,2,0,1,0,0,1,0,0,1,0,0,0,1,1,0,0,1,1,9.0,0.0,0.167
2,2,5,3,1,1,0,2,0,1,5,2,4,1,0,4,0,1,1,1,2,1,1,0,1,0,1,3,1,1,1,0,1,0,16.5,11.0,0.739
0,0,0,1,0,2,0,2,0,1,3,0,0,0,0,2,0,0,0,0,1,0,1,0,1,0,1,2,0,0,0,0,1,0,11.0,11.0,0.853
6,1,2,4,2,1,1,4,1,1,2,0,7,3,1,3,0,1,1,1,2,1,1,1,1,1,1,2,0,1,1,1,1,0,40.0,23.0,0.671
9,1,1,2,0,1,0,6,0,0,3,0,7,1,0,3,0,1,1,1,1,0,1,0,1,0,0,2,0,1,1,0,1,0,10.0,5.333,0.387
4,9,2,3,2,3,0,8,0,1,4,7,11,0,0,4,1,1,1,1,2,1,1,0,1,0,1,3,1,1,0,0,1,1,14.75,3.5,0.368
1,5,1,3,1,3,1,6,0,0,4,2,7,0,1,3,1,1,1,1,1,1,1,1,1,0,0,2,1,1,0,1,1,1,9.5,2.25,0.344
5,0,1,2,0,1,0,4,0,1,2,3,5,0,0,3,0,1,0,1,2,0,1,0,1,0,1,2,1,1,0,0,1,0,13.5,11.286,0.68
0,3,2,1,0,2,0,3,0,0,1,3,4,0,0,1,0,0,1,1,1,0,1,0,1,0,0,1,1,1,0,0,1,0,20.0,14.0,0.474
3,2,2,0,1,2,0,4,1,0,1,1,2,0,0,1,0,1,1,1,0,1,1,0,1,1,0,1,1,1,0,0,1,0,20.0,3.0,0.316
2,1,0,1,1,0,0,4,0,2,5,4,1,0,0,3,1,1,1,0,1,1,0,0,1,0,2,4,1,1,0,0,1,1,25.0,16.0,0.707
1,2,1,3,1,2,0,3,0,2,9,0,3,2,0,6,0,1,1,1,2,1,1,0,1,0,2,4,0,1,1,0,1,0,17.5,20.0,0.717
0,4,1,3,1,4,0,9,0,2,5,0,3,0,0,5,0,0,1,1,3,1,1,0,1,0,2,2,0,1,0,0,1,0,12.333,8.0,0.697
2,3,1,2,0,1,0,4,0,2,3,0,0,1,0,3,0,1,1,1,1,0,1,0,1,0,1,2,0,0,1,0,1,0,22.0,18.0,0.452
0,1,0,1,0,1,0,2,0,0,2,1,1,0,0,2,0,0,1,0,1,0,1,0,1,0,0,1,1,1,0,0,1,0,11.0,2.0,0.426
3,0,2,1,0,0,0,0,0,1,1,0,2,1,0,2,0,1,0,1,1,0,0,0,0,0,1,1,0,1,1,0,1,0,6.5,4.0,0.588
1,0,0,2,0,1,0,1,0,1,2,1,1,0,0,1,0,1,0,0,2,0,1,0,1,0,1,2,1,1,0,0,1,0,11.0,22.75,1.279
3,0,1,0,0,1,0,4,0,0,1,0,3,1,0,2,0,1,0,1,0,0,1,0,1,0,0,1,0,1,1,0,1,0,8.0,3.0,0.354
1,3,2,2,2,1,1,6,0,1,3,0,4,1,0,3,0,1,1,1,2,1,1,1,1,0,1,3,0,1,1,0,1,0,15.0,10.0,0.775
3,1,0,0,1,1,0,1,0,0,3,0,3,0,0,3,0,1,1,0,0,1,1,0,1,0,0,3,0,1,0,0,1,0,15.0,4.0,0.548
0,2,1,2,0,2,1,7,0,0,3,2,6,0,1,4,0,0,1,1,1,0,1,1,1,0,0,2,1,1,0,1,1,0,15.0,5.0,0.387
1,2,1,4,3,1,0,7,0,1,7,2,0,1,0,5,0,1,1,1,3,1,1,0,1,0,1,5,1,0,1,0,1,0,17.5,14.875,0.956
7,6,3,4,4,6,1,10,1,3,10,1,5,1,0,11,0,1,1,1,3,1,1,1,1,1,1,5,1,1,1,0,1,0,36.5,17.25,0.579
1,2,1,0,0,0,0,3,0,0,1,0,3,0,0,1,0,1,1,1,0,0,0,0,1,0,0,1,0,1,0,0,1,0,6.0,3.0,0.408
0,0,2,0,1,1,0,3,0,1,1,0,1,0,0,3,0,0,0,1,0,1,1,0,1,0,1,1,0,1,0,0,1,0,13.0,3.0,0.392
0,0,0,1,1,1,0,2,0,3,3,0,2,0,0,3,0,0,0,0,1,1,1,0,1,0,2,3,0,1,0,0,1,0,16.0,24.0,0.884
1,2,0,1,0,0,0,12,5,0,2,0,0,0,0,1,5,1,1,0,1,0,0,0,1,1,0,2,0,0,0,0,1,1,29.0,6.0,0.525
3,2,1,1,1,2,0,6,2,0,2,0,6,1,1,1,0,1,1,1,1,1,1,0,1,1,0,2,0,1,1,1,1,0,9.333,1.333,0.401
8,12,2,7,1,5,0,36,5,0,3,8,43,0,14,7,5,1,1,1,3,1,1,0,1,1,0,3,1,1,0,1,1,1,16.778,2.0,0.288
0,4,2,2,1,4,0,11,0,1,2,0,5,1,1,5,0,0,1,1,1,1,1,0,1,0,1,1,0,1,1,1,1,0,19.0,7.0,0.229
0,0,0,0,0,0,0,1,0,0,1,3,3,0,1,1,2,0,0,0,0,0,0,0,1,0,0,1,1,1,0,1,1,1,5.5,0.0,0.213
0,0,0,0,0,0,0,1,0,0,1,2,3,0,1,2,2,0,0,0,0,0,0,0,1,0,0,1,1,1,0,1,1,1,5.5,0.0,0.213
2,5,7,4,5,4,0,11,1,3,8,2,15,2,1,9,1,1,1,1,3,1,1,0,1,1,2,5,1,1,1,1,1,1,15.8,6.6,0.636
2,3,3,2,1,5,0,38,9,0,6,17,54,0,28,6,5,1,1,1,2,1,1,0,1,1,0,3,1,1,0,1,1,1,13.0,1.667,0.226
2,0,0,3,0,2,0,4,0,0,5,4,6,0,0,3,0,1,0,0,1,0,1,0,1,0,0,4,1,1,0,0,1,0,9.667,10.0,0.788
1,5,0,0,0,4,0,5,0,0,3,0,1,0,0,3,0,1,1,0,0,0,1,0,1,0,0,3,0,1,0,0,2,0,22.0,7.0,0.603
13,5,4,3,1,6,0,15,0,2,2,0,12,1,0,4,4,1,1,1,1,1,1,0,1,0,2,2,0,1,1,0,1,1,18.0,3.75,0.333
4,8,0,3,0,4,0,11,1,0,1,0,5,0,0,2,0,1,1,0,2,0,1,0,1,1,0,1,0,1,0,0,1,0,19.5,7.0,0.453
4,3,0,2,0,1,0,6,0,2,4,0,6,0,0,4,0,1,1,0,1,0,1,0,1,0,1,4,0,1,0,0,1,0,10.667,12.333,0.875
4,3,5,1,1,4,0,6,0,0,2,2,5,0,0,1,0,1,1,1,1,1,1,0,1,0,0,1,1,1,0,0,1,0,34.0,9.0,0.364
0,0,1,1,0,0,0,4,0,0,1,1,2,0,0,1,0,0,0,1,1,0,0,0,1,0,0,1,1,1,0,0,1,0,5.5,2.0,0.64
0,0,3,1,1,0,0,3,0,0,0,1,3,1,2,0,0,0,0,1,1,1,0,0,1,0,0,0,1,1,1,1,0,0,7.0,1.0,0.378
1,0,1,0,1,3,0,5,0,0,0,1,3,0,0,3,2,1,0,1,0,1,1,0,1,0,0,0,1,1,0,0,1,1,6.667,0.0,0.158
2,2,1,2,0,2,0,3,0,2,2,1,2,0,0,4,0,1,1,1,2,0,1,0,1,0,2,1,1,1,0,0,1,0,23.0,19.5,0.59
0,1,5,1,1,1,0,3,1,0,5,0,3,2,0,5,1,0,1,1,1,1,1,0,1,1,0,3,0,1,1,0,1,1,9.667,5.333,0.657
2,0,1,2,0,1,1,2,0,0,1,0,2,1,0,2,0,1,0,1,2,0,1,1,1,0,0,1,0,1,1,0,1,0,7.5,1.0,0.365
3,4,0,1,0,3,1,6,1,3,11,0,3,0,0,9,0,1,1,0,1,0,1,1,1,1,2,5,0,1,0,0,2,0,15.0,13.333,0.738
2,1,2,2,1,1,0,3,0,0,2,1,3,0,0,1,1,1,1,1,2,1,1,0,1,0,0,2,1,1,0,0,1,1,7.0,1.667,0.463
2,0,2,2,0,2,0,2,0,1,2,0,3,0,0,3,0,1,0,1,2,0,1,0,1,0,1,2,0,1,0,0,1,0,19.0,22.0,0.973
0,2,2,0,0,1,0,7,0,0,1,4,0,0,0,1,0,0,1,1,0,0,1,0,1,0,0,1,1,0,0,0,1,0,18.0,2.0,0.333
0,1,0,0,0,0,0,3,0,0,4,1,3,0,0,2,0,0,1,0,0,0,0,0,1,0,0,3,1,1,0,0,1,0,4.667,3.0,0.756
2,0,1,1,1,1,0,1,0,0,3,0,1,0,0,3,0,1,0,1,1,1,1,0,1,0,0,1,0,1,0,0,1,0,14.0,8.0,0.567
4,4,1,0,1,2,0,6,1,1,4,0,2,3,0,5,0,1,1,1,0,1,1,0,1,1,1,3,0,1,1,0,2,0,34.0,12.0,0.485
6,5,0,2,1,3,0,9,0,1,4,0,3,2,0,5,0,1,1,0,1,1,1,0,1,0,1,2,0,1,1,0,3,0,20.5,8.5,0.442
4,2,1,3,0,4,0,4,0,3,4,0,2,0,0,4,0,1,1,1,1,0,1,0,1,0,2,3,0,1,0,0,2,0,15.5,14.5,0.635
7,5,0,3,0,5,0,6,0,0,3,0,4,2,0,3,0,1,1,0,2,0,1,0,1,0,0,3,0,1,1,0,1,0,19.0,16.0,0.688
12,10,7,14,3,12,0,18,0,2,7,18,17,3,0,6,2,1,1,1,3,1,1,0,1,0,2,5,1,1,1,0,2,1,18.571,7.143,0.496
0,2,2,1,0,1,1,1,0,1,3,0,1,0,0,4,0,0,1,1,1,0,1,1,1,0,1,3,0,1,0,0,1,0,17.0,15.0,0.686
11,4,1,5,1,2,0,6,0,2,7,1,8,1,0,4,0,1,1,1,1,1,1,0,1,0,2,3,1,1,1,0,2,0,17.333,11.667,0.588
2,4,4,2,2,3,0,7,0,1,11,1,4,0,0,8,0,1,1,1,2,1,1,0,1,0,1,5,1,1,0,0,4,0,16.333,17.124,1.01
1,9,7,14,6,10,0,14,6,7,13,6,8,5,1,12,3,1,1,1,3,1,1,0,1,1,2,5,1,1,1,1,2,1,20.167,15.167,0.579
2,0,3,2,0,1,0,1,0,1,2,1,3,1,0,1,0,1,0,1,1,0,1,0,1,0,1,2,1,1,1,0,1,0,9.0,8.0,0.833
3,2,1,0,1,3,0,5,0,0,2,0,3,0,0,1,0,1,1,1,0,1,1,0,1,0,0,2,0,1,0,0,1,0,10.5,3.0,0.463
7,2,6,4,3,1,1,8,0,0,2,0,5,1,0,4,1,1,1,1,1,1,1,1,1,0,0,2,0,1,1,0,1,1,15.0,4.0,0.422
4,8,0,4,0,5,0,12,0,2,5,4,3,2,0,5,1,1,1,0,2,0,1,0,1,0,2,3,1,1,1,0,1,1,27.5,11.5,0.477
9,2,2,3,2,5,1,8,1,1,3,0,4,0,0,6,0,1,1,1,2,1,1,1,1,1,1,2,0,1,0,0,2,0,23.0,7.5,0.521
1,2,1,1,0,2,0,3,0,2,6,0,3,0,0,5,0,1,1,1,1,0,1,0,1,0,2,4,0,1,0,0,1,0,13.0,15.0,0.971
1,0,0,2,0,2,0,2,0,1,1,0,0,0,0,2,0,1,0,0,1,0,1,0,1,0,1,1,0,0,0,0,1,0,11.0,9.0,0.64
1,1,4,1,4,1,0,3,3,0,5,5,3,0,0,4,1,1,1,1,1,1,1,0,1,1,0,2,1,1,0,0,3,1,18.0,11.0,0.707
0,1,1,1,0,2,0,2,0,0,1,2,3,0,0,1,0,0,1,1,1,0,1,0,1,0,0,1,1,1,0,0,1,0,14.0,6.0,0.378
2,3,2,6,3,1,0,7,1,1,6,0,4,2,0,1,0,1,1,1,2,1,1,0,1,1,1,4,0,1,1,0,1,0,13.0,12.667,0.906
3,0,1,2,1,1,0,1,0,1,2,1,1,0,0,1,0,1,0,1,1,1,1,0,1,0,1,2,1,1,0,0,1,0,7.5,6.5,0.73
4,3,5,7,1,3,0,5,0,5,14,0,5,1,0,10,0,1,1,1,3,1,1,0,1,0,2,4,0,1,1,0,1,0,21.0,18.0,0.624
0,1,0,2,0,1,1,2,0,0,3,0,1,1,0,1,0,0,1,0,1,0,1,1,1,0,0,3,0,1,1,0,1,0,13.0,9.0,0.588
6,8,6,7,4,5,0,28,0,1,11,7,7,0,0,13,13,1,1,1,3,1,1,0,1,0,1,4,1,1,0,0,1,1,38.0,12.0,0.464
1,3,2,2,1,3,0,6,0,1,4,1,5,0,0,3,1,1,1,1,2,1,1,0,1,0,1,3,1,1,0,0,1,1,15.5,6.5,0.635
8,13,10,8,3,8,0,19,0,3,13,2,9,5,1,14,1,1,1,1,5,1,1,0,1,0,2,4,1,1,1,1,2,1,29.0,17.188,0.657
2,2,4,3,2,3,0,4,0,0,5,1,3,0,0,1,0,1,1,1,1,1,1,0,1,0,0,3,1,1,0,0,1,0,30.0,21.0,0.645
7,6,6,3,2,2,0,8,0,2,6,1,9,1,2,6,0,1,1,1,2,1,1,0,1,0,2,5,1,1,1,1,1,0,8.429,3.714,0.644
4,8,2,3,1,3,0,11,0,1,9,0,8,1,0,11,0,1,1,1,2,1,1,0,1,0,1,5,0,1,1,0,2,0,15.5,10.0,0.629
2,4,0,2,1,3,1,5,0,1,2,0,4,0,0,4,0,1,1,0,2,1,1,1,1,0,1,2,0,1,0,0,1,0,14.5,7.786,0.525
1,3,2,3,0,2,0,3,0,0,2,1,3,1,0,3,0,1,1,1,3,0,1,0,1,0,0,1,1,1,1,0,1,0,12.0,10.5,0.577
2,0,0,2,1,0,0,0,0,1,2,2,2,1,0,1,0,1,0,0,2,1,0,0,0,0,1,2,1,1,1,0,1,0,14.0,11.0,0.756
6,2,2,0,2,3,0,7,1,0,1,0,2,0,0,2,0,1,1,1,0,1,1,0,1,1,0,1,0,1,0,0,2,0,14.0,1.0,0.267
0,1,2,2,2,2,1,2,0,1,5,2,4,0,2,4,0,0,1,1,2,1,1,1,1,0,1,2,1,1,0,1,1,0,9.667,8.667,0.788
2,0,2,3,4,2,0,2,0,2,5,4,4,1,0,4,2,1,0,1,2,1,1,0,1,0,1,2,1,1,1,0,1,1,18.5,8.5,0.465
1,1,0,1,1,1,0,2,0,0,3,1,0,1,0,3,0,1,1,0,1,1,1,0,1,0,0,2,1,0,1,0,2,0,7.5,7.0,0.73
1,1,1,3,1,1,0,2,0,1,2,0,1,0,0,1,0,1,1,1,1,1,1,0,1,0,1,2,0,1,0,0,1,0,15.0,15.0,0.73
2,3,2,0,1,1,0,1,0,0,5,4,1,0,0,5,0,1,1,1,0,1,1,0,1,0,0,3,1,1,0,0,1,0,12.5,10.5,0.566
1,0,2,3,0,1,0,2,0,1,4,5,5,1,0,6,3,1,0,1,2,0,1,0,1,0,1,1,1,1,1,0,2,1,17.0,11.0,0.606
1,2,0,1,0,1,0,1,0,0,2,0,2,0,0,1,0,1,1,0,1,0,1,0,1,0,0,2,0,1,0,0,1,0,11.0,8.0,0.64
1,1,1,1,0,1,0,3,0,0,0,1,2,0,1,0,0,1,1,1,1,0,1,0,1,0,0,0,1,1,0,1,0,0,11.0,2.0,0.426
1,2,1,2,1,3,0,9,0,0,3,0,1,0,0,3,0,1,1,1,2,1,1,0,1,0,0,2,0,1,0,0,1,0,13.0,4.5,0.555
5,0,2,0,0,2,0,4,0,0,3,1,3,0,0,2,0,1,0,1,0,0,1,0,1,0,0,2,1,1,0,0,2,0,11.0,5.0,0.603
0,1,1,1,0,1,0,3,0,0,3,0,1,0,0,2,0,0,1,1,1,0,1,0,1,0,0,3,0,1,0,0,1,0,13.0,8.0,0.588
19,19,8,10,7,16,0,36,2,3,16,1,10,5,0,20,1,1,1,1,3,1,1,0,1,1,1,7,1,1,1,0,1,1,34.4,10.4,0.485
0,1,2,1,0,0,0,2,0,1,1,0,0,1,0,2,0,0,1,1,1,0,0,0,1,0,1,1,0,0,1,0,1,0,11.0,20.571,0.853
9,9,3,8,5,4,0,16,2,1,4,3,5,0,0,7,1,1,1,1,3,1,1,0,1,1,1,4,1,1,0,0,1,1,25.667,8.0,0.564
1,3,2,1,0,2,0,2,1,0,3,1,1,0,0,2,0,1,1,1,1,0,1,0,1,1,0,2,1,1,0,0,1,0,19.0,4.0,0.487
2,2,2,3,0,2,0,5,0,1,3,0,3,1,0,0,0,1,1,1,1,0,1,0,1,0,1,2,0,1,1,0,0,0,12.0,9.5,0.722
1,3,0,3,1,3,1,6,1,0,2,1,4,2,0,3,0,1,1,0,2,1,1,1,1,1,0,2,1,1,1,0,1,0,15.5,3.0,0.381
0,0,2,1,0,1,0,2,0,0,4,0,1,1,0,2,0,0,0,1,1,0,1,0,1,0,0,2,0,1,1,0,1,0,14.0,16.0,0.567
2,0,1,3,1,0,0,0,0,1,0,0,2,0,0,2,0,1,0,1,1,1,0,0,0,0,1,0,0,1,0,0,1,0,12.0,6.0,0.408
0,1,1,1,0,1,0,2,0,0,2,0,1,0,0,3,0,0,1,1,1,0,1,0,1,0,0,2,0,1,0,0,1,0,6.0,4.5,0.612
5,4,0,2,2,2,0,4,0,1,6,1,5,0,0,2,0,1,1,0,1,1,1,0,1,0,1,4,1,1,0,0,1,0,17.0,11.5,0.606
1,1,0,2,0,2,0,4,0,0,2,0,4,0,0,1,0,1,1,0,2,0,1,0,1,0,0,1,0,1,0,0,1,0,17.0,14.0,0.514
6,6,5,6,0,7,1,14,0,5,9,4,5,1,0,9,0,1,1,1,3,0,1,1,1,0,2,4,1,1,1,0,2,0,15.6,9.8,0.56
1,6,1,3,0,2,0,5,0,1,8,5,0,1,0,7,0,1,1,1,3,0,1,0,1,0,1,5,1,0,1,0,2,0,40.0,38.0,1.006
0,2,0,1,0,2,0,4,0,2,2,0,2,0,1,4,0,0,1,0,1,0,1,0,1,0,2,2,0,1,0,1,1,0,9.5,6.0,0.649
2,0,2,0,2,2,0,4,1,1,3,0,0,0,0,5,0,1,0,1,0,1,1,0,1,1,1,2,0,0,0,0,2,0,11.0,6.5,0.603
4,7,4,1,1,4,1,7,0,1,4,3,3,2,0,7,0,1,1,1,1,1,1,1,1,0,1,2,1,1,1,0,2,0,16.667,8.25,0.6
6,3,4,4,1,2,0,9,2,0,3,2,8,1,0,2,0,1,1,1,2,1,1,0,1,1,0,2,1,1,1,0,1,0,15.667,4.667,0.413
4,2,3,5,2,1,0,4,0,4,5,3,5,2,0,5,0,1,1,1,2,1,1,0,1,0,2,3,1,1,1,0,1,0,22.5,13.0,0.527
19,13,17,11,9,14,0,29,1,5,20,18,21,4,0,19,2,1,1,1,5,1,1,0,1,1,2,5,1,1,1,0,3,1,21.778,9.591,0.556
5,10,8,13,3,15,0,23,4,4,13,7,18,2,2,18,1,1,1,1,2,1,1,0,1,1,2,8,1,1,1,1,2,1,13.182,5.727,0.587
1,0,1,1,0,1,2,1,0,1,1,0,3,0,0,1,0,1,0,1,1,0,1,1,1,0,1,1,0,1,0,0,1,0,13.0,14.0,0.784
2,0,2,3,1,0,0,1,0,0,3,0,1,1,0,0,0,1,0,1,1,1,0,0,1,0,0,2,0,1,1,0,0,0,4.667,3.333,0.567
1,1,0,2,0,1,0,1,1,4,2,1,6,0,0,6,0,1,1,0,1,0,1,0,1,1,3,2,1,1,0,0,2,0,8.667,8.417,0.832
0,3,0,0,1,2,0,3,0,0,1,0,2,0,0,0,0,0,1,0,0,1,1,0,1,0,0,1,0,1,0,0,0,0,6.0,0.0,0.204
4,3,4,5,5,0,0,6,0,1,3,5,0,0,0,4,2,1,1,1,2,1,0,0,1,0,1,3,1,1,0,0,1,1,14.333,7.333,0.647
6,1,1,2,1,1,0,1,0,1,2,2,7,1,0,2,0,1,1,1,2,1,1,0,1,0,1,2,1,1,1,0,1,0,13.5,9.0,0.68
8,3,6,3,2,2,0,4,0,2,7,0,6,2,0,6,0,1,1,1,1,1,1,0,1,0,2,4,0,1,1,0,1,0,16.667,9.333,0.5
1,0,2,1,1,1,0,3,0,1,1,0,1,0,0,3,0,1,0,1,1,1,1,0,1,0,1,1,0,1,0,0,1,0,15.0,16.0,0.73
2,0,1,1,1,1,0,2,0,1,1,0,2,0,0,2,1,1,0,1,1,1,1,0,1,0,1,1,0,1,0,0,1,1,7.5,1.0,0.365
1,3,1,1,0,2,0,3,0,0,1,0,1,0,0,1,0,1,1,1,1,0,1,0,1,0,0,1,0,1,0,0,1,0,14.0,2.0,0.378
1,2,0,1,0,1,0,1,0,1,2,0,1,1,0,1,0,1,1,0,1,0,1,0,1,0,1,2,0,1,1,0,1,0,12.0,11.0,0.816
1,3,3,1,1,2,0,5,0,2,9,2,3,2,0,10,0,1,1,1,1,1,1,0,1,0,2,4,1,1,1,0,2,0,44.0,37.0,0.64
3,2,3,3,2,0,0,1,0,3,6,0,4,2,0,5,0,1,1,1,3,1,0,0,1,0,2,6,0,1,1,0,2,0,17.0,21.286,1.213
0,1,1,1,0,1,1,2,0,0,2,0,1,1,0,1,0,0,1,1,1,0,1,1,1,0,0,2,0,1,1,0,1,0,12.0,5.0,0.612
0,1,0,1,1,3,0,4,0,1,1,0,1,0,0,3,0,0,1,0,1,1,1,0,1,0,1,1,0,1,0,0,1,0,16.0,6.0,0.53
0,2,0,2,0,1,0,2,0,0,1,2,0,0,0,1,0,0,1,0,1,0,1,0,1,0,0,1,1,0,0,0,1,0,11.0,0.0,0.213
0,3,1,3,0,2,1,8,1,0,2,0,3,1,0,6,0,0,1,1,2,0,1,1,1,1,0,1,0,1,1,0,1,0,10.333,4.667,0.381
3,6,6,4,2,7,0,14,1,2,2,0,7,2,0,2,0,1,1,1,1,1,1,0,1,1,2,2,0,1,1,0,1,0,29.0,12.0,0.464
0,2,0,0,0,0,0,2,0,0,2,0,2,0,0,3,0,0,1,0,0,0,0,0,1,0,0,1,0,1,0,0,1,0,5.5,2.0,0.426
5,3,1,5,2,3,0,3,0,3,8,0,3,3,0,4,0,1,1,1,3,1,1,0,1,0,2,4,0,1,1,0,1,0,21.5,23.786,0.755
12,6,7,5,5,4,0,17,2,1,8,6,16,1,1,8,1,1,1,1,2,1,1,0,1,1,1,3,1,1,1,1,1,1,19.2,6.2,0.433
5,5,6,4,3,4,1,11,1,2,3,0,4,2,0,2,0,1,1,1,2,1,1,1,1,1,2,3,0,1,1,0,2,0,17.667,10.333,0.68
2,1,0,3,2,0,1,1,0,1,3,0,3,0,0,3,0,1,1,0,1,1,0,1,1,0,1,2,0,1,0,0,1,0,10.0,2.0,0.316
0,0,2,0,1,1,1,2,0,0,1,1,3,0,0,2,0,0,0,1,0,1,1,1,1,0,0,1,1,1,0,0,2,0,14.0,2.0,0.378
5,1,3,4,0,2,0,7,1,0,7,1,7,2,0,6,1,1,1,1,1,0,1,0,1,1,0,3,1,1,1,0,2,1,11.75,6.75,0.619
1,1,3,3,3,2,0,5,0,2,4,0,4,1,0,5,0,1,1,1,2,1,1,0,1,0,1,3,0,1,1,0,1,0,17.0,19.0,0.728
2,1,0,1,1,0,0,3,0,2,3,0,2,2,0,6,0,1,1,0,1,1,0,0,1,0,1,3,0,1,1,0,1,0,23.0,8.0,0.442
0,0,1,1,0,0,0,3,1,0,1,3,1,1,0,2,1,0,0,1,1,0,0,0,1,1,0,1,1,1,1,0,1,1,15.0,2.0,0.365
0,1,0,1,0,2,0,2,0,0,2,2,1,0,0,1,0,0,1,0,1,0,1,0,1,0,0,1,1,1,0,0,1,0,6.0,7.0,0.408
5,5,6,2,3,7,0,17,1,2,5,0,7,0,0,9,1,1,1,1,1,1,1,0,1,1,1,4,0,1,0,0,2,1,23.333,12.333,0.507
1,6,1,0,0,1,0,1,0,0,1,3,1,0,0,1,0,1,1,1,0,0,1,0,1,0,0,1,1,1,0,0,1,0,8.0,1.5,0.354
3,1,1,1,3,1,0,4,0,1,2,0,6,1,0,1,0,1,1,1,1,1,1,0,1,0,1,2,0,1,1,0,1,0,25.0,6.0,0.424
5,6,3,4,2,1,0,11,0,1,5,0,3,2,0,5,0,1,1,1,2,1,1,0,1,0,1,4,0,1,1,0,1,0,16.0,7.0,0.612
0,2,1,2,0,2,0,4,0,0,5,3,5,0,1,2,0,0,1,1,2,0,1,0,1,0,0,2,1,1,0,1,1,0,13.0,4.0,0.416
1,1,0,1,0,3,0,2,0,1,1,0,1,1,0,1,0,1,1,0,1,0,1,0,1,0,1,1,0,1,1,0,1,0,13.0,14.0,0.588
1,3,0,0,0,1,0,5,2,0,0,0,1,0,0,1,0,1,1,0,0,0,1,0,1,1,0,0,0,1,0,0,1,0,14.0,0.0,0.189
1,4,1,1,1,4,0,8,0,1,4,0,0,0,0,5,0,1,1,1,1,1,1,0,1,0,1,3,0,0,0,0,1,0,30.0,6.0,0.387
0,1,1,2,1,3,0,5,0,0,4,2,1,1,0,3,0,0,1,1,2,1,1,0,1,0,0,2,1,1,1,0,1,0,24.0,22.0,0.577
2,3,2,3,0,5,1,16,3,0,3,1,24,0,0,3,3,1,1,1,2,0,1,1,1,1,0,2,1,1,0,0,2,1,16.5,5.75,0.435
3,2,3,1,1,1,0,5,0,0,3,0,3,1,1,3,0,1,1,1,1,1,1,0,1,0,0,3,0,1,1,1,1,0,26.0,12.0,0.555
0,3,1,1,1,2,0,3,0,1,3,0,3,0,0,5,0,0,1,1,1,1,1,0,1,0,1,3,0,1,0,0,2,0,23.0,13.0,0.737
7,8,7,11,4,7,0,9,4,5,14,4,12,1,0,9,3,1,1,1,2,1,1,0,1,1,2,4,1,1,1,0,1,1,15.857,10.714,0.403
2,0,1,4,0,0,0,0,0,2,7,0,1,0,0,4,0,1,0,1,4,0,0,0,0,0,1,3,0,1,0,0,1,0,21.0,40.5,1.08
1,1,1,3,0,2,0,1,0,0,1,0,2,1,0,2,0,1,1,1,2,0,1,0,1,0,0,1,0,1,1,0,1,0,15.0,10.5,0.548
2,0,2,1,0,1,1,2,0,0,4,1,3,1,0,3,0,1,0,1,1,0,1,1,1,0,0,3,1,1,1,0,1,0,20.0,15.0,0.632
0,1,1,2,0,0,0,0,1,0,2,0,2,0,0,2,0,0,1,1,1,0,0,0,0,1,0,2,0,1,0,0,1,0,11.0,5.0,0.64
0,0,4,2,0,1,0,3,0,0,1,0,4,0,1,2,0,0,0,1,2,0,1,0,1,0,0,1,0,1,0,1,1,0,8.5,8.0,0.686
2,0,3,3,0,1,0,1,0,0,3,0,2,1,0,2,0,1,0,1,2,0,1,0,1,0,0,1,0,1,1,0,2,0,18.0,26.0,0.833
0,0,1,0,0,1,0,3,0,1,1,2,0,0,0,2,0,0,0,1,0,0,1,0,1,0,1,1,1,0,0,0,1,0,11.0,4.0,0.426
2,4,4,0,0,1,1,2,1,0,4,1,4,1,0,2,1,1,1,1,0,0,1,1,1,1,0,3,1,1,1,0,2,1,7.0,4.25,0.668
6,6,2,4,1,5,0,4,2,2,5,7,11,3,1,8,1,1,1,1,3,1,1,0,1,1,1,1,1,1,1,1,1,1,22.0,13.0,0.348
2,3,2,3,2,2,0,3,3,0,7,3,4,2,0,4,0,1,1,1,1,1,1,0,1,1,0,3,1,1,1,0,2,0,13.333,8.0,0.559
1,3,1,2,1,1,0,1,1,1,2,1,3,0,0,3,0,1,1,1,1,1,1,0,1,1,1,2,1,1,0,0,1,0,21.0,8.0,0.617
0,3,1,1,0,0,0,1,1,1,4,0,2,1,0,3,0,0,1,1,1,0,0,0,1,1,1,3,0,1,1,0,2,0,9.0,9.0,0.833
2,4,2,1,1,3,0,6,2,1,4,0,4,3,1,7,0,1,1,1,1,1,1,0,1,1,1,4,0,1,1,1,2,0,20.0,9.5,0.671
1,3,2,1,2,1,0,3,0,0,5,0,2,1,0,5,0,1,1,1,1,1,1,0,1,0,0,2,0,1,1,0,1,0,6.75,3.0,0.544
3,2,2,2,0,0,0,7,0,0,3,1,4,2,0,3,0,1,1,1,2,0,0,0,1,0,0,3,1,1,1,0,1,0,29.0,11.0,0.657
0,1,2,1,0,0,0,1,0,0,2,3,3,0,0,2,0,0,1,1,1,0,0,0,1,0,0,1,1,1,0,0,1,0,7.5,3.0,0.548
0,1,3,1,0,1,1,2,0,0,2,0,2,0,0,2,0,0,1,1,1,0,1,1,1,0,0,2,0,1,0,0,1,0,7.5,2.5,0.548
3,1,1,0,2,1,1,8,1,0,1,3,33,0,0,11,15,1,1,1,0,1,1,1,1,1,0,1,1,1,0,0,2,1,7.8,0.2,0.16
0,1,0,0,1,1,1,2,1,0,1,0,3,0,0,2,1,0,1,0,0,1,1,1,1,1,0,1,0,1,0,0,1,1,13.0,6.0,0.392
1,4,3,0,0,1,1,2,1,1,5,0,5,0,0,5,0,1,1,1,0,0,1,1,1,1,1,3,0,1,0,0,2,0,7.25,4.75,0.525
4,1,2,3,0,1,0,3,0,0,3,0,3,0,0,0,0,1,1,1,1,0,1,0,1,0,0,3,0,1,0,0,0,0,6.667,4.333,0.791
3,1,1,1,0,1,0,1,2,1,1,1,5,0,0,0,0,1,1,1,1,0,1,0,1,1,1,1,1,1,0,0,0,0,17.0,9.0,0.514
6,2,1,4,2,2,0,6,0,1,4,0,4,0,0,4,0,1,1,1,2,1,1,0,1,0,1,2,0,1,0,0,1,0,18.0,16.5,0.707
1,1,0,0,0,1,0,3,0,0,4,0,5,1,0,3,0,1,1,0,0,0,1,0,1,0,0,3,0,1,1,0,1,0,19.0,12.0,0.649
2,3,3,3,1,0,0,3,0,1,3,0,4,0,0,3,0,1,1,1,2,1,0,0,1,0,1,2,0,1,0,0,1,0,13.0,4.5,0.555
2,3,3,3,1,0,0,3,0,1,3,0,4,0,0,3,0,1,1,1,2,1,0,0,1,0,1,2,0,1,0,0,1,0,13.0,4.5,0.555
5,1,3,2,1,4,1,5,1,0,7,0,6,3,0,7,0,1,1,1,2,1,1,1,1,1,0,3,0,1,1,0,2,0,15.333,9.0,0.73
5,6,1,0,4,1,0,4,0,0,5,1,6,0,0,6,0,1,1,1,0,1,1,0,1,0,0,3,1,1,0,0,1,0,19.5,10.0,0.453
2,0,1,0,1,2,0,4,0,0,2,0,0,1,0,3,0,1,0,1,0,1,1,0,1,0,0,1,0,0,1,0,2,0,8.0,5.5,0.53
11,14,8,9,8,9,1,21,1,4,6,13,18,3,1,14,1,1,1,1,2,1,1,1,1,1,2,3,1,1,1,1,1,1,17.625,7.5,0.357
7,6,4,2,1,8,0,10,1,2,8,11,20,4,1,11,2,1,1,1,1,1,1,0,1,1,2,4,1,1,1,1,1,1,16.0,4.667,0.433
12,13,11,5,4,4,0,18,0,4,13,1,9,3,0,13,2,1,1,1,2,1,1,0,1,0,2,7,1,1,1,0,1,1,22.4,9.4,0.601
2,0,3,1,1,0,0,3,0,0,1,0,2,0,0,1,1,1,0,1,1,1,0,0,1,0,0,1,0,1,0,0,1,1,7.5,1.0,0.365
2,3,2,1,1,3,0,7,0,0,3,1,4,1,0,2,0,1,1,1,1,1,1,0,1,0,0,2,1,1,1,0,2,0,15.0,7.5,0.645
5,4,5,2,1,2,1,7,0,3,6,1,9,0,1,2,1,1,1,1,1,1,1,1,1,0,2,4,1,1,0,1,2,1,9.6,6.6,0.714
4,3,2,4,2,0,1,11,0,3,4,0,7,1,0,8,0,1,1,1,2,1,0,1,1,0,2,3,0,1,1,0,2,0,25.0,22.75,0.7
0,1,0,0,0,2,1,1,0,0,0,4,6,0,2,1,0,0,1,0,0,0,1,1,1,0,0,0,1,1,0,1,1,0,16.0,0.0,0.177
2,1,4,2,1,1,0,2,0,1,3,1,4,0,0,3,0,1,1,1,2,1,1,0,1,0,1,2,1,1,0,0,1,0,12.5,11.5,0.849
3,2,0,1,3,0,0,5,0,0,1,1,7,1,0,1,1,1,1,0,1,1,0,0,1,0,0,1,1,1,1,0,1,1,8.333,5.333,0.566
6,9,5,7,4,8,1,9,0,3,12,0,11,5,0,13,0,1,1,1,3,1,1,1,1,0,2,6,0,1,1,0,1,0,15.5,8.333,0.66
4,4,6,3,2,2,0,5,2,4,7,1,6,2,1,5,0,1,1,1,3,1,1,0,1,1,2,3,1,1,1,1,2,0,17.667,22.19,0.777
0,1,1,1,0,0,1,0,0,0,3,0,3,0,0,2,0,0,1,1,1,0,0,1,0,0,0,2,0,1,0,0,1,0,6.5,4.5,0.784
7,10,3,1,1,5,0,11,0,0,2,7,11,0,0,4,1,1,1,1,1,1,1,0,1,0,0,2,1,1,0,0,2,1,31.0,5.5,0.359
2,2,4,4,1,1,0,5,2,1,5,0,5,1,1,6,0,1,1,1,1,1,1,0,1,1,1,3,0,1,1,1,1,0,19.5,10.5,0.566
1,1,1,2,1,1,0,4,1,2,2,1,0,0,0,2,0,1,1,1,2,1,1,0,1,1,1,2,1,0,0,0,1,0,19.0,23.75,0.811
2,2,0,0,0,2,0,3,0,0,1,0,0,0,0,1,0,1,1,0,0,0,1,0,1,0,0,1,0,0,0,0,1,0,11.0,2.0,0.426
1,2,0,0,2,1,0,5,0,0,0,1,2,0,0,0,0,1,1,0,0,1,1,0,1,0,0,0,1,1,0,0,0,0,7.0,0.0,0.189
2,0,4,0,1,3,0,3,0,0,3,0,2,0,0,4,0,1,0,1,0,1,1,0,1,0,0,1,0,1,0,0,2,0,22.0,13.0,0.452
4,1,1,0,2,1,0,1,0,0,8,0,0,0,0,5,0,1,1,1,0,1,1,0,1,0,0,4,0,0,0,0,2,0,7.667,6.667,0.737
2,1,3,1,2,1,0,2,1,1,5,0,1,1,0,5,0,1,1,1,1,1,1,0,1,1,1,3,0,1,1,0,2,0,8.667,11.0,0.832
0,1,1,0,2,1,0,2,0,0,2,5,3,0,0,2,0,0,1,1,0,1,1,0,1,0,0,2,1,1,0,0,1,0,9.5,2.5,0.487
0,2,0,0,1,2,0,0,0,0,0,8,2,0,0,0,0,0,1,0,0,1,1,0,0,0,0,0,1,1,0,0,0,0,15.0,0.0,0.183
2,4,2,1,2,7,0,6,0,0,2,3,3,0,1,3,0,1,1,1,1,1,1,0,1,0,0,2,1,1,0,1,2,0,35.0,6.0,0.359
3,1,3,1,0,1,1,3,0,0,3,0,2,0,0,2,0,1,1,1,1,0,1,1,1,0,0,2,0,1,0,0,2,0,10.0,10.0,0.632
0,0,1,2,1,0,0,0,0,1,0,3,2,1,0,1,0,0,0,1,2,1,0,0,0,0,1,0,1,1,1,0,1,0,12.0,16.0,0.816
2,0,3,2,2,0,0,0,1,0,1,5,2,0,0,1,0,1,0,1,1,1,0,0,0,1,0,1,1,1,0,0,1,0,19.0,6.0,0.487
10,7,11,7,4,4,0,17,0,2,13,1,11,0,0,12,0,1,1,1,2,1,1,0,1,0,1,8,1,1,0,0,2,0,33.0,12.333,0.64
1,0,0,1,1,0,0,2,0,0,4,4,1,2,0,2,1,1,0,0,1,1,0,0,1,0,0,3,1,1,1,0,1,1,19.0,12.0,0.811
0,2,1,2,0,3,0,4,0,0,2,0,2,1,0,3,0,0,1,1,2,0,1,0,1,0,0,1,0,1,1,0,1,0,20.0,12.5,0.474
0,0,0,2,1,0,2,3,1,0,3,1,5,0,0,2,0,0,0,0,1,1,0,1,1,1,0,3,1,1,0,0,1,0,10.0,4.5,0.632
5,3,0,2,1,4,0,6,0,0,3,1,4,0,0,2,0,1,1,0,1,1,1,0,1,0,0,1,1,1,0,0,1,0,15.5,2.0,0.254
1,1,1,0,0,2,0,6,0,0,0,0,4,0,1,1,0,1,1,1,0,0,1,0,1,0,0,0,0,1,0,1,1,0,8.0,0.0,0.177
3,5,3,4,2,4,0,9,1,2,5,2,4,1,0,6,0,1,1,1,2,1,1,0,1,1,2,5,1,1,1,0,1,0,17.0,10.0,0.891
6,4,0,0,1,5,1,2,1,0,1,19,14,0,0,3,1,1,1,0,0,1,1,1,1,1,0,1,1,1,0,0,1,1,14.25,0.0,0.094
3,1,0,2,2,3,0,4,2,1,0,3,3,0,1,2,1,1,1,0,2,1,1,0,1,1,1,0,1,1,0,1,1,1,13.5,7.375,0.544
0,0,0,0,2,0,0,0,0,0,0,7,6,0,0,0,0,0,0,0,0,1,0,0,0,0,0,0,1,1,0,0,0,0,15.0,0.0,0.183
13,8,4,4,7,10,0,20,0,1,14,0,8,2,0,14,3,1,1,1,2,1,1,0,1,0,1,6,0,1,1,0,3,1,27.0,9.0,0.612
1,5,2,3,1,1,0,8,0,1,3,0,1,0,0,2,0,1,1,1,3,1,1,0,1,0,1,2,0,1,0,0,1,0,14.0,14.286,0.935
2,6,4,8,3,6,0,8,7,2,11,0,9,3,1,6,0,1,1,1,3,1,1,0,1,1,1,4,0,1,1,1,1,0,15.0,13.4,0.653
3,5,7,8,2,1,0,12,1,3,8,0,5,3,1,6,0,1,1,1,4,1,1,0,1,1,1,4,0,1,1,1,1,0,16.0,13.938,0.707
1,1,3,0,1,2,1,1,0,0,2,8,3,0,0,3,1,1,1,1,0,1,1,1,1,0,0,1,1,1,0,0,1,1,13.5,2.0,0.272
1,7,2,3,2,5,0,7,3,1,8,16,8,1,0,4,5,1,1,1,2,1,1,0,1,1,1,4,1,1,1,0,2,1,36.5,13.5,0.497
3,3,5,2,1,3,0,4,0,0,3,3,5,0,0,2,2,1,1,1,1,1,1,0,1,0,0,3,1,1,0,0,1,1,18.0,4.0,0.471
6,6,4,3,3,3,0,8,2,1,5,1,7,1,0,6,1,1,1,1,2,1,1,0,1,1,1,3,1,1,1,0,2,1,14.25,5.25,0.562
1,2,1,0,3,1,0,2,1,2,0,22,14,0,0,1,0,1,1,1,0,1,1,0,1,1,1,0,1,1,0,0,1,0,49.0,0.0,0.101
3,1,5,2,0,0,1,1,0,2,4,0,4,1,0,4,0,1,1,1,1,0,0,1,1,0,1,4,0,1,1,0,1,0,9.333,8.333,0.668
6,6,7,3,5,4,0,11,0,2,13,0,6,4,0,11,1,1,1,1,1,1,1,0,1,0,1,4,0,1,1,0,2,1,15.8,11.6,0.477
2,2,1,1,1,0,0,1,0,2,3,0,0,0,0,2,0,1,1,1,1,1,0,0,1,0,1,2,0,0,0,0,1,0,15.0,2.0,0.365
2,1,4,4,2,0,0,2,0,2,11,0,6,1,0,5,0,1,1,1,2,1,0,0,1,0,1,6,0,1,1,0,1,0,13.333,18.0,0.894
3,0,6,3,4,2,0,5,1,1,2,12,9,0,0,0,0,1,0,1,1,1,1,0,1,1,1,2,1,1,0,0,0,0,24.0,7.5,0.408
4,4,1,5,1,1,0,4,0,2,3,2,4,2,0,5,0,1,1,1,3,1,1,0,1,0,2,3,1,1,1,0,1,0,19.0,14.786,0.803
2,2,1,3,0,0,0,4,0,2,7,0,2,0,0,5,0,1,1,1,2,0,0,0,1,0,1,4,0,1,0,0,1,0,14.0,17.875,0.935
2,1,3,2,0,0,0,1,0,1,3,0,2,0,0,2,0,1,1,1,2,0,0,0,1,0,1,3,0,1,0,0,1,0,8.5,9.0,0.857
1,1,1,2,0,1,0,5,0,0,2,0,6,1,0,2,1,1,1,1,2,0,1,0,1,0,0,2,0,1,1,0,1,1,11.5,2.0,0.442
0,0,0,0,0,0,0,2,0,0,1,2,3,0,1,1,2,0,0,0,0,0,0,0,1,0,0,1,1,1,0,1,1,1,5.5,0.0,0.213
2,0,0,2,0,1,1,0,0,1,2,0,1,0,0,1,0,1,0,0,2,0,1,1,0,0,1,2,0,1,0,0,1,0,11.0,15.0,0.853
4,3,3,2,3,2,0,10,0,0,6,1,7,3,0,7,0,1,1,1,2,1,1,0,1,0,0,4,1,1,1,0,1,0,12.5,5.5,0.6
3,0,1,2,2,1,0,7,0,1,1,1,5,0,2,4,1,1,0,1,2,1,1,0,1,0,1,1,1,1,0,1,1,1,14.0,4.5,0.535
2,5,3,4,1,4,0,10,0,3,7,3,5,1,0,7,2,1,1,1,2,1,1,0,1,0,2,5,1,1,1,0,1,1,19.333,10.0,0.65
4,8,2,7,2,3,0,9,0,1,11,1,7,2,0,1,0,1,1,1,1,1,1,0,1,0,1,5,1,1,1,0,1,0,19.333,14.0,0.65
3,1,1,3,0,1,0,4,0,2,3,0,3,1,0,3,0,1,1,1,2,0,1,0,1,0,1,2,0,1,1,0,1,0,13.0,14.875,0.693
1,0,1,1,0,1,0,3,0,0,1,0,0,1,0,2,0,1,0,1,1,0,1,0,1,0,0,1,0,0,1,0,1,0,11.0,4.0,0.64
2,3,2,3,2,3,0,7,0,2,4,0,2,2,0,6,0,1,1,1,2,1,1,0,1,0,2,1,0,1,1,0,3,0,19.0,10.0,0.459
2,8,0,3,1,3,1,10,0,2,8,0,6,1,0,7,0,1,1,0,2,1,1,1,1,0,2,5,0,1,1,0,1,0,8.667,3.958,0.686
1,1,1,1,1,2,0,2,0,0,1,2,2,0,0,2,0,1,1,1,1,1,1,0,1,0,0,1,1,1,0,0,1,0,8.0,1.0,0.354
2,0,2,3,0,1,0,4,0,2,2,0,2,1,0,1,0,1,0,1,2,0,1,0,1,0,2,2,0,1,1,0,1,0,9.5,11.5,0.973
4,7,2,4,0,7,0,9,0,2,6,0,6,4,0,7,0,1,1,1,2,0,1,0,1,0,1,5,0,1,1,0,1,0,19.333,11.0,0.65
2,2,4,0,1,0,0,5,0,0,2,2,3,0,0,1,0,1,1,1,0,1,0,0,1,0,0,2,1,1,0,0,1,0,21.0,9.0,0.463
2,0,0,2,1,0,0,1,0,0,5,2,1,1,0,2,0,1,0,0,1,1,0,0,1,0,0,2,1,1,1,0,1,0,8.5,7.0,0.686
4,6,0,4,2,6,1,15,2,1,4,7,29,0,9,4,2,1,1,0,3,1,1,1,1,1,1,3,1,1,0,1,1,1,17.0,5.2,0.46
0,0,1,1,0,1,2,2,0,0,2,1,2,0,0,1,0,0,0,1,1,0,1,1,1,0,0,2,1,1,0,0,1,0,4.333,4.333,0.981
4,6,0,3,2,6,1,15,1,1,4,7,29,0,9,4,2,1,1,0,3,1,1,1,1,1,1,3,1,1,0,1,1,1,16.8,4.8,0.463
4,5,2,7,2,3,0,6,0,5,8,0,8,4,1,7,0,1,1,1,3,1,1,0,1,0,2,4,0,1,1,1,1,0,30.5,25.5,0.634
1,2,4,0,2,2,2,5,2,1,3,1,2,0,0,5,0,1,1,1,0,1,1,1,1,1,1,1,1,1,0,0,2,0,8.0,5.0,0.375
4,2,4,3,1,1,0,3,0,0,2,2,2,0,0,1,0,1,1,1,2,1,1,0,1,0,0,2,1,1,0,0,1,0,25.0,18.5,0.707
0,3,1,0,0,0,0,0,0,0,1,9,0,0,0,1,2,0,1,1,0,0,0,0,0,0,0,1,1,0,0,0,1,1,17.0,2.0,0.343
2,1,2,3,1,4,0,5,0,0,5,7,5,0,0,3,0,1,1,1,2,1,1,0,1,0,0,4,1,1,0,0,2,0,38.0,33.0,0.688
3,4,1,2,1,1,1,6,1,2,5,0,3,3,0,3,0,1,1,1,2,1,1,1,1,1,1,3,0,1,1,0,1,0,18.0,15.5,0.707
21,21,19,19,12,21,1,38,1,5,16,3,25,10,0,23,2,1,1,1,4,1,1,1,1,1,2,7,1,1,1,0,2,1,39.333,18.792,0.506
1,5,2,2,0,1,1,2,0,1,8,0,4,1,0,5,0,1,1,1,1,0,1,1,1,0,1,5,0,1,1,0,1,0,16.5,11.5,0.615
3,1,1,0,0,0,0,6,1,0,0,1,5,0,1,1,0,1,1,1,0,0,0,0,1,1,0,0,1,1,0,1,1,0,19.0,0.0,0.162
0,1,1,1,2,0,0,1,0,0,2,2,0,0,0,1,0,0,1,1,1,1,0,0,1,0,0,2,1,0,0,0,1,0,11.0,5.0,0.64
3,2,1,1,2,2,0,7,1,0,4,0,3,1,0,3,0,1,1,1,1,1,1,0,1,1,0,1,0,1,1,0,2,0,30.0,19.0,0.516
1,2,1,0,0,1,0,1,0,0,2,2,1,0,0,1,0,1,1,1,0,0,1,0,1,0,0,1,1,1,0,0,1,0,12.0,0.0,0.204
2,2,0,2,2,2,0,6,0,0,9,0,4,1,0,6,0,1,1,0,1,1,1,0,1,0,0,5,0,1,1,0,1,0,36.0,27.0,0.707
0,4,0,2,1,2,2,5,0,0,3,3,7,0,4,4,2,0,1,0,2,1,1,1,1,0,0,2,1,1,0,1,1,1,37.0,12.571,0.465
1,3,1,0,0,2,1,9,1,1,5,1,3,1,1,6,1,1,1,1,0,0,1,1,1,1,1,2,1,1,1,1,3,1,36.0,21.0,0.471
8,6,5,2,0,4,0,46,8,2,3,27,73,0,32,7,5,1,1,1,1,0,1,0,1,1,1,2,1,1,0,1,1,1,22.222,2.667,0.2
0,0,0,0,0,0,0,1,0,0,1,3,3,0,1,1,2,0,0,0,0,0,0,0,1,0,0,1,1,1,0,1,1,1,11.0,0.0,0.213
4,2,0,6,1,3,0,3,0,3,6,1,2,0,0,0,1,1,1,0,2,1,1,0,1,0,1,3,1,1,0,0,0,1,16.5,18.0,0.615
1,2,1,5,1,1,0,6,0,3,6,1,4,2,0,4,0,1,1,1,2,1,1,0,1,0,2,4,1,1,1,0,1,0,18.5,12.0,0.697
1,2,0,3,1,2,1,4,0,3,6,0,3,1,0,4,0,1,1,0,2,1,1,1,1,0,2,4,0,1,1,0,1,0,15.5,13.5,0.762
0,1,0,2,0,0,0,1,0,1,3,3,4,1,0,3,0,0,1,0,1,0,0,0,1,0,1,2,1,1,1,0,1,0,9.5,8.5,0.649
1,0,0,0,0,1,0,3,0,0,1,0,2,1,0,2,0,1,0,0,0,0,1,0,1,0,0,1,0,1,1,0,2,0,5.5,6.5,0.64
1,0,1,2,0,0,1,1,1,0,2,0,2,0,0,0,1,1,0,1,1,0,0,1,1,1,0,2,0,1,0,0,0,1,3.667,3.333,0.853
3,3,2,3,4,6,0,8,2,3,2,0,5,2,1,3,0,1,1,1,2,1,1,0,1,1,2,2,0,1,1,1,1,0,46.0,22.0,0.521
2,4,0,3,0,3,1,5,0,2,9,0,3,2,0,6,0,1,1,0,2,0,1,1,1,0,2,4,0,1,1,0,1,0,13.333,10.667,0.671
5,4,4,5,2,2,1,8,2,3,4,0,6,1,0,5,0,1,1,1,2,1,1,1,1,1,2,4,0,1,1,0,1,0,26.0,15.0,0.588
0,0,1,2,1,1,0,9,0,0,3,4,11,0,4,2,2,0,0,1,2,1,1,0,1,0,0,3,1,1,0,1,1,1,12.333,4.0,0.465
0,1,0,0,2,2,0,3,0,1,2,0,2,0,0,3,0,0,1,0,0,1,1,0,1,0,1,2,0,1,0,0,1,0,16.0,9.0,0.53
0,1,1,1,0,0,1,3,0,2,3,1,4,0,0,5,0,0,1,1,1,0,0,1,1,0,2,3,1,1,0,0,1,0,10.5,11.0,0.926
2,1,2,1,1,1,0,4,0,1,2,0,1,0,0,1,0,1,1,1,1,1,1,0,1,0,1,2,0,1,0,0,1,0,8.5,3.5,0.686
0,0,3,2,0,0,0,0,0,2,5,0,1,2,0,4,0,0,0,1,1,0,0,0,0,0,1,4,0,1,1,0,1,0,19.0,25.0,0.811
0,3,1,5,0,1,0,4,0,5,3,0,5,1,0,6,0,0,1,1,3,0,1,0,1,0,2,2,0,1,1,0,1,0,34.0,45.0,0.606
11,6,4,4,3,4,0,17,1,0,4,4,13,1,2,4,0,1,1,1,1,1,1,0,1,1,0,2,1,1,1,1,1,0,25.333,6.0,0.324
2,3,4,1,1,1,0,4,0,2,7,0,4,1,0,5,0,1,1,1,1,1,1,0,1,0,1,4,0,1,1,0,1,0,11.667,13.19,0.837
9,3,5,6,4,4,0,11,0,2,7,0,6,1,0,8,1,1,1,1,2,1,1,0,1,0,1,3,0,1,1,0,1,1,11.167,4.333,0.432
3,1,2,2,2,2,1,7,0,1,2,0,4,1,0,3,0,1,1,1,2,1,1,1,1,0,1,2,0,1,1,0,1,0,10.333,3.667,0.508
5,0,1,0,3,1,0,4,0,0,2,0,4,0,0,4,0,1,0,1,0,1,1,0,1,0,0,1,0,1,0,0,1,0,8.0,1.333,0.289
2,2,0,1,1,2,0,4,0,1,4,0,1,0,0,4,0,1,1,0,1,1,1,0,1,0,1,2,0,1,0,0,2,0,22.0,11.0,0.603
5,6,2,3,2,6,0,6,0,2,8,0,3,0,0,6,0,1,1,1,2,1,1,0,1,0,2,4,0,1,0,0,2,0,16.333,14.0,0.707
4,5,2,7,2,3,0,7,0,3,6,1,5,2,0,7,0,1,1,1,2,1,1,0,1,0,2,2,1,1,1,0,1,0,27.0,20.0,0.481
0,1,1,2,1,2,0,6,1,1,4,1,1,0,0,2,0,0,1,1,2,1,1,0,1,1,1,2,1,1,0,0,1,0,23.0,16.0,0.737
10,8,8,5,5,7,0,14,1,4,14,0,6,1,0,11,0,1,1,1,3,1,1,0,1,1,2,5,0,1,1,0,2,0,31.333,27.833,0.656
22,21,11,25,8,16,0,42,0,9,37,10,28,8,1,31,4,1,1,1,4,1,1,0,1,0,2,9,1,1,1,1,3,1,27.2,13.557,0.6
2,3,2,3,0,5,1,17,3,0,3,0,24,0,0,3,3,1,1,1,2,0,1,1,1,1,0,2,0,1,0,0,2,1,16.5,5.75,0.435
3,8,9,5,5,4,0,16,0,3,20,0,23,6,0,15,0,1,1,1,2,1,1,0,1,0,2,6,0,1,1,0,1,0,22.8,16.0,0.53
2,1,0,2,1,0,0,4,0,1,3,0,2,0,0,1,0,1,1,0,1,1,0,0,1,0,1,3,0,1,0,0,1,0,8.5,9.5,1.029
7,9,10,6,4,6,1,14,0,2,12,3,15,0,0,8,1,1,1,1,2,1,1,1,1,0,1,4,1,1,0,0,2,1,24.5,12.25,0.5
8,16,8,6,2,6,2,13,0,9,12,0,13,2,0,14,1,1,1,1,2,1,1,1,1,0,2,7,0,1,1,0,1,1,18.667,11.5,0.601
3,3,3,4,1,1,0,5,0,1,6,0,2,2,0,4,0,1,1,1,2,1,1,0,1,0,1,3,0,1,1,0,1,0,35.0,12.0,0.478
10,9,7,4,2,5,0,18,1,2,7,7,15,3,0,12,2,1,1,1,2,1,1,0,1,1,1,4,1,1,1,0,1,1,14.857,3.429,0.416
2,4,2,1,1,0,0,2,0,1,5,2,4,0,0,4,1,1,1,1,1,1,0,0,1,0,1,4,1,1,0,0,2,1,14.0,13.0,0.668
0,0,0,0,0,0,0,1,0,0,1,3,3,0,1,1,2,0,0,0,0,0,0,0,1,0,0,1,1,1,0,1,1,1,5.5,0.0,0.213
5,9,5,6,3,5,0,16,1,5,11,7,13,0,0,12,6,1,1,1,3,1,1,0,1,1,2,4,1,1,0,0,2,1,26.0,14.5,0.624
3,2,1,2,1,3,0,6,1,0,3,1,6,0,0,1,0,1,1,1,1,1,1,0,1,1,0,2,1,1,0,0,1,0,9.333,3.667,0.401
12,19,5,12,11,7,1,36,0,7,27,2,21,2,0,25,2,1,1,1,3,1,1,1,1,0,2,11,1,1,1,0,1,1,14.538,8.231,0.72
1,1,2,0,0,0,0,3,0,0,1,0,1,1,1,2,0,1,1,1,0,0,0,0,1,0,0,1,0,0,1,1,1,0,12.0,3.0,0.408
0,0,0,0,0,0,0,1,0,0,1,3,3,0,1,1,2,0,0,0,0,0,0,0,1,0,0,1,1,1,0,1,1,1,5.5,0.0,0.213
2,3,0,0,2,1,0,5,0,0,2,0,0,1,0,2,0,1,1,0,0,1,1,0,1,0,0,2,0,0,1,0,1,0,18.0,10.0,0.5
1,3,3,1,1,3,1,5,0,1,6,0,1,3,0,4,0,1,1,1,1,1,1,1,1,0,1,5,0,1,1,0,1,0,33.0,28.0,0.739
1,2,2,2,1,0,0,1,0,1,5,0,2,1,0,6,0,1,1,1,2,1,0,0,1,0,1,3,0,1,1,0,1,0,12.0,11.0,0.722
2,0,2,0,1,3,0,5,0,0,3,4,2,1,0,3,0,1,0,1,0,1,1,0,1,0,0,1,1,1,1,0,1,0,13.0,3.0,0.277
2,1,3,3,1,1,0,3,0,0,9,0,3,2,1,5,0,1,1,1,1,1,1,0,1,0,0,6,0,1,1,1,1,0,11.0,12.333,0.862
1,1,2,1,0,0,0,3,0,0,2,0,1,0,0,1,0,1,1,1,1,0,0,0,1,0,0,1,0,1,0,0,1,0,12.0,4.0,0.408
7,9,7,8,4,6,0,15,1,3,14,0,9,6,0,18,0,1,1,1,2,1,1,0,1,1,1,6,0,1,1,0,1,0,53.5,35.0,0.547
0,1,2,1,0,0,0,2,0,1,4,0,1,0,0,3,0,0,1,1,1,0,0,0,1,0,1,2,0,1,0,0,1,0,15.0,8.0,0.548
1,2,3,2,1,1,0,4,0,1,6,0,7,0,0,4,0,1,1,1,2,1,1,0,1,0,1,3,0,1,0,0,2,0,16.0,10.0,0.75
2,4,0,2,1,2,0,5,0,0,4,2,5,2,2,4,0,1,1,0,1,1,1,0,1,0,0,3,1,1,1,1,1,0,16.5,9.5,0.492
2,1,3,3,1,2,0,3,0,2,6,0,2,0,0,6,0,1,1,1,1,1,1,0,1,0,2,3,0,1,0,0,2,0,31.0,30.0,0.889
4,2,2,2,0,2,2,4,0,0,4,0,6,0,0,5,0,1,1,1,1,0,1,1,1,0,0,3,0,1,0,0,1,0,33.0,7.0,0.369
0,1,0,1,0,1,1,2,0,1,2,0,0,0,0,3,0,0,1,0,1,0,1,1,1,0,1,2,0,0,0,0,2,0,12.0,13.25,1.021
3,5,2,2,1,2,1,7,1,1,4,2,6,1,1,4,0,1,1,1,1,1,1,1,1,1,1,3,1,1,1,1,2,0,21.0,10.5,0.546
2,4,3,3,0,5,0,27,6,1,6,27,49,0,28,7,5,1,1,1,1,0,1,0,1,1,1,3,1,1,0,1,2,1,16.778,3.778,0.345
1,1,2,1,2,1,0,2,0,0,2,1,5,0,0,2,0,1,1,1,1,1,1,0,1,0,0,2,1,1,0,0,1,0,19.0,2.0,0.324
1,1,0,2,0,2,0,4,0,4,2,0,2,0,0,5,0,1,1,0,2,0,1,0,1,0,2,1,0,1,0,0,1,0,23.0,21.0,0.59
0,0,1,2,2,0,0,4,1,0,2,0,4,0,2,2,0,0,0,1,1,1,0,0,1,1,0,2,0,1,0,1,1,0,18.0,4.0,0.5
3,2,5,1,1,3,1,5,1,0,4,2,4,2,0,4,0,1,1,1,1,1,1,1,1,1,0,1,1,1,1,0,2,0,19.0,8.5,0.459
0,0,0,0,0,0,0,0,0,0,1,4,3,0,1,1,2,0,0,0,0,0,0,0,0,0,0,1,1,1,0,1,1,1,5.5,0.0,0.213
0,1,2,2,1,1,0,1,0,1,4,0,2,1,0,5,0,0,1,1,2,1,1,0,1,0,1,1,0,1,1,0,1,0,21.0,17.0,0.617
4,1,1,3,2,1,0,1,0,0,1,6,4,0,0,1,0,1,1,1,2,1,1,0,1,0,0,1,1,1,0,0,1,0,24.0,13.0,0.577
1,0,0,2,0,0,0,2,1,1,3,1,1,0,0,1,0,1,0,0,1,0,0,0,1,1,1,2,1,1,0,0,1,0,15.0,23.0,0.913
2,0,1,1,1,3,0,7,1,0,5,0,6,1,0,4,0,1,0,1,1,1,1,0,1,1,0,3,0,1,1,0,3,0,10.667,5.667,0.625
2,1,2,1,0,0,0,1,0,0,2,3,2,0,0,3,0,1,1,1,1,0,0,0,1,0,0,2,1,1,0,0,1,0,17.0,11.0,0.686
1,2,1,0,0,2,0,2,0,0,0,2,0,0,0,2,0,1,1,1,0,0,1,0,1,0,0,0,1,0,0,0,2,0,12.0,3.0,0.408
3,2,2,4,0,2,0,2,0,1,6,2,2,2,0,3,0,1,1,1,2,0,1,0,1,0,1,4,1,1,1,0,2,0,15.5,13.0,0.762
0,3,0,1,0,3,0,9,0,0,3,2,10,0,5,4,0,0,1,0,1,0,1,0,1,0,0,2,1,1,0,1,1,0,35.0,5.0,0.359
0,0,0,0,0,0,0,0,0,0,1,4,3,0,1,1,2,0,0,0,0,0,0,0,0,0,0,1,1,1,0,1,1,1,5.5,0.0,0.213
1,2,1,3,1,2,1,4,1,0,2,0,1,1,0,2,0,1,1,1,1,1,1,1,1,1,0,1,0,1,1,0,1,0,11.0,10.0,0.452
5,5,5,5,2,3,0,5,0,2,6,1,5,1,0,10,1,1,1,1,2,1,1,0,1,0,1,3,1,1,1,0,2,1,28.0,9.0,0.378
0,2,1,0,0,1,0,4,0,0,3,0,3,1,1,2,0,0,1,1,0,0,1,0,1,0,0,2,0,1,1,1,2,0,8.5,2.0,0.514
1,3,1,1,1,3,1,5,0,0,4,0,0,0,0,2,0,1,1,1,1,1,1,1,1,0,0,3,0,0,0,0,1,0,22.0,15.0,0.603
2,3,0,2,1,5,0,9,0,2,3,1,4,1,1,3,0,1,1,0,1,1,1,0,1,0,1,2,1,1,1,1,2,0,18.5,7.0,0.465
2,1,0,0,1,1,0,1,0,0,3,3,7,0,1,3,0,1,1,0,0,1,1,0,1,0,0,2,1,1,0,1,2,0,22.0,15.0,0.603
0,2,4,2,2,4,3,7,0,2,7,3,6,1,1,7,2,0,1,1,1,1,1,1,1,0,1,5,1,1,1,1,1,1,17.333,7.667,0.588
5,2,2,2,4,2,1,4,1,0,3,1,11,0,0,2,1,1,1,1,2,1,1,1,1,1,0,3,1,1,0,0,1,1,8.2,2.0,0.442
0,2,0,1,0,0,0,4,0,1,1,0,1,0,0,1,0,0,1,0,1,0,0,0,1,0,1,1,0,1,0,0,1,0,11.0,7.0,0.426
2,1,2,4,0,0,1,4,0,1,6,1,5,2,0,3,0,1,1,1,1,0,0,1,1,0,1,4,1,1,1,0,1,0,11.0,9.333,0.615
1,1,2,2,1,2,0,2,0,1,5,0,2,0,0,3,1,1,1,1,2,1,1,0,1,0,1,3,0,1,0,0,2,1,22.0,21.25,0.905
7,5,1,5,3,2,1,12,0,3,11,1,13,2,2,11,1,1,1,1,2,1,1,1,1,0,2,7,1,1,1,1,2,1,16.2,13.314,0.786
2,6,4,1,2,4,1,12,0,2,7,0,4,0,0,5,0,1,1,1,1,1,1,1,1,0,1,4,0,1,0,0,1,0,25.0,8.0,0.5
0,2,0,2,0,0,0,1,0,1,4,0,2,0,0,3,0,0,1,0,1,0,0,0,1,0,1,3,0,1,0,0,1,0,7.5,12.0,0.913
1,3,4,3,1,4,0,8,1,1,2,2,3,0,0,2,0,1,1,1,1,1,1,0,1,1,1,1,1,1,0,0,2,0,17.5,7.5,0.359
1,0,4,2,0,0,0,1,0,0,3,0,0,1,0,1,0,1,0,1,1,0,0,0,1,0,0,2,0,0,1,0,1,0,13.0,13.0,0.588
4,6,5,7,3,2,1,7,1,3,11,0,9,1,0,8,0,1,1,1,2,1,1,1,1,1,2,4,0,1,1,0,1,0,13.8,8.6,0.511
0,0,0,0,0,0,0,1,1,0,1,2,3,0,1,1,2,0,0,0,0,0,0,0,1,1,0,1,1,1,0,1,1,1,11.0,0.0,0.213
6,2,2,5,2,0,0,4,0,0,4,0,8,0,0,3,0,1,1,1,2,1,0,0,1,0,0,4,0,1,0,0,1,0,11.667,4.333,0.598
3,0,3,2,1,1,0,2,1,0,3,0,3,0,0,3,0,1,0,1,1,1,1,0,1,1,0,1,0,1,0,0,1,0,11.0,5.0,0.452
2,6,8,6,4,5,0,6,0,0,9,5,6,1,0,7,1,1,1,1,2,1,1,0,1,0,0,5,1,1,1,0,1,1,33.0,15.0,0.609
5,2,1,2,1,0,0,2,0,1,2,0,3,0,0,2,0,1,1,1,2,1,0,0,1,0,1,2,0,1,0,0,1,0,20.0,6.0,0.632
0,4,2,1,1,0,1,2,0,0,3,0,4,0,0,3,0,0,1,1,1,1,0,1,1,0,0,3,0,1,0,0,1,0,10.5,5.5,0.617
0,0,0,0,0,0,0,1,1,0,1,2,3,0,1,1,2,0,0,0,0,0,0,0,1,1,0,1,1,1,0,1,1,1,11.0,0.0,0.213
0,1,0,0,1,1,0,3,0,0,1,1,2,0,0,2,1,0,1,0,0,1,1,0,1,0,0,1,1,1,0,0,1,1,12.0,6.0,0.408
5,10,3,8,4,7,0,16,0,4,10,2,16,4,3,10,2,1,1,1,3,1,1,0,1,0,2,6,1,1,1,1,1,1,25.25,15.5,0.633
2,2,0,3,1,0,0,4,0,1,2,0,5,0,0,3,3,1,1,0,3,1,0,0,1,0,1,2,0,1,0,0,1,1,26.0,18.0,0.832
3,1,2,2,0,2,0,5,0,0,1,1,2,1,0,2,0,1,1,1,2,0,1,0,1,0,0,1,1,1,1,0,1,0,22.0,2.0,0.302
13,12,15,12,2,11,0,18,3,4,12,7,15,2,0,9,0,1,1,1,4,1,1,0,1,1,2,4,1,1,1,0,1,0,33.75,17.643,0.487
9,8,4,3,1,3,0,12,2,2,15,0,7,3,1,9,1,1,1,1,2,1,1,0,1,1,2,8,0,1,1,1,1,1,26.0,13.0,0.801
8,8,8,5,1,4,0,12,1,1,12,0,5,2,0,9,3,1,1,1,2,1,1,0,1,1,1,5,0,1,1,0,2,1,19.75,9.0,0.477
12,8,7,16,5,7,0,19,1,5,16,0,20,3,0,10,3,1,1,1,4,1,1,0,1,1,2,6,0,1,1,0,1,1,16.5,13.844,0.615
0,0,1,1,1,1,0,2,0,2,4,0,1,1,0,4,0,0,0,1,1,1,1,0,1,0,2,3,0,1,1,0,1,0,18.0,22.0,1.0
5,4,5,4,2,1,0,3,0,2,5,2,5,1,0,7,0,1,1,1,3,1,1,0,1,0,2,2,1,1,1,0,1,0,23.0,13.0,0.521
2,2,0,4,2,1,0,5,2,1,12,0,3,2,0,6,0,1,1,0,1,1,1,0,1,1,1,6,0,1,1,0,2,0,21.0,13.5,0.873
0,1,1,0,1,2,0,2,3,0,1,1,3,0,0,1,0,0,1,1,0,1,1,0,1,1,0,1,1,1,0,0,1,0,8.0,2.5,0.53
3,0,0,2,2,0,0,1,0,0,2,0,0,0,0,1,0,1,0,0,1,1,0,0,1,0,0,2,0,0,0,0,1,0,11.0,4.0,0.64
1,1,2,0,1,1,0,4,0,1,2,1,3,0,0,2,0,1,1,1,0,1,1,0,1,0,1,2,1,1,0,0,2,0,19.0,11.0,0.649
2,1,1,3,1,1,1,2,0,1,4,0,2,0,0,2,0,1,1,1,2,1,1,1,1,0,1,4,0,1,0,0,1,0,21.0,13.0,0.772
6,10,3,10,2,2,0,13,0,3,23,1,12,4,0,13,0,1,1,1,4,1,1,0,1,0,1,7,1,1,1,0,2,0,25.5,18.893,0.7
1,4,4,2,1,2,0,6,0,2,2,0,2,0,0,4,0,1,1,1,2,1,1,0,1,0,2,2,0,1,0,0,1,0,30.0,11.0,0.516
0,2,0,1,0,2,0,3,0,0,1,0,1,0,0,1,0,0,1,0,1,0,1,0,1,0,0,1,0,1,0,0,1,0,11.0,4.0,0.64
13,6,12,10,3,5,0,7,1,6,13,0,4,5,0,11,0,1,1,1,4,1,1,0,1,1,2,4,0,1,1,0,1,0,48.0,44.786,0.577
3,1,4,2,3,0,0,3,1,2,6,0,3,1,0,3,0,1,1,1,2,1,0,0,1,1,1,3,0,1,1,0,1,0,32.0,34.571,0.75
0,1,0,0,0,0,0,3,1,0,2,0,4,0,0,1,0,0,1,0,0,0,0,0,1,1,0,2,0,1,0,0,1,0,12.0,6.0,0.612
6,10,2,9,2,6,0,18,2,2,9,2,10,2,0,6,0,1,1,1,2,1,1,0,1,1,2,3,1,1,1,0,2,0,28.667,12.667,0.457
2,3,2,3,0,5,1,16,3,0,3,1,24,0,0,3,3,1,1,1,2,0,1,1,1,1,0,2,1,1,0,0,2,1,16.5,5.75,0.435
2,0,4,2,2,1,0,3,1,0,5,2,2,1,0,5,0,1,0,1,2,1,1,0,1,1,0,1,1,1,1,0,1,0,15.0,6.0,0.387
1,6,4,2,2,2,0,10,5,0,3,2,4,1,0,6,0,1,1,1,2,1,1,0,1,1,0,2,1,1,1,0,1,0,24.0,6.0,0.51
2,3,2,3,0,5,1,16,3,0,3,1,24,0,0,3,3,1,1,1,2,0,1,1,1,1,0,2,1,1,0,0,2,1,16.5,5.75,0.435
1,0,2,1,0,0,0,2,0,0,2,0,2,1,0,2,0,1,0,1,1,0,0,0,1,0,0,2,0,1,1,0,1,0,13.0,11.0,0.784
1,1,2,0,0,0,0,1,2,0,0,1,3,0,1,1,0,1,1,1,0,0,0,0,1,1,0,0,1,1,0,1,1,0,6.0,0.0,0.204
6,5,0,1,2,0,0,4,0,0,5,1,2,1,0,2,0,1,1,0,1,1,0,0,1,0,0,4,1,1,1,0,1,0,29.0,14.0,0.657
1,1,1,5,2,1,0,1,1,1,6,0,3,1,0,4,0,1,1,1,2,1,1,0,1,1,1,3,0,1,1,0,1,0,28.0,22.0,0.802
1,1,3,0,1,0,0,1,0,0,1,2,2,0,0,1,0,1,1,1,0,1,0,0,1,0,0,1,1,1,0,0,1,0,13.0,2.0,0.392
1,0,0,0,0,0,0,7,4,0,1,20,17,0,1,3,2,1,0,0,0,0,0,0,1,1,0,1,1,1,0,1,1,1,55.0,2.0,0.191
1,0,0,1,0,0,0,2,0,0,3,0,2,0,0,4,0,1,0,0,1,0,0,0,1,0,0,2,0,1,0,0,1,0,13.0,6.0,0.588
3,3,7,7,3,5,0,10,5,8,11,3,13,1,2,10,2,1,1,1,3,1,1,0,1,1,2,7,1,1,1,1,2,1,18.0,21.8,0.745
7,4,5,3,1,5,0,6,1,1,4,3,3,0,0,4,0,1,1,1,1,1,1,0,1,1,1,3,1,1,0,0,1,0,16.0,4.333,0.408
1,0,1,2,0,1,1,1,0,1,1,0,2,0,0,1,0,1,0,1,2,0,1,1,1,0,1,1,0,1,0,0,1,0,12.0,16.0,1.021
1,5,4,3,0,1,3,5,0,1,7,0,4,0,0,4,0,1,1,1,2,0,1,1,1,0,1,5,0,1,0,0,1,0,9.5,4.75,0.688
1,5,1,2,1,5,1,12,0,1,9,3,7,0,0,7,0,1,1,1,1,1,1,1,1,0,1,5,1,1,0,0,2,0,13.75,10.562,0.763
0,2,0,1,0,2,0,11,0,0,6,5,5,0,0,4,0,0,1,0,1,0,1,0,1,0,0,4,1,1,0,0,1,0,18.0,8.286,0.589
2,4,2,1,1,0,0,1,0,1,2,1,1,0,0,3,0,1,1,1,1,1,0,0,1,0,1,2,1,1,0,0,1,0,19.0,11.0,0.649
1,0,0,0,0,0,0,1,0,0,1,0,8,0,0,1,1,1,0,0,0,0,0,0,1,0,0,1,0,1,0,0,1,1,13.0,6.0,0.392
1,1,1,2,0,0,1,1,0,0,3,0,4,0,0,0,0,1,1,1,1,0,0,1,1,0,0,3,0,1,0,0,0,0,7.0,4.5,0.756
4,3,2,2,0,3,1,12,2,0,2,3,22,0,0,3,3,1,1,1,2,0,1,1,1,1,0,2,1,1,0,0,2,1,15.25,4.5,0.453
0,3,0,1,0,2,0,5,0,0,1,1,2,0,0,1,0,0,1,0,1,0,1,0,1,0,0,1,1,1,0,0,1,0,8.0,3.0,0.53
1,1,2,3,1,1,0,2,0,1,2,1,2,0,0,1,0,1,1,1,2,1,1,0,1,0,1,2,1,1,0,0,1,0,9.0,7.0,0.833
1,1,0,1,1,1,0,2,0,0,2,1,0,0,0,1,0,1,1,0,1,1,1,0,1,0,0,1,1,0,0,0,1,0,11.0,6.0,0.64
5,5,2,5,1,7,0,27,1,1,1,6,40,1,8,4,1,1,1,1,3,1,1,0,1,1,1,1,1,1,1,1,1,1,35.667,7.0,0.342
10,8,9,6,9,7,0,16,0,0,5,5,0,2,0,5,0,1,1,1,1,1,1,0,1,0,0,2,1,0,1,0,2,0,82.0,36.0,0.39
0,0,0,1,0,2,0,3,1,1,3,0,2,1,0,1,0,0,0,0,1,0,1,0,1,1,1,2,0,1,1,0,1,0,15.0,23.0,0.913
0,3,0,3,0,2,0,2,0,2,4,0,2,0,0,7,0,0,1,0,3,0,1,0,1,0,2,4,0,1,0,0,2,0,12.5,16.5,1.131
3,0,1,1,0,0,0,2,0,0,3,0,0,1,0,1,0,1,0,1,1,0,0,0,1,0,0,2,0,0,1,0,1,0,12.0,9.0,0.816
3,2,0,3,1,1,0,6,0,3,5,0,4,1,0,5,0,1,1,0,2,1,1,0,1,0,2,4,0,1,1,0,1,0,11.333,10.25,0.849
3,5,3,3,1,4,0,8,0,0,5,1,3,0,0,3,0,1,1,1,1,1,1,0,1,0,0,4,1,1,0,0,2,0,13.0,8.667,0.679
5,1,5,3,3,4,1,5,0,3,1,4,3,1,0,3,0,1,1,1,1,1,1,1,1,0,2,1,1,1,1,0,1,0,21.0,11.0,0.436
12,14,10,8,4,8,0,14,0,2,10,8,9,3,0,18,0,1,1,1,2,1,1,0,1,0,2,7,1,1,1,0,2,0,19.667,7.833,0.586
5,6,7,5,2,2,1,5,0,2,7,2,5,2,0,7,0,1,1,1,3,1,1,1,1,0,1,4,1,1,1,0,1,0,29.0,14.5,0.557
14,10,23,18,6,10,0,22,0,6,30,1,14,7,1,17,3,1,1,1,3,1,1,0,1,0,2,8,1,1,1,1,3,1,16.455,11.273,0.631
5,3,2,5,0,5,0,7,0,1,5,1,6,4,0,4,0,1,1,1,2,0,1,0,1,0,1,3,1,1,1,0,2,0,24.0,18.0,0.714
4,6,0,6,1,3,0,9,0,1,7,2,2,3,0,6,0,1,1,0,3,1,1,0,1,0,1,4,1,1,1,0,3,0,25.0,18.5,0.7
4,6,0,6,1,3,0,9,0,1,7,2,2,3,0,6,0,1,1,0,3,1,1,0,1,0,1,4,1,1,1,0,3,0,25.0,18.5,0.7
6,7,5,8,3,4,0,11,0,2,8,1,10,4,0,11,0,1,1,1,2,1,1,0,1,0,1,3,1,1,1,0,1,0,40.5,20.0,0.471
2,1,0,2,0,3,0,12,1,0,4,1,17,0,0,6,1,1,1,0,1,0,1,0,1,1,0,3,1,1,0,0,1,1,8.333,0.667,0.3
11,10,7,6,1,8,1,17,1,3,9,5,15,4,1,8,0,1,1,1,4,1,1,1,1,1,2,4,1,1,1,1,1,0,21.0,11.2,0.552
1,2,0,4,2,3,0,3,0,4,5,5,9,0,0,5,0,1,1,0,2,1,1,0,1,0,2,1,1,1,0,0,1,0,14.333,11.0,0.431
3,1,2,2,1,2,0,2,0,1,5,0,2,0,0,3,0,1,1,1,2,1,1,0,1,0,1,2,0,1,0,0,1,0,8.0,5.667,0.577
0,0,0,0,0,0,0,1,0,0,1,3,3,0,1,1,2,0,0,0,0,0,0,0,1,0,0,1,1,1,0,1,1,1,5.5,0.0,0.213
14,14,8,12,4,14,0,37,2,5,18,5,23,7,0,14,2,1,1,1,2,1,1,0,1,1,2,8,1,1,1,0,3,1,19.889,10.222,0.581
2,0,2,2,0,3,0,2,0,1,1,1,0,1,0,0,0,1,0,1,1,0,1,0,1,0,1,1,1,0,1,0,0,0,15.0,17.0,0.73
2,1,0,2,1,2,0,2,0,1,2,1,2,0,0,1,0,1,1,0,1,1,1,0,1,0,1,1,1,1,0,0,1,0,17.0,8.0,0.514
0,0,0,0,0,0,0,1,0,0,1,3,3,0,1,1,2,0,0,0,0,0,0,0,1,0,0,1,1,1,0,1,1,1,11.0,0.0,0.213
0,0,0,0,0,0,0,0,0,0,1,4,3,0,1,1,2,0,0,0,0,0,0,0,0,0,0,1,1,1,0,1,1,1,5.5,0.0,0.213
1,2,2,3,0,1,0,3,0,1,7,0,1,1,0,5,0,1,1,1,2,0,1,0,1,0,1,4,0,1,1,0,2,0,27.0,38.25,1.089
6,7,5,6,1,5,0,8,0,3,9,1,5,4,0,7,0,1,1,1,2,1,1,0,1,0,1,2,1,1,1,0,1,0,22.333,20.0,0.518
0,1,2,1,0,1,0,0,0,1,2,1,1,0,0,2,0,0,1,1,1,0,1,0,0,0,1,2,1,1,0,0,1,0,12.0,11.0,0.816
0,1,4,5,2,1,0,3,3,1,10,1,3,1,0,5,0,0,1,1,1,1,1,0,1,1,1,4,1,1,1,0,2,0,13.333,11.667,0.671
5,8,10,4,7,3,0,11,3,7,15,3,9,3,0,21,0,1,1,1,2,1,1,0,1,1,3,5,1,1,1,0,3,0,15.571,10.464,0.677
0,1,2,2,0,2,0,3,1,0,2,0,2,0,0,1,0,0,1,1,1,0,1,0,1,1,0,2,0,1,0,0,1,0,15.0,6.0,0.548
3,6,0,1,2,5,0,8,0,0,2,12,5,2,0,8,0,1,1,0,1,1,1,0,1,0,0,2,1,1,1,0,1,0,54.0,6.0,0.385
0,1,3,0,0,2,0,1,1,1,1,2,4,0,0,0,3,0,1,1,0,0,1,0,1,1,1,1,1,1,0,0,0,1,4.75,2.25,0.487
0,0,0,3,0,2,0,4,0,1,3,0,2,0,0,2,0,0,0,0,1,0,1,0,1,0,1,2,0,1,0,0,2,0,8.5,10.5,0.686
3,4,1,1,1,4,0,7,0,2,3,1,1,2,0,6,0,1,1,1,1,1,1,0,1,0,2,2,1,1,1,0,1,0,36.0,18.0,0.471
10,13,9,5,7,7,0,20,0,6,15,9,11,0,0,16,1,1,1,1,3,1,1,0,1,0,2,5,1,1,0,0,1,1,32.0,14.625,0.5
4,3,2,2,0,1,0,3,0,1,1,0,1,0,0,2,0,1,1,1,2,0,1,0,1,0,1,1,0,1,0,0,1,0,20.0,5.0,0.474
16,10,2,11,5,8,0,10,0,8,17,2,16,3,0,14,0,1,1,1,3,1,1,0,1,0,2,5,1,1,1,0,1,0,40.333,29.833,0.514
4,0,4,6,0,2,0,7,0,3,6,0,5,0,0,6,0,1,0,1,2,0,1,0,1,0,2,4,0,1,0,0,1,0,14.333,8.667,0.647
2,6,2,6,1,2,0,5,0,1,8,0,5,0,0,4,0,1,1,1,3,1,1,0,1,0,1,5,0,1,0,0,1,0,14.0,12.5,0.873
2,1,0,1,0,2,0,2,0,0,2,0,0,0,0,1,0,1,1,0,1,0,1,0,1,0,0,2,0,0,0,0,1,0,11.0,2.0,0.426
3,1,0,2,0,1,0,3,0,2,1,1,1,0,0,2,0,1,1,0,2,0,1,0,1,0,1,1,1,1,0,0,2,0,8.5,5.5,0.686
3,4,5,6,2,6,0,12,1,1,11,0,8,2,0,6,0,1,1,1,2,1,1,0,1,1,1,7,0,1,1,0,1,0,33.5,23.0,0.691
7,8,9,8,4,6,0,12,0,3,13,3,7,3,2,13,0,1,1,1,2,1,1,0,1,0,1,7,1,1,1,1,2,0,32.333,16.667,0.646
0,0,0,0,0,0,0,2,0,0,1,2,3,0,1,1,2,0,0,0,0,0,0,0,1,0,0,1,1,1,0,1,1,1,5.5,0.0,0.213
0,0,0,0,0,0,0,2,0,0,1,2,3,0,1,1,2,0,0,0,0,0,0,0,1,0,0,1,1,1,0,1,1,1,5.5,0.0,0.213
2,3,1,2,0,1,0,4,0,1,3,0,1,0,0,3,0,1,1,1,1,0,1,0,1,0,1,3,0,1,0,0,1,0,21.0,20.0,0.772
7,5,4,4,1,5,0,12,0,6,5,0,5,2,0,11,0,1,1,1,2,1,1,0,1,0,2,2,0,1,1,0,2,0,22.333,8.667,0.346
2,1,0,2,1,0,0,2,0,0,2,0,3,0,0,1,0,1,1,0,2,1,0,0,1,0,0,1,0,1,0,0,1,0,14.0,8.0,0.567
6,3,0,8,2,5,0,10,1,2,5,0,5,0,0,9,0,1,1,0,2,1,1,0,1,1,1,4,0,1,0,0,2,0,27.5,10.5,0.572
1,1,1,1,0,1,0,2,1,0,2,0,2,1,0,3,0,1,1,1,1,0,1,0,1,1,0,1,0,1,1,0,1,0,16.0,11.0,0.53
6,10,8,5,4,6,0,18,2,2,10,5,11,4,0,14,1,1,1,1,2,1,1,0,1,1,1,5,1,1,1,0,1,1,15.143,4.429,0.412
1,0,0,0,0,0,0,0,0,0,1,3,3,0,1,1,2,1,0,0,0,0,0,0,0,0,0,1,1,1,0,1,1,1,5.5,0.0,0.213
4,1,1,2,0,1,0,1,1,0,0,0,0,0,0,0,1,1,1,1,1,0,1,0,1,1,0,0,0,0,0,0,0,1,12.0,4.0,0.408
3,1,2,2,0,0,0,2,0,1,2,0,0,1,0,1,0,1,1,1,1,0,0,0,1,0,1,1,0,0,1,0,1,0,15.0,23.0,0.73
4,1,2,2,0,1,0,4,0,1,1,0,0,0,0,1,0,1,1,1,2,0,1,0,1,0,1,1,0,0,0,0,1,0,17.0,9.0,0.514
11,7,2,6,2,5,0,15,2,4,13,0,15,1,0,14,3,1,1,1,2,1,1,0,1,1,2,7,0,1,1,0,2,1,20.8,13.6,0.693
16,17,17,20,5,20,1,34,3,9,16,6,40,8,0,34,5,1,1,1,3,1,1,1,1,1,2,7,1,1,1,0,2,1,13.316,5.316,0.489
4,2,1,3,1,1,0,3,0,0,3,0,2,0,0,3,0,1,1,1,1,1,1,0,1,0,0,2,0,1,0,0,1,0,23.0,6.0,0.442
0,0,0,0,0,0,0,0,0,0,1,4,3,0,1,1,2,0,0,0,0,0,0,0,0,0,0,1,1,1,0,1,1,1,5.5,0.0,0.213
1,3,1,1,0,1,0,5,1,1,2,1,1,0,0,1,0,1,1,1,1,0,1,0,1,1,1,2,1,1,0,0,1,0,9.5,7.0,0.811
1,1,0,1,0,1,0,3,0,0,3,0,2,0,0,1,0,1,1,0,1,0,1,0,1,0,0,2,0,1,0,0,1,0,6.5,3.0,0.588
6,4,1,2,1,2,0,3,0,0,3,7,11,1,1,6,3,1,1,1,2,1,1,0,1,0,0,2,1,1,1,1,2,1,10.0,3.714,0.4
0,1,0,0,0,0,0,5,2,0,0,27,11,0,2,1,0,0,1,0,0,0,0,0,1,1,0,0,1,1,0,1,1,0,28.0,0.0,0.094
0,0,0,0,0,0,0,1,0,0,1,3,3,0,1,1,2,0,0,0,0,0,0,0,1,0,0,1,1,1,0,1,1,1,5.5,0.0,0.213
2,6,1,0,0,4,0,4,0,0,4,1,3,0,0,3,0,1,1,1,0,0,1,0,1,0,0,3,1,1,0,0,1,0,9.333,2.0,0.401
2,0,1,2,0,0,1,1,0,0,2,0,5,0,0,0,0,1,0,1,1,0,0,1,1,0,0,1,0,1,0,0,0,0,7.0,8.0,0.567
0,1,0,0,1,0,0,3,0,1,2,4,1,0,0,3,0,0,1,0,0,1,0,0,1,0,1,1,1,1,0,0,1,0,16.0,4.0,0.354
0,0,3,0,1,1,0,4,0,2,3,1,2,0,0,6,0,0,0,1,0,1,1,0,1,0,1,2,1,1,0,0,1,0,8.0,2.0,0.289
2,0,0,2,0,2,0,1,0,2,2,0,1,1,0,2,0,1,0,0,2,0,1,0,1,0,2,1,0,1,1,0,1,0,15.0,21.0,0.73
1,2,0,0,1,0,0,1,2,0,0,2,2,1,0,2,0,1,1,0,0,1,0,0,1,1,0,0,1,1,1,0,1,0,7.0,0.0,0.189
5,3,3,4,2,2,0,10,1,1,7,0,4,2,0,8,0,1,1,1,2,1,1,0,1,1,1,3,0,1,1,0,1,0,26.0,10.0,0.49
2,0,1,3,0,2,0,2,0,1,1,0,2,1,0,1,0,1,0,1,2,0,1,0,1,0,1,1,0,1,1,0,1,0,8.0,6.0,0.53
1,2,1,2,1,4,0,6,0,1,2,0,2,0,0,1,0,1,1,1,1,1,1,0,1,0,1,2,0,1,0,0,1,0,11.5,5.5,0.59
3,4,4,2,0,1,1,6,1,1,3,0,2,0,1,2,0,1,1,1,2,0,1,1,1,1,1,2,0,1,0,1,1,0,15.0,6.5,0.516
4,2,2,1,1,3,0,4,0,1,4,0,4,1,0,4,0,1,1,1,1,1,1,0,1,0,1,2,0,1,1,0,1,0,15.5,7.5,0.508
0,0,0,0,0,0,0,0,0,0,1,4,3,0,1,1,2,0,0,0,0,0,0,0,0,0,0,1,1,1,0,1,1,1,5.5,0.0,0.213
1,0,0,0,0,0,0,0,0,0,1,3,3,0,1,1,2,1,0,0,0,0,0,0,0,0,0,1,1,1,0,1,1,1,5.5,0.0,0.213
0,2,0,0,1,1,0,4,0,0,3,0,2,0,0,2,0,0,1,0,0,1,1,0,1,0,0,2,0,1,0,0,1,0,15.0,7.0,0.548
4,6,10,9,5,10,0,10,1,3,15,2,18,5,0,13,0,1,1,1,4,1,1,0,1,1,1,5,1,1,1,0,2,0,13.875,11.321,0.604
20,11,13,6,7,10,0,32,2,4,11,2,25,4,0,15,0,1,1,1,2,1,1,0,1,1,1,5,1,1,1,0,3,0,23.143,5.429,0.389
2,7,0,4,7,6,0,9,0,2,2,10,6,1,1,9,0,1,1,0,2,1,1,0,1,0,1,2,1,1,1,1,1,0,21.667,3.667,0.351
1,1,2,1,1,1,0,0,0,1,1,5,7,0,0,1,0,1,1,1,1,1,1,0,0,0,1,1,1,1,0,0,1,0,23.0,12.0,0.59
11,8,4,5,0,9,0,20,0,3,3,0,6,1,0,10,0,1,1,1,2,0,1,0,1,0,2,2,0,1,1,0,2,0,16.0,6.35,0.474
6,2,4,4,0,2,0,6,0,0,4,0,3,1,0,2,1,1,1,1,1,0,1,0,1,0,0,1,0,1,1,0,1,1,8.75,4.0,0.359
4,1,8,5,1,4,0,6,0,1,2,0,4,1,0,3,0,1,1,1,1,1,1,0,1,0,1,2,0,1,1,0,1,0,20.0,2.5,0.335
0,0,0,0,0,0,0,1,0,0,1,3,3,0,1,1,2,0,0,0,0,0,0,0,1,0,0,1,1,1,0,1,1,1,11.0,0.0,0.213
0,0,1,0,0,0,0,0,0,0,1,3,3,0,1,1,2,0,0,1,0,0,0,0,0,0,0,1,1,1,0,1,1,1,5.5,0.0,0.213
0,0,0,0,0,0,0,1,0,0,1,3,3,0,1,1,2,0,0,0,0,0,0,0,1,0,0,1,1,1,0,1,1,1,11.0,0.0,0.213
0,2,0,1,1,1,0,2,1,0,1,1,1,0,0,1,0,0,1,0,1,1,1,0,1,1,0,1,1,1,0,0,1,0,12.0,4.0,0.612
7,5,5,4,4,8,0,7,2,4,7,4,6,2,0,8,0,1,1,1,2,1,1,0,1,1,2,2,1,1,1,0,2,0,12.167,7.833,0.497
0,0,0,0,0,0,0,1,0,0,1,3,3,0,1,1,2,0,0,0,0,0,0,0,1,0,0,1,1,1,0,1,1,1,11.0,0.0,0.213
7,10,3,8,3,6,0,17,0,1,20,14,19,1,0,12,7,1,1,1,3,1,1,0,1,0,1,5,1,1,1,0,1,1,32.75,19.58,0.556
4,3,4,4,3,4,0,5,0,3,7,1,2,1,0,6,0,1,1,1,3,1,1,0,1,0,2,3,1,1,1,0,1,0,23.5,17.875,0.619
1,0,2,0,2,0,0,2,0,2,4,0,3,0,0,6,0,1,0,1,0,1,0,0,1,0,2,2,0,1,0,0,1,0,11.0,9.5,0.452
0,1,1,1,0,1,0,2,0,2,1,0,2,0,0,2,0,0,1,1,1,0,1,0,1,0,2,1,0,1,0,0,1,0,13.0,14.75,0.784
1,1,1,1,2,0,0,5,0,1,2,1,1,1,0,2,0,1,1,1,1,1,0,0,1,0,1,2,1,1,1,0,2,0,19.0,15.25,0.973
1,2,1,0,0,2,0,4,0,0,1,1,1,0,1,1,0,1,1,1,0,0,1,0,1,0,0,1,1,0,0,1,1,0,14.0,0.0,0.189
1,1,1,2,0,0,0,3,0,0,2,0,0,0,0,1,0,1,1,1,2,0,0,0,1,0,0,2,0,0,0,0,1,0,11.0,4.0,0.64
0,0,0,0,0,0,0,0,0,0,1,4,3,0,1,1,2,0,0,0,0,0,0,0,0,0,0,1,1,1,0,1,1,1,5.5,0.0,0.213
3,6,4,7,3,3,0,5,0,1,12,6,9,2,0,6,1,1,1,1,4,1,1,0,1,0,1,7,1,1,1,0,1,1,17.0,17.938,0.943
12,13,9,16,2,11,0,31,1,7,25,3,25,4,0,20,0,1,1,1,3,1,1,0,1,1,2,7,1,1,1,0,2,0,17.9,14.9,0.581
3,1,1,0,0,2,0,4,0,0,0,2,3,1,0,3,0,1,1,1,0,0,1,0,1,0,0,0,1,1,1,0,1,0,20.0,0.0,0.158
0,0,0,0,0,0,0,0,0,0,1,4,3,0,1,1,2,0,0,0,0,0,0,0,0,0,0,1,1,1,0,1,1,1,5.5,0.0,0.213
1,7,2,3,0,7,0,40,7,1,4,19,55,0,29,5,5,1,1,1,2,0,1,0,1,1,1,2,1,1,0,1,1,1,16.2,1.875,0.278
1,2,2,3,1,1,1,3,0,2,4,1,3,1,0,5,0,1,1,1,2,1,1,1,1,0,1,2,1,1,1,0,1,0,15.0,18.0,0.775
0,3,1,0,1,2,0,2,0,0,3,2,4,1,0,3,0,0,1,1,0,1,1,0,1,0,0,3,1,1,1,0,2,0,11.0,5.5,0.603
1,2,0,0,2,0,0,3,0,0,1,7,10,1,3,2,0,1,1,0,0,1,0,0,1,0,0,1,1,1,1,1,1,0,7.25,1.5,0.263
0,6,4,4,3,2,0,5,0,1,8,0,9,3,0,9,0,0,1,1,3,1,1,0,1,0,1,6,0,1,1,0,1,0,18.333,13.917,0.858
11,17,9,6,5,8,0,13,0,3,25,0,16,4,0,18,0,1,1,1,2,1,1,0,1,0,1,6,0,1,1,0,2,0,22.5,15.0,0.548
4,1,1,0,1,1,0,4,0,0,0,1,3,0,0,2,0,1,1,1,0,1,1,0,1,0,0,0,1,1,0,0,1,0,8.5,0.0,0.171
3,3,0,1,1,0,0,4,0,1,0,9,8,1,0,1,1,1,1,0,1,1,0,0,1,0,1,0,1,1,1,0,1,1,4.571,1.714,0.375
2,0,0,1,0,2,0,0,0,0,2,1,1,1,0,1,0,1,0,0,1,0,1,0,0,0,0,1,1,1,1,0,1,0,11.0,6.0,0.64
3,4,2,2,3,6,0,6,0,1,8,1,8,2,0,9,0,1,1,1,2,1,1,0,1,0,1,4,1,1,1,0,1,0,18.333,5.0,0.477
2,1,2,2,0,1,0,3,1,0,2,0,3,0,0,2,0,1,1,1,1,0,1,0,1,1,0,2,0,1,0,0,1,0,18.0,11.0,0.5
1,2,6,2,0,0,0,1,2,0,2,4,5,0,0,0,0,1,1,1,1,0,0,0,1,1,0,2,1,1,0,0,0,0,8.333,0.667,0.283
5,13,5,8,4,10,2,37,1,2,9,19,62,4,26,17,5,1,1,1,3,1,1,1,1,1,2,5,1,1,1,1,1,1,33.833,9.167,0.397
7,4,3,5,1,3,0,13,0,3,4,0,6,1,0,9,0,1,1,1,3,1,1,0,1,0,1,3,0,1,1,0,1,0,15.0,5.25,0.456
1,2,0,1,1,2,0,3,0,0,0,2,1,0,0,0,0,1,1,0,1,1,1,0,1,0,0,0,1,1,0,0,0,0,13.0,2.0,0.392
0,0,0,0,0,0,0,1,0,0,1,3,3,0,1,1,2,0,0,0,0,0,0,0,1,0,0,1,1,1,0,1,1,1,5.5,0.0,0.213
1,1,1,1,0,2,0,5,0,0,0,0,0,0,0,1,0,1,1,1,1,0,1,0,1,0,0,0,0,0,0,0,1,0,12.0,2.0,0.408
0,0,1,1,0,0,0,2,0,0,0,1,5,0,0,1,0,0,0,1,1,0,0,0,1,0,0,0,1,1,0,0,1,0,11.0,2.0,0.426
22,19,15,16,5,10,0,29,0,6,14,0,15,4,0,17,3,1,1,1,3,1,1,0,1,0,2,7,0,1,1,0,2,1,35.0,19.1,0.588
0,0,0,0,0,0,0,1,0,0,1,3,3,0,1,1,2,0,0,0,0,0,0,0,1,0,0,1,1,1,0,1,1,1,11.0,0.0,0.213
1,0,1,3,2,0,0,1,0,3,6,2,2,0,0,3,0,1,0,1,2,1,0,0,1,0,2,3,1,1,0,0,1,0,12.0,12.0,0.722
8,4,6,3,2,4,1,13,0,2,4,0,8,2,0,6,1,1,1,1,1,1,1,1,1,0,1,3,0,1,1,0,2,1,31.5,12.0,0.445
11,20,10,25,10,13,1,41,1,3,16,4,22,5,0,24,5,1,1,1,4,1,1,1,1,1,2,7,1,1,1,0,3,1,26.5,14.196,0.534
2,4,2,2,0,3,1,14,1,0,2,1,21,0,0,4,3,1,1,1,2,0,1,1,1,1,0,2,1,1,0,0,2,1,14.75,4.5,0.46
6,2,0,4,1,1,0,1,0,1,6,2,3,0,0,1,1,1,1,0,1,1,1,0,1,0,1,2,1,1,0,0,1,1,29.0,33.0,0.657
0,0,0,0,0,0,0,1,0,0,1,3,3,0,1,1,2,0,0,0,0,0,0,0,1,0,0,1,1,1,0,1,1,1,5.5,0.0,0.213
15,20,9,17,4,15,4,24,1,4,15,2,14,4,0,14,2,1,1,1,4,1,1,1,1,1,2,5,1,1,1,0,3,1,20.75,13.509,0.549
22,16,13,25,6,16,0,49,5,16,25,2,31,8,1,33,7,1,1,1,5,1,1,0,1,1,2,7,1,1,1,1,2,1,21.0,17.203,0.514
0,0,0,0,0,0,0,1,0,0,1,3,3,0,1,1,2,0,0,0,0,0,0,0,1,0,0,1,1,1,0,1,1,1,5.5,0.0,0.213
2,1,0,1,1,1,0,3,0,0,3,1,4,0,0,2,0,1,1,0,1,1,1,0,1,0,0,2,1,1,0,0,1,0,20.0,7.0,0.316
0,1,1,0,1,2,0,1,0,0,1,3,0,0,0,1,0,0,1,1,0,1,1,0,1,0,0,1,1,0,0,0,1,0,11.0,2.0,0.426
2,1,2,0,1,0,0,0,0,1,3,4,2,1,0,2,0,1,1,1,0,1,0,0,0,0,1,2,1,1,1,0,1,0,19.0,11.0,0.487
0,3,3,1,0,0,0,10,1,0,2,3,8,0,3,1,1,0,1,1,1,0,0,0,1,1,0,2,1,1,0,1,1,1,17.0,3.0,0.485
0,0,0,0,0,0,0,0,0,0,1,4,3,0,1,1,2,0,0,0,0,0,0,0,0,0,0,1,1,1,0,1,1,1,5.5,0.0,0.213
10,13,5,4,6,18,0,46,5,3,1,18,53,1,14,13,6,1,1,1,3,1,1,0,1,1,2,1,1,1,1,1,1,1,21.1,3.1,0.195
0,1,1,1,1,2,0,2,0,1,2,1,0,0,0,3,0,0,1,1,1,1,1,0,1,0,1,2,1,0,0,0,1,0,15.0,7.0,0.73
4,4,3,6,1,3,0,6,2,1,9,0,6,5,0,7,0,1,1,1,3,1,1,0,1,1,1,5,0,1,1,0,1,0,11.4,7.4,0.656
3,3,1,3,2,2,0,9,0,4,2,0,2,1,0,4,0,1,1,1,2,1,1,0,1,0,2,2,0,1,1,0,1,0,36.0,20.0,0.589
2,2,4,2,1,1,0,5,0,0,4,1,3,1,0,4,0,1,1,1,1,1,1,0,1,0,0,3,1,1,1,0,1,0,15.0,6.0,0.645
3,4,4,2,5,2,0,5,4,1,7,1,9,3,0,10,1,1,1,1,1,1,1,0,1,1,1,5,1,1,1,0,1,1,15.25,6.0,0.453
2,3,1,2,0,2,0,8,0,1,3,0,1,0,0,5,0,1,1,1,2,0,1,0,1,0,1,2,0,1,0,0,2,0,28.0,22.0,0.668
3,5,5,7,3,7,0,5,0,4,9,4,5,3,0,10,1,1,1,1,3,1,1,0,1,0,2,3,1,1,1,0,1,1,14.2,10.75,0.587
2,3,3,3,0,5,1,16,3,0,3,0,24,0,0,3,3,1,1,1,2,0,1,1,1,1,0,2,0,1,0,0,2,1,16.5,5.75,0.435
1,2,0,1,1,1,0,2,0,1,3,2,1,0,0,2,0,1,1,0,1,1,1,0,1,0,1,1,1,1,0,0,1,0,17.0,15.0,0.686
1,1,0,2,0,0,0,2,0,2,4,0,1,0,0,1,0,1,1,0,2,0,0,0,1,0,2,3,0,1,0,0,1,0,14.0,17.0,1.134
2,0,2,1,0,1,0,2,1,0,2,2,2,0,0,3,0,1,0,1,1,0,1,0,1,1,0,2,1,1,0,0,1,0,9.0,5.5,0.5
3,1,1,1,1,0,0,1,0,0,3,0,0,0,0,2,0,1,1,1,1,1,0,0,1,0,0,1,0,0,0,0,1,0,13.0,8.0,0.588
1,0,2,2,1,3,0,6,5,0,1,3,3,0,2,3,0,1,0,1,1,1,1,0,1,1,0,1,1,1,0,1,1,0,15.0,3.0,0.387
0,1,1,0,0,1,0,3,0,2,4,1,1,0,0,4,0,0,1,1,0,0,1,0,1,0,1,3,1,1,0,0,2,0,18.0,15.0,0.833
2,1,2,3,0,1,2,2,0,0,5,0,0,0,0,1,0,1,1,1,1,0,1,1,1,0,0,3,0,0,0,0,1,0,9.5,6.5,0.649
1,1,1,1,0,0,0,3,0,0,0,1,5,0,1,0,0,1,1,1,1,0,0,0,1,0,0,0,1,1,0,1,0,0,13.0,2.0,0.392
1,0,2,1,0,0,0,1,0,1,2,0,3,1,0,2,1,1,0,1,1,0,0,0,1,0,1,2,0,1,1,0,1,1,5.0,5.0,0.913
0,2,0,2,2,2,0,2,0,0,2,3,2,0,0,2,0,0,1,0,2,1,1,0,1,0,0,2,1,1,0,0,1,0,19.0,4.0,0.487
3,2,2,0,3,4,0,5,1,0,9,0,3,4,0,6,2,1,1,1,0,1,1,0,1,1,0,2,0,1,1,0,2,1,11.0,3.0,0.32
4,5,5,6,0,5,0,13,5,2,2,1,8,8,0,7,1,1,1,1,2,0,1,0,1,1,1,2,1,1,1,0,1,1,18.0,6.25,0.333
3,3,2,1,0,1,0,3,1,1,1,0,2,1,0,2,0,1,1,1,1,0,1,0,1,1,1,1,0,1,1,0,1,0,21.0,12.0,0.617
4,7,4,5,5,5,0,19,0,4,4,3,10,3,0,10,0,1,1,1,2,1,1,0,1,0,2,3,1,1,1,0,1,0,27.667,12.0,0.543
2,0,0,1,2,1,0,1,1,3,4,0,2,2,0,4,0,1,0,0,1,1,1,0,1,1,2,1,0,1,1,0,1,0,11.5,14.0,0.59
2,2,0,2,1,2,0,5,0,1,5,0,2,1,0,1,0,1,1,0,1,1,1,0,1,0,1,4,0,1,1,0,1,0,24.0,28.0,0.866
3,1,0,2,1,1,1,4,0,0,1,1,3,0,0,1,0,1,1,0,2,1,1,1,1,0,0,1,1,1,0,0,1,0,6.333,2.667,0.487
8,9,5,10,7,10,0,18,0,5,20,10,14,1,0,18,1,1,1,1,3,1,1,0,1,0,2,8,1,1,1,0,1,1,17.0,10.75,0.667
0,3,2,2,0,2,0,2,0,3,2,0,4,0,0,3,0,0,1,1,1,0,1,0,1,0,2,2,0,1,0,0,1,0,11.5,11.0,0.59
0,2,3,1,0,2,0,6,2,1,4,4,6,1,0,3,0,0,1,1,1,0,1,0,1,1,1,4,1,1,1,0,1,0,8.75,2.5,0.598
6,2,3,2,2,1,0,4,1,2,5,0,3,0,0,5,0,1,1,1,1,1,1,0,1,1,2,2,0,1,0,0,1,0,12.0,6.333,0.471
4,2,3,1,0,1,0,1,0,1,4,0,1,0,0,3,0,1,1,1,1,0,1,0,1,0,1,2,0,1,0,0,1,0,21.0,22.0,0.772
2,1,3,1,0,1,0,3,0,0,0,2,2,0,0,0,0,1,1,1,1,0,1,0,1,0,0,0,1,1,0,0,0,0,15.0,2.0,0.365
3,1,1,0,2,0,0,2,0,0,2,1,0,0,0,3,0,1,1,1,0,1,0,0,1,0,0,2,1,0,0,0,2,0,15.0,4.0,0.548
2,1,1,2,0,1,0,1,0,0,0,2,2,0,0,1,0,1,1,1,1,0,1,0,1,0,0,0,1,1,0,0,1,0,6.5,2.0,0.392
5,4,1,3,2,6,0,8,0,1,5,0,3,1,0,2,0,1,1,1,1,1,1,0,1,0,1,2,0,1,1,0,1,0,10.25,6.75,0.552
4,3,2,2,1,4,0,8,0,1,3,3,9,1,4,4,0,1,1,1,1,1,1,0,1,0,1,3,1,1,1,1,1,0,45.0,16.0,0.527
6,2,3,6,2,4,0,6,1,1,3,1,7,1,0,3,1,1,1,1,4,1,1,0,1,1,1,3,1,1,1,0,1,1,15.667,9.524,0.722
6,10,4,5,2,3,1,7,0,3,11,1,6,3,0,10,2,1,1,1,3,1,1,1,1,0,2,6,1,1,1,0,1,1,24.667,21.0,0.74
4,4,3,4,0,2,0,5,0,1,6,3,2,0,0,3,1,1,1,1,2,0,1,0,1,0,1,5,1,1,0,0,1,1,12.667,7.0,0.688
0,0,0,0,0,0,0,1,0,0,1,3,3,0,1,1,2,0,0,0,0,0,0,0,1,0,0,1,1,1,0,1,1,1,5.5,0.0,0.213
3,5,5,5,1,5,0,7,1,4,8,0,3,3,0,10,0,1,1,1,3,1,1,0,1,1,2,6,0,1,1,0,3,0,30.0,31.536,1.004
4,4,5,7,4,1,0,5,0,4,18,1,2,5,0,13,1,1,1,1,2,1,1,0,1,0,1,6,1,1,1,0,2,1,24.667,17.333,0.658
7,1,0,0,1,0,0,5,0,0,1,0,8,0,0,1,0,1,1,0,0,1,0,0,1,0,0,1,0,1,0,0,1,0,12.0,1.0,0.289
2,3,0,2,0,3,0,7,0,1,3,4,19,0,2,3,2,1,1,0,1,0,1,0,1,0,1,2,1,1,0,1,1,1,12.25,2.0,0.303
0,0,0,0,0,0,0,1,1,0,1,2,3,0,1,1,2,0,0,0,0,0,0,0,1,1,0,1,1,1,0,1,1,1,5.5,0.0,0.213
3,0,0,0,1,0,0,4,1,0,0,11,12,0,3,1,2,1,0,0,0,1,0,0,1,1,0,0,1,1,0,1,1,1,19.0,0.0,0.115
4,17,5,5,5,6,0,46,4,2,4,19,55,2,14,10,6,1,1,1,1,1,1,0,1,1,1,3,1,1,1,1,2,1,18.091,2.0,0.251
1,2,4,2,0,0,0,4,0,0,4,1,2,0,0,4,0,1,1,1,2,0,0,0,1,0,0,3,1,1,0,0,1,0,24.0,12.0,0.577
2,3,4,2,0,3,1,13,1,0,2,1,21,0,0,3,3,1,1,1,2,0,1,1,1,1,0,2,1,1,0,0,2,1,14.5,4.5,0.464
2,5,1,3,1,3,0,8,1,3,6,2,14,2,0,10,3,1,1,1,2,1,1,0,1,1,2,3,1,1,1,0,1,1,13.0,5.8,0.526
1,1,7,7,2,2,0,3,0,2,10,1,3,4,0,9,0,1,1,1,3,1,1,0,1,0,2,5,1,1,1,0,1,0,26.0,23.286,0.784
1,2,1,1,1,2,0,7,0,0,4,1,5,0,0,4,1,1,1,1,1,1,1,0,1,0,0,3,1,1,0,0,1,1,7.5,1.5,0.516
2,1,2,0,1,0,0,1,0,0,3,1,1,0,0,3,0,1,1,1,0,1,0,0,1,0,0,2,1,1,0,0,1,0,7.5,3.0,0.548
2,1,1,4,1,2,1,1,0,1,6,2,4,3,0,7,0,1,1,1,2,1,1,1,1,0,1,2,1,1,1,0,1,0,9.0,4.5,0.471
0,1,0,0,1,2,0,2,0,1,1,0,1,0,0,2,0,0,1,0,0,1,1,0,1,0,1,1,0,1,0,0,1,0,11.0,11.0,0.64
3,4,3,4,0,2,1,5,0,0,5,0,7,0,1,3,1,1,1,1,4,0,1,1,1,0,0,2,0,1,0,1,1,1,19.0,11.786,0.574
0,2,2,0,1,0,0,3,0,0,1,5,3,0,0,2,0,0,1,1,0,1,0,0,1,0,0,1,1,1,0,0,2,0,9.5,3.5,0.487
3,5,3,3,2,1,1,4,1,1,4,7,6,1,0,5,0,1,1,1,2,1,1,1,1,1,1,2,1,1,1,0,1,0,46.0,28.0,0.521
0,1,0,3,1,2,0,2,0,0,0,2,2,0,0,1,0,0,1,0,2,1,1,0,1,0,0,0,1,1,0,0,1,0,14.0,2.0,0.378
1,4,1,0,3,3,0,6,0,1,4,3,2,0,0,4,1,1,1,1,0,1,1,0,1,0,1,4,1,1,0,0,1,1,16.5,8.0,0.615
9,3,6,6,4,2,0,6,1,3,4,7,9,1,0,10,0,1,1,1,2,1,1,0,1,1,2,4,1,1,1,0,1,0,35.5,18.5,0.504
0,1,1,1,0,0,0,3,0,1,1,0,3,0,1,1,0,0,1,1,1,0,0,0,1,0,1,1,0,1,0,1,1,0,11.0,7.0,0.426
6,7,7,5,2,10,0,19,1,6,5,0,6,3,0,11,1,1,1,1,2,1,1,0,1,1,2,4,0,1,1,0,1,1,29.667,15.0,0.525
2,1,4,1,0,0,0,1,0,1,7,1,2,0,0,5,1,1,1,1,1,0,0,0,1,0,1,3,1,1,0,0,1,1,13.0,11.5,0.693
0,1,1,1,0,0,1,0,0,0,4,0,2,0,0,2,0,0,1,1,1,0,0,1,0,0,0,4,0,1,0,0,1,0,6.0,4.5,0.816
2,1,1,0,0,1,0,3,0,0,2,1,1,0,0,2,0,1,1,1,0,0,1,0,1,0,0,2,1,1,0,0,2,0,7.0,7.0,0.567
0,2,0,2,0,0,0,3,0,0,0,4,3,0,0,1,0,0,1,0,1,0,0,0,1,0,0,0,1,1,0,0,1,0,15.0,0.0,0.183
1,5,5,5,2,3,0,9,0,3,11,0,13,2,0,9,0,1,1,1,3,1,1,0,1,0,2,4,0,1,1,0,2,0,21.667,21.905,0.614
2,8,1,5,1,5,0,11,0,0,5,0,6,2,1,4,0,1,1,1,2,1,1,0,1,0,0,4,0,1,1,1,1,0,16.667,9.0,0.6
4,6,1,2,0,4,0,7,0,2,0,3,1,0,0,5,2,1,1,1,1,0,1,0,1,0,1,0,1,1,0,0,1,1,18.5,2.0,0.232
3,3,1,5,1,3,0,7,0,2,10,0,5,2,0,5,0,1,1,1,2,1,1,0,1,0,2,6,0,1,1,0,2,0,15.667,20.333,1.031
1,0,1,2,0,2,0,3,0,0,2,1,2,0,0,1,0,1,0,1,2,0,1,0,1,0,0,2,1,1,0,0,1,0,7.5,7.5,0.73
3,10,7,6,0,8,0,16,0,4,10,1,18,2,0,14,3,1,1,1,3,0,1,0,1,0,2,7,1,1,1,0,2,1,12.75,9.375,0.77
5,4,5,3,2,5,1,7,0,1,5,3,5,2,0,4,0,1,1,1,2,1,1,1,1,0,1,4,1,1,1,0,1,0,13.0,4.25,0.49
2,1,1,2,1,1,0,2,2,1,3,0,2,1,0,2,0,1,1,1,2,1,1,0,1,1,1,2,0,1,1,0,1,0,21.0,17.0,0.772
1,1,3,1,2,1,0,5,5,1,1,0,1,0,1,2,0,1,1,1,1,1,1,0,1,1,1,1,0,0,0,1,1,0,24.0,16.0,0.577
0,0,0,0,0,0,0,1,0,0,1,3,3,0,1,1,2,0,0,0,0,0,0,0,1,0,0,1,1,1,0,1,1,1,5.5,0.0,0.213
0,0,0,0,0,0,0,1,0,0,1,3,3,0,1,1,2,0,0,0,0,0,0,0,1,0,0,1,1,1,0,1,1,1,11.0,0.0,0.213
0,2,0,0,1,0,0,2,0,0,2,0,3,0,0,1,2,0,1,0,0,1,0,0,1,0,0,2,0,1,0,0,1,1,13.0,2.0,0.392
0,1,1,0,1,0,0,4,0,1,0,8,9,0,0,0,2,0,1,1,0,1,0,0,1,0,1,0,1,1,0,0,0,1,13.5,3.5,0.272
3,0,2,1,0,1,0,2,0,0,1,0,3,0,0,0,0,1,0,1,1,0,1,0,1,0,0,1,0,1,0,0,0,0,13.0,4.0,0.588
15,16,17,28,10,21,0,38,1,15,37,7,24,8,0,38,8,1,1,1,6,1,1,0,1,1,2,7,1,1,1,0,2,1,28.3,22.75,0.546
4,9,5,2,3,6,0,10,2,0,5,5,8,0,1,8,1,1,1,1,2,1,1,0,1,1,0,4,1,1,0,1,3,1,17.0,5.0,0.514
2,1,0,3,1,3,0,5,0,0,4,0,2,0,0,3,0,1,1,0,2,1,1,0,1,0,0,4,0,1,0,0,1,0,24.0,14.0,0.866
3,3,2,5,1,5,0,8,0,2,4,0,4,1,0,4,1,1,1,1,2,1,1,0,1,0,2,3,0,1,1,0,1,1,21.5,11.0,0.539
3,1,2,2,1,1,0,2,0,0,2,1,4,0,0,0,0,1,1,1,1,1,1,0,1,0,0,1,1,1,0,0,0,0,9.5,4.0,0.487
2,1,6,0,1,0,0,1,0,0,0,0,2,0,0,0,0,1,1,1,0,1,0,0,1,0,0,0,0,1,0,0,0,0,13.0,0.0,0.196
2,1,0,2,0,0,0,3,0,0,2,0,1,0,0,0,0,1,1,0,1,0,0,0,1,0,0,2,0,1,0,0,0,0,11.0,12.0,0.853
5,8,5,1,0,2,0,8,0,0,6,1,6,0,1,6,2,1,1,1,1,0,1,0,1,0,0,3,1,1,0,1,1,1,25.5,4.0,0.297
1,0,1,0,0,2,1,3,0,0,2,1,5,0,0,2,0,1,0,1,0,0,1,1,1,0,0,2,1,1,0,0,1,0,9.0,4.0,0.5
6,7,8,8,3,11,1,19,0,2,13,0,10,2,0,13,1,1,1,1,2,1,1,1,1,0,2,6,0,1,1,0,2,1,52.0,26.0,0.624
2,1,3,2,0,0,0,1,0,1,1,1,1,0,0,1,0,1,1,1,1,0,0,0,1,0,1,1,1,1,0,0,1,0,14.0,17.0,0.756
3,1,2,2,2,2,0,10,1,0,0,4,7,0,0,2,0,1,1,1,1,1,1,0,1,1,0,0,1,1,0,0,1,0,11.667,0.0,0.12
5,10,5,6,2,6,0,10,0,3,8,5,7,2,0,9,2,1,1,1,3,1,1,0,1,0,1,6,1,1,1,0,1,1,20.0,15.75,0.791
1,1,0,1,0,1,0,1,0,1,1,4,1,0,0,1,0,1,1,0,1,0,1,0,1,0,1,1,1,1,0,0,1,0,13.0,9.0,0.588
2,1,4,1,0,3,1,4,0,1,6,1,4,1,0,4,0,1,1,1,1,0,1,1,1,0,1,3,1,1,1,0,1,0,8.25,4.75,0.615
1,2,1,4,3,5,0,10,0,2,7,1,1,1,0,6,0,1,1,1,2,1,1,0,1,0,1,6,1,1,1,0,1,0,44.0,24.0,0.746
0,0,0,1,0,0,0,2,0,0,7,2,2,1,0,4,0,0,0,0,1,0,0,0,1,0,0,5,1,1,1,0,1,0,19.0,16.0,0.973
2,3,3,1,0,4,0,5,0,1,3,0,0,0,0,2,0,1,1,1,1,0,1,0,1,0,1,2,0,0,0,0,1,0,24.0,14.0,0.577
0,1,1,0,1,0,0,5,0,0,1,0,1,0,0,1,0,0,1,1,0,1,0,0,1,0,0,1,0,1,0,0,1,0,11.0,2.0,0.426
0,2,1,0,0,3,0,4,0,0,2,0,4,1,1,3,0,0,1,1,0,0,1,0,1,0,0,1,0,1,1,1,1,0,20.0,4.0,0.316
3,1,6,3,2,0,0,5,0,1,5,0,1,1,0,4,0,1,1,1,2,1,0,0,1,0,1,3,0,1,1,0,2,0,32.0,15.0,0.5
2,7,2,3,1,1,1,6,0,1,7,0,6,2,1,6,1,1,1,1,2,1,1,1,1,0,1,4,0,1,1,1,2,1,23.0,14.5,0.73
5,10,3,3,3,5,0,9,0,3,6,2,6,2,0,8,0,1,1,1,3,1,1,0,1,0,2,4,1,1,1,0,2,0,16.25,10.5,0.614
2,1,1,2,0,2,1,2,0,2,2,0,2,1,0,1,0,1,1,1,2,0,1,1,1,0,1,2,0,1,1,0,1,0,9.5,9.0,0.649
1,2,1,2,0,1,0,2,0,1,4,2,4,0,0,2,1,1,1,1,1,0,1,0,1,0,1,3,1,1,0,0,1,1,23.0,24.0,0.737
1,1,2,2,0,2,0,3,0,0,2,0,3,1,0,2,1,1,1,1,1,0,1,0,1,0,0,2,0,1,1,0,1,1,6.667,4.667,0.632
1,0,0,0,0,2,0,2,0,0,2,0,1,1,0,2,0,1,0,0,0,0,1,0,1,0,0,1,0,1,1,0,2,0,11.0,19.0,0.64
2,1,1,0,0,0,0,4,0,0,0,3,1,0,0,0,0,1,1,1,0,0,0,0,1,0,0,0,1,1,0,0,0,0,12.0,0.0,0.204
1,1,0,0,0,1,0,3,0,1,2,2,0,0,0,2,1,1,1,0,0,0,1,0,1,0,1,2,1,0,0,0,1,1,14.0,6.0,0.567
1,1,0,2,1,1,0,2,0,2,2,1,2,1,0,1,0,1,1,0,2,1,1,0,1,0,2,2,1,1,1,0,1,0,17.0,22.0,0.857
1,0,0,0,0,2,0,3,0,0,2,1,4,0,0,1,0,1,0,0,0,0,1,0,1,0,0,1,1,1,0,0,1,0,4.667,5.0,0.567
0,2,2,2,0,2,0,6,0,2,6,0,6,2,0,3,0,0,1,1,2,0,1,0,1,0,1,4,0,1,1,0,2,0,8.25,10.25,0.985
0,2,3,0,0,1,1,2,0,0,4,0,1,0,0,4,0,0,1,1,0,0,1,1,1,0,0,3,0,1,0,0,2,0,18.0,10.0,0.667
2,0,2,1,0,1,0,1,0,1,1,0,0,0,0,2,0,1,0,1,1,0,1,0,1,0,1,1,0,0,0,0,1,0,11.0,5.0,0.64
24,21,19,19,7,27,0,38,5,7,12,6,26,7,0,19,7,1,1,1,5,1,1,0,1,1,2,4,1,1,1,0,2,1,18.846,7.75,0.407
3,3,1,6,2,5,1,9,0,2,6,4,4,2,0,5,1,1,1,1,2,1,1,1,1,0,1,4,1,1,1,0,1,1,18.0,14.667,0.577
7,14,2,5,5,13,0,24,1,2,10,1,11,1,0,11,1,1,1,1,3,1,1,0,1,1,1,4,1,1,1,0,2,1,36.0,10.333,0.408
2,1,0,1,0,2,0,2,1,1,0,6,4,0,1,0,0,1,1,0,1,0,1,0,1,1,1,0,1,1,0,1,0,0,10.0,1.0,0.316
5,3,2,2,1,2,1,6,0,1,2,0,2,0,0,3,0,1,1,1,1,1,1,1,1,0,1,1,0,1,0,0,2,0,15.0,6.5,0.387
0,0,1,1,1,2,0,1,0,0,1,6,11,0,0,1,1,0,0,1,1,1,1,0,1,0,0,1,1,1,0,0,1,1,27.0,6.0,0.408
0,2,1,1,0,0,0,5,1,0,1,14,17,0,4,1,3,0,1,1,1,0,0,0,1,1,0,1,1,1,0,1,1,1,24.5,1.0,0.202
0,0,2,0,0,0,0,1,0,0,3,0,2,0,0,3,0,0,0,1,0,0,0,0,1,0,0,2,0,1,0,0,1,0,11.0,7.0,0.64
6,4,6,3,2,5,0,10,1,0,9,0,4,2,0,8,0,1,1,1,1,1,1,0,1,1,0,5,0,1,1,0,1,0,60.0,23.0,0.548
2,2,0,5,1,0,1,11,0,1,5,10,22,0,5,7,9,1,1,0,4,1,0,1,1,0,1,4,1,1,0,1,1,1,11.286,4.224,0.557
2,1,0,1,1,2,0,6,1,0,3,0,1,0,0,4,0,1,1,0,1,1,1,0,1,1,0,1,0,1,0,0,1,0,22.0,2.0,0.302
0,2,0,2,2,1,0,2,0,0,3,3,3,0,0,3,1,0,1,0,2,1,1,0,1,0,0,2,1,1,0,0,1,1,10.5,4.5,0.617
0,1,1,1,0,3,1,3,0,2,2,0,2,0,0,5,1,0,1,1,1,0,1,1,1,0,1,2,0,1,0,0,1,1,7.333,5.0,0.603
1,1,1,1,0,0,0,0,0,0,1,5,1,0,0,1,0,1,1,1,1,0,0,0,0,0,0,1,1,1,0,0,1,0,12.0,4.0,0.612
2,0,3,2,0,0,1,4,0,0,3,0,1,0,0,1,0,1,0,1,1,0,0,1,1,0,0,2,0,1,0,0,1,0,17.0,11.0,0.514
0,0,0,2,0,2,0,2,0,2,0,4,2,0,0,4,0,0,0,0,1,0,1,0,1,0,1,0,1,1,0,0,1,0,9.0,2.0,0.333
0,2,2,2,0,2,0,3,0,1,4,0,2,0,0,2,0,0,1,1,1,0,1,0,1,0,1,2,0,1,0,0,1,0,10.0,8.0,0.474
5,9,9,5,3,7,0,10,1,2,14,0,4,2,0,11,0,1,1,1,3,1,1,0,1,1,1,3,0,1,1,0,1,0,20.5,13.75,0.469
2,1,1,2,1,1,0,1,0,0,3,2,2,0,1,2,0,1,1,1,1,1,1,0,1,0,0,3,1,1,0,1,1,0,9.5,4.5,0.649
8,5,8,2,4,2,0,10,1,1,7,7,11,0,0,6,1,1,1,1,2,1,1,0,1,1,1,3,1,1,0,0,2,1,14.6,5.6,0.497
0,0,0,0,0,1,0,5,0,1,0,4,4,0,2,0,0,0,0,0,0,0,1,0,1,0,1,0,1,1,0,1,0,0,16.0,0.0,0.177
3,1,0,0,0,0,1,1,0,0,2,0,2,0,0,1,0,1,1,0,0,0,0,1,1,0,0,2,0,1,0,0,1,0,5.5,3.0,0.426
1,2,3,2,0,1,1,1,0,0,8,0,2,3,0,6,0,1,1,1,2,0,1,1,1,0,0,4,0,1,1,0,1,0,30.0,25.0,0.775
2,2,1,2,1,3,0,5,1,1,2,0,1,1,0,3,0,1,1,1,1,1,1,0,1,1,1,2,0,1,1,0,1,0,25.0,13.0,0.566
2,1,0,0,0,1,0,2,0,1,2,0,2,1,0,3,1,1,1,0,0,0,1,0,1,0,1,2,0,1,1,0,1,1,8.0,1.0,0.354
0,1,0,0,0,0,0,2,0,0,1,17,12,0,0,1,0,0,1,0,0,0,0,0,1,0,0,1,1,1,0,0,1,0,34.0,2.0,0.243
1,0,0,2,0,2,0,4,1,2,2,0,2,0,0,2,0,1,0,0,1,0,1,0,1,1,2,2,0,1,0,0,1,0,18.0,17.0,0.833
2,2,3,2,1,0,0,3,0,1,2,2,2,0,0,4,0,1,1,1,2,1,0,0,1,0,1,2,1,1,0,0,1,0,8.0,6.0,0.722
0,4,1,4,2,2,0,4,0,2,7,1,2,0,0,8,0,0,1,1,3,1,1,0,1,0,1,3,1,1,0,0,1,0,12.333,12.048,0.581
1,0,3,2,0,0,0,0,0,1,2,0,2,0,0,2,0,1,0,1,2,0,0,0,0,0,1,2,0,1,0,0,1,0,13.0,16.0,0.981
2,1,0,1,0,2,0,4,1,2,1,0,1,0,0,3,0,1,1,0,1,0,1,0,1,1,2,1,0,1,0,0,1,0,18.0,9.0,0.5
0,2,0,0,0,1,1,2,0,0,3,0,0,0,0,2,0,0,1,0,0,0,1,1,1,0,0,3,0,0,0,0,1,0,11.0,12.0,0.853
7,14,13,10,4,6,0,16,1,6,12,11,12,0,0,9,2,1,1,1,3,1,1,0,1,1,2,5,1,1,0,0,2,1,20.333,11.0,0.512
0,2,1,0,0,1,0,4,0,0,1,1,6,0,0,1,0,0,1,1,0,0,1,0,1,0,0,1,1,1,0,0,1,0,8.5,1.0,0.343
2,5,1,0,3,3,0,7,1,1,2,4,3,0,0,6,0,1,1,1,0,1,1,0,1,1,1,2,1,1,0,0,1,0,12.667,1.667,0.344
2,3,2,0,1,4,0,3,0,1,1,1,3,0,0,4,0,1,1,1,0,1,1,0,1,0,1,1,1,1,0,0,1,0,12.5,0.0,0.141
5,5,5,4,3,4,0,12,0,2,7,7,5,1,0,9,1,1,1,1,1,1,1,0,1,0,2,5,1,1,1,0,2,1,17.5,7.5,0.676
1,1,0,0,0,0,0,3,0,0,2,9,3,0,0,3,2,1,1,0,0,0,0,0,1,0,0,2,1,1,0,0,1,1,24.0,3.0,0.289
3,1,2,5,0,0,0,4,1,1,3,1,6,4,1,3,0,1,1,1,1,0,0,0,1,1,1,2,1,1,1,1,1,0,36.0,23.0,0.471
1,2,0,1,1,0,0,4,0,1,1,1,0,0,0,1,0,1,1,0,1,1,0,0,1,0,1,1,1,0,0,0,1,0,13.0,16.0,0.784
0,0,2,1,0,0,0,2,0,0,1,0,3,1,0,1,0,0,0,1,1,0,0,0,1,0,0,1,0,1,1,0,1,0,11.0,6.0,0.426
2,2,1,1,0,3,0,5,0,0,0,0,1,0,0,0,0,1,1,1,1,0,1,0,1,0,0,0,0,1,0,0,0,0,15.0,2.0,0.365
2,2,0,0,1,2,0,3,0,0,1,1,1,0,0,1,1,1,1,0,0,1,1,0,1,0,0,1,1,0,0,0,1,1,14.0,3.0,0.378
7,8,6,5,2,1,0,10,0,5,11,0,8,4,0,9,3,1,1,1,2,1,1,0,1,0,2,6,0,1,1,0,1,1,19.75,10.25,0.636
2,1,1,1,0,1,2,4,1,0,1,0,3,0,0,1,0,1,1,1,1,0,1,1,1,1,0,1,0,1,0,0,1,0,9.5,2.0,0.487
0,3,2,0,1,3,0,3,0,0,5,0,2,0,0,3,1,0,1,1,0,1,1,0,1,0,0,3,0,1,0,0,1,1,11.5,4.0,0.442
2,1,1,3,0,1,0,1,0,0,4,1,9,1,0,1,0,1,1,1,1,0,1,0,1,0,0,4,1,1,1,0,1,0,12.5,9.0,0.707
5,0,1,1,1,6,0,6,0,1,3,1,5,1,0,3,0,1,0,1,1,1,1,0,1,0,1,2,1,1,1,0,1,0,17.0,2.5,0.364
3,1,0,0,0,2,0,5,0,0,0,0,0,0,0,1,0,1,1,0,0,0,1,0,1,0,0,0,0,0,0,0,1,0,12.0,0.0,0.204
2,1,2,1,0,2,0,2,0,0,2,0,0,1,0,2,0,1,1,1,1,0,1,0,1,0,0,2,0,0,1,0,2,0,15.0,11.0,0.73
1,2,1,2,1,2,0,3,0,0,5,0,3,0,0,4,0,1,1,1,1,1,1,0,1,0,0,4,0,1,0,0,1,0,12.0,6.5,0.722
0,2,1,0,0,1,0,4,0,0,1,0,2,0,0,1,0,0,1,1,0,0,1,0,1,0,0,1,0,1,0,0,1,0,12.0,6.0,0.408
1,1,0,0,1,3,0,3,2,1,0,10,3,0,1,0,2,1,1,0,0,1,1,0,1,1,1,0,1,1,0,1,0,1,27.0,0.0,0.136
2,7,11,4,4,2,0,2,0,3,10,12,6,3,0,7,0,1,1,1,3,1,1,0,1,0,2,3,1,1,1,0,1,0,14.6,7.4,0.497
1,0,1,2,0,1,0,1,0,1,4,0,2,1,0,3,0,1,0,1,2,0,1,0,1,0,1,3,0,1,1,0,1,0,8.5,12.786,1.029
0,4,5,4,2,3,0,7,0,1,10,0,3,1,0,7,0,0,1,1,2,1,1,0,1,0,1,6,0,1,1,0,1,0,23.5,17.5,0.928
0,4,2,1,0,1,0,4,0,0,4,1,1,1,0,6,0,0,1,1,1,0,1,0,1,0,0,2,1,1,1,0,2,0,25.0,13.0,0.566
0,2,0,2,0,2,0,3,0,1,3,0,2,1,0,3,1,0,1,0,2,0,1,0,1,0,1,2,0,1,1,0,1,1,20.0,14.0,0.474
1,0,1,2,0,2,0,2,0,0,1,0,1,1,0,2,0,1,0,1,1,0,1,0,1,0,0,1,0,1,1,0,1,0,13.0,2.0,0.392
2,1,0,1,0,2,0,5,0,0,1,0,1,2,0,1,0,1,1,0,1,0,1,0,1,0,0,1,0,1,1,0,1,0,16.0,6.0,0.53
4,0,0,3,0,1,0,3,0,2,2,0,2,1,0,2,0,1,0,0,2,0,1,0,1,0,2,2,0,1,1,0,1,0,20.0,17.0,0.791
0,0,1,1,0,0,0,4,0,0,4,0,2,0,0,5,0,0,0,1,1,0,0,0,1,0,0,2,0,1,0,0,1,0,8.5,6.0,0.343
0,0,0,1,0,2,3,3,0,0,1,0,3,0,0,1,0,0,0,0,1,0,1,1,1,0,0,1,0,1,0,0,1,0,7.0,4.0,0.567
0,1,0,2,0,0,0,2,0,1,4,0,2,1,0,3,0,0,1,0,2,0,0,0,1,0,1,3,0,1,1,0,1,0,8.0,9.0,0.884
1,1,2,0,0,1,0,0,0,1,1,1,2,0,0,1,0,1,1,1,0,0,1,0,0,0,1,1,1,1,0,0,1,0,5.5,1.0,0.426
4,2,2,4,1,5,0,6,2,0,3,0,2,1,1,4,0,1,1,1,2,1,1,0,1,1,0,2,0,1,1,1,2,0,18.0,8.0,0.354
1,1,0,0,0,3,0,3,0,0,1,15,4,0,0,0,3,1,1,0,0,0,1,0,1,0,0,1,1,1,0,0,0,1,31.0,2.0,0.254
4,13,7,12,2,9,0,31,9,3,2,4,29,2,6,20,11,1,1,1,3,1,1,0,1,1,2,2,1,1,1,1,1,1,30.2,7.0,0.345
1,0,2,0,0,2,0,2,0,0,2,0,0,1,0,2,0,1,0,1,0,0,1,0,1,0,0,1,0,0,1,0,1,0,12.0,4.0,0.408
2,3,2,4,1,0,0,3,0,1,6,0,4,1,0,0,0,1,1,1,1,1,0,0,1,0,1,4,0,1,1,0,0,0,13.0,13.5,0.832
2,2,2,3,1,2,2,10,1,1,7,17,20,1,4,4,5,1,1,1,2,1,1,1,1,1,1,4,1,1,1,1,2,1,8.889,4.889,0.553
2,1,4,0,1,4,2,6,0,0,4,2,8,0,0,5,0,1,1,1,0,1,1,1,1,0,0,3,1,1,0,0,2,0,19.5,16.0,0.453
1,1,2,0,1,1,0,2,0,0,0,1,1,0,0,1,0,1,1,1,0,1,1,0,1,0,0,0,1,1,0,0,1,0,11.0,0.0,0.213
2,1,0,0,1,1,0,7,1,0,2,0,4,1,0,1,0,1,1,0,0,1,1,0,1,1,0,2,0,1,1,0,1,0,10.5,2.5,0.463
1,0,0,1,1,0,0,2,0,1,2,0,1,0,0,3,0,1,0,0,1,1,0,0,1,0,1,2,0,1,0,0,1,0,13.0,13.0,0.784
0,0,0,0,0,0,0,1,0,0,1,3,3,0,1,1,2,0,0,0,0,0,0,0,1,0,0,1,1,1,0,1,1,1,5.5,0.0,0.213
15,22,11,10,6,15,0,36,1,6,15,6,27,4,5,21,5,1,1,1,3,1,1,0,1,1,2,6,1,1,1,1,3,1,28.286,13.821,0.503
15,19,3,1,8,15,0,46,4,1,2,16,44,2,14,11,6,1,1,1,1,1,1,0,1,1,1,2,1,1,1,1,1,1,25.25,0.625,0.149
0,0,0,0,0,1,0,4,0,0,1,3,0,0,0,1,2,0,0,0,0,0,1,0,1,0,0,1,1,0,0,0,1,1,12.0,2.0,0.408
0,2,0,0,0,0,0,3,1,0,2,2,0,0,0,1,0,0,1,0,0,0,0,0,1,1,0,2,1,0,0,0,1,0,11.0,8.0,0.64
1,3,1,1,0,0,1,3,0,1,1,0,2,0,0,2,0,1,1,1,1,0,0,1,1,0,1,1,0,1,0,0,2,0,16.0,12.0,0.707
4,5,6,1,3,2,0,6,0,0,8,6,4,1,0,8,0,1,1,1,1,1,1,0,1,0,0,4,1,1,1,0,2,0,18.0,6.667,0.577
1,1,2,1,1,1,0,2,0,1,2,1,2,0,0,3,0,1,1,1,1,1,1,0,1,0,1,1,1,1,0,0,1,0,18.0,4.0,0.333
0,0,0,2,0,1,0,1,0,3,0,0,2,1,0,2,0,0,0,0,2,0,1,0,1,0,2,0,0,1,1,0,1,0,12.0,19.0,0.612
5,6,2,6,2,6,0,9,0,3,5,5,19,3,1,5,1,1,1,1,4,1,1,0,1,0,2,4,1,1,1,1,1,1,25.333,17.25,0.649
1,3,0,2,0,0,0,2,0,0,3,2,1,2,0,2,0,1,1,0,1,0,0,0,1,0,0,2,1,1,1,0,1,0,18.0,4.0,0.5
0,0,0,0,0,0,0,2,0,0,2,2,5,0,0,1,0,0,0,0,0,0,0,0,1,0,0,2,1,1,0,0,1,0,6.0,1.0,0.408
2,1,6,5,1,2,1,1,1,1,6,0,6,0,0,4,2,1,1,1,2,1,1,1,1,1,1,3,0,1,0,0,1,1,9.75,7.0,0.566
0,0,0,0,0,2,0,3,0,0,0,4,0,0,0,1,3,0,0,0,0,0,1,0,1,0,0,0,1,0,0,0,1,1,13.0,0.0,0.196
2,1,0,0,1,0,0,2,0,0,3,0,0,0,0,2,0,1,1,0,0,1,0,0,1,0,0,3,0,0,0,0,1,0,11.0,6.0,0.853
17,12,4,21,3,7,0,19,0,9,17,0,9,3,0,18,3,1,1,1,4,1,1,0,1,0,2,6,0,1,1,0,2,1,28.4,22.8,0.593
2,1,4,0,1,1,0,0,0,0,1,0,1,0,0,1,0,1,1,1,0,1,1,0,0,0,0,1,0,1,0,0,1,0,12.0,2.0,0.408
4,7,2,5,3,6,0,12,1,5,9,3,4,1,0,8,0,1,1,1,2,1,1,0,1,1,2,6,1,1,1,0,2,0,70.0,49.0,0.761
5,6,3,1,1,5,0,9,0,1,8,0,12,3,0,9,0,1,1,1,1,1,1,0,1,0,1,5,0,1,1,0,3,0,31.5,19.0,0.802
0,2,0,1,0,0,0,4,0,1,1,0,2,0,0,1,0,0,1,0,1,0,0,0,1,0,1,1,0,1,0,0,1,0,12.0,12.0,0.816
2,1,0,2,0,1,0,5,0,0,3,1,3,0,0,1,2,1,1,0,2,0,1,0,1,0,0,2,1,1,0,0,1,1,7.0,2.667,0.617
1,1,1,2,0,1,0,2,0,2,2,0,0,1,0,3,0,1,1,1,1,0,1,0,1,0,1,1,0,0,1,0,1,0,16.0,18.0,0.53
0,1,0,1,0,0,0,0,0,2,4,0,2,0,0,3,0,0,1,0,1,0,0,0,0,0,2,3,0,1,0,0,1,0,13.0,16.0,0.784
0,1,0,1,1,0,0,1,0,0,1,5,2,0,0,1,0,0,1,0,1,1,0,0,1,0,0,1,1,1,0,0,1,0,13.0,4.0,0.588
2,1,3,1,0,4,0,4,0,0,1,0,3,1,0,2,1,1,1,1,1,0,1,0,1,0,0,1,0,1,1,0,1,1,11.5,2.5,0.442
3,1,0,1,0,2,0,6,0,0,2,2,6,0,0,1,0,1,1,0,1,0,1,0,1,0,0,2,1,1,0,0,1,0,21.0,8.0,0.463
0,9,0,0,0,0,0,0,0,0,0,0,0,0,0,9,0,0,1,0,0,0,0,0,0,0,0,0,0,0,0,0,1,0,18.0,0.0,0.167
0,1,1,1,0,0,0,0,0,0,1,2,3,0,0,3,0,0,1,1,1,0,0,0,0,0,0,1,1,1,0,0,1,0,11.0,8.0,0.64
0,3,0,2,0,2,0,4,0,0,0,1,1,0,0,1,1,0,1,0,2,0,1,0,1,0,0,0,1,1,0,0,1,1,15.0,9.0,0.548
0,3,3,1,2,1,0,6,0,1,6,1,3,0,0,3,0,0,1,1,1,1,1,0,1,0,1,3,1,1,0,0,2,0,15.0,8.5,0.645
1,1,0,0,0,1,0,4,0,0,1,1,2,0,0,1,0,1,1,0,0,0,1,0,1,0,0,1,1,1,0,0,1,0,4.0,0.667,0.408
2,3,4,2,1,2,0,3,0,2,8,1,6,0,0,7,1,1,1,1,2,1,1,0,1,0,2,4,1,1,0,0,2,1,10.5,8.688,0.764
10,10,4,5,3,7,1,18,0,0,6,5,9,5,0,10,3,1,1,1,3,1,1,1,1,0,0,4,1,1,1,0,2,1,24.0,8.75,0.505
2,1,1,2,0,2,0,6,0,1,2,0,0,0,0,4,1,1,1,1,2,0,1,0,1,0,1,2,0,1,0,0,1,1,25.0,4.0,0.424
1,2,1,4,1,0,0,1,0,4,7,0,1,2,0,5,0,1,1,1,4,1,0,0,1,0,2,3,0,1,1,0,1,0,14.5,23.375,0.919
1,6,0,1,0,2,1,5,4,2,1,0,7,0,0,2,0,1,1,0,1,0,1,1,1,1,1,1,0,1,0,0,1,0,15.0,10.0,0.516
1,4,1,0,1,1,1,2,0,0,5,0,0,1,0,3,0,1,1,1,0,1,1,1,1,0,0,3,0,0,1,0,1,0,6.667,4.667,0.632
2,2,1,2,1,0,0,5,2,2,2,5,6,0,1,0,0,1,1,1,1,1,0,0,1,1,1,1,1,1,0,1,0,0,14.5,6.0,0.394
0,4,0,3,0,2,1,4,3,1,4,1,6,1,0,4,1,0,1,0,2,0,1,1,1,1,1,2,1,1,1,0,1,1,16.5,10.0,0.492
3,4,4,7,6,2,0,8,4,5,10,7,14,4,0,6,0,1,1,1,3,1,1,0,1,1,2,3,1,1,1,0,1,0,16.8,13.8,0.463
1,0,3,2,3,0,0,2,3,0,2,0,0,1,0,3,0,1,0,1,2,1,0,0,1,1,0,2,0,0,1,0,1,0,20.0,11.0,0.632
0,1,4,0,0,0,0,2,2,0,1,1,3,0,1,1,0,0,1,1,0,0,0,0,1,1,0,1,1,1,0,1,1,0,15.0,2.0,0.365
4,9,2,5,4,8,0,13,1,0,4,1,2,2,0,3,0,1,1,1,2,1,1,0,1,1,0,3,1,1,1,0,1,0,29.0,5.0,0.371
3,4,5,9,3,7,0,7,0,0,10,3,5,2,0,2,1,1,1,1,2,1,1,0,1,0,0,3,1,1,1,0,1,1,15.25,12.0,0.543
1,1,1,2,0,0,0,0,0,0,4,0,2,0,0,1,0,1,1,1,2,0,0,0,0,0,0,3,0,1,0,0,1,0,12.0,17.0,1.021
2,0,1,0,0,1,0,1,1,1,0,0,2,1,0,2,1,1,0,1,0,0,1,0,1,1,1,0,0,1,1,0,1,1,6.5,0.0,0.196
4,1,7,1,1,5,0,6,0,0,3,0,3,1,0,2,0,1,1,1,1,1,1,0,1,0,0,3,0,1,1,0,1,0,11.333,2.667,0.485
5,4,1,2,2,3,0,7,0,1,3,2,3,0,0,2,0,1,1,1,1,1,1,0,1,0,1,3,1,1,0,0,1,0,35.0,18.0,0.717
0,0,0,0,0,0,0,1,0,0,1,3,3,0,1,1,2,0,0,0,0,0,0,0,1,0,0,1,1,1,0,1,1,1,5.5,0.0,0.213
0,0,0,0,0,0,0,0,0,0,1,4,3,0,1,1,2,0,0,0,0,0,0,0,0,0,0,1,1,1,0,1,1,1,5.5,0.0,0.213
1,3,1,1,1,1,0,6,0,1,4,9,6,0,1,3,0,1,1,1,1,1,1,0,1,0,1,2,1,1,0,1,1,0,36.0,22.0,0.589
4,3,1,3,2,0,0,4,0,2,3,0,1,1,0,4,0,1,1,1,3,1,0,0,1,0,2,2,0,1,1,0,1,0,29.0,22.0,0.788
2,2,3,2,1,4,0,6,0,0,3,0,5,1,0,4,0,1,1,1,1,1,1,0,1,0,0,2,0,1,1,0,1,0,33.0,6.0,0.369
1,0,1,2,0,0,0,1,0,1,2,2,0,1,0,4,0,1,0,1,2,0,0,0,1,0,1,1,1,0,1,0,2,0,15.0,15.25,0.913
0,3,2,1,0,0,0,1,2,0,2,0,0,0,0,2,0,0,1,1,1,0,0,0,1,1,0,1,0,0,0,0,2,0,13.0,13.0,0.784
0,0,0,0,0,0,0,1,1,0,1,2,3,0,1,1,2,0,0,0,0,0,0,0,1,1,0,1,1,1,0,1,1,1,5.5,0.0,0.213
5,7,2,1,2,2,0,6,6,1,2,1,3,1,0,8,0,1,1,1,1,1,1,0,1,1,1,2,1,1,1,0,1,0,23.5,2.5,0.309
8,5,7,6,2,7,0,9,1,1,3,6,9,2,0,5,2,1,1,1,3,1,1,0,1,1,1,3,1,1,1,0,2,1,24.333,9.0,0.414
0,2,1,2,0,0,0,2,0,2,3,0,4,0,0,5,0,0,1,1,2,0,0,0,1,0,1,3,0,1,0,0,1,0,7.0,11.917,0.926
1,8,1,2,3,6,0,7,0,0,5,0,8,3,0,6,8,1,1,1,1,1,1,0,1,0,0,2,0,1,1,0,1,1,14.5,6.25,0.279
5,9,2,5,4,2,1,11,0,2,15,5,7,2,0,9,0,1,1,1,2,1,1,1,1,0,1,5,1,1,1,0,3,0,39.5,28.5,0.716
5,2,5,4,1,4,0,7,0,0,9,0,3,2,0,6,0,1,1,1,2,1,1,0,1,0,0,5,0,1,1,0,1,0,48.0,29.0,0.612
2,5,3,0,1,1,0,4,0,0,4,2,1,1,0,4,1,1,1,1,0,1,1,0,1,0,0,4,1,1,1,0,2,1,29.0,18.0,0.657
4,2,3,1,3,1,0,4,0,0,1,0,2,0,0,0,0,1,1,1,1,1,1,0,1,0,0,1,0,1,0,0,0,0,21.0,4.0,0.463
1,4,3,4,0,3,0,3,0,3,10,0,2,2,0,10,0,1,1,1,2,0,1,0,1,0,1,5,0,1,1,0,1,0,22.5,13.5,0.632
2,0,1,1,0,2,0,4,1,2,0,0,3,0,0,4,0,1,0,1,1,0,1,0,1,1,2,0,0,1,0,0,2,0,20.0,12.0,0.474
5,5,4,1,3,3,0,15,1,0,9,1,10,0,0,10,2,1,1,1,1,1,1,0,1,1,0,3,1,1,0,0,1,1,13.8,6.0,0.426
3,2,1,2,2,2,0,5,1,1,2,0,3,0,0,2,0,1,1,1,1,1,1,0,1,1,1,2,0,1,0,0,1,0,13.0,6.0,0.555
0,0,5,0,2,1,0,2,0,0,1,0,1,0,0,3,0,0,0,1,0,1,1,0,1,0,0,1,0,1,0,0,1,0,15.0,2.0,0.365
2,2,1,5,0,5,0,31,7,1,5,23,52,2,28,4,5,1,1,1,3,0,1,0,1,1,1,4,1,1,1,1,1,1,21.286,4.571,0.405
1,2,1,2,1,2,1,2,0,0,2,0,2,0,0,2,0,1,1,1,2,1,1,1,1,0,0,2,0,1,0,0,1,0,9.0,5.5,0.667
15,26,19,14,8,11,0,44,4,8,34,4,23,6,3,24,3,1,1,1,2,1,1,0,1,1,2,9,1,1,1,1,2,1,30.125,14.25,0.547
6,3,1,6,3,4,0,5,5,2,4,0,7,1,1,4,1,1,1,1,2,1,1,0,1,1,2,3,0,1,1,1,1,1,26.0,11.0,0.588
1,1,0,1,0,4,0,5,0,0,3,0,3,2,0,3,0,1,1,0,1,0,1,0,1,0,0,2,0,1,1,0,2,0,23.0,10.0,0.442
1,2,0,2,1,1,1,4,0,1,3,0,5,1,0,3,1,1,1,0,2,1,1,1,1,0,1,3,0,1,1,0,1,1,13.0,5.5,0.555
2,0,2,0,0,1,0,2,0,0,1,2,3,0,0,2,0,1,0,1,0,0,1,0,1,0,0,1,1,1,0,0,2,0,15.0,9.0,0.548
0,5,1,3,2,4,1,8,0,2,5,0,3,0,0,5,1,0,1,1,2,1,1,1,1,0,2,3,0,1,0,0,1,1,13.333,7.333,0.671
0,0,2,2,1,0,0,0,0,2,2,2,0,1,0,3,0,0,0,1,2,1,0,0,0,0,1,2,1,0,1,0,1,0,15.0,23.75,0.913
2,0,1,0,0,0,2,2,0,0,0,0,4,0,0,0,0,1,0,1,0,0,0,1,1,0,0,0,0,1,0,0,0,0,11.0,0.0,0.213
0,2,0,2,2,2,0,3,3,0,2,1,3,0,0,3,0,0,1,0,1,1,1,0,1,1,0,2,1,1,0,0,1,0,23.0,6.0,0.295
4,8,8,7,2,4,0,10,0,3,19,0,3,3,0,12,0,1,1,1,4,1,1,0,1,0,1,6,0,1,1,0,1,0,27.667,20.0,0.699
2,3,1,3,4,2,0,8,0,1,3,1,6,0,0,3,0,1,1,1,2,1,1,0,1,0,1,3,1,1,0,0,1,0,37.0,10.571,0.465
0,0,0,0,0,0,0,1,0,0,1,3,3,0,1,1,2,0,0,0,0,0,0,0,1,0,0,1,1,1,0,1,1,1,11.0,0.0,0.213
2,1,2,3,1,1,0,3,0,1,1,1,3,0,0,3,0,1,1,1,2,1,1,0,1,0,1,1,1,1,0,0,1,0,22.0,9.0,0.452
3,2,7,2,1,3,0,5,1,2,6,0,4,0,0,7,0,1,1,1,2,1,1,0,1,1,2,3,0,1,0,0,1,0,10.75,5.0,0.539
0,1,0,1,1,2,0,3,0,0,1,0,1,0,0,2,0,0,1,0,1,1,1,0,1,0,0,1,0,1,0,0,1,0,12.0,2.0,0.408
1,1,4,5,2,4,1,7,1,3,4,1,7,0,0,4,2,1,1,1,3,1,1,1,1,1,2,3,1,1,0,0,1,1,11.5,7.938,0.73
3,4,5,5,3,7,0,8,0,1,11,0,4,0,0,8,1,1,1,1,3,1,1,0,1,0,1,5,0,1,0,0,2,1,20.0,13.917,0.73
5,4,3,2,1,1,0,7,0,2,5,0,3,2,0,8,0,1,1,1,2,1,1,0,1,0,2,2,0,1,1,0,1,0,14.333,5.667,0.431
4,2,2,0,2,0,0,2,0,2,2,0,3,0,0,0,0,1,1,1,0,1,0,0,1,0,1,1,0,1,0,0,0,0,19.0,14.0,0.324
5,6,1,7,2,3,0,10,3,0,9,0,5,0,1,5,0,1,1,1,2,1,1,0,1,1,0,4,0,1,0,1,1,0,18.667,6.0,0.472
3,3,0,2,2,0,0,4,3,0,2,0,3,0,0,3,1,1,1,0,1,1,0,0,1,1,0,2,0,1,0,0,2,1,8.667,3.667,0.693
3,6,2,4,2,1,0,4,10,0,6,0,9,0,0,4,1,1,1,1,1,1,1,0,1,1,0,4,0,1,0,0,1,1,15.667,6.0,0.516
3,7,2,3,2,1,0,4,2,0,7,0,3,3,1,4,1,1,1,1,1,1,1,0,1,1,0,6,0,1,1,1,1,1,21.0,13.0,0.764
0,1,1,3,1,1,0,2,0,2,2,0,2,0,0,2,0,0,1,1,2,1,1,0,1,0,1,2,0,1,0,0,1,0,17.0,18.0,0.686
2,9,4,3,2,4,1,12,1,0,12,0,3,2,0,8,1,1,1,1,2,1,1,1,1,1,0,7,0,1,1,0,1,1,12.8,8.0,0.707
0,3,0,0,0,1,0,1,0,1,2,2,0,0,0,2,0,0,1,0,0,0,1,0,1,0,1,2,1,0,0,0,1,0,12.0,5.0,0.612
0,3,0,0,0,1,1,2,1,0,1,0,0,0,0,2,0,0,1,0,0,0,1,1,1,1,0,1,0,0,0,0,1,0,11.0,2.0,0.426
3,3,2,5,0,4,0,7,0,2,6,0,3,1,0,4,0,1,1,1,2,0,1,0,1,0,2,3,0,1,1,0,2,0,20.0,16.0,0.671
1,3,2,2,0,0,0,1,0,1,4,0,2,0,0,2,0,1,1,1,2,0,0,0,1,0,1,3,0,1,0,0,1,0,18.0,31.0,1.167
5,10,6,8,4,4,1,11,2,1,16,2,5,4,0,10,2,1,1,1,3,1,1,1,1,1,1,5,1,1,1,0,1,1,18.2,7.8,0.519
4,2,1,2,0,3,0,4,0,0,3,2,1,1,0,2,0,1,1,1,2,0,1,0,1,0,0,2,1,1,1,0,1,0,12.5,4.0,0.566
2,2,2,1,1,2,0,6,0,0,2,0,1,1,0,3,0,1,1,1,1,1,1,0,1,0,0,2,0,1,1,0,1,0,11.5,4.0,0.59
2,7,2,3,2,4,0,9,2,1,7,0,7,1,1,8,0,1,1,1,3,1,1,0,1,1,1,4,0,1,1,1,2,0,18.333,12.333,0.858
4,6,2,2,5,3,0,4,2,4,6,6,11,1,0,3,2,1,1,1,1,1,1,0,1,1,2,3,1,1,1,0,1,1,20.0,12.333,0.456
0,3,0,0,0,0,0,1,2,0,0,0,2,2,0,1,0,0,1,0,0,0,0,0,1,1,0,0,0,1,1,0,1,0,11.0,0.0,0.213
3,0,4,4,1,0,0,3,1,1,3,0,2,0,0,2,0,1,0,1,2,1,0,0,1,1,1,2,0,1,0,0,1,0,12.0,9.0,0.722
3,3,0,1,2,4,0,7,1,1,3,1,1,0,0,4,0,1,1,0,1,1,1,0,1,1,1,2,1,1,0,0,1,0,31.0,11.0,0.381
2,1,1,0,0,2,0,7,0,0,1,0,1,0,0,1,0,1,1,1,0,0,1,0,1,0,0,1,0,1,0,0,1,0,16.0,2.0,0.354
1,0,1,2,0,0,0,0,0,1,2,1,2,1,0,2,1,1,0,1,1,0,0,0,0,0,1,2,1,1,1,0,1,1,7.0,4.5,0.756
5,1,2,0,1,0,0,2,0,0,0,1,3,0,0,2,2,1,1,1,0,1,0,0,1,0,0,0,1,1,0,0,1,1,6.333,0.0,0.162
4,4,3,1,2,5,0,8,1,2,7,0,9,2,0,6,0,1,1,1,1,1,1,0,1,1,1,2,0,1,1,0,2,0,13.25,4.25,0.291
2,4,3,2,1,4,0,8,0,2,4,0,3,0,0,6,0,1,1,1,2,1,1,0,1,0,1,2,0,1,0,0,1,0,19.5,15.5,0.566
1,3,2,2,0,1,0,5,0,0,2,1,2,0,0,1,0,1,1,1,1,0,1,0,1,0,0,2,1,1,0,0,1,0,20.0,8.0,0.474
5,6,5,7,2,9,0,13,0,0,5,4,5,4,0,7,0,1,1,1,2,1,1,0,1,0,0,3,1,1,1,0,1,0,24.0,5.667,0.333
5,5,2,4,5,4,0,12,1,2,10,1,8,1,0,12,0,1,1,1,2,1,1,0,1,1,2,3,1,1,1,0,2,0,18.0,10.0,0.583
2,2,2,1,0,2,1,3,0,0,2,0,2,0,0,2,0,1,1,1,1,0,1,1,1,0,0,2,0,1,0,0,1,0,19.0,8.0,0.487
11,21,15,23,6,15,0,37,6,3,21,1,22,3,0,18,4,1,1,1,3,1,1,0,1,1,2,4,1,1,1,0,2,1,25.75,20.125,0.345
0,0,0,0,0,0,0,0,0,0,1,4,3,0,1,1,2,0,0,0,0,0,0,0,0,0,0,1,1,1,0,1,1,1,5.5,0.0,0.213
3,5,7,3,4,2,0,13,2,2,11,0,7,1,0,11,0,1,1,1,3,1,1,0,1,1,2,4,0,1,1,0,2,0,8.875,6.0,0.671
14,26,22,34,12,7,2,40,9,7,64,0,31,15,0,40,5,1,1,1,6,1,1,1,1,1,2,10,0,1,1,0,3,1,25.0,21.659,0.628
1,4,1,1,1,2,0,5,0,1,3,0,3,1,0,5,0,1,1,1,1,1,1,0,1,0,1,1,0,1,1,0,1,0,14.0,7.5,0.535
0,0,2,3,1,0,0,0,1,1,2,0,1,1,0,2,0,0,0,1,2,1,0,0,0,1,1,1,0,1,1,0,1,0,14.0,15.0,0.756
4,4,3,4,3,3,0,6,1,1,5,0,7,0,0,5,2,1,1,1,2,1,1,0,1,1,1,3,0,1,0,0,1,1,16.0,11.333,0.612
3,9,8,7,3,3,1,13,0,0,15,0,12,7,1,16,1,1,1,1,3,1,1,1,1,0,0,4,0,1,1,1,2,1,14.0,8.796,0.5
11,9,14,15,7,4,0,19,2,6,15,0,9,3,0,14,0,1,1,1,4,1,1,0,1,1,2,3,0,1,1,0,2,0,25.4,23.029,0.502
12,10,9,6,3,7,0,12,1,4,12,1,12,5,0,12,1,1,1,1,2,1,1,0,1,1,2,3,1,1,1,0,2,1,26.75,18.75,0.41
6,6,10,5,5,7,0,8,2,2,9,1,5,1,0,10,0,1,1,1,2,1,1,0,1,1,2,4,1,1,1,0,2,0,25.667,11.0,0.564
4,5,3,6,0,6,1,10,2,3,14,2,12,1,0,10,2,1,1,1,3,0,1,1,1,1,1,5,1,1,1,0,2,1,19.75,16.0,0.716
6,22,18,11,10,17,1,37,4,7,25,0,22,7,2,36,0,1,1,1,4,1,1,1,1,1,2,7,0,1,1,1,2,0,31.714,20.449,0.522
5,5,5,4,2,5,0,10,2,1,5,4,4,1,0,9,0,1,1,1,2,1,1,0,1,1,1,3,1,1,1,0,2,0,20.667,15.333,0.539
1,1,2,6,0,1,0,3,0,4,5,0,4,1,0,6,0,1,1,1,3,0,1,0,1,0,2,3,0,1,1,0,1,0,17.0,26.0,0.849
3,6,6,5,3,2,0,6,1,0,5,0,6,0,0,5,1,1,1,1,2,1,1,0,1,1,0,2,0,1,0,0,1,1,16.333,8.667,0.505
0,2,3,2,0,0,0,5,0,1,4,0,6,2,0,1,0,0,1,1,1,0,0,0,1,0,1,3,0,1,1,0,1,0,23.0,22.0,0.59
4,4,5,3,1,3,0,9,2,3,2,1,5,0,1,4,1,1,1,1,2,1,1,0,1,1,2,2,1,1,0,1,1,1,23.5,6.5,0.413
2,2,1,5,0,1,0,3,0,1,5,0,2,1,0,2,0,1,1,1,3,0,1,0,1,0,1,5,0,1,1,0,1,0,25.0,29.0,1.131
8,14,4,5,4,9,0,20,2,1,24,1,7,4,0,11,0,1,1,1,2,1,1,0,1,1,1,6,1,1,1,0,3,0,14.25,14.375,0.795
2,2,3,3,1,2,0,4,0,1,6,2,6,0,1,4,0,1,1,1,1,1,1,0,1,0,1,4,1,1,0,1,1,0,12.0,6.667,0.589
2,4,4,2,2,1,0,5,0,0,6,0,3,2,0,3,0,1,1,1,2,1,1,0,1,0,0,3,0,1,1,0,1,0,11.333,8.0,0.606
2,2,5,1,0,0,0,2,1,0,3,0,4,0,0,2,0,1,1,1,1,0,0,0,1,1,0,2,0,1,0,0,1,0,11.0,4.5,0.603
2,1,5,1,1,2,2,4,0,2,4,0,6,0,0,3,1,1,1,1,1,1,1,1,1,0,2,3,0,1,0,0,2,1,11.333,7.667,0.728
1,2,2,2,2,1,0,7,1,0,8,0,2,1,0,7,0,1,1,1,1,1,1,0,1,1,0,3,0,1,1,0,1,0,18.0,7.0,0.354
4,2,1,1,1,2,0,5,0,0,6,0,2,2,0,5,0,1,1,1,1,1,1,0,1,0,0,5,0,1,1,0,2,0,15.5,17.5,0.889
4,7,9,8,5,9,0,18,0,1,13,0,11,1,0,17,0,1,1,1,4,1,1,0,1,0,1,5,0,1,1,0,1,0,17.167,11.774,0.627
2,0,4,2,1,2,0,3,0,0,3,0,2,0,0,2,0,1,0,1,1,1,1,0,1,0,0,2,0,1,0,0,1,0,10.5,4.0,0.463
10,7,6,5,2,9,0,25,2,1,6,1,16,2,0,15,2,1,1,1,2,1,1,0,1,1,1,3,1,1,1,0,1,1,7.267,1.8,0.406
7,7,3,6,0,2,0,9,0,2,5,0,5,0,0,7,0,1,1,1,2,0,1,0,1,0,1,3,0,1,0,0,2,0,10.6,4.6,0.486
0,2,0,0,0,1,0,4,0,0,0,0,4,0,0,1,0,0,1,0,0,0,1,0,1,0,0,0,0,1,0,0,1,0,6.0,0.0,0.204
5,2,4,6,5,6,0,7,1,5,13,0,5,0,0,9,0,1,1,1,4,1,1,0,1,1,2,4,0,1,0,0,1,0,13.6,12.514,0.686
2,2,1,2,0,4,0,8,2,1,3,0,1,1,2,3,0,1,1,1,1,0,1,0,1,1,1,2,0,1,1,1,1,0,32.0,10.0,0.5
0,2,1,1,0,0,0,2,2,0,2,0,2,1,1,1,0,0,1,1,1,0,0,0,1,1,0,2,0,1,1,1,1,0,14.0,8.0,0.756
14,13,20,14,13,4,0,19,1,3,33,0,13,6,0,19,4,1,1,1,4,1,1,0,1,1,2,4,0,1,1,0,2,1,29.333,19.167,0.426
1,3,1,2,1,1,0,3,1,0,2,1,1,0,0,3,0,1,1,1,1,1,1,0,1,1,0,2,1,1,0,0,1,0,10.0,2.5,0.474
2,2,3,0,0,1,0,3,1,0,0,4,1,0,0,2,0,1,1,1,0,0,1,0,1,1,0,0,1,1,0,0,1,0,9.5,0.0,0.162
5,7,4,6,2,3,0,14,1,2,12,5,10,1,0,9,1,1,1,1,2,1,1,0,1,1,1,7,1,1,1,0,1,1,16.4,9.0,0.703
1,4,1,3,0,1,0,4,0,1,6,2,4,0,0,7,0,1,1,1,2,0,1,0,1,0,1,2,1,1,0,0,1,0,8.5,7.188,0.728
0,1,0,0,0,1,0,2,0,0,2,0,1,0,0,4,0,0,1,0,0,0,1,0,1,0,0,2,0,1,0,0,1,0,11.0,5.0,0.64
5,3,0,0,0,1,0,3,0,0,0,0,1,0,0,2,0,1,1,0,0,0,1,0,1,0,0,0,0,1,0,0,1,0,15.0,0.0,0.183
2,1,1,1,0,1,0,2,0,1,1,1,0,0,0,1,0,1,1,1,1,0,1,0,1,0,1,1,1,0,0,0,1,0,12.0,4.0,0.612
1,0,0,0,0,0,0,4,3,0,0,0,11,0,4,1,0,1,0,0,0,0,0,0,1,1,0,0,0,1,0,1,1,0,21.0,0.0,0.154
1,3,0,1,0,3,0,4,0,1,2,3,1,0,0,2,0,1,1,0,1,0,1,0,1,0,1,2,1,1,0,0,1,0,21.0,4.0,0.463
1,5,0,1,0,3,0,8,0,0,2,5,1,0,0,3,0,1,1,0,1,0,1,0,1,0,0,2,1,1,0,0,2,0,29.0,9.0,0.525
1,6,2,0,1,4,0,7,0,0,8,0,2,1,0,5,0,1,1,1,0,1,1,0,1,0,0,6,0,1,1,0,2,0,18.5,19.4,0.93
4,6,2,1,0,4,0,6,0,2,4,3,4,1,0,5,0,1,1,1,1,0,1,0,1,0,1,4,1,1,1,0,2,0,42.0,17.0,0.764
1,1,1,1,0,1,2,3,0,1,3,0,2,0,0,3,0,1,1,1,1,0,1,1,1,0,1,3,0,1,0,0,1,0,19.0,9.0,0.487
1,1,2,1,0,2,0,2,0,0,1,0,1,0,0,1,0,1,1,1,1,0,1,0,1,0,0,1,0,1,0,0,1,0,12.0,8.0,0.612
4,2,0,1,0,1,0,11,1,0,1,9,21,0,8,3,4,1,1,0,1,0,1,0,1,1,0,1,1,1,0,1,1,1,58.0,2.0,0.186
0,1,3,1,0,2,0,4,0,0,1,1,2,0,0,1,0,0,1,1,1,0,1,0,1,0,0,1,1,1,0,0,1,0,8.0,3.5,0.354
1,2,2,1,0,3,0,13,1,1,5,1,8,0,5,4,0,1,1,1,1,0,1,0,1,1,1,3,1,1,0,1,1,0,21.5,6.5,0.323
0,2,1,1,0,1,2,2,1,1,2,0,2,0,0,2,0,0,1,1,1,0,1,1,1,1,1,1,0,1,0,0,1,0,8.5,2.0,0.343
0,1,2,0,0,0,0,2,0,0,6,2,2,0,0,3,0,0,1,1,0,0,0,0,1,0,0,4,1,1,0,0,1,0,9.0,6.0,0.667
1,1,1,2,0,2,0,3,0,0,2,0,3,1,0,2,0,1,1,1,2,0,1,0,1,0,0,1,0,1,1,0,1,0,17.0,21.0,0.686
1,0,0,4,1,2,0,5,0,1,2,2,5,1,1,4,0,1,0,0,2,1,1,0,1,0,1,2,1,1,1,1,1,0,28.0,14.0,0.535
2,0,1,1,0,0,0,1,0,1,2,1,3,1,0,3,0,1,0,1,1,0,0,0,1,0,1,2,1,1,1,0,1,0,16.0,9.0,0.53
2,3,2,2,1,1,0,4,2,2,7,3,8,0,2,5,1,1,1,1,2,1,1,0,1,1,1,3,1,1,0,1,1,1,14.333,4.333,0.431
8,14,4,2,5,15,0,45,9,1,5,27,55,3,14,18,6,1,1,1,1,1,1,0,1,1,1,4,1,1,1,1,2,1,25.111,2.111,0.282
2,4,0,1,1,5,0,5,0,0,3,3,5,0,0,2,1,1,1,0,1,1,1,0,1,0,0,2,1,1,0,0,2,1,10.667,4.333,0.5
0,3,0,0,0,3,0,1,0,0,0,5,0,0,0,0,2,0,1,0,0,0,1,0,1,0,0,0,1,0,0,0,0,1,14.0,0.0,0.189
0,1,0,0,0,2,0,4,0,0,1,1,3,0,1,1,0,0,1,0,0,0,1,0,1,0,0,1,1,1,0,1,1,0,13.0,0.0,0.196
4,9,4,2,2,5,0,14,1,0,7,4,12,1,0,10,3,1,1,1,1,1,1,0,1,1,0,4,1,1,1,0,1,1,10.857,2.571,0.406
2,2,1,1,1,2,1,4,0,1,2,0,0,1,0,4,0,1,1,1,1,1,1,1,1,0,1,2,0,0,1,0,1,0,22.0,9.0,0.603
0,1,7,4,1,2,1,4,1,0,4,3,3,3,0,4,0,0,1,1,1,1,1,1,1,1,0,2,1,1,1,0,1,0,12.667,10.333,0.459
1,2,0,3,0,3,0,3,0,0,1,1,1,0,0,1,0,1,1,0,1,0,1,0,1,0,0,1,1,1,0,0,1,0,16.0,2.0,0.354
23,18,5,6,2,35,2,70,1,6,19,23,59,6,1,21,3,1,1,1,3,1,1,1,1,1,2,5,1,1,1,1,3,1,99.667,25.857,0.368
0,1,0,1,0,1,0,3,0,0,2,2,3,1,0,0,0,0,1,0,1,0,1,0,1,0,0,2,1,1,1,0,0,0,7.0,3.0,0.756
6,2,0,2,2,1,0,7,0,0,1,1,9,0,0,1,2,1,1,0,2,1,1,0,1,0,0,1,1,1,0,0,1,1,32.0,9.0,0.375
1,4,0,1,0,0,0,2,0,0,2,1,1,0,0,1,0,1,1,0,1,0,0,0,1,0,0,2,1,1,0,0,1,0,13.0,11.0,0.784
1,0,1,0,0,1,0,2,3,0,1,0,2,0,1,1,0,1,0,1,0,0,1,0,1,1,0,1,0,1,0,1,1,0,12.0,0.0,0.204
1,1,2,2,0,0,0,2,0,2,5,0,3,1,0,5,0,1,1,1,1,0,0,0,1,0,1,4,0,1,1,0,1,0,12.0,9.5,0.722
3,2,0,1,1,2,0,3,6,1,4,0,5,0,1,2,1,1,1,0,1,1,1,0,1,1,1,4,0,1,0,1,2,1,10.667,9.0,0.875
1,1,0,1,0,1,0,1,0,0,3,0,1,1,0,1,0,1,1,0,1,0,1,0,1,0,0,2,0,1,1,0,1,0,11.0,15.0,1.066
8,3,2,6,2,3,0,9,4,1,5,1,6,0,0,3,1,1,1,1,2,1,1,0,1,1,1,3,1,1,0,0,1,1,18.0,7.0,0.481
3,1,1,6,1,5,0,7,0,1,6,1,5,2,0,6,0,1,1,1,4,1,1,0,1,0,1,4,1,1,1,0,1,0,22.5,21.286,0.843
5,9,7,1,3,2,1,12,4,1,11,2,8,3,1,11,0,1,1,1,1,1,1,1,1,1,1,4,1,1,1,1,3,0,20.0,10.0,0.632
0,0,1,2,0,0,1,0,0,1,4,0,1,0,0,2,0,0,0,1,1,0,0,1,0,0,1,3,0,1,0,0,1,0,12.0,14.0,0.816
0,2,5,2,0,1,0,3,1,1,6,0,4,2,0,7,0,0,1,1,2,0,1,0,1,1,1,4,0,1,1,0,1,0,11.333,9.0,0.728
0,0,1,3,1,2,0,2,0,0,2,1,3,0,0,1,0,0,0,1,2,1,1,0,1,0,0,2,1,1,0,0,1,0,16.0,4.0,0.53
2,3,1,2,1,1,1,7,0,1,8,0,5,3,0,6,1,1,1,1,1,1,1,1,1,0,1,6,0,1,1,0,2,1,21.0,15.0,0.764
4,4,2,4,1,4,0,5,0,1,7,0,6,2,0,5,0,1,1,1,2,1,1,0,1,0,1,5,0,1,1,0,1,0,11.25,6.75,0.738
4,5,6,8,1,4,0,7,0,3,12,0,7,6,0,8,2,1,1,1,3,1,1,0,1,0,1,5,0,1,1,0,1,1,18.25,18.625,0.662
2,0,1,3,0,0,1,1,1,2,8,0,5,1,0,6,0,1,0,1,1,0,0,1,1,1,2,3,0,1,1,0,1,0,15.5,12.5,0.508
10,4,10,10,3,6,0,11,3,4,19,0,6,7,0,17,0,1,1,1,3,1,1,0,1,1,2,6,0,1,1,0,2,0,22.0,16.4,0.607
6,3,3,10,2,5,2,8,7,3,10,0,8,3,0,6,1,1,1,1,3,1,1,1,1,1,1,4,0,1,1,0,1,1,25.667,27.833,0.564
2,14,4,6,0,5,0,23,12,2,10,0,11,3,1,10,2,1,1,1,2,0,1,0,1,1,2,5,0,1,1,1,3,1,26.0,20.625,0.624
17,18,12,10,8,16,0,38,7,9,16,4,17,3,1,30,8,1,1,1,3,1,1,0,1,1,2,7,1,1,1,1,1,1,42.6,16.6,0.485
1,2,0,0,1,2,0,4,0,0,0,0,1,0,0,3,0,1,1,0,0,1,1,0,1,0,0,0,0,1,0,0,1,0,14.0,0.0,0.189
1,0,0,2,0,0,0,1,1,0,3,1,2,0,0,2,0,1,0,0,1,0,0,0,1,1,0,2,1,1,0,0,1,0,13.0,8.0,0.588
6,15,5,6,3,5,0,25,11,3,10,3,25,4,5,19,2,1,1,1,4,1,1,0,1,1,2,6,1,1,1,1,1,1,28.4,13.8,0.653
4,5,3,5,1,2,1,6,2,0,7,1,4,1,0,2,0,1,1,1,2,1,1,1,1,1,0,5,1,1,1,0,1,0,22.0,17.0,0.746
1,1,2,2,0,1,0,2,0,1,2,5,2,0,0,2,0,1,1,1,2,0,1,0,1,0,1,2,1,1,0,0,1,0,10.5,7.0,0.772
0,6,0,7,4,2,0,4,7,2,5,7,6,3,2,4,0,0,1,0,2,1,1,0,1,1,1,4,1,1,1,1,1,0,57.0,13.0,0.468
19,25,26,21,10,14,1,36,0,15,54,12,40,10,4,45,2,1,1,1,2,1,1,1,1,0,2,10,1,1,1,1,3,1,19.471,11.471,0.544
5,6,8,13,7,10,3,15,6,5,25,0,27,3,1,23,1,1,1,1,2,1,1,1,1,1,2,5,0,1,1,1,2,1,12.077,6.582,0.451
1,1,0,1,1,0,0,1,1,0,3,1,0,0,0,1,0,1,1,0,1,1,0,0,1,1,0,3,1,0,0,0,1,0,11.0,7.0,0.853
4,5,2,8,6,7,0,17,2,4,10,0,9,1,0,7,0,1,1,1,3,1,1,0,1,1,1,6,0,1,1,0,1,0,27.333,26.0,0.703
1,1,2,0,1,2,0,4,1,0,5,0,1,2,0,5,0,1,1,1,0,1,1,0,1,1,0,3,0,1,1,0,1,0,8.333,5.333,0.566
2,1,4,3,1,4,0,5,1,2,2,0,4,0,0,1,0,1,1,1,2,1,1,0,1,1,1,2,0,1,0,0,1,0,30.0,29.0,0.645
1,1,1,2,0,1,0,2,0,1,2,0,1,0,0,3,0,1,1,1,2,0,1,0,1,0,1,2,0,1,0,0,1,0,15.0,17.0,0.913
3,1,0,1,0,0,0,4,0,2,2,0,1,1,0,3,0,1,1,0,1,0,0,0,1,0,1,2,0,1,1,0,2,0,18.0,17.0,0.833
0,0,3,2,1,0,1,2,0,0,4,1,2,1,0,3,0,0,0,1,1,1,0,1,1,0,0,3,1,1,1,0,1,0,20.0,16.0,0.791
1,0,3,1,0,0,0,3,1,1,6,5,3,2,0,5,0,1,0,1,1,0,0,0,1,1,1,3,1,1,1,0,1,0,30.0,22.0,0.516
8,7,6,8,2,4,0,9,0,1,6,6,7,2,0,5,1,1,1,1,2,1,1,0,1,0,1,2,1,1,1,0,2,1,14.4,7.8,0.417
1,0,1,2,0,1,1,1,0,0,2,0,2,0,0,1,0,1,0,1,2,0,1,1,1,0,0,2,0,1,0,0,1,0,12.0,11.0,0.816
4,3,5,3,1,4,0,9,6,1,2,10,17,0,1,4,8,1,1,1,2,1,1,0,1,1,1,1,1,1,0,1,1,1,15.4,3.0,0.322
5,9,10,13,4,9,0,17,1,6,19,0,10,5,0,11,0,1,1,1,2,1,1,0,1,1,2,8,0,1,1,0,1,0,19.833,15.833,0.648
1,1,1,3,1,3,0,4,0,2,3,0,1,0,0,5,0,1,1,1,1,1,1,0,1,0,1,2,0,1,0,0,1,0,25.0,8.0,0.283
3,3,3,2,0,1,0,4,0,1,4,6,3,1,0,3,0,1,1,1,1,0,1,0,1,0,1,2,1,1,1,0,1,0,17.0,7.5,0.485
8,13,8,16,6,8,0,12,3,9,25,1,16,2,0,16,2,1,1,1,4,1,1,0,1,1,2,6,1,1,1,0,2,1,14.5,17.55,0.587
5,1,3,1,4,3,1,6,0,1,1,9,7,0,0,1,1,1,1,1,1,1,1,1,1,0,1,1,1,1,0,0,1,1,14.333,3.667,0.431
2,1,1,2,0,1,0,3,2,0,2,0,3,0,1,2,0,1,1,1,2,0,1,0,1,1,0,2,0,1,0,1,1,0,19.0,15.5,0.811
3,3,3,3,1,0,0,1,0,1,5,0,4,0,0,4,0,1,1,1,1,1,0,0,1,0,1,4,0,1,0,0,1,0,28.0,15.0,0.668
1,5,4,0,1,1,0,4,0,1,6,0,5,1,0,7,0,1,1,1,0,1,1,0,1,0,1,4,0,1,1,0,2,0,12.0,4.333,0.589
4,4,4,3,2,4,0,7,0,1,4,0,3,1,0,5,0,1,1,1,2,1,1,0,1,0,1,2,0,1,1,0,2,0,21.0,14.5,0.655
0,1,0,1,0,1,0,3,0,0,3,0,1,1,1,2,0,0,1,0,1,0,1,0,1,0,0,3,0,0,1,1,1,0,13.0,7.0,0.784
0,1,1,1,1,0,0,1,1,0,1,2,1,0,0,2,0,0,1,1,1,1,0,0,1,1,0,1,1,1,0,0,1,0,12.0,6.0,0.408
1,2,1,2,0,2,0,3,2,0,4,1,4,1,0,4,1,1,1,1,2,0,1,0,1,1,0,1,1,1,1,0,1,1,9.333,3.333,0.401
3,2,3,3,2,3,1,6,0,0,5,1,2,0,0,2,0,1,1,1,1,1,1,1,1,0,0,3,1,1,0,0,1,0,11.0,5.667,0.615
1,11,2,7,1,9,0,17,0,1,8,0,12,1,0,6,3,1,1,1,3,1,1,0,1,0,1,5,0,1,1,0,1,1,26.667,13.917,0.632
0,0,0,0,1,2,0,1,0,0,0,7,3,0,0,1,2,0,0,0,0,1,1,0,1,0,0,0,1,1,0,0,1,1,17.0,0.0,0.171
1,0,1,0,0,1,0,1,0,2,0,12,3,0,0,1,3,1,0,1,0,0,1,0,1,0,1,0,1,1,0,0,1,1,25.0,0.0,0.141
5,4,6,5,3,0,1,5,1,4,16,0,6,3,0,13,0,1,1,1,3,1,0,1,1,1,1,6,0,1,1,0,2,0,18.0,14.75,0.75
0,3,1,0,1,1,0,4,0,0,2,12,9,1,0,5,8,0,1,1,0,1,1,0,1,0,0,1,1,1,1,0,1,1,11.75,0.0,0.103
0,3,1,1,0,0,0,0,0,0,6,1,4,0,0,4,0,0,1,1,1,0,0,0,0,0,0,4,1,1,0,0,1,0,10.0,8.0,0.791
1,1,5,3,0,2,0,4,1,0,4,1,5,0,0,1,0,1,1,1,1,0,1,0,1,1,0,3,1,1,0,0,1,0,9.333,5.0,0.668
10,9,2,1,0,5,0,12,1,1,7,0,7,1,0,8,1,1,1,1,1,0,1,0,1,1,1,5,0,1,1,0,2,1,16.25,6.0,0.526
1,1,1,3,2,0,0,3,1,1,4,4,6,0,0,3,1,1,1,1,3,1,0,0,1,1,1,2,1,1,0,0,1,1,7.75,6.393,0.762
1,2,1,1,0,0,0,0,0,0,2,1,3,1,0,1,0,1,1,1,1,0,0,0,0,0,0,2,1,1,1,0,1,0,13.0,7.0,0.588
3,6,6,5,1,5,2,6,2,2,6,3,8,0,0,5,0,1,1,1,2,1,1,1,1,1,1,4,1,1,0,0,1,0,15.0,5.5,0.456
3,2,0,1,0,1,0,12,1,0,1,8,21,0,8,3,4,1,1,0,1,0,1,0,1,1,0,1,1,1,0,1,1,1,58.0,2.0,0.186
8,6,9,8,2,4,0,7,4,2,17,3,14,5,1,11,2,1,1,1,2,1,1,0,1,1,2,4,1,1,1,1,1,1,20.4,12.4,0.49
2,4,3,3,0,4,0,5,1,0,10,0,4,3,0,7,1,1,1,1,2,0,1,0,1,1,0,4,0,1,1,0,1,1,23.5,15.0,0.516
3,4,5,7,1,3,0,6,2,1,11,0,6,4,0,9,0,1,1,1,3,1,1,0,1,1,1,3,0,1,1,0,2,0,15.5,9.5,0.539
0,2,3,3,0,1,0,2,0,2,3,0,1,1,0,4,0,0,1,1,2,0,1,0,1,0,1,3,0,1,1,0,1,0,11.5,16.5,1.032
1,2,3,2,2,1,1,5,1,0,4,0,1,0,0,3,0,1,1,1,1,1,1,1,1,1,0,3,0,1,0,0,2,0,13.0,8.5,0.693
3,8,1,0,6,2,0,5,3,0,3,21,5,0,1,3,1,1,1,1,0,1,1,0,1,1,0,2,1,1,0,1,1,1,20.333,0.667,0.181
3,2,3,5,1,1,1,3,0,1,6,4,5,1,2,2,0,1,1,1,2,1,1,1,1,0,1,5,1,1,1,1,1,0,9.5,7.75,0.918
1,4,0,2,1,4,2,10,0,3,5,0,5,3,0,7,0,1,1,0,2,1,1,1,1,0,1,3,0,1,1,0,2,0,15.667,9.333,0.619
1,2,4,2,0,0,2,2,1,1,2,3,8,1,2,1,0,1,1,1,1,0,0,1,1,1,1,2,1,1,1,1,1,0,15.5,3.5,0.381
4,2,2,2,1,2,0,3,0,0,2,0,2,0,0,1,0,1,1,1,1,1,1,0,1,0,0,2,0,1,0,0,1,0,21.0,10.0,0.463
0,2,0,1,0,1,0,1,0,2,3,0,0,0,0,4,0,0,1,0,1,0,1,0,1,0,1,2,0,1,0,0,1,0,15.0,6.0,0.548
0,1,1,2,0,0,0,3,1,2,3,0,1,1,0,4,0,0,1,1,2,0,0,0,1,1,2,3,0,1,1,0,2,0,19.0,16.0,0.811
0,1,1,1,1,2,1,3,1,0,1,1,0,0,0,2,0,0,1,1,1,1,1,1,1,1,0,1,1,0,0,0,1,0,15.0,4.0,0.548
1,0,4,2,1,1,0,3,0,2,5,0,0,1,0,6,0,1,0,1,1,1,1,0,1,0,2,2,0,0,1,0,2,0,26.0,20.25,0.693
8,4,8,7,3,3,0,7,1,3,9,1,7,2,0,7,1,1,1,1,2,1,1,0,1,1,2,4,1,1,1,0,1,1,35.5,24.5,0.587
1,0,3,2,0,0,1,0,0,2,6,0,4,0,0,5,0,1,0,1,1,0,0,1,0,0,1,5,0,1,0,0,1,0,12.0,16.0,0.866
1,1,4,3,0,1,1,2,0,1,5,0,5,0,0,3,0,1,1,1,2,0,1,1,1,0,1,3,0,1,0,0,1,0,27.0,32.0,0.953
1,2,3,2,0,1,0,3,0,0,3,0,2,0,0,4,0,1,1,1,1,0,1,0,1,0,0,3,0,1,0,0,1,0,21.0,5.0,0.463
2,0,2,2,1,0,0,3,0,1,2,0,2,0,0,2,1,1,0,1,2,1,0,0,1,0,1,2,0,1,0,0,1,1,9.0,4.5,0.5
0,2,1,2,1,0,0,2,2,2,3,1,1,0,0,3,0,0,1,1,2,1,0,0,1,1,2,2,1,1,0,0,1,0,20.0,15.0,0.791
0,1,2,0,0,1,0,1,0,0,1,4,1,0,0,1,0,0,1,1,0,0,1,0,1,0,0,1,1,1,0,0,1,0,12.0,7.0,0.408
0,1,2,0,1,2,0,1,0,0,0,9,2,0,0,0,0,0,1,1,0,1,1,0,1,0,0,0,1,1,0,0,0,0,18.0,0.0,0.167
1,1,2,0,3,3,0,2,0,0,0,10,3,0,1,0,1,1,1,1,0,1,1,0,1,0,0,0,1,1,0,1,0,1,26.0,0.0,0.139
0,0,0,0,0,0,0,0,1,0,1,3,3,0,1,1,2,0,0,0,0,0,0,0,0,1,0,1,1,1,0,1,1,1,5.5,0.0,0.213
0,5,1,0,0,1,0,5,0,1,6,3,2,1,0,5,0,0,1,1,0,0,1,0,1,0,1,4,1,1,1,0,1,0,15.0,7.5,0.645
0,1,2,1,1,0,0,0,1,0,2,1,2,0,0,1,0,0,1,1,1,1,0,0,0,1,0,1,1,1,0,0,1,0,12.0,6.0,0.612
1,4,2,0,2,0,0,3,2,0,9,2,2,2,0,7,0,1,1,1,0,1,0,0,1,1,0,5,1,1,1,0,1,0,18.0,10.5,0.589
1,1,3,2,1,1,1,5,1,1,3,1,3,0,0,2,0,1,1,1,1,1,1,1,1,1,1,3,1,1,0,0,1,0,6.5,5.0,0.832
0,0,0,1,1,0,0,1,0,0,1,6,2,0,0,0,1,0,0,0,1,1,0,0,1,0,0,1,1,1,0,0,0,1,6.5,1.0,0.392
7,8,5,7,2,5,2,11,0,6,7,0,5,3,0,11,0,1,1,1,3,1,1,1,1,0,2,5,0,1,1,0,2,0,26.333,18.333,0.636
9,15,9,6,7,13,0,20,8,2,17,3,9,4,0,17,1,1,1,1,2,1,1,0,1,1,2,6,1,1,1,0,1,1,28.0,10.2,0.478
1,3,1,0,0,2,0,2,0,0,4,1,0,0,0,2,0,1,1,1,0,0,1,0,1,0,0,3,1,0,0,0,2,0,16.0,14.0,0.707
0,0,0,0,0,0,0,3,0,0,0,9,1,0,0,0,0,0,0,0,0,0,0,0,1,0,0,0,1,1,0,0,0,0,15.0,0.0,0.183
1,1,1,0,0,0,1,3,0,0,0,0,2,0,0,2,0,1,1,1,0,0,0,1,1,0,0,0,0,1,0,0,1,0,11.0,0.0,0.213
2,6,2,1,0,4,0,10,0,1,3,30,35,0,9,3,8,1,1,1,1,0,1,0,1,0,1,2,1,1,0,1,1,1,15.571,1.143,0.271
1,4,4,2,0,5,0,6,0,1,5,0,3,1,0,6,0,1,1,1,2,0,1,0,1,0,1,3,0,1,1,0,2,0,38.0,36.25,0.803
0,1,0,2,0,1,0,1,1,1,2,1,0,0,0,2,0,0,1,0,1,0,1,0,1,1,1,1,1,0,0,0,1,0,12.0,0.0,0.204
0,2,1,0,0,5,0,5,0,0,3,2,14,0,2,4,0,0,1,1,0,0,1,0,1,0,0,1,1,1,0,1,1,0,36.0,6.0,0.236
1,0,0,4,1,1,0,2,0,2,4,0,0,2,0,3,0,1,0,0,2,1,1,0,1,0,2,2,0,0,1,0,1,0,20.0,19.571,0.632
1,3,3,2,1,1,0,9,0,0,2,0,3,0,0,3,0,1,1,1,1,1,1,0,1,0,0,2,0,1,0,0,1,0,28.0,2.0,0.267
10,22,5,4,3,12,0,36,1,0,26,21,24,2,1,19,10,1,1,1,2,1,1,0,1,1,0,5,1,1,1,1,2,1,38.8,10.8,0.355
2,2,1,2,1,1,0,7,0,0,4,0,3,0,0,4,0,1,1,1,2,1,1,0,1,0,0,2,0,1,0,0,2,0,27.0,9.0,0.544
4,7,5,4,4,9,0,11,2,3,14,2,5,4,1,13,0,1,1,1,3,1,1,0,1,1,1,4,1,1,1,1,3,0,22.0,14.75,0.603
0,3,1,2,2,2,0,3,0,2,7,0,1,1,0,6,0,0,1,1,1,1,1,0,1,0,1,3,0,1,1,0,1,0,15.0,12.0,0.516
1,1,1,0,1,1,0,2,0,1,2,0,0,0,0,2,0,1,1,1,0,1,1,0,1,0,1,1,0,0,0,0,1,0,12.0,11.0,0.612
0,2,0,1,0,1,0,2,1,0,4,1,1,0,0,4,0,0,1,0,1,0,1,0,1,1,0,2,1,1,0,0,2,0,17.0,15.0,0.686
4,2,0,0,1,10,0,22,0,0,0,16,18,0,0,1,0,1,1,0,0,1,1,0,1,0,0,0,1,1,0,0,1,0,74.0,0.0,0.082
9,6,6,4,2,2,0,15,1,3,9,1,15,0,1,10,0,1,1,1,3,1,1,0,1,1,2,6,1,1,0,1,1,0,27.667,15.333,0.699
10,11,21,14,13,12,1,25,6,12,29,2,14,5,0,25,0,1,1,1,4,1,1,1,1,1,2,4,1,1,1,0,1,0,20.0,14.764,0.4
0,0,0,0,0,0,0,0,0,0,1,4,3,0,1,1,2,0,0,0,0,0,0,0,0,0,0,1,1,1,0,1,1,1,5.5,0.0,0.213
1,1,1,0,0,0,0,3,0,0,2,2,1,0,0,2,0,1,1,1,0,0,0,0,1,0,0,2,1,1,0,0,1,0,6.5,2.5,0.588
2,3,2,2,1,2,0,5,0,2,2,2,0,1,0,4,0,1,1,1,2,1,1,0,1,0,1,2,1,0,1,0,1,0,28.0,19.5,0.535
4,3,5,5,4,1,0,14,2,2,15,0,12,1,0,14,0,1,1,1,4,1,1,0,1,1,2,6,0,1,1,0,2,0,41.0,34.0,0.781
4,2,1,4,2,3,0,4,0,4,7,0,8,3,0,9,0,1,1,1,1,1,1,0,1,0,2,2,0,1,1,0,2,0,51.0,21.0,0.396
3,0,2,1,1,1,0,0,0,0,4,0,1,0,0,6,2,1,0,1,1,1,1,0,0,0,0,3,0,1,0,0,1,1,10.5,5.0,0.463
0,0,1,1,0,1,0,1,0,0,2,2,0,1,0,1,2,0,0,1,1,0,1,0,1,0,0,1,1,0,1,0,1,1,12.0,14.0,0.612
11,6,6,5,3,7,0,11,1,2,7,6,13,2,1,8,2,1,1,1,2,1,1,0,1,1,2,3,1,1,1,1,1,1,15.0,5.833,0.447
1,3,1,1,1,3,0,3,0,0,2,0,1,0,0,1,0,1,1,1,1,1,1,0,1,0,0,2,0,1,0,0,1,0,17.0,5.0,0.514
3,0,1,1,1,0,0,6,0,0,1,0,4,0,0,2,0,1,0,1,1,1,0,0,1,0,0,1,0,1,0,0,2,0,9.5,6.5,0.649
3,2,0,0,1,1,0,6,2,0,1,1,6,0,1,1,0,1,1,0,0,1,1,0,1,1,0,1,1,1,0,1,1,0,24.0,2.0,0.289
1,0,0,0,1,0,0,2,3,0,0,4,8,0,0,0,0,1,0,0,0,1,0,0,1,1,0,0,1,1,0,0,0,0,20.0,0.0,0.158
13,8,7,11,5,3,0,19,1,5,16,7,18,6,0,17,0,1,1,1,3,1,1,0,1,1,2,6,1,1,1,0,1,0,15.111,6.556,0.546
20,19,14,18,6,8,0,41,2,7,26,2,31,6,1,28,1,1,1,1,4,1,1,0,1,1,2,6,1,1,1,1,2,1,14.375,7.848,0.466
3,4,4,1,1,2,0,8,0,3,4,0,6,1,0,5,0,1,1,1,1,1,1,0,1,0,2,4,0,1,1,0,1,0,10.5,6.0,0.764
17,13,18,10,8,11,0,22,3,3,13,10,13,4,0,14,6,1,1,1,3,1,1,0,1,1,2,6,1,1,1,0,2,1,27.833,11.095,0.547
17,12,18,10,8,11,0,22,3,3,14,9,13,4,0,15,6,1,1,1,3,1,1,0,1,1,2,6,1,1,1,0,2,1,27.833,11.595,0.547
25,19,22,18,15,14,0,32,6,6,18,12,24,6,0,22,4,1,1,1,4,1,1,0,1,1,2,6,1,1,1,0,2,1,27.222,10.952,0.452
25,19,22,18,15,14,0,32,6,6,18,12,24,6,0,22,2,1,1,1,4,1,1,0,1,1,2,6,1,1,1,0,2,1,27.0,10.952,0.454
10,8,9,6,6,9,1,14,0,0,8,8,9,2,0,8,1,1,1,1,3,1,1,1,1,0,0,4,1,1,1,0,1,1,14.143,4.429,0.426
4,5,4,4,2,0,0,6,1,0,11,3,4,2,0,6,1,1,1,1,1,1,0,0,1,1,0,4,1,1,1,0,1,1,13.25,6.5,0.486
2,2,3,2,0,2,0,3,1,3,1,1,5,0,0,1,0,1,1,1,1,0,1,0,1,1,2,1,1,1,0,0,1,0,26.0,18.0,0.555
3,2,2,0,1,1,0,2,2,0,2,0,2,1,0,4,0,1,1,1,0,1,1,0,1,1,0,2,0,1,1,0,1,0,22.0,5.0,0.452
1,1,1,0,0,0,0,2,0,0,0,0,5,1,0,0,0,1,1,1,0,0,0,0,1,0,0,0,0,1,1,0,0,0,11.0,0.0,0.213
0,1,0,0,1,0,0,2,0,0,0,6,3,0,1,1,0,0,1,0,0,1,0,0,1,0,0,0,1,1,0,1,1,0,14.0,0.0,0.189
2,2,1,1,0,0,0,2,1,0,3,2,3,1,0,3,0,1,1,1,1,0,0,0,1,1,0,2,1,1,1,0,1,0,10.5,8.0,0.617
1,3,0,2,0,3,0,8,0,1,3,4,19,0,2,3,2,1,1,0,1,0,1,0,1,0,1,2,1,1,0,1,1,1,12.25,2.0,0.303
2,5,1,0,4,3,0,8,2,3,4,13,8,0,0,5,1,1,1,1,0,1,1,0,1,1,1,3,1,1,0,0,2,1,29.5,5.5,0.46
8,7,3,1,0,4,0,13,1,1,12,4,3,2,0,8,7,1,1,1,1,0,1,0,1,1,1,7,1,1,1,0,3,1,37.0,22.5,0.822
3,5,1,1,1,4,0,4,0,0,4,6,6,0,0,2,0,1,1,1,1,1,1,0,1,0,0,4,1,1,0,0,1,0,12.333,3.0,0.581
1,0,5,1,1,2,0,4,0,1,3,6,7,1,0,4,0,1,0,1,1,1,1,0,1,0,1,2,1,1,1,0,1,0,36.0,16.75,0.471
0,1,1,0,2,0,0,5,1,0,0,1,1,0,0,0,0,0,1,1,0,1,0,0,1,1,0,0,1,1,0,0,0,0,12.0,0.0,0.204
0,0,2,1,2,2,0,2,0,1,3,1,2,3,0,4,0,0,0,1,1,1,1,0,1,0,1,3,1,1,1,0,2,0,23.0,23.0,0.885
2,1,3,2,0,1,0,2,0,0,2,2,1,0,0,2,0,1,1,1,2,0,1,0,1,0,0,1,1,1,0,0,1,0,18.0,13.0,0.667
0,0,0,2,0,1,1,1,0,1,1,0,2,0,0,2,0,0,0,0,1,0,1,1,1,0,1,1,0,1,0,0,1,0,5.5,1.0,0.426
5,5,0,1,4,3,0,8,1,2,2,11,14,1,0,1,1,1,1,0,1,1,1,0,1,1,2,2,1,1,1,0,1,1,29.5,11.0,0.552
0,0,0,0,1,0,0,0,1,0,2,3,6,0,0,1,0,0,0,0,0,1,0,0,0,1,0,2,1,1,0,0,1,0,7.5,2.5,0.548
0,1,0,1,1,1,0,3,0,0,1,1,1,1,0,1,0,0,1,0,1,1,1,0,1,0,0,1,1,1,1,0,1,0,12.0,8.0,0.612
3,1,3,2,1,2,0,4,0,3,5,1,6,1,0,8,0,1,1,1,2,1,1,0,1,0,2,4,1,1,1,0,1,0,13.333,7.0,0.671
3,3,5,1,0,3,0,6,0,0,3,4,3,0,0,3,0,1,1,1,1,0,1,0,1,0,0,2,1,1,0,0,1,0,11.333,2.667,0.485
1,1,2,1,1,4,0,6,0,1,5,1,2,2,0,6,0,1,1,1,1,1,1,0,1,0,1,2,1,1,1,0,2,0,16.5,13.0,0.615
0,3,1,0,1,3,0,3,1,0,2,2,0,1,0,1,0,0,1,1,0,1,1,0,1,1,0,2,1,0,1,0,1,0,18.0,5.0,0.5
0,1,0,1,0,1,0,1,1,0,1,2,2,0,0,1,0,0,1,0,1,0,1,0,1,1,0,1,1,1,0,0,1,0,11.0,4.0,0.64
2,2,2,1,2,1,1,2,3,0,2,0,4,0,0,1,0,1,1,1,1,1,1,1,1,1,0,2,0,1,0,0,1,0,11.5,2.0,0.442
1,2,7,6,1,3,0,9,0,0,2,0,3,1,0,4,0,1,1,1,3,1,1,0,1,0,0,2,0,1,1,0,1,0,9.75,6.0,0.566
0,0,0,2,0,2,0,3,0,0,2,1,0,2,0,2,0,0,0,0,2,0,1,0,1,0,0,2,1,0,1,0,1,0,14.0,11.0,0.756
1,2,2,1,2,4,0,5,3,0,5,15,14,1,0,3,0,1,1,1,1,1,1,0,1,1,0,4,1,1,1,0,1,0,14.75,3.0,0.46
0,0,0,0,0,0,0,3,0,0,0,4,7,0,5,0,0,0,0,0,0,0,0,0,1,0,0,0,1,1,0,1,0,0,14.0,0.0,0.189
5,2,3,3,2,5,0,8,0,0,2,4,8,2,0,4,0,1,1,1,1,1,1,0,1,0,0,1,1,1,1,0,1,0,23.5,5.0,0.309
0,0,0,0,0,0,0,0,0,0,1,4,3,0,1,1,2,0,0,0,0,0,0,0,0,0,0,1,1,1,0,1,1,1,11.0,0.0,0.213
0,2,0,2,0,1,0,3,0,0,0,5,0,1,0,1,1,0,1,0,2,0,1,0,1,0,0,0,1,0,1,0,1,1,16.0,9.0,0.53
2,1,1,1,1,1,0,4,0,0,3,0,1,0,0,2,0,1,1,1,1,1,1,0,1,0,0,2,0,1,0,0,1,0,17.0,8.0,0.514
5,4,2,2,2,2,0,9,0,0,4,7,4,1,0,3,2,1,1,1,1,1,1,0,1,0,0,3,1,1,1,0,1,1,15.667,4.0,0.516
2,0,1,2,0,1,0,2,2,0,2,0,3,1,0,3,0,1,0,1,2,0,1,0,1,1,0,1,0,1,1,0,2,0,9.5,6.5,0.649
1,0,1,2,1,1,0,1,1,0,1,5,1,0,0,1,0,1,0,1,1,1,1,0,1,1,0,1,1,1,0,0,1,0,8.0,1.0,0.354
0,0,0,0,0,0,0,1,0,0,1,3,3,0,1,1,2,0,0,0,0,0,0,0,1,0,0,1,1,1,0,1,1,1,5.5,0.0,0.213
1,0,1,1,1,1,0,2,0,0,3,2,2,0,0,1,0,1,0,1,1,1,1,0,1,0,0,3,1,1,0,0,1,0,7.5,5.0,0.913
1,1,0,0,0,2,2,1,0,0,0,2,2,0,0,0,0,1,1,0,0,0,1,1,1,0,0,0,1,1,0,0,0,0,11.0,0.0,0.213
0,1,1,1,0,1,0,2,1,0,1,2,1,0,0,1,0,0,1,1,1,0,1,0,1,1,0,1,1,1,0,0,1,0,12.0,10.5,0.612
5,2,3,4,1,1,0,7,0,4,5,0,4,2,0,7,0,1,1,1,2,1,1,0,1,0,2,3,0,1,1,0,1,0,15.0,15.667,0.738
0,1,1,0,0,1,1,1,0,1,1,1,1,0,0,2,0,0,1,1,0,0,1,1,1,0,1,1,1,1,0,0,1,0,11.0,3.0,0.426
3,2,4,2,1,0,0,3,0,0,8,0,2,0,0,5,1,1,1,1,2,1,0,0,1,0,0,3,0,1,0,0,1,1,10.333,10.167,0.635
1,1,1,1,0,1,0,1,0,0,2,0,0,2,0,2,0,1,1,1,1,0,1,0,1,0,0,2,0,0,1,0,1,0,12.0,10.0,0.612
3,3,5,2,1,1,0,3,0,1,5,0,3,0,0,4,0,1,1,1,2,1,1,0,1,0,1,3,0,1,0,0,1,0,15.5,12.0,0.635
1,1,2,2,0,0,0,1,0,1,3,0,0,1,0,1,0,1,1,1,2,0,0,0,1,0,1,2,0,0,1,0,1,0,13.0,23.0,0.981
5,2,0,2,1,1,0,5,0,0,2,0,3,0,0,2,0,1,1,0,1,1,1,0,1,0,0,2,0,1,0,0,1,0,7.667,3.333,0.59
0,2,0,0,1,2,0,6,0,0,1,0,4,0,0,2,0,0,1,0,0,1,1,0,1,0,0,1,0,1,0,0,1,0,9.0,2.0,0.333
1,0,0,1,2,0,1,1,0,2,8,0,4,0,0,6,0,1,0,0,1,1,0,1,1,0,1,4,0,1,0,0,2,0,26.0,36.0,0.832
2,3,0,2,1,1,0,2,0,0,5,0,2,2,0,5,0,1,1,0,1,1,1,0,1,0,0,3,0,1,1,0,1,0,12.5,12.0,0.707
1,1,0,1,0,1,0,5,0,0,4,3,8,0,4,3,0,1,1,0,1,0,1,0,1,0,0,4,1,1,0,1,1,0,13.5,6.5,0.68
0,3,0,1,0,0,1,1,1,0,2,0,2,1,0,2,0,0,1,0,1,0,0,1,1,1,0,2,0,1,1,0,1,0,7.0,4.5,0.567
9,8,2,3,2,9,0,13,4,1,2,0,6,1,2,5,0,1,1,1,1,1,1,0,1,1,1,2,0,1,1,1,2,0,32.5,7.5,0.351
9,10,4,8,2,5,0,7,8,3,16,2,10,1,1,14,1,1,1,1,2,1,1,0,1,1,1,4,1,1,1,1,3,1,25.0,16.0,0.495
0,2,1,1,0,0,0,2,2,1,1,0,2,0,0,3,0,0,1,1,1,0,0,0,1,1,1,1,0,1,0,0,2,0,14.0,7.0,0.756
6,1,2,6,2,1,0,10,0,3,9,0,6,1,0,11,0,1,1,1,2,1,1,0,1,0,2,5,0,1,1,0,1,0,29.0,22.0,0.65
0,2,1,2,0,1,0,5,2,1,2,1,4,0,1,2,0,0,1,1,2,0,1,0,1,1,1,2,1,1,0,1,1,0,11.5,9.75,0.737
2,4,0,3,0,0,0,12,2,0,2,3,7,0,5,1,1,1,1,0,2,0,0,0,1,1,0,2,1,1,0,1,1,1,19.0,2.5,0.344
0,3,1,2,0,1,1,3,2,0,2,0,1,1,0,1,0,0,1,1,2,0,1,1,1,1,0,1,0,1,1,0,1,0,18.0,13.0,0.667
0,2,0,1,0,0,1,2,3,1,2,0,0,1,0,4,0,0,1,0,1,0,0,1,1,1,1,1,0,0,1,0,2,0,8.5,7.625,0.857
2,3,3,2,2,1,0,8,1,0,3,2,5,2,0,3,0,1,1,1,2,1,1,0,1,1,0,2,1,1,1,0,2,0,12.333,7.333,0.581
6,6,5,4,2,2,0,8,2,1,11,0,4,1,0,7,1,1,1,1,3,1,1,0,1,1,1,5,0,1,1,0,1,1,10.0,9.0,0.913
0,0,0,0,0,0,0,1,0,0,1,3,3,0,1,1,2,0,0,0,0,0,0,0,1,0,0,1,1,1,0,1,1,1,5.5,0.0,0.213
3,3,3,4,0,1,0,5,1,3,5,2,5,1,0,3,0,1,1,1,2,0,1,0,1,1,2,4,1,1,1,0,1,0,19.5,12.5,0.679
0,1,1,2,0,0,0,3,0,0,1,0,1,0,0,2,0,0,1,1,1,0,0,0,1,0,0,1,0,1,0,0,1,0,11.0,0.0,0.213
1,2,2,2,0,0,0,6,1,1,1,0,5,0,0,1,0,1,1,1,2,0,0,0,1,1,1,1,0,1,0,0,1,0,22.0,16.0,0.754
2,5,1,1,1,3,0,4,0,0,3,5,5,0,0,3,0,1,1,1,1,1,1,0,1,0,0,2,1,1,0,0,1,0,33.0,15.0,0.492
2,2,0,1,0,2,0,2,2,0,2,0,3,1,1,1,0,1,1,0,1,0,1,0,1,1,0,2,0,1,1,1,1,0,9.0,5.5,0.667
4,4,4,7,3,3,0,9,0,0,5,0,15,1,0,5,0,1,1,1,3,1,1,0,1,0,0,3,0,1,1,0,1,0,20.0,7.333,0.456
2,3,1,4,0,3,1,6,0,1,5,1,7,3,0,5,1,1,1,1,3,0,1,1,1,0,1,2,1,1,1,0,1,1,14.333,12.524,0.647
3,6,4,3,2,2,0,8,0,2,8,1,8,1,0,7,0,1,1,1,2,1,1,0,1,0,2,4,1,1,1,0,2,0,13.75,6.0,0.572
2,0,1,1,1,0,0,1,0,0,2,0,2,0,0,1,0,1,0,1,1,1,0,0,1,0,0,1,0,1,0,0,1,0,11.0,10.0,0.64
3,4,5,4,0,4,0,7,0,1,5,4,7,1,0,1,0,1,1,1,3,0,1,0,1,0,1,4,1,1,1,0,1,0,15.667,10.5,0.722
2,4,0,0,1,2,0,3,0,2,1,2,2,1,0,6,0,1,1,0,0,1,1,0,1,0,2,1,1,1,1,0,3,0,13.0,12.0,0.693
1,0,1,1,1,2,0,2,0,1,4,0,0,0,0,5,1,1,0,1,1,1,1,0,1,0,1,3,0,0,0,0,1,1,6.333,5.0,0.649
1,1,4,1,1,0,0,1,0,1,1,0,2,0,0,2,0,1,1,1,1,1,0,0,1,0,1,1,0,1,0,0,1,0,7.5,2.5,0.548
0,1,1,0,0,1,0,2,0,1,2,0,0,0,0,3,0,0,1,1,0,0,1,0,1,0,1,2,0,0,0,0,1,0,11.0,6.0,0.64
5,4,8,9,3,5,0,11,0,3,11,1,17,2,0,10,3,1,1,1,5,1,1,0,1,0,1,4,1,1,1,0,2,1,13.0,12.643,0.667
3,2,1,1,2,2,0,7,0,0,3,0,4,0,0,4,0,1,1,1,1,1,1,0,1,0,0,3,0,1,0,0,1,0,14.5,6.5,0.525
1,2,3,1,1,0,0,3,0,2,2,0,3,0,0,5,0,1,1,1,1,1,0,0,1,0,1,2,0,1,0,0,1,0,7.667,3.667,0.442
4,6,1,2,2,4,1,12,0,0,5,1,5,3,0,4,0,1,1,1,2,1,1,1,1,0,0,3,1,1,1,0,1,0,12.5,3.0,0.4
1,1,2,2,0,0,0,1,0,0,2,0,2,1,0,1,0,1,1,1,1,0,0,0,1,0,0,2,0,1,1,0,1,0,6.5,5.0,0.588
4,5,6,2,1,2,1,4,1,0,7,3,2,1,0,4,0,1,1,1,1,1,1,1,1,1,0,5,1,1,1,0,2,0,14.333,12.333,0.755
0,2,1,1,0,0,0,1,2,0,1,0,2,0,0,1,0,0,1,1,1,0,0,0,1,1,0,1,0,1,0,0,1,0,11.0,0.0,0.213
1,2,4,2,2,2,0,5,0,3,5,1,3,0,0,7,0,1,1,1,1,1,1,0,1,0,2,2,1,1,0,0,1,0,18.5,5.5,0.349
0,0,0,3,0,2,2,7,0,0,3,2,5,0,0,2,1,0,0,0,1,0,1,1,1,0,0,2,1,1,0,0,1,1,27.0,8.0,0.408
0,3,3,1,3,3,1,6,1,2,7,2,3,1,0,8,0,0,1,1,1,1,1,1,1,1,1,3,1,1,1,0,2,0,7.333,2.5,0.426
1,3,1,2,1,0,0,2,0,0,3,0,3,1,0,2,1,1,1,1,1,1,0,0,1,0,0,3,0,1,1,0,1,1,10.0,6.5,0.632
5,1,1,2,2,2,0,4,0,0,1,1,4,0,0,2,0,1,1,1,1,1,1,0,1,0,0,1,1,1,0,0,1,0,12.5,4.0,0.424
0,0,1,2,0,2,0,3,1,0,2,1,1,0,0,1,1,0,0,1,1,0,1,0,1,1,0,2,1,1,0,0,1,1,7.5,3.0,0.365
3,3,1,4,2,1,0,2,0,1,7,1,2,1,0,5,0,1,1,1,3,1,1,0,1,0,1,3,1,1,1,0,2,0,33.0,25.0,0.739
2,2,0,0,0,1,0,4,1,1,0,2,1,0,0,1,0,1,1,0,0,0,1,0,1,1,1,0,1,1,0,0,1,0,15.0,0.0,0.183
1,1,0,3,0,1,0,2,0,2,3,0,1,1,0,3,0,1,1,0,2,0,1,0,1,0,1,3,0,1,1,0,1,0,18.0,12.0,0.667
3,2,3,1,1,0,0,2,0,1,2,0,1,0,0,0,0,1,1,1,1,1,0,0,1,0,1,2,0,1,0,0,0,0,16.0,19.0,0.884
1,3,5,1,1,4,0,4,0,0,2,1,1,1,0,2,0,1,1,1,1,1,1,0,1,0,0,1,1,1,1,0,1,0,26.0,10.0,0.416
1,2,1,1,2,4,0,8,0,0,7,1,4,0,0,5,1,1,1,1,1,1,1,0,1,0,0,4,1,1,0,0,1,1,18.5,8.0,0.581
6,11,4,4,6,5,0,16,4,0,6,7,6,3,0,4,0,1,1,1,2,1,1,0,1,1,0,3,1,1,1,0,1,0,20.5,8.5,0.39
4,5,2,10,2,5,0,14,4,2,10,5,3,6,0,7,2,1,1,1,2,1,1,0,1,1,2,4,1,1,1,0,1,1,20.25,14.5,0.55
2,2,1,4,0,1,0,3,1,1,6,0,5,1,0,3,0,1,1,1,1,0,1,0,1,1,1,2,0,1,1,0,2,0,9.667,12.667,0.788
1,0,0,1,0,2,0,1,0,0,3,0,2,0,0,1,0,1,0,0,1,0,1,0,1,0,0,3,0,1,0,0,1,0,11.0,13.0,1.066
3,2,2,1,0,1,0,4,0,1,3,2,3,1,0,6,0,1,1,1,1,0,1,0,1,0,1,2,1,1,1,0,2,0,29.0,16.0,0.657
2,2,3,3,0,0,0,0,0,0,5,0,3,0,0,1,0,1,1,1,2,0,0,0,0,0,0,3,0,1,0,0,1,0,9.5,5.0,0.649
0,2,2,0,1,1,0,5,0,1,3,1,4,0,0,6,0,0,1,1,0,1,1,0,1,0,1,3,1,1,0,0,1,0,13.0,3.5,0.555
8,9,4,9,3,4,0,17,1,4,8,2,11,2,0,11,2,1,1,1,3,1,1,0,2,1,3,4,1,1,1,0,1,1,15.833,6.833,0.653
1,3,5,7,0,1,2,4,2,2,9,0,14,2,1,8,3,1,1,1,3,0,1,1,1,1,2,5,0,1,1,1,2,1,16.0,11.455,0.795
6,7,1,4,0,6,0,11,0,2,4,0,4,0,0,5,1,1,1,1,2,0,1,0,1,0,2,2,0,1,0,0,1,1,17.0,6.333,0.396
3,3,4,5,1,2,1,6,1,1,6,0,8,1,0,2,1,1,1,1,2,1,1,1,1,1,1,4,0,1,1,0,1,1,45.0,25.0,0.632
1,2,4,3,1,4,0,7,0,2,4,0,3,2,0,6,0,1,1,1,2,1,1,0,1,0,1,4,0,1,1,0,2,0,19.5,17.5,0.906
1,2,0,0,1,2,0,3,0,1,2,0,1,0,0,2,0,1,1,0,0,1,1,0,1,0,1,2,0,1,0,0,1,0,15.0,10.0,0.548
7,4,5,6,2,4,0,9,0,2,8,0,6,2,0,8,0,1,1,1,3,1,1,0,1,0,2,4,0,1,1,0,1,0,21.0,9.333,0.624
0,0,1,1,1,2,0,5,0,1,6,0,3,0,1,3,0,0,0,1,1,1,1,0,1,0,1,6,0,1,0,1,1,0,23.0,17.0,0.885
3,3,3,1,3,3,0,7,2,2,2,3,2,0,0,3,0,1,1,1,1,1,1,0,1,1,1,2,1,1,0,0,1,0,18.5,2.0,0.349
15,17,16,12,5,6,0,24,1,7,29,1,26,3,0,29,1,1,1,1,4,1,1,0,1,1,2,5,1,1,1,0,2,1,17.273,9.273,0.462
1,2,0,0,0,0,0,1,0,0,2,6,0,1,0,2,6,1,1,0,0,0,0,0,1,0,0,2,1,0,1,0,1,1,21.0,5.0,0.463
2,3,3,4,0,1,0,6,0,2,6,1,3,2,0,3,2,1,1,1,2,0,1,0,1,0,2,4,1,1,1,0,1,1,12.667,10.0,0.803
2,3,0,1,3,6,0,9,1,1,7,0,2,2,0,5,0,1,1,0,1,1,1,0,1,1,1,6,0,1,1,0,1,0,21.0,13.5,0.873
1,3,0,0,1,0,0,3,0,0,3,0,2,0,0,3,0,1,1,0,0,1,0,0,1,0,0,3,0,1,0,0,1,0,8.0,5.0,0.707
0,1,0,0,1,1,1,2,0,0,0,2,3,0,1,3,0,0,1,0,0,1,1,1,1,0,0,0,1,1,0,1,1,0,7.0,0.0,0.189
1,6,4,3,1,2,0,4,1,4,11,1,7,1,0,8,1,1,1,1,3,1,1,0,1,1,2,4,1,1,1,0,1,1,13.75,16.893,0.667
4,4,1,3,1,5,1,6,0,0,6,0,4,1,0,6,0,1,1,1,2,1,1,1,1,0,0,4,0,1,1,0,1,0,21.0,11.0,0.546
2,3,5,1,4,1,0,9,2,1,2,1,2,2,0,7,1,1,1,1,1,1,1,0,1,1,1,2,1,1,1,0,1,1,43.0,6.0,0.323
2,3,2,1,0,3,0,6,0,0,3,2,0,0,0,3,0,1,1,1,1,0,1,0,1,0,0,3,1,0,0,0,1,0,25.0,10.0,0.707
8,13,1,1,4,7,1,17,1,2,4,14,10,0,1,7,0,1,1,1,1,1,1,1,1,1,1,3,1,1,0,1,1,0,30.0,5.667,0.373
6,8,8,6,4,4,0,10,9,3,9,4,7,1,4,10,0,1,1,1,3,1,1,0,1,1,3,5,1,1,1,1,2,0,44.5,16.0,0.675
5,10,2,7,2,6,0,18,7,2,11,3,8,2,2,9,0,1,1,1,2,1,1,0,1,1,1,7,1,1,1,1,1,0,23.0,10.5,0.59
6,9,9,10,3,3,0,10,1,5,11,0,6,5,0,7,1,1,1,1,3,1,1,0,1,1,2,4,0,1,1,0,1,1,43.0,31.0,0.534
8,19,17,7,3,15,1,30,3,2,16,2,7,1,0,16,0,1,1,1,2,1,1,1,1,1,1,7,1,1,1,0,2,0,24.5,10.167,0.525
4,5,3,3,1,4,0,11,2,1,9,0,3,1,1,8,1,1,1,1,2,1,1,0,1,1,1,5,0,1,1,1,2,1,28.0,17.0,0.661
1,0,0,1,0,2,0,2,0,0,1,1,1,1,0,1,0,1,0,0,1,0,1,0,1,0,0,1,1,1,1,0,1,0,11.0,2.0,0.426
3,2,2,0,1,1,0,1,0,0,2,0,3,0,0,1,0,1,1,1,0,1,1,0,1,0,0,2,0,1,0,0,1,0,10.0,1.0,0.316
2,2,3,1,0,2,1,3,1,0,6,0,3,2,0,6,0,1,1,1,1,0,1,1,1,1,0,3,0,1,1,0,2,0,16.0,9.0,0.5
0,1,1,0,0,3,1,2,0,0,2,1,1,1,0,2,0,0,1,1,0,0,1,1,1,0,0,2,1,1,1,0,1,0,7.5,2.0,0.365
2,0,0,0,1,0,0,5,0,1,1,0,1,0,0,1,0,1,0,0,0,1,0,0,1,0,1,1,0,1,0,0,1,0,12.0,0.0,0.204
0,2,0,1,1,3,1,3,0,1,2,2,1,0,0,3,0,0,1,0,1,1,1,1,1,0,1,1,1,1,0,0,1,0,20.0,20.0,0.632
1,1,0,1,2,1,0,1,0,2,2,2,0,1,0,2,0,1,1,0,1,1,1,0,1,0,1,2,1,0,1,0,1,0,16.0,20.0,0.707
2,1,0,0,0,0,0,4,0,0,0,1,3,0,0,0,0,1,1,0,0,0,0,0,1,0,0,0,1,1,0,0,0,0,5.5,0.0,0.213
1,3,4,1,1,2,1,6,1,2,7,3,3,3,0,6,0,1,1,1,1,1,1,1,1,1,2,3,1,1,1,0,1,0,14.667,9.583,0.64
0,4,2,2,1,0,0,1,0,0,4,2,2,0,0,3,0,0,1,1,1,1,0,0,1,0,0,3,1,1,0,0,1,0,21.0,25.0,0.617
0,0,0,0,0,0,0,0,0,0,1,4,3,0,1,1,2,0,0,0,0,0,0,0,0,0,0,1,1,1,0,1,1,1,5.5,0.0,0.213
2,1,2,2,1,2,1,3,0,1,1,0,3,0,0,1,0,1,1,1,2,1,1,1,1,0,1,1,0,1,0,0,1,0,10.0,9.0,0.791
2,2,1,2,0,2,0,4,1,2,2,3,1,0,0,2,0,1,1,1,1,0,1,0,1,1,2,2,1,1,0,0,2,0,24.0,21.0,0.722
12,15,8,14,3,7,0,17,10,8,13,3,13,3,0,15,3,1,1,1,3,1,1,0,1,1,2,6,1,1,1,0,1,1,24.0,11.333,0.53
1,1,3,4,0,2,0,1,1,4,4,4,5,3,0,4,0,1,1,1,2,0,1,0,1,1,1,3,1,1,1,0,1,0,18.5,22.5,0.697
1,2,2,4,2,2,0,3,0,2,5,0,2,3,0,4,0,1,1,1,2,1,1,0,1,0,2,3,0,1,1,0,1,0,32.0,24.0,0.75
4,6,4,5,4,4,0,7,0,2,13,2,6,1,0,11,1,1,1,1,2,1,1,0,1,0,2,5,1,1,1,0,1,1,17.5,8.0,0.592
1,0,2,2,0,1,0,1,0,0,2,0,0,0,0,3,0,1,0,1,1,0,1,0,1,0,0,2,0,1,0,0,2,0,13.0,4.0,0.588
2,0,3,2,1,0,1,2,0,1,2,1,5,0,0,1,0,1,0,1,1,1,0,1,1,0,1,2,1,1,0,0,1,0,21.0,14.0,0.617
1,2,1,1,1,1,1,2,0,0,1,0,1,0,0,2,0,1,1,1,1,1,1,1,1,0,0,1,0,1,0,0,2,0,14.0,9.0,0.567
2,2,4,3,2,1,0,5,2,0,3,0,3,0,0,4,0,1,1,1,2,1,1,0,1,1,0,3,0,1,0,0,1,0,15.5,10.0,0.762
5,6,4,4,4,8,0,6,0,2,2,8,8,1,1,5,0,1,1,1,2,1,1,0,1,0,1,2,1,1,1,1,1,0,31.5,6.0,0.356
1,0,0,1,1,0,0,3,0,1,1,2,4,0,0,0,1,1,0,0,1,1,0,0,1,0,1,1,1,1,0,0,0,1,14.0,9.0,0.567
2,5,4,5,2,5,0,5,0,2,6,2,3,2,0,5,1,1,1,1,3,1,1,0,1,0,1,4,1,1,1,0,1,1,24.5,17.0,0.707
3,3,5,4,2,2,0,5,0,1,2,1,3,1,0,2,0,1,1,1,1,1,1,0,1,0,1,2,1,1,1,0,1,0,11.333,5.667,0.485
1,4,4,1,3,1,1,2,0,0,7,1,4,0,0,5,1,1,1,1,1,1,1,1,1,0,0,5,1,1,0,0,1,1,17.5,9.5,0.598
0,1,1,4,0,0,0,1,0,2,7,4,0,1,0,4,0,0,1,1,3,0,0,0,1,0,1,4,1,0,1,0,1,0,25.0,30.0,0.99
3,4,2,1,0,2,1,6,0,3,4,0,5,1,0,6,0,1,1,1,1,0,1,1,1,0,2,3,0,1,1,0,1,0,12.667,8.0,0.574
7,13,12,7,6,12,0,19,2,2,13,6,10,4,1,7,1,1,1,1,3,1,1,0,1,1,1,6,1,1,1,1,2,1,30.25,15.0,0.579
6,9,10,8,3,13,0,22,0,1,9,5,3,5,0,13,1,1,1,1,1,1,1,0,1,0,1,5,1,1,1,0,1,1,18.0,6.833,0.408
8,10,6,6,4,6,1,13,5,0,19,1,6,3,1,12,1,1,1,1,2,1,1,1,1,1,0,6,1,1,1,1,2,1,20.2,12.4,0.563
11,13,2,3,5,10,1,18,3,1,5,6,9,1,0,10,0,1,1,1,2,1,1,1,1,1,1,3,1,1,1,0,2,0,24.5,5.25,0.357
3,1,4,1,0,2,0,1,0,0,2,0,1,1,0,2,0,1,1,1,1,0,1,0,1,0,0,2,0,1,1,0,2,0,18.0,13.0,0.667
18,9,8,17,6,5,0,15,0,9,10,9,20,2,0,15,0,1,1,1,4,1,1,0,1,0,2,4,1,1,1,0,1,0,20.429,11.571,0.473
2,3,0,5,0,1,1,4,1,1,3,0,3,2,0,5,0,1,1,0,3,0,1,1,1,1,1,2,0,1,1,0,2,0,31.0,20.25,0.762
4,5,1,4,3,5,0,10,0,3,1,0,6,1,0,6,0,1,1,1,1,1,1,0,1,0,2,1,0,1,1,0,1,0,16.333,8.333,0.404
4,7,2,2,1,8,0,14,0,1,5,2,4,2,0,8,0,1,1,1,1,1,1,0,1,0,1,4,1,1,1,0,1,0,19.667,4.333,0.46
1,4,2,2,2,8,0,9,1,1,2,1,2,0,0,5,0,1,1,1,1,1,1,0,1,1,1,1,1,1,0,0,2,0,20.0,8.5,0.447
2,1,4,4,1,1,0,1,0,1,7,0,2,1,0,7,0,1,1,1,3,1,1,0,1,0,1,3,0,1,1,0,1,0,16.0,16.375,0.75
1,6,0,0,0,5,0,8,0,2,2,0,1,1,0,4,0,1,1,0,0,0,1,0,1,0,2,2,0,1,1,0,2,0,30.0,20.0,0.645
8,1,5,5,1,2,0,6,0,1,3,1,8,0,0,5,0,1,1,1,2,1,1,0,1,0,1,1,1,1,0,0,1,0,22.5,2.0,0.211
4,3,2,1,1,4,0,5,0,2,0,0,2,1,0,3,0,1,1,1,1,1,1,0,1,0,1,0,0,1,1,0,1,0,28.0,2.0,0.267
3,6,4,6,6,3,0,9,1,4,13,1,4,1,0,10,0,1,1,1,4,1,1,0,1,1,2,5,1,1,1,0,1,0,17.75,14.938,0.755
2,1,1,2,1,3,0,6,0,0,1,5,6,1,3,1,0,1,1,1,2,1,1,0,1,0,0,1,1,1,1,1,1,0,30.0,8.0,0.387
7,7,6,9,3,6,0,10,1,4,7,5,8,1,0,5,0,1,1,1,3,1,1,0,1,1,2,3,1,1,1,0,1,0,26.333,12.0,0.477
1,1,5,2,0,3,0,5,0,0,4,1,3,2,0,4,0,1,1,1,1,0,1,0,1,0,0,2,1,1,1,0,1,0,31.0,16.0,0.381
9,4,9,5,2,2,0,4,0,3,10,0,9,0,0,3,0,1,1,1,2,1,1,0,1,0,2,4,0,1,0,0,1,0,30.0,23.5,0.548
2,3,2,5,2,4,0,7,0,2,7,0,4,0,0,6,1,1,1,1,2,1,1,0,1,0,1,4,0,1,0,0,1,1,15.0,12.667,0.632
7,6,7,4,1,2,0,12,0,1,6,2,12,3,3,6,0,1,1,1,2,1,1,0,1,0,1,5,1,1,1,1,1,0,23.0,10.667,0.681
2,6,2,3,2,6,0,7,0,1,5,2,5,2,0,5,0,1,1,1,2,1,1,0,1,0,1,2,1,1,1,0,1,0,48.0,22.0,0.51
2,3,0,4,0,4,0,6,0,4,2,2,9,2,0,7,2,1,1,0,2,0,1,0,1,0,3,2,1,1,1,0,2,1,23.5,13.625,0.722
4,4,0,5,2,1,0,7,3,0,11,1,6,4,1,7,1,1,1,0,2,1,1,0,1,1,0,6,1,1,1,1,1,1,14.0,9.75,0.756
1,2,2,3,1,1,1,2,0,0,3,1,0,0,0,2,1,1,1,1,3,1,1,1,1,0,0,2,1,0,0,0,1,1,20.0,23.0,0.791
1,2,2,1,0,2,0,4,0,0,4,3,0,1,0,5,0,1,1,1,1,0,1,0,1,0,0,3,1,0,1,0,1,0,12.5,6.5,0.566
2,3,0,2,0,2,0,7,1,2,3,2,3,3,0,5,0,1,1,0,2,0,1,0,1,1,1,2,1,1,1,0,2,0,35.0,20.0,0.478
4,2,1,1,1,1,0,2,1,1,3,3,1,0,0,2,3,1,1,1,1,1,1,0,1,1,1,3,1,0,0,0,1,1,12.5,8.0,0.849
2,1,3,3,0,0,0,2,0,0,3,0,3,2,0,1,0,1,1,1,2,0,0,0,1,0,0,2,0,1,1,0,1,0,20.0,26.0,0.791
1,0,3,0,0,0,0,3,1,0,3,0,0,1,0,2,0,1,0,1,0,0,0,0,1,1,0,2,0,0,1,0,1,0,14.0,10.0,0.567
2,6,1,2,1,3,0,10,1,0,2,7,4,1,1,3,0,1,1,1,1,1,1,0,1,1,0,1,1,1,1,1,1,0,21.5,2.0,0.216
27,15,5,10,10,8,0,34,1,1,9,6,8,3,0,5,0,1,1,1,1,1,1,0,1,1,1,4,1,1,1,0,1,0,28.6,9.0,0.355
1,3,2,2,0,1,0,3,0,0,5,0,2,1,0,0,0,1,1,1,1,0,1,0,1,0,0,3,0,1,1,0,0,0,10.0,5.5,0.632
4,8,4,12,5,5,0,8,0,2,13,4,14,2,0,11,4,1,1,1,3,1,1,0,1,0,1,4,1,1,1,0,1,1,23.5,15.5,0.511
2,2,3,3,1,1,0,4,0,2,3,1,3,0,0,5,2,1,1,1,2,1,1,0,1,0,1,2,1,1,0,0,1,1,30.0,8.0,0.387
0,3,4,3,0,2,0,5,0,2,3,1,3,1,0,7,1,0,1,1,1,0,1,0,1,0,1,2,1,1,1,0,1,1,35.0,13.0,0.478
2,0,1,2,1,0,0,2,0,0,3,0,0,0,0,1,0,1,0,1,1,1,0,0,1,0,0,2,0,0,0,0,1,0,6.0,4.0,0.612
3,4,1,5,1,5,0,9,0,0,4,0,8,3,0,6,0,1,1,1,2,1,1,0,1,0,0,3,0,1,1,0,1,0,24.5,6.5,0.404
1,0,0,1,0,2,0,2,0,1,1,0,0,2,0,2,0,1,0,0,1,0,1,0,1,0,1,1,0,0,1,0,1,0,12.0,18.75,0.816
13,9,9,11,8,10,0,27,5,5,10,8,11,2,2,7,0,1,1,1,2,1,1,0,1,1,2,6,1,1,1,1,1,0,33.75,18.75,0.487
3,3,4,3,1,2,0,10,2,1,0,0,5,0,0,1,0,1,1,1,2,1,1,0,1,1,1,0,0,1,0,0,1,0,35.0,9.0,0.359
1,0,3,1,1,0,0,4,0,1,4,0,2,0,0,5,0,1,0,1,1,1,0,0,1,0,1,4,0,1,0,0,2,0,11.0,8.5,0.905
0,2,0,2,0,1,1,1,0,0,2,0,2,1,0,2,0,0,1,0,1,0,1,1,1,0,0,2,0,1,1,0,1,0,14.0,5.0,0.567
10,7,3,7,6,10,1,17,6,0,4,14,5,1,0,6,0,1,1,1,2,1,1,1,1,1,0,2,1,1,1,0,2,0,48.5,15.0,0.287
2,1,0,3,0,2,0,3,0,1,2,4,0,2,0,3,0,1,1,0,2,0,1,0,1,0,1,2,1,0,1,0,1,0,23.0,18.0,0.737
2,2,3,0,1,4,0,7,0,2,7,2,3,0,0,8,0,1,1,1,0,1,1,0,1,0,1,6,1,1,0,0,1,0,13.667,6.333,0.663
2,3,1,1,0,2,0,3,2,1,3,3,3,0,0,2,0,1,1,1,1,0,1,0,1,1,1,2,1,1,0,0,1,0,13.0,5.5,0.416
0,0,0,0,1,0,0,2,0,0,2,2,1,0,0,2,2,0,0,0,0,1,0,0,1,0,0,2,1,0,0,0,1,1,11.0,8.0,0.64
4,1,2,7,1,3,1,5,0,3,5,1,3,2,0,7,0,1,1,1,2,1,1,1,1,0,2,3,1,1,1,0,1,0,22.5,9.5,0.527
12,13,12,5,2,9,1,22,6,1,8,4,10,5,3,7,0,1,1,1,3,1,1,1,1,1,1,6,1,1,1,1,1,0,39.333,10.333,0.521
2,9,6,1,4,4,0,14,0,2,4,1,4,0,0,8,0,1,1,1,1,1,1,0,1,0,2,4,1,1,0,0,1,0,19.667,4.333,0.46
8,12,3,6,3,6,1,18,6,1,12,0,5,4,0,10,0,1,1,1,2,1,1,1,1,1,1,6,0,1,1,0,1,0,47.5,12.0,0.508
1,0,1,3,0,1,0,0,0,1,1,1,2,1,0,1,0,1,0,1,2,0,1,0,0,0,1,1,1,1,1,0,1,0,6.5,6.5,0.784
1,6,0,2,0,2,0,5,0,1,5,2,3,0,0,4,0,1,1,0,1,0,1,0,1,0,1,3,1,1,0,0,2,0,10.333,8.667,0.762
2,0,2,3,0,0,0,2,0,1,3,0,5,0,0,1,0,1,0,1,2,0,0,0,1,0,1,3,0,1,0,0,1,0,19.0,21.0,0.973
3,7,2,5,2,1,0,6,0,2,6,2,1,1,0,4,0,1,1,1,3,1,1,0,1,0,1,5,1,1,1,0,1,0,42.0,31.0,0.873
0,1,0,3,2,3,0,5,0,1,5,1,0,0,0,2,0,0,1,0,2,1,1,0,1,0,1,2,1,0,0,0,2,0,23.0,22.0,0.737
2,3,3,4,2,2,0,5,0,1,4,1,4,1,0,0,0,1,1,1,3,1,1,0,1,0,1,2,1,1,1,0,0,0,16.0,12.786,0.75
0,0,0,2,1,1,0,0,0,3,3,1,3,1,0,5,1,0,0,0,2,1,1,0,0,0,2,3,1,1,1,0,1,1,7.0,14.333,1.08
0,0,1,2,1,0,1,1,0,1,3,0,3,0,0,2,0,0,0,1,1,1,0,1,1,0,1,2,0,1,0,0,1,0,15.0,13.0,0.73
0,1,3,2,1,1,0,2,0,3,3,1,5,0,0,4,0,0,1,1,2,1,1,0,1,0,2,3,1,1,0,0,1,0,25.0,17.0,0.707
2,2,4,0,2,0,1,5,0,0,7,0,8,1,1,7,0,1,1,1,0,1,0,1,1,0,0,4,0,1,1,1,1,0,13.0,6.667,0.566
3,2,1,5,2,3,1,6,0,3,7,0,5,1,0,5,1,1,1,1,3,1,1,1,1,0,1,3,0,1,1,0,2,1,22.5,21.0,0.632
9,9,5,10,1,4,0,12,1,4,11,0,8,3,0,9,2,1,1,1,3,1,1,0,1,1,2,5,0,1,1,0,1,1,14.667,10.0,0.603
2,4,2,2,1,3,0,7,0,1,4,0,4,1,0,3,0,1,1,1,2,1,1,0,1,0,1,4,0,1,1,0,2,0,17.0,9.0,0.728
0,0,2,6,1,2,0,3,0,1,4,4,3,0,0,2,1,0,0,1,2,1,1,0,1,0,1,2,1,1,0,0,1,1,14.5,14.375,0.657
0,0,0,2,0,1,0,1,0,0,0,4,4,0,0,1,1,0,0,0,1,0,1,0,1,0,0,0,1,1,0,0,1,1,7.0,2.0,0.378
0,4,4,7,2,3,0,3,0,2,11,3,4,2,0,9,1,0,1,1,2,1,1,0,1,0,2,4,1,1,1,0,1,1,27.5,19.5,0.572
1,2,1,1,0,2,0,4,0,1,2,0,2,0,0,2,0,1,1,1,1,0,1,0,1,0,1,2,0,1,0,0,2,0,9.0,13.875,1.0
8,6,6,9,2,2,0,13,0,4,7,0,4,3,0,9,1,1,1,1,1,1,1,0,1,0,2,5,0,1,1,0,1,1,24.667,14.667,0.575
3,1,2,3,1,1,0,5,0,2,5,1,1,0,1,6,0,1,1,1,2,1,1,0,1,0,1,2,1,0,0,1,3,0,16.0,8.0,0.625
2,2,0,3,0,0,0,1,0,1,3,1,2,1,0,1,0,1,1,0,2,0,0,0,1,0,1,2,1,1,1,0,1,0,8.0,7.5,0.707
2,4,2,2,2,0,0,2,0,0,11,0,4,2,0,9,0,1,1,1,1,1,0,0,1,0,0,5,0,1,1,0,2,0,20.0,19.0,0.783
5,4,2,2,0,4,0,8,1,1,4,1,2,0,1,6,0,1,1,1,1,0,1,0,1,1,1,3,1,1,0,1,2,0,20.0,11.5,0.559
9,8,5,4,5,0,0,8,0,0,6,0,6,2,0,5,0,1,1,1,2,1,0,0,1,0,0,4,0,1,1,0,1,0,19.333,7.0,0.557
2,3,2,2,1,1,0,5,0,2,6,0,3,0,0,6,0,1,1,1,1,1,1,0,1,0,1,5,0,1,0,0,1,0,33.0,21.0,0.862
1,2,1,1,0,1,0,2,0,0,3,3,2,0,0,2,0,1,1,1,1,0,1,0,1,0,0,2,1,1,0,0,1,0,9.0,3.0,0.5
2,2,3,1,0,1,0,0,0,0,1,1,1,1,0,2,0,1,1,1,1,0,1,0,0,0,0,1,1,1,1,0,1,0,15.0,4.0,0.548
0,1,0,0,2,4,0,1,10,1,2,35,11,0,0,1,9,0,1,0,0,1,1,0,1,1,1,1,1,1,0,0,1,1,7.273,0.364,0.158
6,2,3,5,2,1,2,5,1,1,4,4,4,1,0,3,0,1,1,1,1,1,1,1,1,1,1,4,1,1,1,0,1,0,14.333,9.667,0.647
1,2,1,0,1,4,0,2,1,1,1,32,13,0,2,1,11,1,1,1,0,1,1,0,1,1,1,1,1,1,0,1,1,1,71.0,0.0,0.084
1,4,1,2,0,2,0,4,3,0,1,0,4,2,0,3,0,1,1,1,2,0,1,0,1,1,0,1,0,1,1,0,1,0,13.5,6.5,0.544
1,1,0,0,0,1,0,3,0,0,1,19,0,0,0,0,8,1,1,0,0,0,1,0,1,0,0,1,1,1,0,0,0,1,4.375,0.25,0.239
1,3,1,0,0,3,0,4,1,0,3,1,2,0,0,3,0,1,1,1,0,0,1,0,1,1,0,2,1,1,0,0,3,0,22.0,16.0,0.603
6,10,4,5,2,6,0,15,2,1,2,5,3,4,0,6,1,1,1,1,2,1,1,0,1,1,1,1,1,1,1,0,1,1,36.0,11.5,0.333
0,2,1,4,2,1,0,3,0,1,7,3,4,0,0,4,0,0,1,1,3,1,1,0,1,0,1,4,1,1,0,0,1,0,16.0,24.446,0.875
2,1,2,3,0,2,0,5,0,1,3,0,3,1,0,2,0,1,1,1,2,0,1,0,1,0,1,1,0,1,1,0,2,0,12.5,17.0,0.707
2,1,1,1,1,0,0,0,2,1,1,0,2,0,0,0,1,1,1,1,1,1,0,0,0,1,1,1,0,1,0,0,0,1,6.5,5.5,0.784
2,3,0,1,2,3,0,9,0,1,4,1,3,1,0,5,0,1,1,0,1,1,1,0,1,0,1,2,1,1,1,0,1,0,17.5,4.5,0.359
1,0,1,2,0,1,1,1,0,1,2,0,1,1,0,3,0,1,0,1,2,0,1,1,1,0,1,2,0,1,1,0,2,0,15.0,18.0,0.913
4,6,8,4,3,7,0,16,1,4,10,0,8,1,1,13,0,1,1,1,2,1,1,0,1,1,2,5,0,1,1,1,1,0,28.667,22.0,0.534
6,13,2,3,4,10,0,25,0,0,10,3,13,2,3,9,0,1,1,1,2,1,1,0,1,0,0,7,1,1,1,1,2,0,16.833,6.0,0.633
3,3,2,0,0,3,0,15,1,1,2,13,12,0,0,3,10,1,1,1,0,0,1,0,1,1,1,1,1,1,0,0,1,1,68.0,4.0,0.171
6,4,5,3,3,4,0,9,2,0,3,0,2,0,0,2,0,1,1,1,1,1,1,0,1,1,0,3,0,1,0,0,1,0,43.0,7.0,0.323
3,9,7,6,1,7,0,13,2,1,8,7,9,3,0,10,1,1,1,1,1,1,1,0,1,1,1,2,1,1,1,0,2,1,29.0,6.667,0.227
1,2,1,4,1,0,1,2,0,2,7,0,3,2,0,6,0,1,1,1,3,1,0,1,1,0,1,4,0,1,1,0,2,0,32.0,43.321,1.0
1,3,0,3,2,0,0,3,7,0,0,0,6,0,1,1,0,1,1,0,2,1,0,0,1,1,0,0,0,1,0,1,1,0,12.0,5.5,0.433
1,3,0,0,0,4,0,3,0,0,0,35,11,0,0,0,11,1,1,0,0,0,1,0,1,0,0,0,1,1,0,0,0,1,34.0,0.0,0.086
1,0,2,3,1,2,1,4,0,1,3,0,3,2,0,3,0,1,0,1,2,1,1,1,1,0,1,2,0,1,1,0,1,0,26.0,21.0,0.693
7,6,4,0,2,5,0,8,0,0,1,1,2,0,0,3,0,1,1,1,0,1,1,0,1,0,0,1,1,1,0,0,1,0,19.5,1.0,0.226
6,2,2,0,0,0,0,2,1,0,0,0,2,0,0,0,0,1,1,1,0,0,0,0,1,1,0,0,0,1,0,0,0,0,7.5,0.0,0.183
3,3,5,6,0,5,0,6,0,1,4,8,6,0,0,4,0,1,1,1,1,0,1,0,1,0,1,3,1,1,0,0,1,0,12.75,6.5,0.495
0,1,0,1,0,0,0,2,0,0,1,5,0,1,0,0,0,0,1,0,1,0,0,0,1,0,0,1,1,0,1,0,0,0,11.0,2.0,0.426
13,8,11,9,5,9,0,12,0,5,20,2,15,4,0,18,1,1,1,1,3,1,1,0,1,0,2,5,1,1,1,0,2,1,16.375,11.719,0.556
7,7,5,4,4,4,0,10,0,2,16,0,7,2,1,13,1,1,1,1,3,1,1,0,1,0,2,6,0,1,1,1,1,1,20.75,11.75,0.699
0,1,0,0,0,0,0,4,0,0,3,1,0,0,0,2,0,0,1,0,0,0,0,0,1,0,0,3,1,0,0,0,1,0,11.0,6.0,0.64
2,1,2,3,1,3,0,4,0,1,7,0,2,1,0,3,0,1,1,1,2,1,1,0,1,0,1,4,0,1,1,0,1,0,30.0,21.0,0.775
2,6,8,5,1,2,3,10,2,2,8,0,1,3,1,5,1,1,1,1,2,1,1,1,1,1,2,6,0,0,1,1,2,1,59.0,37.25,0.829
6,3,0,1,0,3,0,3,1,0,0,0,1,0,0,0,0,1,1,0,1,0,1,0,1,1,0,0,0,0,0,0,0,0,17.0,2.0,0.343
3,2,2,4,2,2,2,4,1,0,5,0,1,0,0,2,0,1,1,1,2,1,1,1,1,1,0,4,0,1,0,0,1,0,15.0,12.5,0.775
8,3,6,6,1,5,0,7,0,4,9,1,5,4,0,9,0,1,1,1,2,1,1,0,1,0,2,4,1,1,1,0,1,0,22.667,12.0,0.514
2,3,1,1,0,2,0,6,0,0,1,0,7,1,0,2,0,1,1,1,1,0,1,0,1,0,0,1,0,1,1,0,1,0,26.0,5.0,0.416
0,0,0,0,2,0,0,5,0,0,0,4,3,0,0,0,1,0,0,0,0,1,0,0,1,0,0,0,1,1,0,0,0,1,6.5,0.0,0.196
1,0,1,4,0,2,0,3,0,0,4,0,1,2,0,3,0,1,0,1,2,0,1,0,1,0,0,3,0,1,1,0,1,0,21.0,34.0,0.926
2,0,1,0,1,0,0,3,0,0,2,0,4,0,0,3,0,1,0,1,0,1,0,0,1,0,0,1,0,1,0,0,2,0,8.0,6.5,0.53
13,4,7,8,4,7,0,15,0,4,21,1,12,6,0,18,1,1,1,1,3,1,1,0,1,0,2,9,1,1,1,0,2,1,17.143,16.143,0.839
1,1,0,1,0,1,1,2,0,0,0,1,0,1,0,2,0,1,1,0,1,0,1,1,1,0,0,0,1,0,1,0,2,0,11.0,7.0,0.64
0,3,4,1,2,4,0,1,1,1,2,16,3,0,0,2,6,0,1,1,1,1,1,0,1,1,1,2,1,1,0,0,1,1,46.0,14.75,0.417
2,5,2,2,1,2,0,7,10,1,3,27,20,0,1,6,10,1,1,1,2,1,1,0,1,1,1,2,1,1,0,1,1,1,12.25,0.5,0.214
5,5,4,4,2,5,2,10,3,1,7,0,11,0,1,8,2,1,1,1,2,1,1,1,1,1,1,3,0,1,0,1,2,1,22.667,9.667,0.429
6,5,3,5,8,3,0,16,0,4,13,0,7,1,0,10,0,1,1,1,2,1,1,0,1,0,2,5,0,1,1,0,2,0,20.25,20.0,0.629
0,1,1,0,0,1,0,4,0,0,1,0,1,0,0,3,0,0,1,1,0,0,1,0,1,0,0,1,0,1,0,0,2,0,12.0,7.0,0.612
3,1,0,3,0,3,0,4,0,1,2,2,2,0,0,0,0,1,1,0,1,0,1,0,1,0,1,2,1,1,0,0,0,0,10.5,4.0,0.463
7,6,16,7,4,4,0,11,0,2,14,0,6,3,0,9,2,1,1,1,3,1,1,0,1,0,2,7,0,1,1,0,2,1,18.2,14.2,0.741
19,24,16,13,4,16,0,29,4,4,19,4,20,7,0,16,2,1,1,1,3,1,1,0,1,1,1,8,1,1,1,0,2,1,28.143,12.0,0.504
3,3,0,3,0,0,0,0,3,0,0,3,3,0,0,0,0,1,1,0,1,0,0,0,0,1,0,0,1,1,0,0,0,0,6.0,2.0,0.333
2,0,1,1,1,0,0,1,0,0,3,0,1,0,0,1,0,1,0,1,1,1,0,0,1,0,0,3,0,1,0,0,1,0,11.0,13.0,0.853
1,5,2,3,4,2,0,6,1,0,9,8,5,2,0,9,0,1,1,1,1,1,1,0,1,1,0,7,1,1,1,0,1,0,19.0,8.0,0.749
5,12,8,12,8,12,0,21,0,8,19,3,16,4,0,19,0,1,1,1,3,1,1,0,1,0,2,5,1,1,1,0,1,0,18.375,12.875,0.467
8,9,6,4,1,4,0,9,0,1,11,2,9,5,0,10,0,1,1,1,2,1,1,0,1,0,1,4,1,1,1,0,1,0,19.75,7.75,0.398
5,6,4,3,5,10,0,17,0,2,10,3,12,2,0,11,0,1,1,1,2,1,1,0,1,0,2,5,1,1,1,0,1,0,22.5,12.938,0.596
3,2,3,1,3,1,0,9,0,0,2,4,4,0,0,3,0,1,1,1,1,1,1,0,1,0,0,1,1,1,0,0,1,0,17.5,3.0,0.359
0,0,0,2,1,0,1,2,0,1,2,0,2,1,0,1,0,0,0,0,2,1,0,1,1,0,1,2,0,1,1,0,1,0,6.5,7.5,0.981
4,1,1,2,3,2,0,5,0,0,5,1,4,0,0,1,0,1,1,1,1,1,1,0,1,0,0,3,1,1,0,0,1,0,14.5,4.0,0.525
5,2,1,3,2,2,0,4,0,1,3,1,2,1,0,5,0,1,1,1,2,1,1,0,1,0,1,2,1,1,1,0,1,0,16.0,8.5,0.5
5,5,2,3,3,2,0,8,0,1,4,1,4,2,0,3,0,1,1,1,1,1,1,0,1,0,1,4,1,1,1,0,1,0,14.333,5.0,0.539
2,1,1,2,2,1,0,4,0,0,4,4,2,0,0,2,1,1,1,1,1,1,1,0,1,0,0,4,1,1,0,0,1,1,26.0,11.0,0.693
2,5,6,1,2,1,0,4,1,1,5,0,3,2,0,7,0,1,1,1,1,1,1,0,1,1,1,3,0,1,1,0,1,0,20.0,9.0,0.335
3,4,0,5,1,1,0,2,0,1,3,0,0,2,0,4,0,1,1,0,2,1,1,0,1,0,1,1,0,0,1,0,2,0,26.0,22.0,0.693
4,3,1,4,3,3,0,9,2,3,7,0,6,1,0,4,0,1,1,1,2,1,1,0,1,1,2,4,0,1,1,0,1,0,16.667,11.333,0.7
1,2,0,1,0,0,1,2,2,1,3,0,5,1,1,2,0,1,1,0,1,0,0,1,1,1,1,2,0,1,1,1,1,0,21.0,8.0,0.617
1,5,1,2,0,2,0,5,0,0,3,3,2,1,0,4,0,1,1,1,2,0,1,0,1,0,0,3,1,1,1,0,2,0,29.0,18.0,0.657
15,15,12,16,7,9,1,29,0,8,22,4,28,3,0,17,5,1,1,1,4,1,1,1,1,0,2,6,1,1,1,0,1,1,11.176,7.324,0.513
3,1,1,3,1,0,0,1,0,1,4,0,1,1,0,1,0,1,1,1,2,1,0,0,1,0,1,3,0,1,1,0,1,0,18.0,17.0,0.833
0,1,0,1,0,1,0,1,0,1,2,3,3,0,0,2,0,0,1,0,1,0,1,0,1,0,1,2,1,1,0,0,1,0,15.0,2.0,0.365
2,3,7,2,1,1,0,8,2,0,2,0,6,1,1,2,0,1,1,1,1,1,1,0,1,1,0,2,0,1,1,1,1,0,18.5,4.0,0.465
1,1,2,2,0,3,0,3,0,3,3,0,2,0,0,4,0,1,1,1,1,0,1,0,1,0,2,1,0,1,0,0,2,0,12.0,17.5,0.577
3,3,1,4,1,5,0,7,1,3,7,1,5,1,0,5,1,1,1,1,2,1,1,0,1,1,2,5,1,1,1,0,1,1,12.0,7.5,0.714
3,7,0,1,0,3,0,11,3,0,0,0,2,0,0,1,0,1,1,0,1,0,1,0,1,1,0,0,0,1,0,0,1,0,15.5,1.0,0.254
3,5,3,5,4,1,0,6,0,1,10,3,7,1,1,6,0,1,1,1,4,1,1,0,1,0,1,6,1,1,1,1,1,0,18.333,15.524,0.858
1,1,2,2,0,1,1,1,0,0,3,0,2,1,0,1,0,1,1,1,1,0,1,1,1,0,0,2,0,1,1,0,1,0,16.0,14.0,0.707
8,9,15,9,7,13,1,20,0,5,20,1,13,6,1,25,4,1,1,1,3,1,1,1,1,0,2,7,1,1,1,1,2,1,26.167,14.0,0.621
3,4,1,0,3,3,0,7,1,1,3,1,1,0,0,4,0,1,1,1,0,1,1,0,1,1,1,3,1,1,0,0,1,0,32.0,11.0,0.5
2,4,1,0,1,0,0,6,1,0,1,0,2,0,0,2,0,1,1,1,0,1,0,0,1,1,0,1,0,1,0,0,1,0,20.0,6.0,0.316
8,5,9,6,0,6,0,8,0,2,9,1,7,2,0,9,1,1,1,1,3,0,1,0,1,0,2,3,1,1,1,0,2,1,18.25,9.0,0.497
1,3,1,2,2,2,0,7,0,1,2,0,3,1,0,2,1,1,1,1,2,1,1,0,1,0,1,1,0,1,1,0,1,1,14.0,14.0,0.668
2,3,0,1,1,1,0,0,0,0,1,2,1,1,0,2,0,1,1,0,1,1,1,0,0,0,0,1,1,1,1,0,1,0,15.0,8.0,0.548
5,6,2,5,2,5,0,6,0,2,12,2,4,2,0,7,0,1,1,1,3,1,1,0,1,0,1,6,1,1,1,0,2,0,15.0,17.438,1.004
6,6,4,10,5,4,0,12,0,8,14,4,6,1,0,12,0,1,1,1,4,1,1,0,1,0,2,5,1,1,1,0,1,0,23.0,24.688,0.663
4,2,5,9,4,2,0,12,0,5,8,0,10,3,2,7,0,1,1,1,2,1,1,0,1,0,2,5,0,1,1,1,1,0,34.5,29.5,0.681
0,1,2,4,1,4,0,7,0,3,3,1,4,1,0,7,0,0,1,1,2,1,1,0,1,0,2,3,1,1,1,0,2,0,12.667,14.0,0.803
8,4,5,10,3,5,0,8,0,4,17,0,9,5,0,12,0,1,1,1,5,1,1,0,1,0,1,7,0,1,1,0,2,0,22.5,27.143,0.894
2,3,2,2,1,0,0,3,4,0,2,4,8,0,2,0,0,1,1,1,1,1,0,0,1,1,0,2,1,1,0,1,0,0,15.5,1.0,0.254
1,4,2,2,1,3,0,6,0,0,4,0,1,1,0,1,1,1,1,1,1,1,1,0,1,0,0,2,0,1,1,0,1,1,27.0,19.0,0.68
15,16,10,13,3,12,0,30,1,5,26,9,15,5,0,17,1,1,1,1,4,1,1,0,1,1,2,9,1,1,1,0,3,1,29.333,21.5,0.746
0,1,2,1,1,2,1,2,1,1,3,0,3,0,0,2,1,0,1,1,1,1,1,1,1,1,1,2,0,1,0,0,2,1,10.5,11.5,0.772
0,3,2,3,0,4,0,5,4,0,1,2,5,1,0,2,0,0,1,1,2,0,1,0,1,1,0,1,1,1,1,0,1,0,15.5,6.5,0.508
4,3,1,1,1,1,0,7,2,0,5,0,3,1,1,4,0,1,1,1,1,1,1,0,1,1,0,3,0,1,1,1,1,0,16.5,5.0,0.492
17,21,9,12,10,14,0,33,7,1,11,6,23,5,1,13,0,1,1,1,3,1,1,0,1,1,1,4,1,1,1,1,3,0,45.5,15.5,0.367
2,6,1,3,1,12,1,11,10,2,8,60,33,1,0,4,20,1,1,1,1,1,1,1,1,1,2,4,1,1,1,0,1,1,12.5,2.071,0.321
5,6,8,5,1,4,0,6,3,3,5,1,8,2,0,9,1,1,1,1,3,1,1,0,1,1,1,4,1,1,1,0,2,1,68.0,44.0,0.6
7,5,3,6,2,3,0,4,0,1,5,0,1,3,0,6,0,1,1,1,3,1,1,0,1,0,1,3,0,1,1,0,1,0,46.0,35.0,0.73
7,8,8,16,7,4,0,11,1,4,20,5,6,4,0,14,1,1,1,1,3,1,1,0,1,1,2,6,1,1,1,0,1,1,28.75,22.25,0.593
2,1,1,1,1,1,0,3,0,0,1,0,1,0,0,0,0,1,1,1,1,1,1,0,1,0,0,1,0,1,0,0,0,0,12.0,5.0,0.612
2,5,8,6,3,7,0,10,2,4,12,0,3,2,0,12,0,1,1,1,2,1,1,0,1,1,2,5,0,1,1,0,2,0,38.0,33.375,0.649
1,0,3,1,0,1,0,4,0,0,2,1,8,0,0,1,0,1,0,1,1,0,1,0,1,0,0,2,1,1,0,0,1,0,22.0,4.0,0.452
2,2,4,2,1,0,0,6,0,2,3,1,3,0,0,3,1,1,1,1,2,1,0,0,1,0,2,2,1,1,0,0,1,1,15.0,9.5,0.645
2,2,5,6,2,2,0,3,0,4,4,0,2,2,0,4,0,1,1,1,2,1,1,0,1,0,2,2,0,1,1,0,1,0,12.667,11.0,0.459
6,5,1,3,1,6,0,14,1,2,4,3,10,1,4,1,1,1,1,1,2,1,1,0,1,1,1,2,1,1,1,1,1,1,59.0,36.0,0.368
2,2,1,2,2,1,1,6,0,1,9,1,4,0,0,4,1,1,1,1,1,1,1,1,1,0,1,5,1,1,0,0,2,1,18.5,13.5,0.814
1,1,1,0,0,1,0,2,1,0,0,2,5,0,1,1,0,1,1,1,0,0,1,0,1,1,0,0,1,1,0,1,1,0,16.0,0.0,0.177
5,1,1,2,3,3,0,5,0,1,3,0,2,2,0,6,0,1,1,1,1,1,1,0,1,0,1,2,0,1,1,0,2,0,34.0,17.0,0.485
2,3,1,2,3,2,0,5,0,1,2,1,2,1,0,2,0,1,1,1,1,1,1,0,1,0,1,1,1,1,1,0,1,0,27.0,19.0,0.544
1,3,1,0,0,0,0,3,0,0,2,0,1,1,0,3,0,1,1,1,0,0,0,0,1,0,0,2,0,1,1,0,1,0,15.0,7.0,0.548
0,3,2,0,0,2,0,7,0,1,1,1,3,1,0,2,0,0,1,1,0,0,1,0,1,0,1,1,1,1,1,0,2,0,23.0,12.0,0.442
1,0,1,2,0,1,1,2,0,2,3,0,0,1,0,3,0,1,0,1,1,0,1,1,1,0,1,3,0,0,1,0,1,0,17.0,23.0,0.686
4,3,3,1,1,4,0,6,0,1,0,0,3,0,0,2,0,1,1,1,1,1,1,0,1,0,1,0,0,1,0,0,1,0,28.0,2.0,0.267
5,6,2,8,4,6,0,16,0,2,13,0,8,1,0,10,1,1,1,1,2,1,1,0,1,0,2,8,0,1,1,0,2,1,16.4,10.2,0.859
1,4,0,0,0,0,0,4,0,0,2,0,1,0,0,2,0,1,1,0,0,0,0,0,1,0,0,2,0,1,0,0,1,0,14.0,8.0,0.567
0,1,1,1,1,0,0,2,0,0,3,0,2,0,1,1,0,0,1,1,1,1,0,0,1,0,0,2,0,1,0,1,1,0,6.0,7.0,0.612
2,3,0,4,1,2,0,3,1,1,3,0,13,1,0,3,0,1,1,0,2,1,1,0,1,1,1,2,0,1,1,0,1,0,18.5,11.0,0.465
1,0,0,0,1,3,0,2,0,0,1,1,1,0,0,1,0,1,0,0,0,1,1,0,1,0,0,1,1,1,0,0,1,0,11.0,7.0,0.64
3,3,2,0,1,3,0,20,13,1,2,5,22,0,0,7,11,1,1,1,0,1,1,0,1,1,1,2,1,1,0,0,1,1,18.2,0.4,0.148
2,4,1,0,2,1,1,4,0,0,2,0,2,0,0,5,0,1,1,1,0,1,1,1,1,0,0,1,0,1,0,0,1,0,24.0,4.0,0.289
1,0,0,2,1,0,0,1,0,1,6,0,2,0,0,5,0,1,0,0,2,1,0,0,1,0,1,4,0,1,0,0,1,0,9.5,14.5,1.136
1,4,1,3,3,2,0,4,0,2,6,1,2,2,0,5,0,1,1,1,2,1,1,0,1,0,1,2,1,1,1,0,1,0,12.0,12.833,0.707
1,2,0,0,0,1,0,2,0,0,3,2,2,0,0,3,0,1,1,0,0,0,1,0,1,0,0,2,1,1,0,0,1,0,8.0,2.0,0.354
7,7,4,6,3,6,0,12,1,1,13,0,6,4,0,6,0,1,1,1,4,1,1,0,1,1,1,5,0,1,1,0,1,0,19.0,13.75,0.73
0,0,0,0,0,0,1,2,0,0,1,0,6,0,0,1,0,0,0,0,0,0,0,1,1,0,0,1,0,1,0,0,1,0,6.0,1.0,0.408
12,6,7,6,3,4,0,12,1,1,8,2,5,2,0,7,2,1,1,1,2,1,1,0,1,1,1,5,1,1,1,0,1,1,19.5,6.75,0.48
9,5,8,8,5,5,0,16,1,3,7,3,12,2,0,10,4,1,1,1,3,1,1,0,1,1,2,6,1,1,1,0,1,1,14.0,6.143,0.643
2,2,0,1,2,2,0,4,0,1,1,1,4,0,0,2,1,1,1,0,1,1,1,0,1,0,1,1,1,1,0,0,2,1,7.333,7.667,0.754
0,2,3,2,0,1,0,1,0,1,3,4,2,0,1,3,0,0,1,1,2,0,1,0,1,0,1,2,1,1,0,1,1,0,11.0,6.5,0.603
0,0,0,2,0,1,0,2,0,1,2,1,2,0,0,1,1,0,0,0,2,0,1,0,1,0,1,2,1,1,0,0,1,1,6.5,7.0,0.981
15,13,9,20,10,11,0,24,1,11,37,3,22,7,0,39,4,1,1,1,3,1,1,0,1,1,2,8,1,1,1,0,1,1,28.25,21.125,0.517
2,2,1,1,1,0,0,2,2,0,3,1,1,1,0,2,0,1,1,1,1,1,0,0,1,1,0,2,1,1,1,0,1,0,9.5,6.5,0.649
12,8,6,3,5,6,0,16,0,2,12,0,8,1,0,15,0,1,1,1,1,1,1,0,1,0,1,5,0,1,1,0,1,0,18.8,5.4,0.438
0,2,3,4,1,0,2,3,1,0,2,0,2,0,0,1,0,0,1,1,1,1,0,1,1,1,0,1,0,1,0,0,1,0,10.5,7.0,0.309
1,2,2,0,1,3,0,6,1,1,4,1,5,0,0,4,0,1,1,1,0,1,1,0,1,1,1,4,1,1,0,0,1,0,30.0,18.0,0.645
3,3,1,2,1,1,0,3,0,0,3,0,2,1,0,3,0,1,1,1,1,1,1,0,1,0,0,3,0,1,1,0,1,0,23.0,11.0,0.59
5,1,2,2,2,0,0,1,0,1,4,2,1,0,0,3,0,1,1,1,2,1,0,0,1,0,1,3,1,1,0,0,1,0,12.0,9.5,0.866
3,7,2,5,5,9,0,12,0,3,9,0,5,1,0,10,0,1,1,1,4,1,1,0,1,0,2,4,0,1,1,0,1,0,35.5,34.375,0.671
1,0,0,0,0,2,0,2,0,1,10,0,4,1,0,6,0,1,0,0,0,0,1,0,1,0,1,6,0,1,1,0,2,0,6.75,9.75,0.953
1,4,0,3,0,4,1,7,0,1,6,0,6,1,0,6,0,1,1,0,2,0,1,1,1,0,1,4,0,1,1,0,1,0,13.333,7.667,0.671
9,11,8,15,7,11,2,26,1,5,26,1,23,7,0,26,2,1,1,1,6,1,1,1,1,1,3,8,1,1,1,0,3,1,13.769,11.602,0.846
0,2,0,0,0,0,0,4,0,0,1,2,1,0,0,2,0,0,1,0,0,0,0,0,1,0,0,1,1,1,0,0,1,0,6.0,1.0,0.408
0,0,0,0,0,4,0,5,6,0,0,20,12,0,0,3,9,0,0,0,0,0,1,0,1,1,0,0,1,1,0,0,1,1,60.0,0.0,0.091
19,29,8,11,11,20,0,37,1,4,30,0,15,2,0,23,1,1,1,1,3,1,1,0,1,1,2,9,0,1,1,0,2,1,26.375,17.625,0.584
4,4,2,3,1,3,1,4,0,1,9,3,4,2,0,7,0,1,1,1,2,1,1,1,1,0,1,3,1,1,1,0,2,0,16.0,12.667,0.714
1,1,0,1,0,1,0,1,0,0,2,0,1,0,0,4,1,1,1,0,1,0,1,0,1,0,0,1,0,1,0,0,1,1,6.5,0.0,0.196
2,0,1,2,0,1,0,4,0,0,2,0,1,2,0,3,0,1,0,1,2,0,1,0,1,0,0,1,0,1,1,0,1,0,18.0,10.0,0.5
1,1,0,2,1,2,0,3,0,1,2,0,0,0,0,1,0,1,1,0,2,1,1,0,1,0,1,2,0,0,0,0,1,0,14.0,19.0,0.945
1,0,2,1,1,1,0,1,0,0,1,2,3,0,0,0,0,1,0,1,1,1,1,0,1,0,0,1,1,1,0,0,0,0,6.5,2.0,0.588
5,3,5,5,2,4,0,8,0,1,10,5,8,3,1,9,0,1,1,1,3,1,1,0,1,0,1,4,1,1,1,1,1,0,22.667,14.0,0.6
16,16,10,4,6,11,1,22,1,1,21,1,5,9,1,18,0,1,1,1,2,1,1,1,1,1,1,7,1,1,1,1,1,0,28.4,12.8,0.475
2,1,1,1,0,1,0,1,2,1,2,2,2,1,0,2,0,1,1,1,1,0,1,0,1,1,1,1,1,1,1,0,1,0,9.5,9.0,0.649
7,14,9,8,5,10,0,24,0,5,20,0,12,4,0,16,1,1,1,1,3,1,1,0,1,0,2,7,0,1,1,0,1,1,19.286,13.25,0.609
3,4,1,7,3,8,0,10,0,3,10,2,8,3,0,13,0,1,1,1,3,1,1,0,1,0,1,4,1,1,1,0,1,0,12.5,9.667,0.572
8,18,16,11,2,18,1,26,6,5,8,8,11,6,0,15,7,1,1,1,3,1,1,1,1,1,2,4,1,1,1,0,2,1,27.667,11.833,0.439
28,19,11,17,9,31,0,52,0,10,13,8,27,1,0,24,2,1,1,1,3,1,1,0,1,0,2,3,1,1,1,0,2,1,22.909,5.545,0.312
0,2,3,3,1,1,0,4,0,0,2,0,2,1,0,2,0,0,1,1,2,1,1,0,1,0,0,2,0,1,1,0,1,0,10.5,5.0,0.617
1,2,0,4,0,6,0,4,1,2,7,39,30,0,0,2,11,1,1,0,1,0,1,0,1,1,2,3,1,1,0,0,1,1,12.111,2.444,0.339
8,8,7,3,1,8,0,11,1,0,11,1,11,4,0,9,0,1,1,1,2,1,1,0,1,1,0,5,1,1,1,0,2,0,42.0,22.0,0.54
3,2,1,0,0,0,0,4,0,0,0,0,1,0,0,1,0,1,1,1,0,0,0,0,1,0,0,0,0,0,0,0,1,0,11.0,0.0,0.213
2,5,1,1,2,3,0,6,0,1,5,0,2,1,0,5,1,1,1,1,1,1,1,0,1,0,1,3,0,1,1,0,2,1,17.5,7.5,0.478
0,2,1,1,0,1,0,1,1,0,1,0,0,0,0,2,1,0,1,1,1,0,1,0,1,1,0,1,0,0,0,0,1,1,11.0,2.0,0.426
1,2,1,1,2,4,0,3,10,2,3,26,21,1,0,3,10,1,1,1,1,1,1,0,1,1,2,2,1,1,1,0,1,1,9.1,1.5,0.296
0,2,1,1,1,0,0,3,0,2,3,0,0,0,0,3,0,0,1,1,1,1,0,0,1,0,1,3,0,0,0,0,1,0,16.0,13.0,0.707
2,3,1,1,0,2,0,2,0,0,3,1,1,1,0,3,0,1,1,1,1,0,1,0,1,0,0,3,1,1,1,0,1,0,10.0,5.0,0.632
5,7,3,5,2,5,0,13,1,3,3,3,5,4,0,4,0,1,1,1,2,1,1,0,1,1,2,2,1,1,1,0,1,0,15.5,5.25,0.359
4,8,3,7,2,9,0,15,0,1,6,0,12,2,0,7,0,1,1,1,2,1,1,0,1,0,1,4,0,1,1,0,1,0,25.333,10.0,0.406
2,0,0,0,1,1,0,2,1,2,0,34,10,0,0,0,10,1,0,0,0,1,1,0,1,1,1,0,1,1,0,0,0,1,63.0,0.0,0.089
4,3,5,4,4,3,0,7,1,0,8,1,4,1,0,5,0,1,1,1,2,1,1,0,1,1,0,4,1,1,1,0,2,0,16.667,8.667,0.6
1,0,2,1,1,1,0,2,2,0,1,0,1,0,0,1,0,1,0,1,1,1,1,0,1,1,0,1,0,1,0,0,1,0,6.5,2.0,0.588
11,14,10,13,8,7,0,23,5,6,7,14,18,2,1,11,0,1,1,1,4,1,1,0,1,1,2,5,1,1,1,1,2,0,29.8,15.314,0.521
3,1,1,2,1,1,0,4,0,0,1,9,6,1,0,1,1,1,1,1,1,1,1,0,1,0,0,1,1,1,1,0,1,1,10.667,2.333,0.375
3,6,0,3,1,6,2,7,1,3,3,0,3,1,0,5,0,1,1,0,1,1,1,1,1,1,2,3,0,1,1,0,1,0,22.0,8.0,0.426
2,4,2,1,0,4,0,4,0,0,2,1,1,1,0,2,0,1,1,1,1,0,1,0,1,0,0,1,1,1,1,0,1,0,12.0,3.0,0.433
1,2,2,2,1,2,0,3,0,2,7,1,1,1,0,6,1,1,1,1,1,1,1,0,1,0,1,4,1,1,1,0,1,1,16.0,14.5,0.625
4,3,1,3,0,5,0,7,0,2,1,0,4,0,0,3,0,1,1,1,3,0,1,0,1,0,2,1,0,1,0,0,1,0,16.5,8.0,0.615
3,0,0,3,1,0,0,2,0,0,0,0,1,0,0,1,0,1,0,0,2,1,0,0,1,0,0,0,0,1,0,0,1,0,11.0,4.0,0.426
3,2,2,1,1,1,0,8,1,0,0,2,5,0,0,0,0,1,1,1,1,1,1,0,1,1,0,0,1,1,0,0,0,0,13.0,1.0,0.277
9,11,5,14,3,11,0,26,0,8,20,4,19,4,1,21,1,1,1,1,3,1,1,0,1,0,2,9,1,1,1,1,1,1,17.333,12.111,0.679
7,5,4,6,3,7,0,12,0,0,5,0,9,2,0,5,0,1,1,1,2,1,1,0,1,0,0,3,0,1,1,0,1,0,21.667,9.333,0.351
4,3,1,2,1,1,0,8,6,2,3,15,10,0,0,7,11,1,1,1,1,1,1,0,1,1,1,2,1,1,0,0,1,1,38.0,3.5,0.243
0,3,2,1,0,1,0,3,0,1,1,2,3,0,0,2,0,0,1,1,1,0,1,0,1,0,1,1,1,1,0,0,1,0,9.5,4.5,0.487
17,20,10,11,8,10,0,37,0,7,14,5,18,3,0,25,2,1,1,1,3,1,1,0,1,0,2,6,1,1,1,0,2,1,15.583,7.167,0.465
1,1,0,0,0,1,0,3,0,0,2,0,3,1,0,0,0,1,1,0,0,0,1,0,1,0,0,2,0,1,1,0,0,0,12.0,2.0,0.408
4,2,3,4,2,2,0,4,0,2,2,0,3,2,0,4,0,1,1,1,2,1,1,0,1,0,2,2,0,1,1,0,1,0,17.0,9.5,0.606
1,0,1,1,0,0,0,3,0,0,3,0,1,0,0,1,0,1,0,1,1,0,0,0,1,0,0,3,0,1,0,0,1,0,5.5,3.5,0.853
4,0,0,1,1,7,1,4,2,1,2,35,24,1,0,9,10,1,0,0,1,1,1,1,1,1,1,2,1,1,1,0,1,1,18.2,1.6,0.222
3,1,4,5,1,1,0,3,0,1,6,0,3,0,1,4,0,1,1,1,3,1,1,0,1,0,1,4,0,1,0,1,1,0,16.0,12.0,0.875
4,3,3,3,1,6,3,10,0,2,3,9,14,0,0,8,8,1,1,1,2,1,1,1,1,0,1,3,1,1,0,0,1,1,17.5,7.688,0.592
1,2,1,6,1,3,0,5,0,2,5,1,6,1,0,7,0,1,1,1,2,1,1,0,1,0,2,4,1,1,1,0,1,0,8.2,5.8,0.663
1,5,0,0,0,5,0,9,9,1,0,30,16,0,0,0,9,1,1,0,0,0,1,0,1,1,1,0,1,1,0,0,0,1,21.75,0.0,0.076
5,5,7,4,2,9,0,8,4,3,5,27,4,0,0,6,11,1,1,1,2,1,1,0,1,1,2,4,1,1,0,0,1,1,14.429,4.357,0.493
4,1,0,0,0,6,0,8,0,0,0,15,0,0,0,0,18,1,1,0,0,0,1,0,1,0,0,0,1,0,0,0,0,1,52.0,0.0,0.098
0,1,0,1,1,0,0,2,0,1,3,1,1,0,0,2,0,0,1,0,1,1,0,0,1,0,1,3,1,1,0,0,1,0,13.0,19.75,1.177
2,3,3,5,1,4,0,7,3,2,8,3,6,1,0,5,1,1,1,1,4,1,1,0,1,1,1,5,1,1,1,0,1,1,13.5,16.438,0.962
2,3,4,2,0,3,1,10,1,1,2,1,22,0,0,3,3,1,1,1,2,0,1,1,1,1,1,2,1,1,0,0,2,1,12.0,5.0,0.548
1,2,0,0,0,4,0,6,34,0,0,18,71,0,0,2,9,1,1,0,0,0,1,0,1,1,0,0,1,1,0,0,1,1,126.0,0.0,0.063
0,1,0,0,0,1,0,3,4,0,0,5,5,0,0,0,4,0,1,0,0,0,1,0,1,1,0,0,1,1,0,0,0,1,8.0,0.0,0.144
4,4,5,1,1,4,0,6,1,1,3,23,16,1,0,4,13,1,1,1,1,1,1,0,1,1,1,3,1,1,1,0,1,1,87.0,10.571,0.303
1,0,4,1,1,4,0,2,0,1,1,7,6,0,1,4,0,1,0,1,1,1,1,0,1,0,1,1,1,1,0,1,1,0,10.667,1.333,0.375
4,1,0,0,0,5,0,8,11,0,0,13,10,0,0,1,10,1,1,0,0,0,1,0,1,1,0,0,1,1,0,0,1,1,5.727,0.0,0.089
0,3,1,0,1,2,0,4,0,1,3,0,1,0,0,3,0,0,1,1,0,1,1,0,1,0,1,3,0,1,0,0,1,0,19.0,4.0,0.487
0,2,0,1,0,0,0,2,4,0,0,3,2,0,0,0,10,0,1,0,1,0,0,0,1,1,0,0,1,1,0,0,0,1,24.0,0.0,0.144
6,11,15,16,5,12,1,23,2,7,23,2,17,7,0,19,1,1,1,1,4,1,1,1,1,1,2,7,1,1,1,0,2,1,33.4,25.214,0.657
0,2,1,2,0,2,0,3,0,2,4,0,2,1,0,5,0,0,1,1,2,0,1,0,1,0,1,3,0,1,1,0,1,0,12.0,10.0,0.722
4,8,2,1,2,4,0,9,0,0,8,13,5,0,0,6,0,1,1,1,1,1,1,0,1,0,0,6,1,1,0,0,1,0,15.5,3.75,0.629
5,1,5,8,1,3,0,7,0,0,3,0,4,4,0,4,1,1,1,1,4,1,1,0,1,0,0,2,0,1,1,0,2,1,23.0,22.5,0.626
14,6,0,11,3,11,0,18,13,3,13,28,35,0,0,6,10,1,1,0,2,1,1,0,1,1,1,3,1,1,0,0,1,1,17.3,4.8,0.269
0,7,2,1,4,5,0,10,0,2,3,2,2,1,0,7,0,0,1,1,1,1,1,0,1,0,1,2,1,1,1,0,1,0,23.0,13.5,0.521
5,2,0,2,0,2,0,5,0,1,1,0,5,0,0,3,0,1,1,0,1,0,1,0,1,0,1,1,0,1,0,0,1,0,26.0,4.0,0.277
5,1,2,3,1,0,0,4,0,1,5,0,5,1,0,3,0,1,1,1,2,1,0,0,1,0,1,4,0,1,1,0,1,0,15.0,12.786,0.775
4,1,3,2,4,3,0,9,0,1,6,0,2,0,0,6,0,1,1,1,2,1,1,0,1,0,1,4,0,1,0,0,2,0,20.5,17.0,0.883
1,2,0,1,2,1,0,3,2,0,3,2,1,0,0,1,0,1,1,0,1,1,1,0,1,1,0,2,1,1,0,0,1,0,19.0,6.0,0.487
1,0,0,0,1,4,0,6,1,0,0,37,13,0,0,0,13,1,0,0,0,1,1,0,1,1,0,0,1,1,0,0,0,1,38.0,0.0,0.081
2,3,1,2,1,2,0,6,4,1,3,14,7,0,0,1,10,1,1,1,1,1,1,0,1,1,1,2,1,1,0,0,1,1,28.5,3.5,0.281
0,3,0,0,1,2,0,4,15,0,0,22,18,0,0,0,12,0,1,0,0,1,1,0,1,1,0,0,1,1,0,0,0,1,9.5,0.0,0.081
23,11,10,4,1,6,0,44,10,1,6,19,31,1,0,10,11,1,1,1,3,1,1,0,1,1,1,3,1,1,1,0,1,1,187.0,33.571,0.259
0,1,0,0,0,0,0,2,1,0,2,2,0,1,0,2,1,0,1,0,0,0,0,0,1,1,0,1,1,0,1,0,2,1,6.0,4.5,0.612
1,1,3,0,1,0,0,6,11,0,4,8,11,0,1,4,11,1,1,1,0,1,0,0,1,1,0,3,1,1,0,1,2,1,62.0,24.0,0.449
2,1,2,2,0,0,0,0,0,0,1,2,2,0,0,0,0,1,1,1,1,0,0,0,0,0,0,1,1,1,0,0,0,0,12.0,4.0,0.408
0,0,0,1,1,3,1,3,0,0,0,0,2,0,0,1,0,0,0,0,1,1,1,1,1,0,0,0,0,1,0,0,1,0,12.0,9.0,0.612
2,4,1,1,0,5,0,6,1,0,2,12,1,0,0,1,9,1,1,1,1,0,1,0,1,1,0,1,1,1,0,0,1,1,22.5,1.0,0.211
2,2,0,0,1,1,0,6,4,0,0,13,2,0,1,3,9,1,1,0,0,1,1,0,1,1,0,0,1,1,0,1,1,1,43.0,0.0,0.108
3,0,0,1,0,2,0,2,0,0,2,0,0,0,0,1,0,1,0,0,1,0,1,0,1,0,0,2,0,0,0,0,1,0,11.0,4.0,0.64
0,0,1,1,1,1,0,2,0,0,2,1,1,1,0,3,0,0,0,1,1,1,1,0,1,0,0,2,1,1,1,0,1,0,7.0,3.0,0.756
18,6,8,19,7,16,0,29,2,11,50,3,27,7,4,42,1,1,1,1,3,1,1,0,1,1,2,9,1,1,1,1,2,1,18.846,14.538,0.587
1,2,0,1,1,1,0,3,0,1,1,0,2,0,0,3,0,1,1,0,1,1,1,0,1,0,1,1,0,1,0,0,1,0,8.0,6.0,0.53
18,25,13,30,14,16,0,46,0,16,49,0,26,11,0,36,9,1,1,1,5,1,1,0,1,0,2,9,0,1,1,0,1,1,28.0,28.006,0.564
2,3,2,4,1,5,0,11,0,1,7,0,7,1,0,9,0,1,1,1,4,1,1,0,1,0,1,5,0,1,1,0,2,0,13.25,14.25,0.971
5,2,2,1,2,8,0,5,13,1,3,21,16,0,0,3,14,1,1,1,1,1,1,0,1,1,1,2,1,1,0,0,1,1,8.0,0.833,0.289
2,1,1,2,1,0,0,1,0,0,0,7,2,0,0,0,0,1,1,1,1,1,0,0,1,0,0,0,1,1,0,0,0,0,17.0,4.0,0.343
0,1,2,2,3,2,0,2,1,0,3,7,7,1,0,3,1,0,1,1,1,1,1,0,1,1,0,1,1,1,1,0,1,1,8.75,2.5,0.359
2,2,0,0,0,1,0,3,0,0,0,4,8,0,0,1,0,1,1,0,0,0,1,0,1,0,0,0,1,1,0,0,1,0,22.0,0.0,0.151
5,12,8,8,2,4,1,9,0,1,15,5,10,4,0,10,3,1,1,1,1,1,1,1,1,0,1,5,1,1,1,0,3,1,12.125,5.875,0.503
3,4,3,2,1,2,0,6,1,2,3,17,13,0,0,8,2,1,1,1,2,1,1,0,1,1,1,2,1,1,0,0,1,1,11.167,1.0,0.259
0,7,2,0,1,3,0,5,0,0,2,2,2,0,0,3,0,0,1,1,0,1,1,0,1,0,0,1,1,1,0,0,1,0,27.0,4.0,0.272
5,5,2,4,0,3,0,4,3,1,5,10,3,2,0,4,0,1,1,1,2,0,1,0,1,1,1,3,1,1,1,0,1,0,17.0,4.667,0.396
7,12,10,9,3,11,1,13,3,2,19,6,14,4,0,14,2,1,1,1,3,1,1,1,1,1,2,5,1,1,1,0,3,1,14.444,10.444,0.558
0,1,0,0,4,0,0,0,4,0,0,17,6,0,0,1,0,0,1,0,0,1,0,0,0,1,0,0,1,1,0,0,1,0,32.0,0.0,0.125
4,13,13,5,2,6,0,13,1,2,12,8,10,1,0,10,2,1,1,1,2,1,1,0,1,1,2,4,1,1,1,0,2,1,10.2,5.0,0.56
7,13,5,2,3,11,0,22,4,1,8,44,19,2,1,11,12,1,1,1,1,1,1,0,1,1,1,6,1,1,1,1,1,1,11.643,1.214,0.388
1,2,2,2,3,5,0,11,0,1,6,1,3,1,0,6,0,1,1,1,2,1,1,0,1,0,1,2,1,1,1,0,1,0,11.0,5.5,0.533
1,2,3,1,0,0,0,5,1,0,2,2,1,0,0,1,0,1,1,1,1,0,0,0,1,1,0,1,1,1,0,0,1,0,9.5,3.0,0.487
1,5,0,1,2,3,0,10,0,0,4,0,1,1,0,2,1,1,1,0,1,1,1,0,1,0,0,2,0,1,1,0,2,1,31.0,11.0,0.508
0,1,0,0,1,1,0,1,2,0,2,4,4,0,1,1,0,0,1,0,0,1,1,0,1,1,0,2,1,1,0,1,1,0,8.5,1.0,0.343
2,0,1,0,2,0,0,4,1,0,0,0,1,0,0,0,0,1,0,1,0,1,0,0,1,1,0,0,0,1,0,0,0,0,11.0,0.0,0.213
3,1,1,1,1,0,0,5,1,1,0,5,6,0,0,0,0,1,1,1,1,1,0,0,1,1,1,0,1,1,0,0,0,0,25.0,9.0,0.424
5,4,4,2,3,1,1,10,0,1,8,0,6,3,1,7,0,1,1,1,1,1,1,1,1,0,1,4,0,1,1,1,1,0,27.5,15.5,0.667
3,1,2,2,0,1,0,2,0,0,5,4,5,0,0,3,0,1,1,1,1,0,1,0,1,0,0,5,1,1,0,0,1,0,9.333,6.667,0.802
1,1,0,0,1,1,0,4,0,0,1,4,5,0,2,1,0,1,1,0,0,1,1,0,1,0,0,1,1,1,0,1,1,0,19.0,2.0,0.324
2,5,3,1,1,1,0,3,1,0,3,1,1,0,1,1,0,1,1,1,1,1,1,0,1,1,0,2,1,0,0,1,1,0,23.0,4.0,0.442
1,1,3,2,0,0,0,5,0,0,1,1,1,0,0,1,0,1,1,1,2,0,0,0,1,0,0,1,1,1,0,0,1,0,8.0,2.0,0.53
0,2,0,0,0,1,0,4,1,1,0,0,0,0,0,3,0,0,1,0,0,0,1,0,1,1,1,0,0,0,0,0,1,0,12.0,0.0,0.204
1,3,1,0,1,3,0,5,0,0,4,2,4,2,0,4,1,1,1,1,0,1,1,0,1,0,0,3,1,1,1,0,1,1,10.333,4.667,0.508
1,2,1,0,0,6,0,4,13,0,2,10,23,0,1,1,9,1,1,1,0,0,1,0,1,1,0,2,1,1,0,1,1,1,7.2,0.4,0.167
1,1,0,2,1,0,0,1,0,1,3,0,1,2,0,1,0,1,1,0,1,1,0,0,1,0,1,3,0,1,1,0,1,0,14.0,16.0,0.945
4,6,2,1,1,5,0,13,3,1,5,7,11,0,1,5,0,1,1,1,1,1,1,0,1,1,1,4,1,1,0,1,2,0,21.333,7.333,0.442
1,4,0,0,2,1,0,6,4,0,0,0,3,0,0,1,0,1,1,0,0,1,1,0,1,1,0,0,0,1,0,0,1,0,22.0,0.0,0.151
2,2,1,3,4,1,0,7,0,1,3,0,0,0,0,3,0,1,1,1,1,1,1,0,1,0,1,3,0,0,0,0,1,0,27.0,13.0,0.68
2,0,2,1,1,1,0,1,0,0,3,0,2,0,0,3,0,1,0,1,1,1,1,0,1,0,0,3,0,1,0,0,1,0,8.0,3.5,0.707
4,2,6,0,1,1,0,4,0,0,1,1,4,0,0,2,0,1,1,1,0,1,1,0,1,0,0,1,1,1,0,0,1,0,8.667,1.0,0.277
6,9,6,3,4,11,1,18,2,1,9,5,11,2,0,11,0,1,1,1,2,1,1,1,1,1,1,3,1,1,1,0,2,0,11.0,2.333,0.355
0,3,2,0,2,1,0,6,1,0,1,0,0,0,1,1,0,0,1,1,0,1,1,0,1,1,0,1,0,0,0,1,1,0,18.0,0.0,0.167
3,4,1,0,0,7,0,7,2,0,0,15,7,0,0,2,10,1,1,1,0,0,1,0,1,1,0,0,1,1,0,0,1,1,58.0,0.0,0.093
3,7,7,2,1,2,1,9,2,3,5,2,9,0,0,7,4,1,1,1,2,1,1,1,1,1,2,3,1,1,0,0,1,1,16.0,5.75,0.442
0,1,0,0,0,1,0,8,12,0,0,15,17,0,0,1,9,0,1,0,0,0,1,0,1,1,0,0,1,1,0,0,1,1,6.5,0.0,0.088
2,0,3,7,2,2,4,10,0,3,7,4,10,0,0,8,2,1,0,1,3,1,1,1,1,0,2,5,1,1,0,0,1,1,9.143,7.964,0.707
2,0,2,3,0,1,0,4,0,3,4,0,2,1,0,5,0,1,0,1,3,0,1,0,1,0,2,3,0,1,1,0,1,0,13.5,17.5,0.816
1,8,1,0,1,4,0,7,0,1,4,4,5,0,0,4,0,1,1,1,0,1,1,0,1,0,1,3,1,1,0,0,1,0,20.0,5.5,0.335
2,3,2,1,0,0,0,5,0,1,7,0,5,0,0,5,1,1,1,1,1,0,0,0,1,0,1,5,0,1,0,0,1,1,8.0,8.938,1.0
1,1,0,8,1,0,0,5,0,3,5,0,3,2,0,3,0,1,1,0,1,1,0,0,1,0,2,4,0,1,1,0,1,0,16.0,14.5,0.75
1,5,2,5,1,2,1,9,0,0,7,0,8,2,0,6,1,1,1,1,2,1,1,1,1,0,0,3,0,1,1,0,1,1,10.0,6.0,0.4
3,2,4,7,1,1,0,12,1,1,2,3,5,0,0,4,4,1,1,1,2,1,1,0,1,1,1,2,1,1,0,0,1,1,24.5,6.0,0.303
16,18,13,12,7,11,0,31,0,7,20,6,34,5,0,21,4,1,1,1,2,1,1,0,1,0,2,5,1,1,1,0,2,1,11.222,5.278,0.348
9,7,7,10,1,7,0,16,0,6,7,2,13,2,0,16,0,1,1,1,2,1,1,0,1,0,2,7,1,1,1,0,2,0,17.0,10.0,0.7
25,15,11,16,6,12,0,30,0,4,15,12,38,5,0,21,4,1,1,1,3,1,1,0,1,0,2,7,1,1,1,0,1,1,17.5,6.917,0.488
0,1,1,2,1,0,0,2,0,0,2,3,1,1,0,2,1,0,1,1,2,1,0,0,1,0,0,2,1,1,1,0,1,1,17.0,7.0,0.686
2,0,2,2,1,3,1,3,1,1,3,1,3,0,0,3,0,1,0,1,1,1,1,1,1,1,1,1,1,1,0,0,1,0,13.0,8.5,0.555
0,1,0,0,2,1,0,0,9,0,0,31,22,0,1,0,10,0,1,0,0,1,1,0,0,1,0,0,1,1,0,1,0,1,7.0,0.0,0.081
2,3,2,3,3,3,0,5,1,2,6,0,2,1,0,8,1,1,1,1,1,1,1,0,1,1,1,2,0,1,1,0,2,1,21.0,9.5,0.436
5,4,7,6,1,1,0,6,1,1,9,2,4,2,0,4,1,1,1,1,2,1,1,0,1,1,1,4,1,1,1,0,2,1,18.0,16.333,0.77
3,1,2,2,1,0,0,2,1,0,2,0,3,0,1,0,0,1,1,1,1,1,0,0,1,1,0,1,0,1,0,1,0,0,9.0,6.0,0.5
2,0,0,0,0,0,0,7,13,0,0,10,14,0,0,0,9,1,0,0,0,0,0,0,1,1,0,0,1,1,0,0,0,1,5.7,0.0,0.094
3,1,0,3,2,3,0,3,0,2,3,1,0,0,0,1,0,1,1,0,2,1,1,0,1,0,1,3,1,0,0,0,1,0,22.0,28.75,0.905
28,21,20,22,10,17,3,35,0,14,43,8,44,7,2,30,4,1,1,1,7,1,1,1,1,0,2,12,1,1,1,1,2,1,17.941,13.548,0.769
1,5,0,0,1,1,0,6,0,0,3,9,2,1,0,3,0,1,1,0,0,1,1,0,1,0,0,3,1,1,1,0,1,0,16.0,2.0,0.375
5,3,6,3,2,1,0,6,1,3,5,0,3,2,1,3,0,1,1,1,3,1,1,0,1,1,1,4,0,1,1,1,2,0,21.5,25.375,0.97
12,12,9,6,5,12,1,23,1,2,12,30,29,3,0,11,0,1,1,1,3,1,1,1,1,1,2,5,1,1,1,0,3,0,27.833,18.429,0.492
5,6,3,1,3,3,0,10,0,1,7,0,3,0,0,7,0,1,1,1,1,1,1,0,1,0,1,3,0,1,0,0,3,0,12.25,7.25,0.606
0,2,2,2,0,2,0,5,2,0,2,2,2,1,1,2,0,0,1,1,2,0,1,0,1,1,0,2,1,1,1,1,1,0,24.0,8.0,0.433
4,6,2,6,3,4,0,7,0,1,15,0,8,1,0,8,1,1,1,1,3,1,1,0,1,0,1,6,0,1,1,0,2,1,16.5,12.75,0.696
4,4,0,2,1,1,0,4,0,0,3,1,3,1,0,2,0,1,1,0,1,1,1,0,1,0,0,3,1,1,1,0,2,0,6.5,2.75,0.555
4,7,2,3,3,6,1,12,3,0,3,5,8,2,1,2,1,1,1,1,1,1,1,1,1,1,0,2,1,1,1,1,2,1,12.4,3.0,0.269
10,11,3,2,3,3,0,13,0,0,14,0,6,0,0,9,0,1,1,1,2,1,1,0,1,0,0,5,0,1,0,0,2,0,18.5,10.0,0.575
8,8,5,9,6,5,0,15,1,2,21,1,15,3,0,16,6,1,1,1,3,1,1,0,1,1,2,6,1,1,1,0,2,1,11.0,9.0,0.579
11,6,11,8,3,5,0,9,3,1,5,7,7,1,1,2,1,1,1,1,3,1,1,0,1,1,1,4,1,1,1,1,1,1,13.333,4.5,0.474
4,4,3,1,2,4,0,4,0,2,2,1,2,0,0,2,0,1,1,1,1,1,1,0,1,0,1,1,1,1,0,0,2,0,15.5,12.5,0.508
0,4,2,1,1,1,0,3,0,0,5,1,3,0,0,3,0,0,1,1,1,1,1,0,1,0,0,5,1,1,0,0,2,0,12.0,11.5,0.866
1,2,3,3,2,1,0,5,0,0,4,0,7,0,0,0,1,1,1,1,2,1,1,0,1,0,0,4,0,1,0,0,0,1,9.667,5.667,0.657
1,0,1,2,1,1,0,3,0,1,0,3,4,0,0,3,0,1,0,1,1,1,1,0,1,0,1,0,1,1,0,0,1,0,20.0,0.0,0.158
4,3,1,2,0,5,0,7,0,0,3,1,1,1,0,3,0,1,1,1,1,0,1,0,1,0,0,2,1,1,1,0,1,0,31.0,6.0,0.381
0,1,1,3,0,0,0,2,0,3,4,0,1,1,0,6,0,0,1,1,2,0,0,0,1,0,3,2,0,1,1,0,2,0,22.0,44.0,1.055
1,1,2,2,0,2,0,3,0,0,5,1,1,1,0,3,0,1,1,1,1,0,1,0,1,0,0,3,1,1,1,0,1,0,11.0,7.5,0.754
2,3,0,3,1,2,0,2,5,0,2,4,5,1,0,2,1,1,1,0,1,1,1,0,1,1,0,2,1,1,1,0,1,1,16.0,4.0,0.375
0,1,1,2,0,1,0,1,2,0,2,0,1,1,0,0,0,0,1,1,1,0,1,0,1,1,0,2,0,1,1,0,0,0,12.0,12.0,0.816
2,4,1,0,2,3,0,5,1,2,3,3,2,1,0,6,0,1,1,1,0,1,1,0,1,1,1,3,1,1,1,0,1,0,17.5,3.5,0.478
2,3,5,5,1,3,0,3,0,0,4,2,1,2,0,4,0,1,1,1,2,1,1,0,1,0,0,2,1,1,1,0,1,0,17.5,12.5,0.598
0,0,1,0,0,1,0,4,12,1,0,13,11,0,0,1,9,0,0,1,0,0,1,0,1,1,1,0,1,1,0,0,1,1,53.0,0.0,0.097
2,0,2,3,0,0,0,1,0,0,2,2,1,2,0,2,0,1,0,1,1,0,0,0,1,0,0,2,1,1,1,0,1,0,17.0,6.0,0.514
0,0,0,1,0,5,1,1,0,0,2,23,9,0,0,1,9,0,0,0,1,0,1,1,1,0,0,2,1,1,0,0,1,1,52.0,5.0,0.294
1,1,5,2,2,4,1,2,1,0,5,5,4,0,0,2,1,1,1,1,1,1,1,1,1,1,0,2,1,1,0,0,1,1,12.0,3.333,0.354
1,1,1,0,1,3,0,5,9,1,0,11,12,0,0,0,10,1,1,1,0,1,1,0,1,1,1,0,1,1,0,0,0,1,7.0,0.875,0.189
1,2,5,0,0,0,0,3,0,0,1,1,4,0,0,2,0,1,1,1,0,0,0,0,1,0,0,1,1,1,0,0,1,0,9.5,1.0,0.324
2,3,4,2,4,1,3,14,0,1,9,1,6,2,0,6,0,1,1,1,2,1,1,1,1,0,1,5,1,1,1,0,2,0,14.5,11.75,0.743
1,2,0,1,0,1,0,3,0,0,1,2,0,0,0,0,0,1,1,0,1,0,1,0,1,0,0,1,1,0,0,0,0,0,11.0,4.0,0.64
0,2,1,2,1,2,0,3,0,1,3,2,2,0,0,1,0,0,1,1,2,1,1,0,1,0,1,3,1,1,0,0,1,0,20.0,15.0,0.949
0,1,0,1,1,1,0,3,1,1,1,0,0,1,0,2,0,0,1,0,1,1,1,0,1,1,1,1,0,0,1,0,1,0,13.0,11.0,0.784
3,4,5,4,1,3,0,4,4,1,8,0,3,1,0,5,0,1,1,1,3,1,1,0,1,1,1,4,0,1,1,0,2,0,23.0,19.0,0.834
1,0,0,2,0,0,0,4,0,1,1,1,0,0,0,3,0,1,0,0,1,0,0,0,1,0,1,1,1,0,0,0,2,0,13.0,17.25,0.981
0,0,0,3,0,2,0,4,0,0,0,4,1,0,0,1,0,0,0,0,2,0,1,0,1,0,0,0,1,1,0,0,1,0,15.0,2.0,0.365
1,1,0,4,0,2,0,3,0,1,2,0,1,1,0,3,0,1,1,0,1,0,1,0,1,0,1,2,0,1,1,0,1,0,19.0,18.0,0.649
9,10,9,8,12,14,0,25,1,3,15,28,22,2,0,14,5,1,1,1,2,1,1,0,1,1,2,6,1,1,1,0,3,1,19.667,9.556,0.531
10,7,6,10,4,5,0,11,0,2,17,0,12,2,0,18,2,1,1,1,1,1,1,0,1,0,1,5,0,1,1,0,2,1,26.0,11.75,0.416
6,7,2,4,3,5,0,9,1,1,7,13,11,0,0,7,0,1,1,1,3,1,1,0,1,1,1,3,1,1,0,0,2,0,25.333,10.0,0.487
3,2,5,3,1,1,0,5,0,1,2,2,4,0,0,3,2,1,1,1,2,1,1,0,1,0,1,2,1,1,0,0,1,1,16.5,4.5,0.492
1,4,6,4,1,4,1,5,2,2,10,4,5,5,0,9,0,1,1,1,3,1,1,1,1,1,2,3,1,1,1,0,1,0,21.0,12.667,0.624
5,2,1,4,1,4,1,7,1,4,6,1,4,2,0,7,1,1,1,1,3,1,1,1,1,1,2,4,1,1,1,0,1,1,51.0,38.75,0.693
0,0,1,1,1,1,0,5,0,1,1,6,2,0,0,4,0,0,0,1,1,1,1,0,1,0,1,1,1,1,0,0,1,0,7.667,2.333,0.295
2,2,2,0,1,4,0,7,4,1,7,1,2,2,0,4,0,1,1,1,0,1,1,0,1,1,1,3,1,1,1,0,1,0,13.0,4.667,0.453
4,4,3,2,2,2,0,8,1,2,2,2,9,3,0,5,0,1,1,1,2,1,1,0,1,1,1,2,1,1,1,0,1,0,48.0,14.0,0.51
1,3,1,3,1,1,0,2,0,0,1,1,0,1,0,2,0,1,1,1,1,1,1,0,1,0,0,1,1,0,1,0,1,0,17.0,6.0,0.343
4,2,5,6,1,1,0,4,5,2,9,0,4,4,0,4,0,1,1,1,3,1,1,0,1,1,2,4,0,1,1,0,1,0,17.0,14.0,0.693
1,2,2,2,0,1,0,5,1,1,1,2,1,0,0,1,0,1,1,1,1,0,1,0,1,1,1,1,1,1,0,0,1,0,10.0,8.5,0.632
1,1,6,1,2,2,0,2,2,1,4,0,2,1,0,5,0,1,1,1,1,1,1,0,1,1,1,2,0,1,1,0,2,0,15.0,8.0,0.516
1,2,4,3,1,2,1,2,0,0,4,0,3,1,0,3,0,1,1,1,2,1,1,1,1,0,0,3,0,1,1,0,1,0,13.5,9.0,0.68
6,8,3,3,2,3,0,13,0,2,13,2,8,1,0,11,0,1,1,1,2,1,1,0,1,0,2,5,1,1,1,0,2,0,18.75,12.75,0.653
1,1,2,0,0,3,0,2,0,0,2,3,2,1,0,2,0,1,1,1,0,0,1,0,1,0,0,1,1,1,1,0,1,0,19.0,4.0,0.324
2,5,3,1,1,2,0,5,0,0,2,0,5,0,0,5,0,1,1,1,1,1,1,0,1,0,0,2,0,1,0,0,1,0,31.0,10.0,0.381
2,3,3,1,0,2,1,4,0,0,0,0,1,0,0,2,0,1,1,1,1,0,1,1,1,0,0,0,0,1,0,0,1,0,19.0,2.0,0.324
4,3,5,3,1,2,0,7,0,2,10,2,4,1,0,8,0,1,1,1,2,1,1,0,1,0,1,3,1,1,1,0,2,0,17.333,11.0,0.588
3,6,1,4,1,3,1,6,1,0,6,0,2,1,0,5,0,1,1,1,2,1,1,1,1,1,0,3,0,1,1,0,2,0,8.0,3.6,0.447
1,1,1,4,1,1,0,2,0,1,2,0,1,1,0,1,0,1,1,1,2,1,1,0,1,0,1,1,0,1,1,0,1,0,17.0,17.0,0.686
9,12,8,9,9,8,0,20,3,3,9,10,16,1,0,14,1,1,1,1,2,1,1,0,1,1,1,3,1,1,1,0,1,1,26.4,4.6,0.308
2,4,1,2,4,5,0,10,0,1,3,0,5,0,1,8,0,1,1,1,1,1,1,0,1,0,1,3,0,1,0,1,1,0,22.5,6.0,0.422
3,4,8,2,2,2,0,4,0,2,8,6,4,1,0,6,0,1,1,1,2,1,1,0,1,0,2,3,1,1,1,0,2,0,17.333,12.667,0.686
2,1,0,1,0,0,0,1,0,0,4,1,0,1,0,1,0,1,1,0,1,0,0,0,1,0,0,3,1,0,1,0,1,0,12.0,15.8,1.225
3,4,4,3,1,4,0,8,0,1,6,0,4,1,0,4,0,1,1,1,2,1,1,0,1,0,1,3,0,1,1,0,1,0,21.5,8.5,0.539
1,3,0,1,0,1,0,3,1,0,4,1,0,1,0,5,0,1,1,0,1,0,1,0,1,1,0,2,1,0,1,0,2,0,21.0,10.0,0.463
3,4,2,4,3,4,0,10,0,2,4,1,5,2,0,4,0,1,1,1,2,1,1,0,1,0,2,2,1,1,1,0,1,0,9.6,5.629,0.51
1,1,1,0,0,1,0,6,0,0,0,0,2,0,0,3,0,1,1,1,0,0,1,0,1,0,0,0,0,1,0,0,2,0,7.5,3.5,0.365
0,0,0,0,1,1,0,1,0,0,0,3,5,0,0,1,0,0,0,0,0,1,1,0,1,0,0,0,1,1,0,0,1,0,12.0,0.0,0.204
0,5,0,0,1,0,1,2,2,1,5,3,4,0,0,5,0,0,1,0,0,1,0,1,1,1,1,4,1,1,0,0,1,0,9.667,3.333,0.525
12,22,19,18,8,17,1,36,2,8,27,2,24,8,1,31,2,1,1,1,3,1,1,1,1,1,2,6,1,1,1,1,3,1,23.6,8.7,0.46
17,18,21,17,9,10,0,30,2,8,28,12,21,6,0,15,1,1,1,1,3,1,1,0,1,1,1,5,1,1,1,0,2,1,17.917,14.167,0.434
2,2,1,0,1,0,0,5,2,1,3,0,2,0,2,3,0,1,1,1,0,1,0,0,1,1,1,2,0,0,0,1,1,0,22.0,6.0,0.452
0,4,1,1,0,2,0,4,0,1,1,2,1,0,0,2,0,0,1,1,1,0,1,0,1,0,1,1,1,1,0,0,1,0,9.5,5.0,0.649
0,4,1,1,0,2,0,4,0,1,1,2,1,0,0,2,0,0,1,1,1,0,1,0,1,0,1,1,1,1,0,0,1,0,9.5,5.0,0.649
1,0,1,2,0,0,0,1,0,2,1,0,2,0,0,3,0,1,0,1,1,0,0,0,1,0,2,1,0,1,0,0,1,0,13.0,17.0,0.784
3,5,2,0,1,0,0,4,0,0,0,3,0,0,0,4,0,1,1,1,0,1,0,0,1,0,0,0,1,0,0,0,1,0,22.0,0.0,0.151
2,0,2,1,1,2,0,2,0,2,1,4,2,0,0,2,0,1,0,1,1,1,1,0,1,0,1,1,1,1,0,0,1,0,10.5,4.0,0.463
1,2,3,3,0,1,0,2,0,0,4,2,0,2,0,5,0,1,1,1,1,0,1,0,1,0,0,3,1,0,1,0,1,0,25.0,17.0,0.566
0,2,3,2,2,2,0,9,0,0,4,3,10,2,0,6,0,0,1,1,2,1,1,0,1,0,0,3,1,1,1,0,1,0,15.0,8.333,0.632
2,4,2,2,3,4,2,14,2,6,17,4,2,5,0,15,0,1,1,1,2,1,1,1,1,1,2,5,1,1,1,0,3,0,84.0,93.0,0.617
0,1,3,0,1,1,0,4,0,0,4,7,9,0,1,4,1,0,1,1,0,1,1,0,1,0,0,3,1,1,0,1,1,1,11.667,1.333,0.359
3,2,3,2,0,3,2,6,0,0,7,0,7,0,0,4,0,1,1,1,2,0,1,1,1,0,0,4,0,1,0,0,1,0,13.0,6.667,0.566
1,2,1,0,0,0,0,1,3,0,2,1,2,1,0,2,0,1,1,1,0,0,0,0,1,1,0,2,1,1,1,0,1,0,16.0,2.0,0.354
6,10,9,8,3,5,0,13,2,4,12,3,12,3,0,12,0,1,1,1,3,1,1,0,1,1,2,3,1,1,1,0,1,0,25.5,12.75,0.42
2,2,1,3,1,1,0,4,0,2,1,0,4,1,0,2,0,1,1,1,2,1,1,0,1,0,1,1,0,1,1,0,1,0,8.0,8.0,0.577
3,1,0,0,1,1,0,1,0,0,2,3,1,0,0,1,0,1,1,0,0,1,1,0,1,0,0,2,1,1,0,0,1,0,14.0,4.0,0.567
2,1,1,0,1,1,0,3,2,1,4,0,3,0,0,4,0,1,1,1,0,1,1,0,1,1,1,3,0,1,0,0,2,0,23.0,20.0,0.59
1,4,1,2,2,5,0,8,0,0,3,11,11,0,0,2,0,1,1,1,1,1,1,0,1,0,0,2,1,1,0,0,1,0,50.0,10.0,0.4
3,4,0,1,1,1,1,10,0,0,1,24,22,0,2,3,1,1,1,0,1,1,1,1,1,0,0,1,1,1,0,1,1,1,35.5,1.0,0.168
7,0,0,0,0,0,0,26,0,0,0,9,26,0,0,2,1,1,0,0,0,0,0,0,1,0,0,0,1,1,0,0,1,1,71.0,0.0,0.084
1,1,1,1,0,1,0,3,1,1,0,0,1,1,0,0,0,1,1,1,1,0,1,0,1,1,1,0,0,1,1,0,0,0,12.0,9.0,0.612
2,1,2,0,1,1,0,3,0,0,1,0,0,0,0,3,0,1,1,1,0,1,1,0,1,0,0,1,0,0,0,0,1,0,14.0,2.0,0.378
2,2,1,0,1,1,0,1,0,0,1,6,4,0,0,1,0,1,1,1,0,1,1,0,1,0,0,1,1,1,0,0,1,0,19.0,2.0,0.324
1,1,0,0,0,0,0,6,0,0,1,0,4,0,0,1,1,1,1,0,0,0,0,0,1,0,0,1,0,1,0,0,1,1,15.0,2.0,0.365
1,0,1,0,0,0,0,1,0,0,0,17,11,0,2,0,1,1,0,1,0,0,0,0,1,0,0,0,1,1,0,1,0,1,32.0,0.0,0.125
1,2,2,0,3,3,1,10,0,0,4,4,9,0,0,3,0,1,1,1,0,1,1,1,1,0,0,2,1,1,0,0,1,0,14.0,3.333,0.327
2,4,1,1,1,2,0,10,5,1,2,26,27,0,2,1,12,1,1,1,1,1,1,0,1,1,1,2,1,1,0,1,1,1,18.6,1.714,0.22
2,3,5,1,0,3,0,4,0,0,2,2,3,1,0,2,0,1,1,1,1,0,1,0,1,0,0,1,1,1,1,0,1,0,14.0,3.0,0.401
0,3,3,0,1,3,0,3,0,0,1,1,2,0,0,2,0,0,1,1,0,1,1,0,1,0,0,1,1,1,0,0,2,0,9.5,2.5,0.487
1,1,4,3,1,2,0,3,0,1,6,0,2,0,0,5,0,1,1,1,2,1,1,0,1,0,1,3,0,1,0,0,1,0,29.0,28.0,0.788
3,1,1,0,1,1,0,7,0,0,3,2,3,0,1,3,0,1,1,1,0,1,1,0,1,0,0,2,1,1,0,1,1,0,25.0,4.0,0.283
3,4,5,2,1,2,0,4,0,2,3,0,5,0,0,3,0,1,1,1,1,1,1,0,1,0,1,3,0,1,0,0,1,0,11.333,7.667,0.606
7,4,5,3,0,2,1,5,2,0,4,1,3,2,0,4,0,1,1,1,1,0,1,1,1,1,0,3,1,1,1,0,1,0,14.333,7.667,0.539
5,14,4,2,6,6,0,17,0,1,8,10,8,1,0,12,2,1,1,1,1,1,1,0,1,0,1,4,1,1,1,0,2,1,24.0,5.25,0.433
0,1,2,1,0,2,0,3,0,1,3,0,2,0,0,3,0,0,1,1,1,0,1,0,1,0,1,2,0,1,0,0,1,0,9.0,3.0,0.5
0,1,3,0,0,1,0,3,0,0,3,0,1,0,0,3,1,0,1,1,0,0,1,0,1,0,0,1,0,1,0,0,2,1,8.0,6.5,0.53
1,4,0,3,1,3,0,8,1,0,4,1,4,1,0,1,1,1,1,0,1,1,1,0,1,1,0,2,1,1,1,0,1,1,11.0,3.333,0.369
3,4,2,2,2,3,0,11,0,0,4,0,3,2,0,4,0,1,1,1,2,1,1,0,1,0,0,3,0,1,1,0,1,0,20.0,5.5,0.559
0,0,0,1,0,0,0,2,0,1,3,0,2,0,0,3,0,0,0,0,1,0,0,0,1,0,1,2,0,1,0,0,1,0,12.0,4.0,0.612
1,0,1,2,0,1,0,4,0,3,0,0,1,0,0,0,0,1,0,1,2,0,1,0,1,0,2,0,0,1,0,0,0,0,13.0,9.0,0.588
1,2,1,2,2,2,0,5,1,0,2,4,6,0,1,2,0,1,1,1,2,1,1,0,1,1,0,1,1,1,0,1,1,0,15.0,3.0,0.387
3,4,3,9,1,6,0,9,2,1,10,0,4,4,1,6,0,1,1,1,2,1,1,0,1,1,1,5,0,1,1,1,1,0,20.667,12.333,0.539
2,5,3,5,3,6,0,8,2,1,8,0,3,1,1,7,1,1,1,1,2,1,1,0,1,1,1,4,0,1,1,1,2,1,54.0,26.0,0.577
0,0,1,0,0,0,1,1,0,0,1,2,5,0,1,0,0,0,0,1,0,0,0,1,1,0,0,1,1,1,0,1,0,0,5.5,0.0,0.213
0,1,1,0,1,1,0,1,0,0,2,2,2,0,0,0,0,0,1,1,0,1,1,0,1,0,0,1,1,1,0,0,0,0,11.0,0.0,0.213
7,5,4,5,3,4,0,6,1,1,6,2,8,2,0,4,0,1,1,1,2,1,1,0,1,1,1,3,1,1,1,0,1,0,11.6,4.0,0.464
1,0,1,0,0,2,0,3,1,0,3,0,1,1,0,3,0,1,0,1,0,0,1,0,1,1,0,1,0,1,1,0,1,0,8.0,3.0,0.354
8,5,6,3,3,7,0,12,1,1,3,6,9,0,4,3,0,1,1,1,1,1,1,0,1,1,1,2,1,1,0,1,2,0,16.75,4.75,0.346
1,0,2,1,0,2,0,3,0,0,3,0,1,1,0,3,0,1,0,1,1,0,1,0,1,0,0,1,0,1,1,0,1,0,17.0,8.0,0.514
5,10,11,9,6,5,2,18,0,7,18,0,11,3,0,19,1,1,1,1,2,1,1,1,1,0,2,5,0,1,1,0,2,1,25.0,13.2,0.443
16,20,11,19,16,15,1,48,4,6,31,5,24,8,0,24,7,1,1,1,3,1,1,1,1,1,2,7,1,1,1,0,2,1,25.5,13.9,0.487
1,1,0,5,1,2,1,3,1,1,10,1,3,2,0,6,1,1,1,0,2,1,1,1,1,1,1,6,1,1,1,0,1,1,13.0,12.667,0.906
4,2,4,2,2,1,0,5,1,0,4,1,2,1,0,1,0,1,1,1,2,1,1,0,1,1,0,3,1,1,1,0,1,0,30.0,14.0,0.645
14,12,9,3,6,8,0,17,1,4,14,1,10,4,0,14,2,1,1,1,1,1,1,0,1,1,2,6,1,1,1,0,2,1,29.75,14.0,0.583
5,6,5,3,2,6,0,8,1,1,9,1,4,0,0,7,0,1,1,1,2,1,1,0,1,1,1,4,1,1,0,0,2,0,19.333,11.0,0.557
3,1,3,2,2,3,0,6,1,0,8,0,3,3,0,8,2,1,1,1,2,1,1,0,1,1,0,4,0,1,1,0,1,1,15.0,7.833,0.527
1,1,0,1,1,1,0,1,0,1,2,2,3,1,1,3,0,1,1,0,1,1,1,0,1,0,1,2,1,1,1,1,2,0,9.0,6.5,0.667
1,1,1,3,0,0,0,0,1,1,4,1,1,0,0,2,0,1,1,1,2,0,0,0,0,1,1,2,1,1,0,0,2,0,16.0,17.25,0.884
0,1,0,0,0,0,0,2,0,0,0,13,9,0,0,0,0,0,1,0,0,0,0,0,1,0,0,0,1,1,0,0,0,0,25.0,0.0,0.141
3,2,1,2,1,3,0,1,0,1,6,6,1,1,0,6,0,1,1,1,2,1,1,0,1,0,1,2,1,1,1,0,1,0,11.333,6.333,0.485
0,0,1,0,1,0,0,0,0,0,5,0,2,0,0,4,0,0,0,1,0,1,0,0,0,0,0,3,0,1,0,0,1,0,13.0,12.0,0.784
1,2,4,0,3,0,0,3,0,0,3,3,4,0,0,3,0,1,1,1,0,1,0,0,1,0,0,1,1,1,0,0,1,0,13.0,3.0,0.277
3,2,1,2,1,1,0,3,0,1,4,1,4,1,0,2,0,1,1,1,2,1,1,0,1,0,1,3,1,1,1,0,1,0,26.0,23.571,0.832
2,1,3,2,1,2,0,1,0,2,4,2,3,0,0,5,0,1,1,1,2,1,1,0,1,0,2,2,1,1,0,0,2,0,14.0,11.125,0.802
1,5,6,1,2,6,0,12,0,0,6,10,12,1,1,5,2,1,1,1,1,1,1,0,1,0,0,3,1,1,1,1,2,1,17.25,4.75,0.426
6,3,2,4,1,5,0,4,0,1,3,1,2,1,0,4,0,1,1,1,3,1,1,0,1,0,1,2,1,1,1,0,1,0,18.5,11.0,0.581
0,1,0,1,1,0,0,2,0,1,3,3,4,1,0,1,0,0,1,0,1,1,0,0,1,0,1,3,1,1,1,0,1,0,18.0,15.0,1.0
2,3,3,2,0,2,0,1,1,3,1,20,1,0,0,2,12,1,1,1,1,0,1,0,1,1,1,1,1,1,0,0,1,1,17.667,2.0,0.291
4,0,0,0,1,0,0,8,11,0,0,8,10,0,0,0,9,1,0,0,0,1,0,0,1,1,0,0,1,1,0,0,0,1,4.909,0.0,0.096
1,0,0,1,0,1,0,0,0,1,2,0,4,1,0,4,0,1,0,0,1,0,1,0,0,0,1,2,0,1,1,0,1,0,7.5,7.0,0.548
2,1,2,3,1,0,0,1,1,0,3,0,2,0,0,1,0,1,1,1,2,1,0,0,1,1,0,3,0,1,0,0,1,0,17.0,16.0,0.857
1,1,2,1,0,0,0,1,0,1,2,0,2,0,0,2,0,1,1,1,1,0,0,0,1,0,1,2,0,1,0,0,1,0,6.5,6.0,0.784
3,2,4,1,2,3,1,5,0,0,0,2,2,0,0,0,0,1,1,1,1,1,1,1,1,0,0,0,1,1,0,0,0,0,12.5,1.0,0.283
10,8,12,10,4,5,0,13,2,8,17,9,23,3,0,11,1,1,1,1,3,1,1,0,1,1,2,5,1,1,1,0,1,1,22.667,17.262,0.485
2,1,2,5,3,1,0,3,1,1,6,1,1,0,0,5,0,1,1,1,3,1,1,0,1,1,1,4,1,1,0,0,1,0,10.667,8.0,0.75
4,2,5,4,4,1,0,9,0,3,10,0,4,2,0,12,0,1,1,1,2,1,1,0,1,0,1,6,0,1,1,0,1,0,20.0,11.0,0.639
2,8,8,4,2,6,0,11,0,1,8,9,11,2,0,11,1,1,1,1,2,1,1,0,1,0,1,3,1,1,1,0,1,1,16.8,4.8,0.386
0,0,1,2,1,2,1,2,0,2,2,0,4,0,0,2,1,0,0,1,1,1,1,1,1,0,2,2,0,1,0,0,1,1,6.667,4.0,0.632
3,4,5,3,2,1,0,5,1,1,12,5,8,3,0,9,0,1,1,1,2,1,1,0,1,1,1,6,1,1,1,0,2,0,20.667,15.333,0.808
0,1,1,0,1,5,0,4,1,0,1,8,9,0,0,0,0,0,1,1,0,1,1,0,1,1,0,1,1,1,0,0,0,0,11.0,0.667,0.246
1,1,1,1,1,2,0,3,0,1,0,3,2,0,0,2,1,1,1,1,1,1,1,0,1,0,1,0,1,1,0,0,1,1,9.0,3.5,0.333
0,2,1,0,0,2,0,4,0,0,1,1,0,0,0,1,0,0,1,1,0,0,1,0,1,0,0,1,1,0,0,0,1,0,12.0,2.0,0.408
1,0,1,1,2,0,0,0,0,1,1,13,8,0,1,0,0,1,0,1,1,1,0,0,0,0,1,1,1,1,0,1,0,0,28.0,11.0,0.535
0,0,0,3,1,0,0,2,2,0,3,0,2,1,0,3,0,0,0,0,1,1,0,0,1,1,0,2,0,1,1,0,1,0,8.5,6.5,0.686
2,0,0,1,1,2,0,3,0,0,1,2,4,0,0,0,0,1,0,0,1,1,1,0,1,0,0,1,1,1,0,0,0,0,7.5,2.0,0.548
7,15,7,8,2,4,0,12,0,5,21,4,13,1,0,15,2,1,1,1,2,1,1,0,1,0,2,5,1,1,1,0,1,1,19.167,11.0,0.462
0,2,3,3,1,0,0,4,0,1,5,0,3,2,0,3,1,0,1,1,2,1,0,0,1,0,1,3,0,1,1,0,1,1,14.0,13.0,0.802
0,1,2,0,1,1,0,1,0,0,0,7,4,0,0,0,1,0,1,1,0,1,1,0,1,0,0,0,1,1,0,0,0,1,9.0,0.0,0.167
3,2,2,4,3,2,1,7,0,3,5,4,5,1,0,4,0,1,1,1,3,1,1,1,1,0,2,3,1,1,1,0,1,0,23.0,18.5,0.626
3,4,1,3,2,1,0,2,0,1,4,7,3,0,0,2,1,1,1,1,2,1,1,0,1,0,1,2,1,1,0,0,1,1,34.0,20.0,0.606
2,0,1,1,1,0,0,2,0,1,3,0,1,0,0,3,0,1,0,1,1,1,0,0,1,0,1,3,0,1,0,0,1,0,8.0,7.0,0.884
3,2,2,1,2,1,0,3,2,0,4,0,3,1,0,2,0,1,1,1,1,1,1,0,1,1,0,3,0,1,1,0,2,0,26.0,13.0,0.555
3,1,1,1,1,0,0,2,0,0,3,0,3,0,0,0,0,1,1,1,1,1,0,0,1,0,0,1,0,1,0,0,0,0,7.5,1.0,0.365
6,6,4,7,3,5,0,9,0,1,15,1,4,1,0,10,0,1,1,1,2,1,1,0,1,0,1,7,1,1,1,0,1,0,24.0,18.667,0.75
1,1,0,0,0,4,0,9,7,0,0,7,11,1,0,1,9,1,1,0,0,0,1,0,1,1,0,0,1,1,1,0,1,1,6.625,0.0,0.097
8,10,10,6,6,5,0,17,1,5,9,11,14,1,1,6,3,1,1,1,2,1,1,0,1,1,2,4,1,1,1,1,2,1,18.667,6.0,0.401
4,2,3,1,0,4,0,13,9,0,2,7,12,1,0,4,10,1,1,1,1,0,1,0,1,1,0,1,1,1,1,0,1,1,8.222,0.889,0.247
7,3,0,4,2,3,0,7,2,3,8,2,3,0,0,8,0,1,1,0,1,1,1,0,1,1,3,3,1,1,0,0,4,0,51.0,41.25,0.792
3,5,1,4,1,4,0,7,1,4,8,0,4,4,0,6,0,1,1,1,3,1,1,0,1,1,2,4,0,1,1,0,2,0,52.0,49.0,0.686
0,1,2,1,0,3,0,3,0,0,1,1,3,0,0,0,1,0,1,1,1,0,1,0,2,0,0,1,1,1,0,0,0,1,8.0,4.0,0.707
0,1,0,2,0,1,0,6,2,1,3,3,14,1,0,4,3,0,1,0,2,0,1,0,1,1,1,3,1,1,1,0,1,1,13.667,6.333,0.663
5,5,1,0,3,7,0,14,0,1,1,1,4,1,0,7,0,1,1,1,0,1,1,0,1,0,1,1,1,1,1,0,1,0,50.0,6.0,0.2
5,4,2,1,1,4,0,7,1,0,2,0,3,0,0,4,0,1,1,1,1,1,1,0,1,1,0,2,0,1,0,0,2,0,11.333,6.0,0.485
0,2,1,0,0,2,1,4,0,0,4,0,2,0,0,2,0,0,1,1,0,0,1,1,1,0,0,3,0,1,0,0,1,0,9.0,6.0,0.667
0,0,0,1,0,2,0,1,0,0,0,7,5,0,2,0,1,0,0,0,1,0,1,0,1,0,0,0,1,1,0,1,0,1,8.5,1.0,0.343
1,0,1,0,0,1,0,2,0,1,2,0,1,0,0,3,0,1,0,1,0,0,1,0,1,0,1,2,0,1,0,0,1,0,12.0,2.0,0.408
0,1,1,2,1,3,0,5,0,0,8,0,3,1,0,4,0,0,1,1,1,1,1,0,1,0,0,3,0,1,1,0,1,0,9.667,6.667,0.525
3,7,2,7,2,3,0,13,2,1,8,0,8,0,1,4,1,1,1,1,2,1,1,0,1,1,1,4,0,1,0,1,1,1,12.2,5.4,0.543
3,7,3,5,1,7,0,14,1,0,3,0,4,1,0,5,0,1,1,1,2,1,1,0,1,1,0,3,0,1,1,0,1,0,18.0,9.667,0.577
1,1,0,2,1,3,0,3,0,0,1,2,1,1,0,0,0,1,1,0,2,1,1,0,1,0,0,1,1,1,1,0,0,0,16.0,13.0,0.707
2,4,4,6,4,2,0,9,0,1,3,5,4,0,0,6,0,1,1,1,2,1,1,0,1,0,1,2,1,1,0,0,2,0,25.0,9.0,0.4
7,6,6,3,3,3,0,10,1,2,4,1,6,1,1,12,0,1,1,1,2,1,1,0,1,1,1,2,1,1,1,1,1,0,21.667,4.0,0.351
4,2,1,2,0,2,0,7,0,0,2,0,3,1,0,3,1,1,1,1,2,0,1,0,1,0,0,2,0,1,1,0,1,1,14.0,5.0,0.535
2,2,1,2,1,0,1,7,0,2,7,0,2,0,0,6,1,1,1,1,2,1,0,1,1,0,1,3,0,1,0,0,1,1,17.0,31.0,0.728
4,5,0,4,0,3,0,5,0,1,1,3,5,0,0,3,0,1,1,0,3,0,1,0,1,0,1,1,1,1,0,0,1,0,17.0,10.0,0.606
1,2,1,2,0,3,0,6,0,0,2,0,1,1,0,2,0,1,1,1,2,0,1,0,1,0,0,2,0,1,1,0,1,0,21.0,6.0,0.617
0,0,2,2,0,2,0,3,0,2,4,0,0,1,0,3,0,0,0,1,2,0,1,0,1,0,2,3,0,0,1,0,1,0,19.0,29.0,0.973
2,3,0,1,0,2,0,6,0,0,3,1,4,1,0,2,0,1,1,0,1,0,1,0,1,0,0,3,1,1,1,0,2,0,12.5,6.5,0.707
1,3,1,1,0,2,0,4,1,0,2,0,2,1,0,3,0,1,1,1,1,0,1,0,1,1,0,2,0,1,1,0,1,0,10.5,2.0,0.463
15,9,6,6,8,7,0,16,1,1,7,1,12,1,0,5,2,1,1,1,2,1,1,0,1,1,1,5,1,1,1,0,1,1,32.333,11.333,0.503
4,7,3,3,1,7,3,14,0,2,7,20,24,1,0,8,5,1,1,1,1,1,1,1,1,0,1,5,1,1,1,0,3,1,12.111,6.0,0.677
3,5,5,3,4,2,0,6,0,2,3,0,4,0,0,8,0,1,1,1,1,1,1,0,1,0,1,2,0,1,0,0,1,0,15.0,4.0,0.422
0,2,0,1,0,1,0,3,0,1,1,3,4,1,0,3,0,0,1,0,1,0,1,0,1,0,1,1,1,1,1,0,1,0,20.0,2.0,0.316
1,2,2,0,1,2,0,6,0,0,2,0,6,0,1,3,0,1,1,1,0,1,1,0,1,0,0,2,0,1,0,1,1,0,8.333,2.667,0.424
6,7,1,1,3,4,0,11,1,0,1,1,5,0,0,3,1,1,1,1,1,1,1,0,1,1,0,1,1,1,0,0,1,1,44.0,4.0,0.213
4,4,0,0,1,2,0,5,0,0,0,0,1,0,0,1,0,1,1,0,0,1,1,0,1,0,0,0,0,1,0,0,1,0,18.0,0.0,0.167
5,2,4,2,1,2,1,4,0,1,2,1,5,1,0,2,0,1,1,1,1,1,1,1,1,0,1,2,1,1,1,0,1,0,11.0,2.0,0.369
1,5,7,1,2,2,0,4,0,0,3,2,4,0,0,8,0,1,1,1,1,1,1,0,1,0,0,3,1,1,0,0,2,0,19.5,5.5,0.566
0,0,0,1,0,1,0,4,0,0,2,1,2,0,0,1,0,0,0,0,1,0,1,0,1,0,0,2,1,1,0,0,1,0,11.0,5.0,0.64
2,2,7,2,2,0,0,8,2,3,6,0,5,1,1,9,1,1,1,1,2,1,0,0,1,1,2,2,0,1,1,1,1,1,12.5,6.188,0.5
0,2,0,1,0,0,0,1,0,0,0,4,6,0,0,2,1,0,1,0,1,0,0,0,1,0,0,0,1,1,0,0,1,1,8.5,1.0,0.343
2,0,4,1,1,2,0,4,0,0,2,1,2,1,0,2,0,1,0,1,1,1,1,0,1,0,0,2,1,1,1,0,1,0,11.0,4.5,0.603
2,4,0,0,2,0,0,6,0,1,2,2,8,0,0,8,0,1,1,0,0,1,0,0,1,0,1,2,1,1,0,0,1,0,35.0,2.0,0.239
3,3,0,1,0,1,2,2,0,0,3,0,5,0,0,2,0,1,1,0,1,0,1,1,1,0,0,2,0,1,0,0,1,0,7.333,2.667,0.452
3,2,1,0,0,1,0,4,0,0,0,0,1,0,0,1,0,1,1,1,0,0,1,0,1,0,0,0,0,1,0,0,1,0,13.0,0.0,0.196
2,4,3,3,0,3,0,4,0,1,5,0,3,1,0,5,0,1,1,1,1,0,1,0,1,0,1,4,0,1,1,0,1,0,34.0,13.0,0.606
3,4,1,2,2,2,0,10,0,1,3,0,6,0,0,2,0,1,1,1,1,1,1,0,1,0,1,2,0,1,0,0,1,0,37.0,4.0,0.232
1,1,0,1,0,1,0,2,0,1,3,2,3,0,0,2,0,1,1,0,1,0,1,0,1,0,1,3,1,1,0,0,1,0,17.0,16.0,0.857
1,0,0,1,1,0,0,1,0,0,1,5,3,0,0,0,0,1,0,0,1,1,0,0,1,0,0,1,1,1,0,0,0,0,13.0,4.0,0.588
9,9,5,5,2,9,0,14,1,1,10,3,9,2,0,13,0,1,1,1,2,1,1,0,1,1,1,6,1,1,1,0,3,0,23.25,12.0,0.66
0,2,0,2,0,0,0,6,0,1,1,0,0,0,0,2,1,0,1,0,1,0,0,0,1,0,1,1,0,0,0,0,1,1,15.0,9.0,0.548
2,0,1,2,0,0,0,2,0,2,1,1,1,0,0,2,0,1,0,1,1,0,0,0,1,0,2,1,1,1,0,0,1,0,14.0,9.0,0.567
2,0,0,1,0,0,0,1,0,0,2,2,4,0,0,1,0,1,0,0,1,0,0,0,1,0,0,2,1,1,0,0,1,0,6.5,5.0,0.784
1,4,1,3,1,0,0,4,0,1,5,0,2,1,0,3,0,1,1,1,2,1,0,0,1,0,1,3,0,1,1,0,1,0,13.0,10.5,0.832
8,3,3,6,5,3,0,11,0,0,19,0,10,5,0,11,0,1,1,1,2,1,1,0,1,0,0,4,0,1,1,0,3,0,21.0,12.75,0.463
0,0,0,1,0,1,1,1,0,1,2,0,2,0,0,2,0,0,0,0,1,0,1,1,1,0,1,2,0,1,0,0,1,0,5.5,6.5,0.64
5,4,3,2,1,2,0,5,0,1,9,1,10,2,0,8,1,1,1,1,1,1,1,0,1,0,1,5,1,1,1,0,2,1,10.8,4.4,0.674
3,2,2,0,1,3,0,5,0,0,4,0,5,0,0,3,0,1,1,1,0,1,1,0,1,0,0,3,0,1,0,0,2,0,14.0,7.5,0.535
3,1,2,0,1,0,0,6,0,0,0,0,4,0,0,2,0,1,1,1,0,1,0,0,1,0,0,0,0,1,0,0,1,0,19.0,0.0,0.162
1,0,1,1,1,1,0,4,0,0,1,0,0,1,0,2,0,1,0,1,1,1,1,0,1,0,0,1,0,0,1,0,1,0,13.0,6.0,0.588
2,1,1,5,1,3,0,4,0,3,2,0,3,0,0,5,0,1,1,1,2,1,1,0,1,0,2,2,0,1,0,0,1,0,7.5,6.5,0.645
10,10,5,8,6,3,0,12,1,5,18,1,11,1,0,9,1,1,1,1,3,1,1,0,1,1,2,5,1,1,1,0,2,1,25.0,21.0,0.566
6,5,8,8,8,6,0,18,1,3,18,3,18,3,2,9,1,1,1,1,2,1,1,0,1,1,1,6,1,1,1,1,1,1,16.429,11.0,0.528
0,1,1,1,1,1,0,2,1,0,1,0,2,0,0,1,0,0,1,1,1,1,1,0,1,1,0,1,0,1,0,0,1,0,12.0,2.0,0.408
1,4,0,1,1,1,0,4,0,1,3,0,1,0,0,4,0,1,1,0,1,1,1,0,1,0,1,3,0,1,0,0,2,0,21.0,21.25,0.926
1,0,0,1,0,1,0,1,0,1,3,0,0,1,0,2,0,1,0,0,1,0,1,0,1,0,1,2,0,0,1,0,1,0,11.0,11.0,0.64
0,4,0,1,0,2,2,3,0,0,1,4,2,0,0,4,0,0,1,0,1,0,1,1,1,0,0,1,1,1,0,0,2,0,11.5,4.5,0.442
1,0,4,1,0,1,0,2,0,1,2,0,2,0,0,2,0,1,0,1,1,0,1,0,1,0,1,2,0,1,0,0,1,0,16.0,4.0,0.53
2,1,0,0,1,0,1,2,0,0,1,0,3,0,0,0,2,1,1,0,0,1,0,1,1,0,0,1,0,1,0,0,0,1,6.5,3.5,0.392
2,0,2,3,0,0,0,1,0,3,3,0,2,0,0,2,0,1,0,1,2,0,0,0,1,0,2,3,0,1,0,0,1,0,9.0,16.5,1.0
0,2,1,0,2,1,0,4,0,0,0,1,0,0,0,2,0,0,1,1,0,1,1,0,1,0,0,0,1,0,0,0,1,0,13.0,0.0,0.196
4,5,3,7,3,4,0,10,1,0,10,3,5,2,0,10,0,1,1,1,3,1,1,0,1,1,0,3,1,1,1,0,2,0,16.75,9.5,0.432
1,1,1,1,1,1,1,1,0,0,3,0,2,0,0,4,0,1,1,1,1,1,1,1,1,0,0,2,0,1,0,0,2,0,8.5,8.0,0.857
3,2,5,5,2,0,0,2,0,4,10,0,2,1,0,6,0,1,1,1,3,1,0,0,1,0,2,5,0,1,1,0,1,0,42.0,42.0,0.873
8,11,8,10,4,15,0,41,3,10,10,2,28,2,1,20,7,1,1,1,3,1,1,0,1,1,2,4,1,1,1,1,2,1,29.833,12.458,0.423
4,0,1,2,1,0,0,1,0,0,2,0,1,1,0,2,0,1,0,1,1,1,0,0,1,0,0,2,0,0,1,0,1,0,14.0,6.0,0.567
0,2,2,1,0,2,0,4,0,1,3,0,2,1,0,3,0,0,1,1,1,0,1,0,1,0,1,3,0,1,1,0,1,0,21.0,14.5,0.617
1,3,3,3,2,1,0,8,0,0,7,0,7,1,0,5,1,1,1,1,1,1,1,0,1,0,0,4,0,1,1,0,1,1,14.0,4.0,0.436
1,2,1,0,0,1,0,2,0,0,0,0,2,0,0,2,0,1,1,1,0,0,1,0,1,0,0,0,0,1,0,0,1,0,11.0,0.0,0.213
1,1,0,0,1,1,0,2,1,1,3,1,2,1,0,2,0,1,1,0,0,1,1,0,1,1,1,3,1,1,1,0,2,0,5.667,5.0,0.686
4,2,0,3,1,2,0,6,0,0,1,3,2,0,0,0,0,1,1,0,2,1,1,0,1,0,0,1,1,1,0,0,0,0,24.0,9.0,0.433
3,3,0,5,1,1,0,11,0,0,3,2,5,3,0,5,0,1,1,0,2,1,1,0,1,0,0,2,1,1,1,0,1,0,10.5,5.5,0.436
2,4,3,1,3,1,0,8,0,0,4,4,4,4,0,6,0,1,1,1,1,1,1,0,1,0,0,2,1,1,1,0,1,0,23.0,5.0,0.417
7,10,7,4,3,3,1,11,0,1,15,1,5,3,0,9,1,1,1,1,2,1,1,1,1,0,1,7,1,1,1,0,2,1,27.0,15.0,0.707
6,5,8,2,5,5,0,13,1,1,8,7,13,1,0,7,2,1,1,1,2,1,1,0,1,1,1,3,1,1,1,0,1,1,14.0,3.5,0.386
5,5,4,0,1,1,0,12,0,1,1,0,3,1,0,9,0,1,1,1,0,1,1,0,1,0,1,1,0,1,1,0,2,0,14.333,3.0,0.323
1,2,1,0,3,2,0,5,0,0,1,4,0,0,0,3,0,1,1,1,0,1,1,0,1,0,0,1,1,0,0,0,1,0,22.0,0.0,0.151
3,0,0,1,1,2,0,3,0,1,1,0,0,0,0,0,0,1,0,0,1,1,1,0,1,0,1,1,0,0,0,0,0,0,12.0,2.0,0.408
5,3,5,3,4,2,0,12,0,1,4,0,3,2,0,5,0,1,1,1,2,1,1,0,1,0,1,3,0,1,1,0,1,0,49.0,14.0,0.404
1,2,1,0,0,2,0,5,1,0,0,0,2,0,0,2,0,1,1,1,0,0,1,0,1,1,0,0,0,1,0,0,2,0,15.0,7.0,0.365
3,0,2,0,0,0,0,2,0,0,1,1,3,0,0,1,1,1,0,1,0,0,0,0,1,0,0,1,1,1,0,0,1,1,14.0,2.0,0.378
3,3,0,2,2,2,0,5,0,1,6,0,3,1,0,4,0,1,1,0,2,1,1,0,1,0,1,3,0,1,1,0,1,0,32.0,35.571,0.75
4,7,6,5,2,7,0,20,0,7,8,0,7,2,0,12,1,1,1,1,2,1,1,0,1,0,2,6,0,1,1,0,2,1,17.6,9.0,0.678
3,9,5,6,3,7,1,12,0,4,13,1,10,1,0,11,2,1,1,1,2,1,1,1,1,0,1,5,1,1,1,0,1,1,14.5,14.0,0.531
8,10,10,8,6,13,1,27,1,10,13,4,18,4,0,23,7,1,1,1,2,1,1,1,1,1,2,8,1,1,1,0,2,1,17.667,5.778,0.617
2,2,1,3,0,3,0,5,0,1,3,0,4,0,0,3,0,1,1,1,2,0,1,0,1,0,1,3,0,1,0,0,1,0,13.5,10.5,0.816
1,1,0,1,0,1,0,6,1,2,1,1,1,0,0,3,0,1,1,0,1,0,1,0,1,1,2,1,1,0,0,0,2,0,18.0,26.75,1.0
3,4,2,2,3,2,0,5,0,3,7,1,4,0,0,6,0,1,1,1,1,1,1,0,1,0,2,4,1,1,0,0,1,0,21.0,11.0,0.655
1,1,0,0,0,1,0,3,13,0,2,17,12,0,0,0,9,1,1,0,0,0,1,0,1,1,0,2,1,1,0,0,0,1,5.455,0.364,0.183
1,1,2,4,1,2,1,4,0,3,7,0,6,1,0,8,0,1,1,1,2,1,1,1,1,0,2,4,0,1,1,0,1,0,20.5,22.0,0.773
4,8,2,4,3,5,1,15,1,2,7,2,1,2,0,7,0,1,1,1,2,1,1,1,1,1,1,4,1,1,1,0,2,0,32.0,12.5,0.53
3,2,3,6,3,2,1,10,0,3,13,0,5,2,0,9,0,1,1,1,2,1,1,1,1,0,1,7,0,1,1,0,2,0,31.0,32.5,0.898
5,10,4,4,5,5,1,20,0,0,16,0,3,2,0,12,0,1,1,1,3,1,1,1,1,0,0,6,0,1,1,0,3,0,43.5,25.0,0.682
3,10,2,4,1,3,0,16,0,2,10,1,6,2,0,12,0,1,1,1,2,1,1,0,1,0,2,5,1,1,1,0,1,0,36.0,29.0,0.667
6,4,7,9,1,1,0,8,0,5,15,0,6,5,0,13,1,1,1,1,2,1,1,0,1,0,2,5,0,1,1,0,1,1,20.25,16.25,0.55
0,1,0,1,1,2,0,4,0,2,1,0,2,1,0,3,0,0,1,0,1,1,1,0,1,0,2,1,0,1,1,0,2,0,18.0,20.0,0.667
6,3,1,2,2,4,1,5,0,1,5,0,4,1,0,4,0,1,1,1,1,1,1,1,1,0,1,3,0,1,1,0,1,0,13.0,3.333,0.34
7,4,4,4,1,4,1,11,1,0,10,0,7,2,0,11,0,1,1,1,2,1,1,1,1,1,0,5,0,1,1,0,2,0,33.5,12.5,0.605
4,1,6,4,0,0,0,4,0,4,5,0,3,4,0,7,0,1,1,1,2,0,0,0,1,0,2,3,0,1,1,0,1,0,20.5,11.5,0.663
9,8,6,6,5,8,0,21,3,1,9,2,4,2,1,10,0,1,1,1,2,1,1,0,1,1,1,4,1,1,1,1,1,0,23.5,7.0,0.438
3,6,7,3,4,0,0,4,1,2,8,1,2,0,1,5,0,1,1,1,1,1,0,0,1,1,1,4,1,1,0,1,1,0,15.333,11.667,0.626
4,4,4,4,3,4,0,8,0,4,9,0,8,4,0,9,0,1,1,1,1,1,1,0,1,0,2,3,0,1,1,0,1,0,16.25,10.5,0.439
2,6,4,4,0,4,1,6,0,1,9,2,4,2,0,10,0,1,1,1,2,0,1,1,1,0,1,4,1,1,1,0,2,0,13.75,9.25,0.572
6,4,8,2,0,2,1,10,0,3,9,0,2,0,0,10,0,1,1,1,2,0,1,1,1,0,1,6,0,1,0,0,2,0,28.5,20.0,0.656
1,7,2,1,2,5,3,9,1,0,2,4,1,2,0,5,0,1,1,1,1,1,1,1,1,1,0,2,1,1,1,0,1,0,22.5,4.5,0.316
0,0,0,3,0,2,0,5,0,1,3,1,0,0,0,2,0,0,0,0,2,0,1,0,1,0,1,2,1,0,0,0,1,0,17.0,23.0,1.029
2,1,1,3,0,1,1,3,0,0,3,1,1,1,0,0,0,1,1,1,1,0,1,1,1,0,0,2,1,1,1,0,0,0,9.0,7.0,0.667
3,0,0,3,2,1,0,3,0,3,7,0,3,2,0,4,0,1,0,0,2,1,1,0,1,0,2,4,0,1,1,0,1,0,31.0,33.0,0.762
2,3,2,5,1,3,2,6,0,3,9,0,5,1,0,7,0,1,1,1,3,1,1,1,1,0,2,5,0,1,1,0,1,0,16.333,20.667,0.909
6,3,7,7,2,8,2,16,3,7,7,1,6,4,1,7,0,1,1,1,2,1,1,1,1,1,2,4,1,1,1,1,2,0,28.667,17.0,0.534
2,3,2,4,0,3,0,5,1,1,4,5,5,0,0,4,0,1,1,1,2,0,1,0,1,1,1,3,1,1,0,0,2,0,13.0,6.0,0.679
0,5,0,0,4,0,0,9,2,0,2,19,5,0,0,2,11,0,1,0,0,1,0,0,1,1,0,2,1,1,0,0,1,1,59.0,2.0,0.184
11,15,15,8,4,10,2,23,14,4,22,1,17,4,6,13,0,1,1,1,2,1,1,1,1,1,2,8,1,1,1,1,2,0,20.375,10.75,0.609
4,4,0,2,2,0,1,3,7,0,3,1,5,3,2,4,1,1,1,0,2,1,0,1,1,1,0,3,1,1,1,1,1,1,39.0,8.0,0.453
1,6,1,1,4,7,0,8,0,2,3,29,14,0,0,5,11,1,1,1,1,1,1,0,1,0,1,2,1,1,0,0,2,1,91.0,11.0,0.222
2,0,0,2,1,0,0,1,0,0,4,0,3,0,0,2,0,1,0,0,2,1,0,0,1,0,0,2,0,1,0,0,2,0,5.0,6.667,0.913
11,6,3,10,3,7,0,21,4,1,13,4,8,5,3,7,0,1,1,1,2,1,1,0,1,1,1,4,1,1,1,1,1,0,34.0,20.0,0.35
10,12,6,7,4,8,0,17,0,2,16,2,8,1,0,12,0,1,1,1,3,1,1,0,1,0,2,6,1,1,1,0,2,0,17.333,14.333,0.624
2,2,3,1,0,0,0,2,4,1,3,9,13,1,1,2,5,1,1,1,1,0,0,0,1,1,1,2,1,1,1,1,1,1,16.0,6.0,0.408
4,5,2,2,2,4,0,9,7,1,1,22,4,1,1,7,11,1,1,1,2,1,1,0,1,1,1,1,1,1,1,1,1,1,82.0,4.0,0.234
2,0,1,0,1,0,0,1,0,0,2,2,2,0,0,2,1,1,0,1,0,1,0,0,1,0,0,2,1,1,0,0,1,1,13.0,2.0,0.392
1,1,1,1,0,1,0,2,2,0,1,1,1,0,0,1,0,1,1,1,1,0,1,0,1,1,0,1,1,1,0,0,1,0,13.0,4.0,0.588
1,1,0,1,1,0,0,1,0,1,4,0,0,0,0,2,0,1,1,0,1,1,0,0,1,0,1,3,0,0,0,0,1,0,6.0,7.0,0.816
1,1,0,0,1,1,0,6,1,0,0,1,3,0,0,1,0,1,1,0,0,1,1,0,1,1,0,0,1,1,0,0,1,0,16.0,0.0,0.177
2,3,2,3,0,5,1,17,3,0,3,0,24,0,0,3,3,1,1,1,2,0,1,1,1,1,0,2,0,1,0,0,2,1,16.5,5.75,0.435
2,0,4,0,1,0,0,3,0,1,4,0,3,1,1,6,0,1,0,1,0,1,0,0,1,0,1,3,0,1,1,1,1,0,12.5,3.0,0.424
6,10,2,4,5,10,1,17,0,3,7,0,1,4,1,11,0,1,1,1,2,1,1,1,1,0,2,3,0,0,1,1,2,0,81.0,26.25,0.471
1,4,3,3,1,1,0,2,1,1,3,1,2,0,0,3,1,1,1,1,3,1,1,0,1,1,1,1,1,1,0,0,1,1,9.0,9.25,0.816
2,5,3,5,1,3,1,3,5,2,7,0,8,1,1,8,1,1,1,1,1,1,1,1,1,1,1,3,0,1,1,1,1,1,27.5,16.0,0.381
1,3,3,4,2,1,0,1,4,4,10,0,2,4,0,7,0,1,1,1,3,1,1,0,1,1,2,5,0,1,1,0,1,0,46.0,59.75,0.938
0,5,2,5,1,4,1,9,2,1,6,1,3,2,0,7,1,0,1,1,2,1,1,1,1,1,1,4,1,1,1,0,1,1,12.5,10.0,0.6
5,10,3,10,4,9,0,15,3,3,12,1,8,2,0,8,1,1,1,1,3,1,1,0,1,1,2,5,1,1,1,0,2,1,47.0,44.0,0.656
7,4,2,7,2,5,1,8,2,1,10,0,9,2,1,4,1,1,1,1,1,1,1,1,1,1,1,5,0,1,1,1,1,1,32.5,20.5,0.614
3,8,2,5,1,4,1,10,0,2,13,0,3,1,1,7,0,1,1,1,2,1,1,1,1,0,1,6,0,1,1,1,3,0,30.0,28.0,0.913
2,5,4,6,2,3,1,2,4,1,4,1,6,0,0,6,1,1,1,1,2,1,1,1,1,1,1,3,1,1,0,0,1,1,16.0,11.667,0.612
2,5,3,3,1,5,0,9,2,1,9,0,2,0,0,6,0,1,1,1,2,1,1,0,1,1,1,5,0,1,0,0,2,0,24.0,22.5,0.816
0,4,4,2,1,3,1,8,1,1,7,2,2,1,0,4,0,0,1,1,1,1,1,1,1,1,1,3,1,1,1,0,2,0,10.25,10.5,0.663
3,5,4,5,1,3,0,8,2,4,12,1,5,4,0,13,0,1,1,1,3,1,1,0,1,1,2,5,1,1,1,0,2,0,17.5,16.875,0.845
1,4,1,5,1,2,1,5,1,3,6,0,2,1,0,6,0,1,1,1,3,1,1,1,1,1,2,3,0,1,1,0,1,0,13.0,11.0,0.679
8,2,5,11,2,2,0,3,0,6,6,0,6,2,0,6,0,1,1,1,3,1,1,0,1,0,2,3,0,1,1,0,1,0,19.667,12.667,0.552
0,1,2,1,2,1,0,4,1,1,5,1,6,0,0,5,1,0,1,1,1,1,1,0,1,1,1,5,1,1,0,0,2,1,15.5,10.5,0.889
6,12,6,5,4,6,0,19,1,5,9,0,12,2,1,12,1,1,1,1,3,1,1,0,1,1,2,5,0,1,1,1,2,1,24.75,14.25,0.64
6,4,7,3,1,4,1,7,0,0,8,0,2,3,0,7,0,1,1,1,2,1,1,1,1,0,0,4,0,1,1,0,1,0,17.667,13.0,0.486
1,4,3,2,2,1,0,1,1,0,6,3,7,4,0,6,0,1,1,1,1,1,1,0,1,1,0,4,1,1,1,0,2,0,20.5,9.0,0.663
1,2,4,2,1,1,1,2,2,0,8,0,5,0,0,4,1,1,1,1,1,1,1,1,1,1,0,4,0,1,0,0,1,1,11.333,5.0,0.606
11,8,8,3,1,6,0,13,1,0,13,1,5,2,0,11,0,1,1,1,2,1,1,0,1,1,0,5,1,1,1,0,1,0,20.75,11.5,0.466
2,4,3,2,0,2,0,5,3,3,5,0,4,2,0,7,0,1,1,1,1,0,1,0,1,1,1,3,0,1,1,0,1,0,21.0,8.0,0.436
0,2,1,1,2,1,0,2,0,0,5,3,2,2,0,1,0,0,1,1,1,1,1,0,1,0,0,4,1,1,1,0,1,0,22.0,10.0,0.754
5,4,5,3,1,3,0,7,0,2,5,0,3,1,1,4,0,1,1,1,2,1,1,0,1,0,2,3,0,1,1,1,1,0,21.5,15.0,0.539
1,8,2,4,2,6,0,9,0,0,5,1,9,1,0,1,2,1,1,1,1,1,1,0,1,0,0,4,1,1,1,0,1,1,17.0,7.667,0.594
4,3,2,2,1,3,0,10,0,0,5,1,3,1,0,3,0,1,1,1,1,1,1,0,1,0,0,5,1,1,1,0,1,0,19.0,7.0,0.688
0,0,0,0,0,0,0,1,8,0,0,4,7,0,4,3,3,0,0,0,0,0,0,0,1,1,0,0,1,1,0,1,1,1,8.667,0.0,0.139
3,4,2,3,2,2,0,4,3,1,8,0,9,2,1,8,1,1,1,1,2,1,1,0,1,1,1,3,0,1,1,1,1,1,13.0,7.0,0.49
1,2,4,4,1,4,1,5,0,1,5,1,5,0,0,4,0,1,1,1,3,1,1,1,1,0,1,4,1,1,0,0,1,0,12.667,10.667,0.803
1,2,2,2,0,1,1,2,1,2,5,0,4,1,0,4,0,1,1,1,2,0,1,1,1,1,2,2,0,1,1,0,1,0,14.0,9.375,0.668
8,10,5,5,3,2,0,12,7,1,9,1,3,4,1,13,0,1,1,1,2,1,1,0,1,1,1,7,1,1,1,1,2,0,20.75,9.25,0.699
2,5,4,2,1,4,0,6,0,1,4,0,3,0,0,5,1,1,1,1,1,1,1,0,1,0,1,3,0,1,0,0,1,1,19.0,12.5,0.574
6,3,1,1,1,4,0,7,0,1,6,2,2,3,0,5,0,1,1,1,1,1,1,0,1,0,1,4,1,1,1,0,2,0,21.0,8.5,0.655
2,4,2,1,0,3,0,4,0,0,2,1,0,1,0,1,0,1,1,1,1,0,1,0,1,0,0,2,1,0,1,0,1,0,21.0,10.0,0.617
2,2,1,3,0,1,0,4,3,1,7,0,5,3,1,6,1,1,1,1,2,0,1,0,1,1,1,5,0,1,1,1,1,1,13.0,10.667,0.793
8,7,5,4,2,3,1,9,2,5,15,1,11,5,0,14,0,1,1,1,3,1,1,1,1,1,2,5,1,1,1,0,4,0,15.333,10.5,0.663
3,1,3,0,0,0,3,5,0,0,10,0,5,2,0,8,0,1,1,1,0,0,0,1,1,0,0,4,0,1,1,0,1,0,8.0,4.6,0.447
5,8,9,6,4,3,0,5,0,3,13,4,8,1,0,12,2,1,1,1,4,1,1,0,1,0,2,4,1,1,1,0,1,1,27.667,18.0,0.621
1,5,3,5,1,3,0,8,1,3,11,0,4,5,0,8,0,1,1,1,2,1,1,0,1,1,2,6,0,1,1,0,1,0,29.0,29.0,0.743
6,2,1,9,2,1,0,11,1,2,8,0,13,4,0,5,0,1,1,1,3,1,1,0,1,1,1,4,0,1,1,0,1,0,16.5,12.25,0.609
1,2,1,1,1,2,0,1,2,0,1,0,1,0,0,2,0,1,1,1,1,1,1,0,1,1,0,1,0,1,0,0,1,0,15.0,4.0,0.548
2,5,4,1,2,1,0,1,2,0,4,0,3,0,1,5,1,1,1,1,1,1,1,0,1,1,0,2,0,1,0,1,1,1,15.5,2.0,0.381
6,6,6,4,4,10,1,12,3,0,5,0,4,0,0,4,0,1,1,1,1,1,1,1,1,1,0,2,0,1,0,0,2,0,21.667,5.0,0.351
0,4,1,1,0,3,1,3,1,0,1,5,2,0,0,1,0,0,1,1,1,0,1,1,1,1,0,1,1,1,0,0,1,0,23.0,5.0,0.442
2,0,5,5,1,2,0,2,0,0,5,0,3,1,0,3,0,1,0,1,2,1,1,0,1,0,0,2,0,1,1,0,1,0,7.25,5.0,0.525
2,2,0,4,0,1,0,2,2,1,6,0,5,2,1,3,0,1,1,0,4,0,1,0,1,1,1,5,0,1,1,1,1,0,30.0,41.5,1.162
1,3,2,1,1,2,0,1,2,0,2,1,1,0,0,2,0,1,1,1,1,1,1,0,1,1,0,1,1,1,0,0,1,0,19.0,6.0,0.487
1,4,2,0,1,1,0,5,3,0,4,0,4,0,1,3,0,1,1,1,0,1,1,0,1,1,0,3,0,1,0,1,1,0,28.0,12.0,0.535
5,6,7,3,3,4,0,7,1,1,11,7,9,1,0,11,1,1,1,1,2,1,1,0,1,1,1,5,1,1,1,0,1,1,39.0,15.375,0.56
1,1,3,2,0,0,1,2,0,1,2,0,1,0,0,4,0,1,1,1,2,0,0,1,1,0,1,1,0,1,0,0,1,0,18.0,13.0,0.667
1,3,4,1,2,3,0,4,1,0,4,2,2,0,0,5,0,1,1,1,1,1,1,0,1,1,0,2,1,1,0,0,1,0,16.0,4.0,0.375
0,0,2,2,2,0,0,0,1,0,3,4,0,0,0,2,0,0,0,1,1,1,0,0,0,1,0,2,1,0,0,0,1,0,16.0,4.0,0.354
2,2,0,2,2,2,0,6,0,1,1,0,3,0,0,3,0,1,1,0,2,1,1,0,1,0,1,1,0,1,0,0,2,0,24.0,12.0,0.577
4,4,5,5,3,3,0,5,1,3,9,3,3,2,0,5,0,1,1,1,3,1,1,0,1,1,2,4,1,1,1,0,2,0,18.333,19.25,0.763
3,5,2,2,1,4,1,8,1,3,6,1,3,1,0,6,0,1,1,1,2,1,1,1,1,1,2,6,1,1,1,0,3,0,47.0,31.25,0.928
10,8,5,7,4,3,0,9,2,3,3,11,8,1,0,6,0,1,1,1,3,1,1,0,1,1,1,3,1,1,1,0,1,0,26.333,5.167,0.398
1,2,0,0,1,2,0,4,0,0,0,4,1,0,0,2,0,1,1,0,0,1,1,0,1,0,0,0,1,1,0,0,1,0,17.0,0.0,0.171
0,1,1,2,0,1,0,3,0,0,3,3,1,2,0,2,0,0,1,1,1,0,1,0,1,0,0,2,1,1,1,0,1,0,9.5,6.0,0.649
2,2,2,2,1,1,0,2,1,0,4,0,2,0,0,2,0,1,1,1,2,1,1,0,1,1,0,2,0,1,0,0,1,0,10.5,3.0,0.463
2,2,1,1,1,3,0,4,0,3,8,0,2,2,0,9,0,1,1,1,1,1,1,0,1,0,2,4,0,1,1,0,1,0,12.667,12.0,0.688
1,2,0,1,0,2,1,4,1,0,1,0,1,0,0,3,0,1,1,0,1,0,1,1,1,1,0,1,0,1,0,0,1,0,8.5,2.0,0.514
2,1,2,4,1,1,0,3,0,1,2,4,1,1,0,2,1,1,1,1,2,1,1,0,1,0,1,2,1,1,1,0,2,1,26.0,23.0,0.832
0,1,0,3,0,1,0,1,0,2,1,0,0,1,0,2,0,0,1,0,1,0,1,0,1,0,1,1,0,0,1,0,1,0,12.0,20.0,0.612
6,5,2,10,1,8,1,18,1,5,15,1,11,3,0,15,3,1,1,1,2,1,1,1,1,1,1,5,1,1,1,0,1,1,11.667,7.222,0.414
2,1,1,0,0,1,0,6,0,0,0,2,2,1,0,3,2,1,1,1,0,0,1,0,1,0,0,0,1,1,1,0,2,1,7.0,2.333,0.309
3,5,8,6,1,3,1,8,1,1,9,0,4,1,0,9,1,1,1,1,1,1,1,1,1,1,1,5,0,1,1,0,1,1,12.2,6.4,0.543
0,2,1,2,1,0,0,1,1,1,5,0,2,0,0,3,0,0,1,1,2,1,0,0,1,1,1,3,0,1,0,0,1,0,19.0,15.0,0.811
3,5,7,5,1,3,0,8,0,3,7,0,5,0,0,5,1,1,1,1,2,1,1,0,1,0,2,4,0,1,0,0,1,1,13.5,9.0,0.577
6,6,6,5,1,4,0,8,3,0,6,1,7,2,1,2,0,1,1,1,2,1,1,0,1,1,0,4,1,1,1,1,1,0,28.5,8.0,0.468
1,2,4,4,1,1,0,2,1,0,6,1,2,1,0,3,1,1,1,1,2,1,1,0,1,1,0,3,1,1,1,0,1,1,15.0,11.0,0.645
2,3,1,3,1,2,0,5,0,3,3,0,2,0,0,4,0,1,1,1,2,1,1,0,1,0,2,1,0,1,0,0,1,0,29.0,18.0,0.394
2,10,4,9,3,5,0,8,3,3,16,4,7,3,0,11,1,1,1,1,4,1,1,0,1,1,2,5,1,1,1,0,1,1,29.667,22.667,0.675
1,0,3,1,2,2,0,4,1,0,3,0,1,1,0,4,0,1,0,1,1,1,1,0,1,1,0,2,0,1,1,0,1,0,23.0,6.0,0.295
3,4,1,2,5,2,0,8,0,0,5,0,4,1,0,5,0,1,1,1,1,1,1,0,1,0,0,3,0,1,1,0,2,0,40.0,34.0,0.559
5,9,7,4,6,5,0,20,3,5,15,0,11,2,0,16,2,1,1,1,2,1,1,0,1,1,2,3,0,1,1,0,2,1,22.0,9.8,0.472
3,4,2,3,0,1,0,2,0,0,9,1,1,1,0,3,0,1,1,1,2,0,1,0,1,0,0,3,1,1,1,0,2,0,30.0,19.0,0.645
2,3,0,4,1,3,1,8,1,0,6,0,1,3,0,7,0,1,1,0,3,1,1,1,1,1,0,4,0,1,1,0,2,0,20.0,13.375,0.783
2,1,4,1,0,0,1,1,0,0,3,0,3,0,1,2,0,1,1,1,1,0,0,1,1,0,0,2,0,1,0,1,1,0,6.0,3.0,0.5
5,4,5,6,2,1,0,4,0,3,10,0,3,5,0,7,0,1,1,1,2,1,1,0,1,0,2,3,0,1,1,0,1,0,13.75,11.0,0.667
6,1,3,6,3,3,0,4,0,1,4,2,5,1,0,3,0,1,1,1,3,1,1,0,1,0,1,3,1,1,1,0,1,0,14.0,9.0,0.655
1,3,0,0,1,0,0,2,0,0,2,0,2,0,0,3,0,1,1,0,0,1,0,0,1,0,0,2,0,1,0,0,1,0,14.0,4.0,0.567
5,5,4,8,8,7,2,17,0,2,6,5,11,7,0,11,2,1,1,1,2,1,1,1,1,0,1,3,1,1,1,0,1,1,12.5,3.0,0.283
1,3,1,1,0,2,1,3,0,1,1,0,2,1,0,3,0,1,1,1,1,0,1,1,1,0,1,1,0,1,1,0,2,0,20.0,11.0,0.632
3,4,1,2,1,1,1,2,0,4,8,0,3,2,0,6,0,1,1,1,1,1,1,1,1,0,2,2,0,1,1,0,1,0,12.667,9.333,0.459
5,1,0,1,0,0,0,3,2,0,0,12,3,0,3,0,9,1,1,0,1,0,0,0,1,1,0,0,1,0,0,1,0,1,36.0,0.0,0.118
8,7,12,10,9,10,0,18,3,8,16,5,24,3,0,16,1,1,1,1,2,1,1,0,1,1,2,4,1,1,1,0,2,1,21.286,11.143,0.405
1,1,2,0,3,2,0,6,0,1,1,0,2,0,0,4,0,1,1,1,0,1,1,0,1,0,1,1,0,1,0,0,1,0,11.5,3.5,0.295
3,8,4,5,2,6,0,8,1,3,4,2,7,0,0,7,0,1,1,1,2,1,1,0,1,1,2,3,1,1,0,0,1,0,15.25,8.75,0.543
0,2,0,2,0,2,0,3,0,0,4,3,3,1,0,2,0,0,1,0,2,0,1,0,1,0,0,4,1,1,1,0,1,0,22.0,8.0,0.754
1,2,0,3,0,1,0,4,0,1,6,1,3,1,0,2,0,1,1,0,2,0,1,0,1,0,1,4,1,1,1,0,1,0,25.0,21.0,0.849
1,1,1,1,0,0,0,1,0,1,4,0,0,1,0,3,0,1,1,1,1,0,0,0,1,0,1,3,0,0,1,0,1,0,14.0,13.0,0.567
21,22,12,5,9,9,0,40,0,3,11,1,11,2,0,22,0,1,1,1,1,1,1,0,1,0,1,5,1,1,1,0,2,0,42.0,16.0,0.382
3,6,2,7,3,9,0,14,0,2,3,2,13,1,0,8,0,1,1,1,3,1,1,0,1,0,1,2,1,1,1,0,1,0,23.667,9.524,0.336
3,8,7,8,1,6,0,12,0,6,16,4,11,2,1,12,0,1,1,1,2,1,1,0,1,0,2,5,1,1,1,1,2,0,13.714,8.143,0.505
3,1,2,4,1,0,0,1,0,1,6,0,2,2,0,0,0,1,1,1,1,1,0,0,1,0,1,4,0,1,1,0,0,0,23.0,33.0,0.885
2,6,4,3,3,3,0,4,0,1,6,2,3,0,0,5,0,1,1,1,2,1,1,0,1,0,1,4,1,1,0,0,1,0,21.0,6.0,0.546
3,3,2,2,0,2,0,2,0,0,5,2,2,1,0,3,0,1,1,1,1,0,1,0,1,0,0,2,1,1,1,0,2,0,27.0,17.0,0.544
1,3,0,1,1,1,0,1,0,0,3,1,1,0,0,2,0,1,1,0,1,1,1,0,1,0,0,2,1,1,0,0,1,0,15.0,9.0,0.73
1,0,1,1,4,2,0,3,0,0,4,5,10,1,0,2,2,1,0,1,1,1,1,0,1,0,0,4,1,1,1,0,2,1,9.0,5.5,0.825
2,0,0,0,2,0,0,3,0,0,2,1,1,0,0,1,0,1,0,0,0,1,0,0,1,0,0,1,1,1,0,0,1,0,12.0,0.0,0.204
2,1,0,2,0,0,0,4,0,0,1,0,2,0,0,0,0,1,1,0,1,0,0,0,1,0,0,1,0,1,0,0,0,0,12.0,4.0,0.408
3,2,5,5,1,2,0,7,0,1,1,3,4,0,0,4,2,1,1,1,3,1,1,0,1,0,1,1,1,1,0,0,1,1,10.0,9.0,0.671
3,0,0,0,1,0,0,6,1,0,0,9,12,0,3,1,2,1,0,0,0,1,0,0,1,1,0,0,1,1,0,1,1,1,19.0,0.0,0.115
11,37,7,12,4,28,0,62,5,4,11,22,60,5,14,16,8,1,1,1,3,1,1,0,1,1,2,5,1,1,1,1,1,1,27.364,4.909,0.326
4,4,2,3,0,4,0,6,0,1,3,0,1,0,0,6,0,1,1,1,3,0,1,0,1,0,1,2,0,1,0,0,1,0,17.0,12.286,0.606
7,9,6,5,4,8,0,19,0,1,12,7,14,3,0,13,1,1,1,1,1,1,1,0,1,0,1,5,1,1,1,0,2,1,12.222,4.889,0.472
4,0,0,5,1,2,0,6,0,0,3,2,4,1,0,2,0,1,0,0,2,1,1,0,1,0,0,1,1,1,1,0,1,0,10.0,1.333,0.258
2,1,1,1,0,2,1,2,0,2,1,0,0,0,0,2,0,1,1,1,1,0,1,1,1,0,2,1,0,0,0,0,1,0,15.0,9.0,0.548
0,0,1,0,0,1,0,2,0,0,3,1,3,0,0,2,1,0,0,1,0,0,1,0,1,0,0,2,1,1,0,0,1,1,7.0,1.0,0.378
10,7,11,5,4,3,1,6,0,5,9,4,5,2,2,8,0,1,1,1,2,1,1,1,1,0,2,5,1,1,1,1,1,0,20.0,13.5,0.553
3,3,0,0,1,2,0,5,0,0,2,0,0,1,0,2,0,1,1,0,0,1,1,0,1,0,0,1,0,0,1,0,1,0,19.0,4.0,0.324
2,7,1,7,4,6,0,7,6,2,10,2,8,0,1,8,1,1,1,1,2,1,1,0,1,1,2,5,1,1,0,1,2,1,23.667,17.0,0.671
1,2,0,0,0,2,0,6,0,0,3,1,4,0,0,4,0,1,1,0,0,0,1,0,1,0,0,3,1,1,0,0,1,0,5.75,1.0,0.442
0,2,0,1,0,1,0,2,0,0,1,0,3,1,0,1,0,0,1,0,1,0,1,0,1,0,0,1,0,1,1,0,1,0,12.0,11.0,0.612
4,5,2,2,1,3,0,9,0,2,4,0,4,0,0,4,0,1,1,1,1,1,1,0,1,0,1,3,0,1,0,0,1,0,13.333,4.0,0.447
6,2,4,8,2,2,0,6,0,2,5,0,3,4,0,5,1,1,1,1,3,1,1,0,1,0,1,4,0,1,1,0,1,1,16.667,17.0,0.8
1,2,0,2,2,3,1,5,0,1,3,0,0,0,0,1,0,1,1,0,1,1,1,1,1,0,1,3,0,0,0,0,1,0,10.5,11.0,0.926
2,1,4,2,1,1,0,4,0,1,6,0,2,2,0,4,0,1,1,1,2,1,1,0,1,0,1,4,0,1,1,0,1,0,30.0,28.0,0.904
1,2,6,0,0,1,0,2,0,1,2,0,1,1,0,3,0,1,1,1,0,0,1,0,1,0,1,1,0,1,1,0,1,0,20.0,11.0,0.474
0,1,4,3,1,1,0,2,1,1,4,1,2,1,0,4,0,0,1,1,2,1,1,0,1,1,1,3,1,1,1,0,1,0,8.667,7.0,0.693
6,7,3,1,5,6,0,8,0,3,8,9,6,1,0,12,0,1,1,1,1,1,1,0,1,0,3,3,1,1,1,0,2,0,37.5,18.125,0.49
3,5,2,0,4,2,1,9,0,1,9,0,6,2,0,5,1,1,1,1,0,1,1,1,1,0,1,5,0,1,1,0,2,1,12.5,9.0,0.7
0,3,1,2,1,4,0,3,0,1,2,7,3,0,0,2,1,0,1,1,2,1,1,0,1,0,1,2,1,1,0,0,1,1,15.0,7.5,0.516
1,1,1,4,5,2,0,3,0,1,6,0,2,1,0,8,0,1,1,1,2,1,1,0,1,0,1,3,0,1,1,0,1,0,17.5,11.0,0.598
5,2,2,3,0,0,0,2,0,2,4,0,5,1,0,3,0,1,1,1,3,0,0,0,1,0,1,3,0,1,1,0,1,0,14.0,19.5,0.935
0,4,0,1,0,1,0,6,0,0,4,0,0,1,0,3,0,0,1,0,1,0,1,0,1,0,0,2,0,0,1,0,2,0,20.0,8.0,0.474
2,3,2,0,2,2,0,6,1,0,0,5,8,0,0,2,0,1,1,1,0,1,1,0,1,1,0,0,1,1,0,0,1,0,11.0,0.0,0.123
2,1,3,5,0,1,2,2,1,0,4,0,3,1,0,3,0,1,1,1,1,0,1,1,1,1,0,2,0,1,1,0,1,0,14.0,6.0,0.401
0,2,2,3,1,0,0,1,0,2,5,2,1,0,0,3,0,0,1,1,2,1,0,0,1,0,2,3,1,1,0,0,1,0,11.0,7.5,0.754
6,0,2,1,0,0,0,2,0,4,4,2,3,2,0,7,0,1,0,1,1,0,0,0,1,0,2,2,1,1,1,0,1,0,16.5,13.5,0.492
0,6,4,3,2,4,0,7,0,3,8,0,3,1,0,7,0,0,1,1,1,1,1,0,1,0,2,3,0,1,1,0,2,0,24.0,15.0,0.51
2,3,7,3,3,1,0,2,2,1,8,0,2,2,0,4,0,1,1,1,2,1,1,0,1,1,1,4,0,1,1,0,1,0,20.0,14.0,0.671
10,7,6,4,3,1,0,25,1,3,6,4,25,3,0,7,1,1,1,1,2,1,1,0,1,1,2,3,1,1,1,0,1,1,53.0,8.0,0.343
6,6,1,7,2,0,4,5,1,0,12,3,7,1,0,7,0,1,1,1,2,1,0,1,1,1,0,4,1,1,1,0,1,0,20.333,8.333,0.453
11,9,6,7,4,8,0,14,0,1,17,5,10,2,0,12,3,1,1,1,2,1,1,0,1,0,1,5,1,1,1,0,2,1,21.8,8.6,0.406
8,9,7,5,3,3,0,9,6,0,5,4,14,0,2,5,0,1,1,1,2,1,1,0,1,1,0,2,1,1,0,1,1,0,26.0,5.667,0.32
1,1,3,3,3,3,0,2,2,4,8,1,3,2,0,7,0,1,1,1,2,1,1,0,1,1,1,3,1,1,1,0,1,0,14.333,14.0,0.539
24,31,12,13,10,14,0,59,0,4,15,28,33,3,1,24,3,1,1,1,3,1,1,0,1,0,2,6,1,1,1,1,2,1,38.857,8.857,0.386
3,3,3,4,1,3,0,9,0,1,6,0,3,0,0,6,0,1,1,1,2,1,1,0,1,0,1,2,0,1,0,0,1,0,14.0,9.0,0.546
0,2,0,2,0,1,0,3,0,3,6,1,3,1,0,7,0,0,1,0,1,0,1,0,1,0,1,3,1,1,1,0,1,0,9.667,6.0,0.657
1,1,1,0,0,1,0,2,0,0,3,0,2,0,0,2,0,1,1,1,0,0,1,0,1,0,0,2,0,1,0,0,1,0,13.0,4.0,0.392
2,0,0,2,2,0,0,1,0,1,2,0,2,0,0,1,1,1,0,0,2,1,0,0,1,0,1,1,0,1,0,0,1,1,14.0,13.0,0.756
6,4,1,1,3,3,0,4,0,0,1,11,7,0,0,3,0,1,1,1,1,1,1,0,1,0,0,1,1,1,0,0,1,0,44.0,9.0,0.32
4,14,4,6,3,11,0,16,0,2,10,12,10,0,1,10,0,1,1,1,2,1,1,0,1,0,2,3,1,1,0,1,1,0,12.875,4.375,0.348
3,0,0,1,0,1,0,4,1,0,0,1,3,0,0,1,0,1,0,0,1,0,1,0,1,1,0,0,1,1,0,0,1,0,7.5,1.0,0.365
4,3,0,3,1,5,0,3,2,1,6,2,4,3,0,4,0,1,1,0,2,1,1,0,1,1,1,5,1,1,1,0,2,0,41.0,21.0,0.663
1,4,1,2,2,2,0,3,0,2,7,1,3,0,0,4,0,1,1,1,2,1,1,0,1,0,2,2,1,1,0,0,1,0,32.0,20.75,0.625
1,2,3,2,0,5,0,8,0,2,5,0,4,0,0,5,1,1,1,1,2,0,1,0,1,0,1,4,0,1,0,0,1,1,19.0,10.0,0.574
3,1,1,2,1,3,0,6,0,1,2,0,3,0,1,2,0,1,1,1,1,1,1,0,1,0,1,2,0,1,0,1,1,0,12.5,6.5,0.566
2,1,0,1,1,0,0,4,0,0,0,0,2,0,0,0,0,1,1,0,1,1,0,0,1,0,0,0,0,1,0,0,0,0,11.0,2.0,0.426
6,8,7,4,6,5,0,16,1,0,11,38,15,1,1,8,16,1,1,1,2,1,1,0,1,1,0,5,1,1,1,1,2,1,141.0,40.0,0.417
8,18,9,12,8,17,0,21,0,8,22,10,17,2,0,17,1,1,1,1,3,1,1,0,1,0,2,6,1,1,1,0,2,1,17.0,8.614,0.542
0,2,2,1,1,1,0,3,0,1,4,1,1,1,0,5,0,0,1,1,1,1,1,0,1,0,1,3,1,1,1,0,2,0,11.5,7.5,0.59
5,1,0,3,1,1,0,18,0,0,6,2,14,1,0,6,0,1,1,0,3,1,1,0,1,0,0,3,1,1,1,0,1,0,19.333,5.667,0.464
0,1,1,2,1,2,0,4,0,0,1,2,3,1,0,1,0,0,1,1,2,1,1,0,1,0,0,1,1,1,1,0,1,0,19.0,12.0,0.649
1,3,5,2,4,2,0,2,0,2,6,3,2,0,0,5,0,1,1,1,1,1,1,0,1,0,2,2,1,1,0,0,1,0,12.333,6.333,0.465
4,19,8,13,9,6,0,19,0,7,24,5,15,5,3,21,0,1,1,1,5,1,1,0,1,0,2,5,1,1,1,1,1,0,31.0,21.664,0.568
2,7,3,4,0,1,3,10,2,0,5,3,7,2,0,3,0,1,1,1,3,0,1,1,1,1,0,4,1,1,1,0,1,0,17.333,7.667,0.588
5,3,5,3,3,3,0,10,0,1,2,4,3,3,0,4,0,1,1,1,1,1,1,0,1,0,1,2,1,1,1,0,1,0,16.333,3.667,0.404
1,2,2,1,0,1,0,4,0,0,3,2,1,0,0,2,0,1,1,1,1,0,1,0,1,0,0,3,1,1,0,0,1,0,9.5,6.5,0.811
0,1,1,1,1,0,1,0,0,0,2,1,3,0,0,1,0,0,1,1,1,1,0,1,0,0,0,2,1,1,0,0,1,0,13.0,6.0,0.392
0,1,1,2,0,2,0,4,0,2,4,1,5,1,0,2,2,0,1,1,1,0,1,0,1,0,1,4,1,1,1,0,1,1,6.75,7.75,0.953
1,0,3,2,0,1,0,4,0,3,3,0,5,0,0,4,1,1,0,1,2,0,1,0,1,0,2,3,0,1,0,0,1,1,13.5,9.0,0.816
3,4,4,1,1,3,1,15,1,1,4,16,12,1,1,8,0,1,1,1,1,1,1,1,1,1,1,3,1,1,1,1,1,0,38.0,6.0,0.406
3,1,1,0,0,1,2,3,0,0,0,0,1,0,0,1,0,1,1,1,0,0,1,1,1,0,0,0,0,1,0,0,1,0,14.0,0.0,0.189
2,3,7,3,2,2,0,10,0,0,4,0,5,0,0,4,0,1,1,1,2,1,1,0,1,0,0,3,0,1,0,0,2,0,14.0,6.667,0.436
10,9,2,4,6,8,0,17,2,3,15,2,6,2,0,14,0,1,1,1,3,1,1,0,1,1,2,5,1,1,1,0,2,0,25.0,17.438,0.636
2,5,1,4,2,3,1,3,1,1,7,0,5,0,0,5,0,1,1,1,3,1,1,1,1,1,1,3,0,1,0,0,1,0,13.333,9.833,0.671
1,5,0,1,1,3,0,5,0,1,4,2,0,0,0,4,0,1,1,0,1,1,1,0,1,0,1,3,1,0,0,0,1,0,27.0,7.0,0.408
10,24,17,16,6,22,0,29,0,9,24,4,11,5,0,30,1,1,1,1,4,1,1,0,1,0,2,5,1,1,1,0,3,1,34.667,20.833,0.441
1,1,2,3,1,2,0,1,0,0,1,1,2,0,0,2,0,1,1,1,2,1,1,0,1,0,0,1,1,1,0,0,1,0,17.0,13.0,0.686
22,24,18,16,8,14,0,35,0,11,34,12,35,9,0,21,2,1,1,1,4,1,1,0,1,0,2,9,1,1,1,0,1,1,21.833,12.958,0.568
2,3,0,1,1,2,0,3,0,1,6,0,3,0,0,4,0,1,1,0,1,1,1,0,1,0,1,3,0,1,0,0,1,0,8.667,7.0,0.693
2,3,1,1,1,3,0,5,1,2,3,0,2,0,0,5,0,1,1,1,1,1,1,0,1,1,2,3,0,1,0,0,1,0,29.0,23.0,0.657
6,5,4,5,3,5,0,12,2,4,4,0,6,2,0,7,1,1,1,1,3,1,1,0,1,1,2,3,0,1,1,0,2,1,16.5,8.438,0.522
6,3,1,2,0,1,0,4,0,0,3,0,1,0,0,2,0,1,1,1,1,0,1,0,1,0,0,2,0,1,0,0,1,0,23.0,6.0,0.442
9,6,5,3,3,5,0,8,0,3,12,0,7,0,0,12,0,1,1,1,1,1,1,0,1,0,2,6,0,1,0,0,2,0,12.167,9.208,0.745
0,1,2,3,0,0,0,3,0,3,5,0,3,2,0,5,2,0,1,1,1,0,0,0,1,0,2,4,0,1,1,0,1,1,14.5,8.5,0.657
2,1,2,2,3,1,1,4,0,2,5,1,1,0,0,5,0,1,1,1,2,1,1,1,1,0,2,4,1,0,0,0,1,0,14.5,10.786,0.788
5,4,4,5,1,4,0,5,1,3,5,1,9,4,0,3,1,1,1,1,2,1,1,0,1,1,1,3,1,1,1,0,1,1,13.75,13.25,0.667
2,1,3,1,3,1,0,1,0,0,4,1,4,0,0,2,2,1,1,1,1,1,1,0,1,0,0,3,1,1,0,0,1,1,23.0,22.0,0.59
4,1,3,2,0,0,0,4,0,1,2,0,2,2,0,5,0,1,1,1,2,0,0,0,1,0,1,2,0,1,1,0,1,0,13.0,10.375,0.832
4,0,0,0,1,0,0,0,0,0,3,0,0,1,0,3,0,1,0,0,0,1,0,0,0,0,0,2,0,0,1,0,1,0,12.0,14.0,0.612
2,0,2,1,0,0,0,1,0,1,1,0,0,2,0,2,0,1,0,1,1,0,0,0,1,0,1,1,0,0,1,0,1,0,12.0,0.0,0.204
0,0,2,1,0,0,1,3,0,1,1,1,2,2,0,3,0,0,0,1,1,0,0,1,1,0,1,1,1,1,1,0,1,0,5.667,1.667,0.514
0,0,2,2,1,0,0,1,0,1,2,0,1,0,0,1,0,0,0,1,2,1,0,0,1,0,1,2,0,1,0,0,1,0,11.0,22.0,1.066
1,1,2,1,1,1,0,2,0,0,0,0,2,0,0,0,0,1,1,1,1,1,1,0,1,0,0,0,0,1,0,0,0,0,11.0,2.0,0.426
3,2,3,4,0,1,0,1,1,2,6,0,5,2,0,2,1,1,1,1,2,0,1,0,1,1,1,3,0,1,1,0,1,1,16.5,17.5,0.739
5,6,5,8,3,7,1,13,0,1,6,0,11,2,0,5,0,1,1,1,2,1,1,1,1,0,1,3,0,1,1,0,1,0,12.167,5.833,0.414
1,3,2,4,3,2,0,6,2,2,6,1,2,3,0,4,0,1,1,1,2,1,1,0,1,1,2,3,1,1,1,0,1,0,20.5,12.5,0.663
6,9,5,8,1,10,2,12,3,1,7,2,10,3,0,9,2,1,1,1,3,1,1,1,1,1,1,5,1,1,1,0,1,1,15.0,5.5,0.522
2,4,4,5,1,0,0,4,2,2,7,3,3,3,0,4,0,1,1,1,3,1,0,0,1,1,1,3,1,1,1,0,1,0,44.0,39.0,0.746
4,6,2,7,0,7,0,6,0,2,9,3,9,0,0,7,2,1,1,1,3,0,1,0,1,0,2,3,1,1,0,0,1,1,21.333,10.333,0.53
1,2,1,0,0,1,1,1,1,0,1,2,2,0,0,1,0,1,1,1,0,0,1,1,1,1,0,1,1,1,0,0,1,0,14.0,11.0,0.567
5,2,3,6,2,6,0,11,0,3,5,0,8,1,1,5,0,1,1,1,2,1,1,0,1,0,1,2,0,1,1,1,1,0,18.667,12.0,0.472
5,8,10,6,1,9,0,13,0,3,17,0,12,1,0,15,2,1,1,1,2,1,1,0,1,0,2,6,0,1,1,0,1,1,12.75,4.625,0.56
5,6,7,6,1,4,0,13,2,3,6,0,7,1,0,7,1,1,1,1,2,1,1,0,1,1,2,3,0,1,1,0,2,1,17.25,9.5,0.511
0,3,0,2,0,2,0,7,0,0,7,1,4,1,0,3,0,0,1,0,2,0,1,0,1,0,0,4,1,1,1,0,2,0,10.0,9.333,0.775
2,2,0,1,0,1,0,2,0,0,2,1,1,0,0,1,0,1,1,0,1,0,1,0,1,0,0,1,1,1,0,0,1,0,6.5,1.0,0.392
3,0,0,1,0,1,0,2,0,1,3,0,2,0,0,3,0,1,0,0,1,0,1,0,1,0,1,2,0,1,0,0,3,0,16.0,12.0,0.707
4,3,3,3,1,0,1,8,0,1,5,0,9,3,0,5,0,1,1,1,2,1,0,1,1,0,1,4,0,1,1,0,1,0,23.0,17.0,0.626
10,15,6,19,8,15,1,39,0,6,24,0,21,13,0,24,3,1,1,1,4,1,1,1,1,0,2,8,0,1,1,0,2,1,18.545,10.909,0.594
2,4,1,5,0,5,1,7,1,0,2,2,4,0,0,2,0,1,1,1,2,0,1,1,1,1,0,1,1,1,0,0,1,0,18.0,3.0,0.236
2,7,0,4,0,3,0,5,0,2,5,0,3,0,0,1,0,1,1,0,2,0,1,0,1,0,1,2,0,1,0,0,1,0,10.667,12.667,0.5
2,2,1,5,2,3,0,7,2,2,4,0,3,2,0,6,0,1,1,1,3,1,1,0,1,1,2,3,0,1,1,0,2,0,20.5,19.875,0.773
4,0,0,0,0,0,0,3,0,0,0,0,4,0,0,0,0,1,0,0,0,0,0,0,1,0,0,0,0,1,0,0,0,0,11.0,0.0,0.213
2,2,0,1,1,1,1,2,0,1,0,4,8,1,0,3,0,1,1,0,1,1,1,1,1,0,1,0,1,1,1,0,1,0,13.5,6.0,0.408
2,2,0,1,0,2,0,4,0,0,0,0,5,0,0,0,1,1,1,0,1,0,1,0,1,0,0,0,0,1,0,0,0,1,8.5,1.0,0.343
12,22,22,17,3,21,0,43,2,10,16,0,29,8,0,20,2,1,1,1,4,1,1,0,1,1,2,5,0,1,1,0,2,1,20.636,9.432,0.469
3,6,6,8,2,5,0,9,0,4,14,0,7,4,0,10,0,1,1,1,2,1,1,0,1,0,2,7,0,1,1,0,2,0,19.5,15.0,0.801
5,2,5,5,2,2,0,8,0,4,3,0,6,1,0,8,1,1,1,1,2,1,1,0,1,0,2,3,0,1,1,0,1,1,17.333,9.333,0.49
3,5,1,4,1,3,2,6,0,1,5,2,6,1,0,4,1,1,1,1,3,1,1,1,1,0,1,2,1,1,1,0,1,1,14.667,10.0,0.64
1,1,1,1,1,0,0,4,0,1,1,0,3,1,0,1,1,1,1,1,1,1,0,0,1,0,1,1,0,1,1,0,1,1,16.0,4.0,0.53
7,5,5,5,1,8,0,12,0,1,11,4,13,2,0,11,3,1,1,1,2,1,1,0,1,0,1,6,1,1,1,0,2,1,17.6,8.0,0.603
3,2,1,2,1,2,0,7,0,1,7,0,3,2,0,6,2,1,1,1,2,1,1,0,1,0,1,4,0,1,1,0,1,1,19.5,13.0,0.793
4,1,1,8,2,4,1,11,0,3,6,0,8,2,0,8,2,1,1,1,2,1,1,1,1,0,2,5,0,1,1,0,2,1,12.2,8.0,0.724
1,2,2,8,1,1,0,4,0,1,9,0,4,1,0,5,0,1,1,1,2,1,1,0,1,0,1,5,0,1,1,0,1,0,19.5,16.5,0.793
2,5,1,3,1,3,0,7,2,3,6,2,14,2,0,10,3,1,1,1,2,1,1,0,1,1,2,3,1,1,1,0,1,1,13.0,5.8,0.526
0,1,1,1,0,1,0,0,0,0,3,3,1,2,0,3,0,0,1,1,1,0,1,0,0,0,0,2,1,1,1,0,1,0,16.0,10.0,0.53
2,0,1,0,0,2,0,2,0,0,2,1,1,0,0,2,0,1,0,1,0,0,1,0,1,0,0,2,1,1,0,0,2,0,13.0,11.0,0.784
2,3,0,3,1,1,0,5,0,0,4,0,2,1,0,4,0,1,1,0,1,1,1,0,1,0,0,3,0,1,1,0,1,0,26.0,14.0,0.555
1,2,1,1,0,0,0,1,0,1,1,0,2,0,0,2,0,1,1,1,1,0,0,0,1,0,1,1,0,1,0,0,1,0,12.0,4.0,0.612
1,1,1,2,0,2,0,4,1,0,2,2,2,0,0,1,1,1,1,1,2,0,1,0,1,1,0,1,1,1,0,0,1,1,10.0,3.0,0.474
2,1,0,0,0,1,0,2,0,0,2,2,4,0,0,2,0,1,1,0,0,0,1,0,1,0,0,2,1,1,0,0,1,0,5.333,2.333,0.53
5,5,6,11,1,9,0,12,0,2,11,0,8,2,0,6,1,1,1,1,3,1,1,0,1,0,1,4,0,1,1,0,1,1,19.75,14.25,0.557
1,0,1,2,0,1,1,1,0,1,1,1,1,1,0,1,0,1,0,1,1,0,1,1,1,0,1,1,1,1,1,0,1,0,13.0,13.0,0.784
6,13,10,12,4,17,0,29,1,7,7,2,15,1,0,16,1,1,1,1,3,1,1,0,1,1,2,4,1,1,1,0,2,1,23.5,10.0,0.417
5,0,0,0,0,2,0,19,0,0,2,4,2,0,1,7,18,1,0,0,0,0,1,0,1,0,0,1,1,1,0,1,1,1,59.0,0.0,0.092
0,4,4,1,1,0,0,2,0,1,4,0,1,1,0,5,0,0,1,1,1,1,0,0,1,0,1,2,0,1,1,0,1,0,24.0,10.0,0.577
2,2,1,3,0,1,0,1,0,2,3,3,3,0,0,4,0,1,1,1,3,0,1,0,1,0,2,2,1,1,0,0,1,0,12.5,10.75,0.707
2,1,1,1,0,0,0,2,1,0,1,0,1,0,0,0,0,1,1,1,1,0,0,0,1,1,0,1,0,1,0,0,0,0,5.5,2.0,0.64
1,0,0,0,0,1,0,2,0,1,4,1,3,0,0,5,0,1,0,0,0,0,1,0,1,0,1,1,1,1,0,0,1,0,9.0,4.0,0.333
7,8,4,4,5,8,0,11,0,2,16,0,9,3,0,15,1,1,1,1,2,1,1,0,1,0,2,4,0,1,1,0,1,1,23.25,9.0,0.44
8,15,11,12,8,12,0,30,0,2,18,1,16,4,0,15,4,1,1,1,3,1,1,0,1,0,1,5,1,1,1,0,2,1,17.222,11.111,0.454
3,2,0,2,0,0,1,3,0,0,2,2,2,0,0,1,0,1,1,0,1,0,0,1,1,0,0,1,1,1,0,0,1,0,18.0,4.0,0.333
2,5,3,10,4,0,1,8,0,1,14,0,4,0,0,6,0,1,1,1,3,1,0,1,1,0,1,5,0,1,0,0,2,0,19.333,21.25,0.836
1,0,3,1,1,1,0,1,0,1,2,0,3,0,0,1,0,1,0,1,1,1,1,0,1,0,1,1,0,1,0,0,1,0,7.5,6.5,0.73
9,7,10,16,5,7,0,14,0,7,25,0,19,3,0,18,4,1,1,1,3,1,1,0,1,0,2,6,0,1,1,0,2,1,18.0,17.625,0.53
2,1,2,3,1,2,1,3,0,1,6,1,3,0,0,5,0,1,1,1,2,1,1,1,1,0,1,4,1,1,0,0,1,0,15.5,14.0,0.889
3,1,1,3,1,3,0,5,0,1,5,1,1,0,0,5,0,1,1,1,3,1,1,0,1,0,1,4,1,1,0,0,1,0,30.0,19.571,0.775
6,3,12,5,2,3,0,5,0,2,8,5,10,2,0,5,1,1,1,1,3,1,1,0,1,0,2,4,1,1,1,0,1,1,13.8,6.4,0.596
1,1,0,1,0,1,0,3,0,0,2,0,3,0,0,1,0,1,1,0,1,0,1,0,1,0,0,2,0,1,0,0,1,0,13.0,6.0,0.784
2,2,0,1,0,0,1,4,0,0,1,0,5,0,0,2,4,1,1,0,1,0,0,1,1,0,0,1,0,1,0,0,1,1,22.0,5.0,0.452
4,1,2,1,1,1,0,5,0,1,2,1,2,1,0,3,0,1,1,1,1,1,1,0,1,0,1,2,1,1,1,0,2,0,25.0,10.0,0.566
1,2,5,1,1,0,0,1,2,2,4,0,4,2,0,2,0,1,1,1,1,1,0,0,1,1,1,2,0,1,1,0,1,0,27.0,25.75,0.544
4,7,3,6,3,8,0,10,0,2,5,0,6,3,0,7,0,1,1,1,2,1,1,0,1,0,1,4,0,1,1,0,1,0,64.0,38.0,0.53
1,2,4,5,1,5,0,6,0,3,5,0,3,1,0,6,0,1,1,1,3,1,1,0,1,0,1,2,0,1,1,0,1,0,14.0,12.667,0.546
1,3,1,1,0,3,0,4,0,1,0,1,1,0,0,1,0,1,1,1,1,0,1,0,1,0,1,0,1,1,0,0,1,0,17.0,2.0,0.343
3,1,2,3,0,1,0,2,0,0,2,0,2,1,0,0,0,1,1,1,1,0,1,0,1,0,0,2,0,1,1,0,0,0,8.5,4.0,0.514
2,0,2,0,0,1,0,2,0,0,2,1,1,0,0,1,0,1,0,1,0,0,1,0,1,0,0,2,1,1,0,0,1,0,12.0,4.0,0.612
1,2,1,1,2,1,0,4,0,0,1,0,4,0,1,3,1,1,1,1,1,1,1,0,1,0,0,1,0,1,0,1,1,1,10.5,3.0,0.463
4,1,4,4,0,1,0,5,1,1,1,1,1,1,0,2,0,1,1,1,2,0,1,0,1,1,1,1,1,1,1,0,1,0,27.0,4.0,0.408
0,3,1,0,1,2,1,8,1,0,4,0,7,0,0,4,2,0,1,1,0,1,1,1,1,1,0,3,0,1,0,0,1,1,17.0,6.0,0.485
3,1,1,2,0,0,0,2,0,0,6,0,1,0,0,2,0,1,1,1,1,0,0,0,1,0,0,5,0,1,0,0,1,0,18.0,14.0,1.0
6,6,6,10,2,6,0,13,4,1,6,1,5,2,2,7,0,1,1,1,2,1,1,0,1,1,1,4,1,1,1,1,3,0,25.0,10.083,0.653
1,5,2,0,1,2,0,5,0,1,6,0,0,1,0,4,0,1,1,1,0,1,1,0,1,0,1,3,0,0,1,0,1,0,28.0,12.0,0.535
2,3,1,3,0,2,0,6,1,2,4,0,4,1,0,3,1,1,1,1,2,0,1,0,1,1,1,2,0,1,1,0,1,1,16.5,3.0,0.369
4,4,6,6,1,4,0,8,0,3,4,3,8,2,0,6,0,1,1,1,2,1,1,0,1,0,2,2,1,1,1,0,2,0,29.5,14.5,0.368
0,1,0,0,0,1,0,4,0,0,0,2,7,1,3,0,0,0,1,0,0,0,1,0,1,0,0,0,1,1,1,1,0,0,16.0,0.0,0.177
1,1,1,0,1,1,0,5,0,0,3,0,4,0,0,3,0,1,1,1,0,1,1,0,1,0,0,2,0,1,0,0,1,0,10.0,1.0,0.316
1,1,0,1,2,1,0,2,1,1,2,7,6,0,1,2,1,1,1,0,1,1,1,0,1,1,1,2,1,1,0,1,1,1,9.333,2.667,0.401
0,2,0,0,0,2,0,3,0,1,0,0,2,0,0,2,0,0,1,0,0,0,1,0,1,0,1,0,0,1,0,0,1,0,6.0,3.5,0.408
0,1,0,0,0,3,0,2,0,0,2,1,1,0,0,1,0,0,1,0,0,0,1,0,1,0,0,2,1,1,0,0,1,0,11.0,5.0,0.64
4,2,7,3,0,2,0,2,0,1,4,0,4,2,0,2,0,1,1,1,2,0,1,0,1,0,1,3,0,1,1,0,1,0,16.5,7.0,0.492
0,2,1,3,0,0,0,1,0,1,5,0,2,1,0,1,0,0,1,1,2,0,0,0,1,0,1,3,0,1,1,0,1,0,8.5,10.5,0.857
1,3,0,0,1,2,0,5,1,1,0,0,2,0,0,0,0,1,1,0,0,1,1,0,1,1,1,0,0,1,0,0,0,0,16.0,0.0,0.177
22,28,12,11,15,13,0,44,6,5,17,20,14,9,3,16,0,1,1,1,4,1,1,0,1,1,1,6,1,1,1,1,1,0,77.333,38.333,0.464
3,1,1,1,1,0,0,2,1,1,1,0,3,0,0,1,0,1,1,1,1,1,0,0,1,1,1,1,0,1,0,0,1,0,16.0,11.0,0.707
26,21,17,25,19,21,0,56,2,6,21,4,35,7,0,30,8,1,1,1,3,1,1,0,1,1,2,7,1,1,1,0,2,1,22.615,9.154,0.412
1,3,1,2,0,1,0,3,2,2,2,0,2,0,0,3,0,1,1,1,2,0,1,0,1,1,2,2,0,1,0,0,1,0,21.0,16.0,0.772
6,7,8,3,2,5,0,8,1,0,5,2,7,3,0,7,0,1,1,1,1,1,1,0,1,1,0,3,1,1,1,0,1,0,16.0,7.0,0.442
2,3,2,3,0,5,1,16,3,0,3,1,24,0,0,3,3,1,1,1,2,0,1,1,1,1,0,2,1,1,0,0,2,1,16.5,5.75,0.435
4,2,3,5,4,4,1,10,0,4,11,2,6,4,0,9,0,1,1,1,2,1,1,1,1,0,2,6,1,1,1,0,3,0,34.0,29.0,0.772
5,3,0,2,2,2,1,6,0,1,2,1,3,1,0,3,0,1,1,0,1,1,1,1,1,0,1,2,1,1,1,0,1,0,16.0,5.5,0.375
3,4,3,2,0,5,0,4,1,2,5,5,10,1,0,8,0,1,1,1,2,0,1,0,1,1,2,3,1,1,1,0,1,0,13.25,6.0,0.583
0,4,1,3,1,3,0,9,0,2,5,1,3,3,0,3,1,0,1,1,2,1,1,0,1,0,1,4,1,1,1,0,1,1,19.5,7.0,0.566
25,14,8,15,8,9,1,22,1,4,15,5,17,4,1,9,1,1,1,1,4,1,1,1,1,1,1,7,1,1,1,1,2,1,31.6,20.7,0.675
2,3,2,4,1,4,0,4,0,1,4,1,2,2,0,3,0,1,1,1,3,1,1,0,1,0,1,3,1,1,1,0,1,0,33.0,34.0,0.739
1,1,0,1,0,1,0,0,0,0,1,3,2,1,0,1,1,1,1,0,1,0,1,0,0,0,0,1,1,1,1,0,1,1,13.0,5.0,0.392
3,7,2,8,4,8,0,11,1,7,11,4,9,2,0,11,2,1,1,1,3,1,1,0,1,1,2,5,1,1,1,0,1,1,29.333,23.667,0.603
15,16,7,10,4,14,0,25,0,1,10,7,17,4,1,20,1,1,1,1,3,1,1,0,1,0,1,4,1,1,1,1,1,1,25.167,5.167,0.345
1,2,0,3,0,0,0,1,0,2,4,0,4,0,0,4,0,1,1,0,1,0,0,0,1,0,2,4,0,1,0,0,2,0,5.25,8.25,1.08
6,7,1,5,1,4,0,10,0,3,6,0,5,2,0,7,0,1,1,1,2,1,1,0,1,0,2,4,0,1,1,0,1,0,57.0,39.0,0.562
1,2,2,2,0,1,0,3,1,0,4,0,1,0,0,2,0,1,1,1,1,0,1,0,1,1,0,3,0,1,0,0,1,0,9.5,5.5,0.649
3,5,4,4,6,5,0,12,2,2,5,3,7,1,0,8,2,1,1,1,3,1,1,0,1,1,1,4,1,1,1,0,1,1,16.75,10.688,0.691
1,1,1,1,0,1,0,2,0,1,0,1,3,0,0,0,0,1,1,1,1,0,1,0,1,0,1,0,1,1,0,0,0,0,12.0,9.0,0.612
2,3,1,4,1,3,1,3,0,2,2,2,3,0,0,4,0,1,1,1,3,1,1,1,1,0,1,1,1,1,0,0,2,0,10.333,12.333,0.635
5,2,2,4,0,1,0,12,2,2,2,2,7,0,0,3,3,1,1,1,2,0,1,0,1,1,2,1,1,1,0,0,1,1,45.0,15.0,0.422
5,10,5,6,5,10,1,15,0,1,8,2,10,4,0,9,0,1,1,1,2,1,1,1,1,0,1,4,1,1,1,0,2,0,22.75,8.5,0.519
2,3,2,1,1,0,1,3,1,2,6,2,3,0,0,9,0,1,1,1,1,1,0,1,1,1,1,3,1,1,0,0,1,0,9.0,2.75,0.354
2,2,0,1,1,2,0,2,0,1,2,0,2,1,0,3,0,1,1,0,1,1,1,0,1,0,1,2,0,1,1,0,2,0,9.5,10.0,0.811
4,3,1,4,3,3,1,7,1,1,6,0,5,2,0,7,1,1,1,1,2,1,1,1,1,1,1,3,0,1,1,0,2,1,12.25,9.0,0.707
4,5,2,5,2,3,0,6,2,1,5,2,3,3,1,7,1,1,1,1,3,1,1,0,1,1,1,4,1,1,1,1,1,1,25.0,14.0,0.8
1,2,2,2,2,2,0,5,0,0,2,2,2,0,0,2,0,1,1,1,2,1,1,0,1,0,0,2,1,1,0,0,1,0,24.0,18.571,0.722
2,5,2,3,1,4,0,8,0,1,3,2,6,1,0,3,0,1,1,1,1,1,1,0,1,0,1,3,1,1,1,0,1,0,20.5,5.0,0.442
4,1,6,4,2,4,0,8,0,3,6,2,9,3,2,9,1,1,1,1,2,1,1,0,1,0,2,4,1,1,1,1,2,1,15.75,11.5,0.535
1,2,0,0,1,1,0,2,1,0,4,2,2,1,0,4,0,1,1,0,0,1,1,0,1,1,0,2,1,1,1,0,1,0,21.0,2.0,0.309
1,1,0,1,1,1,0,7,0,0,0,3,5,1,0,0,0,1,1,0,1,1,1,0,1,0,0,0,1,1,1,0,0,0,21.0,2.0,0.309
0,1,2,2,0,0,0,0,0,1,4,0,3,0,0,3,0,0,1,1,2,0,0,0,0,0,1,3,0,1,0,0,1,0,5.333,8.0,0.884
2,1,0,0,0,1,0,4,0,0,0,4,4,0,0,1,1,1,1,0,0,0,1,0,1,0,0,0,1,1,0,0,1,1,18.0,0.0,0.167
2,0,1,0,0,2,0,1,0,0,1,2,3,0,0,1,0,1,0,1,0,0,1,0,1,0,0,1,1,1,0,0,1,0,6.5,1.5,0.392
1,0,1,0,1,1,0,1,0,0,0,4,1,0,0,1,0,1,0,1,0,1,1,0,1,0,0,0,1,1,0,0,1,0,11.0,0.0,0.213
0,2,1,0,0,1,0,5,0,1,1,0,0,0,0,3,0,0,1,1,0,0,1,0,1,0,1,1,0,0,0,0,1,0,14.0,2.0,0.378
0,0,0,0,1,0,0,1,0,0,0,7,4,0,0,0,0,0,0,0,0,1,0,0,1,0,0,0,1,1,0,0,0,0,13.0,0.0,0.196
38,27,15,31,15,29,1,53,0,16,39,1,32,15,0,32,6,1,1,1,4,1,1,1,1,0,2,8,1,1,1,0,2,1,21.812,11.438,0.454
2,4,0,2,0,5,1,7,0,1,3,0,5,3,0,4,0,1,1,0,1,0,1,1,1,0,1,2,0,1,1,0,1,0,18.5,7.0,0.349
2,4,0,2,1,1,0,8,3,0,8,3,9,0,1,3,0,1,1,0,1,1,1,0,1,1,0,5,1,1,0,1,1,0,44.0,16.0,0.64
3,5,5,4,2,2,0,3,0,5,7,0,4,1,0,6,0,1,1,1,1,1,1,0,1,0,2,4,0,1,1,0,1,0,47.0,43.0,0.516
0,3,2,1,1,0,0,1,1,0,6,0,0,1,0,2,0,0,1,1,1,1,0,0,1,1,0,4,0,0,1,0,1,0,18.0,13.0,0.833
2,0,1,4,1,1,0,3,0,1,3,0,1,0,0,3,0,1,0,1,2,1,1,0,1,0,1,3,0,1,0,0,1,0,10.0,10.5,0.791
0,2,0,1,1,2,0,3,0,0,1,0,3,0,0,2,0,0,1,0,1,1,1,0,1,0,0,1,0,1,0,0,1,0,15.0,6.0,0.365
6,9,9,8,4,7,0,21,2,4,11,4,10,4,0,13,0,1,1,1,2,1,1,0,1,1,2,4,1,1,1,0,2,0,18.667,6.833,0.468
1,0,0,1,1,0,0,2,0,1,4,0,1,1,0,4,0,1,0,0,1,1,0,0,1,0,1,4,0,1,1,0,1,0,16.0,27.75,1.061
3,2,1,4,1,4,0,8,0,0,4,0,5,1,0,2,0,1,1,1,1,1,1,0,1,0,0,2,0,1,1,0,1,0,17.5,13.0,0.359
4,8,5,6,2,3,0,7,0,7,9,1,6,2,0,6,0,1,1,1,4,1,1,0,1,0,2,4,1,1,1,0,1,0,22.0,20.667,0.696
6,1,6,10,3,1,0,6,0,2,15,0,5,7,0,10,0,1,1,1,2,1,1,0,1,0,2,4,0,1,1,0,3,0,36.0,23.5,0.667
3,7,3,8,2,0,1,13,1,1,4,1,4,2,0,8,0,1,1,1,2,1,0,1,1,1,1,4,1,1,1,0,2,0,19.333,7.667,0.557
1,0,0,0,1,1,0,1,0,0,0,5,4,0,0,0,0,1,0,0,0,1,1,0,1,0,0,0,1,1,0,0,0,0,13.0,0.0,0.196
3,1,2,3,1,0,0,2,0,1,2,5,6,0,0,1,1,1,1,1,2,1,0,0,1,0,1,2,1,1,0,0,1,1,13.0,8.0,0.555
0,0,0,0,1,1,0,2,0,0,0,4,0,0,0,3,0,0,0,0,0,1,1,0,1,0,0,0,1,0,0,0,1,0,11.0,0.0,0.213
1,1,0,2,1,1,0,2,0,2,5,0,3,0,0,6,0,1,1,0,2,1,1,0,1,0,2,2,0,1,0,0,2,0,24.0,13.0,0.577
1,3,1,1,0,1,0,2,0,0,3,1,3,2,0,1,0,1,1,1,1,0,1,0,1,0,0,2,1,1,1,0,1,0,19.0,16.0,0.649
3,4,2,3,1,3,0,7,0,2,2,0,1,0,0,3,0,1,1,1,2,1,1,0,1,0,2,2,0,1,0,0,2,0,31.0,18.0,0.635
6,8,5,5,4,6,2,7,1,6,18,1,8,3,0,14,1,1,1,1,4,1,1,1,1,1,2,5,1,1,1,0,1,1,19.0,15.629,0.653
1,2,0,1,1,4,1,4,0,0,2,1,2,0,0,3,1,1,1,0,1,1,1,1,1,0,0,2,1,1,0,0,1,1,11.5,9.0,0.59
6,3,3,1,1,6,0,9,0,0,6,0,4,0,1,7,0,1,1,1,1,1,1,0,1,0,0,4,0,1,0,1,1,0,15.333,3.667,0.521
0,2,2,1,1,1,0,5,0,0,3,1,1,2,0,4,0,0,1,1,1,1,1,0,1,0,0,2,1,1,1,0,1,0,23.0,12.0,0.295
3,2,0,1,0,2,0,5,0,0,4,0,4,2,0,4,0,1,1,0,1,0,1,0,1,0,0,3,0,1,1,0,1,0,13.5,5.0,0.408
0,1,1,0,4,1,0,2,1,0,0,4,4,0,0,2,3,0,1,1,0,1,1,0,1,1,0,0,1,1,0,0,1,1,20.0,0.0,0.158
7,5,1,11,3,9,1,17,0,5,19,5,17,3,0,15,2,1,1,1,2,1,1,1,1,0,2,7,1,1,1,0,1,1,17.143,7.857,0.581
3,0,2,4,1,3,0,4,0,1,3,2,2,1,0,2,0,1,0,1,2,1,1,0,1,0,1,2,1,1,1,0,1,0,14.0,8.5,0.668
5,10,6,3,1,6,1,13,1,3,9,1,8,3,0,11,0,1,1,1,3,1,1,1,1,1,2,6,1,1,1,0,1,0,20.5,10.75,0.703
0,0,0,0,0,0,0,3,0,0,1,0,5,0,1,1,1,0,0,0,0,0,0,0,1,0,0,1,0,1,0,1,1,1,11.0,0.0,0.213
4,4,3,3,2,5,0,9,0,0,4,0,5,4,0,6,1,1,1,1,2,1,1,0,1,0,0,4,0,1,1,0,1,1,16.667,4.0,0.5
2,1,0,1,0,3,0,2,0,0,2,0,0,1,0,1,0,1,1,0,1,0,1,0,1,0,0,1,0,0,1,0,1,0,13.0,21.0,0.588
1,1,3,0,0,0,0,2,0,1,0,2,1,0,0,1,0,1,1,1,0,0,0,0,1,0,1,0,1,1,0,0,1,0,6.0,0.0,0.204
5,9,4,7,1,8,1,18,2,3,8,0,11,3,1,14,1,1,1,1,3,1,1,1,1,1,2,3,0,1,1,1,1,1,19.0,6.35,0.435
2,4,5,5,2,1,0,4,0,0,9,0,5,1,0,9,0,1,1,1,1,1,1,0,1,0,0,4,0,1,1,0,2,0,15.667,8.0,0.516
7,5,7,3,1,3,0,10,1,1,7,0,6,1,0,9,0,1,1,1,3,1,1,0,1,1,1,4,0,1,1,0,1,0,61.0,49.0,0.724
6,6,4,1,1,4,0,8,0,1,5,2,3,1,0,4,0,1,1,1,1,1,1,0,1,0,1,3,1,1,1,0,1,0,23.5,11.0,0.619
10,6,9,4,3,7,0,15,0,3,8,1,10,2,1,14,2,1,1,1,3,1,1,0,1,0,1,4,1,1,1,1,3,1,19.0,13.0,0.58
0,2,0,1,1,0,0,2,1,0,2,0,0,0,0,2,0,0,1,0,1,1,0,0,1,1,0,2,0,0,0,0,1,0,11.0,9.0,0.64
8,8,5,12,3,9,1,17,0,12,24,0,15,7,1,25,3,1,1,1,2,1,1,1,1,0,2,8,0,1,1,1,2,1,21.429,17.714,0.635
0,0,0,1,0,0,0,0,0,1,5,1,2,1,0,2,0,0,0,0,1,0,0,0,0,0,1,4,1,1,1,0,1,0,13.0,21.0,1.177
1,2,3,4,0,3,0,6,0,0,4,0,4,0,0,2,1,1,1,1,2,0,1,0,1,0,0,2,0,1,0,0,1,1,10.333,2.667,0.381
16,11,10,14,8,12,1,25,3,9,23,2,34,8,1,22,3,1,1,1,3,1,1,1,1,1,2,8,1,1,1,1,2,1,22.0,14.111,0.603
4,2,3,6,4,1,0,8,0,0,4,0,6,0,0,8,0,1,1,1,2,1,1,0,1,0,0,2,0,1,0,0,2,0,23.0,5.5,0.417
1,1,4,4,2,2,0,7,1,2,6,0,5,2,0,9,1,1,1,1,2,1,1,0,1,1,2,6,0,1,1,0,1,1,11.75,8.25,0.928
0,2,3,3,0,0,0,1,1,2,3,0,0,0,0,2,0,0,1,1,2,0,0,0,1,1,1,3,0,0,0,0,1,0,17.0,25.0,0.857
6,11,5,5,4,8,1,16,0,4,11,0,9,4,0,8,1,1,1,1,2,1,1,1,1,0,2,6,0,1,1,0,2,1,23.25,12.5,0.66
9,11,16,10,8,9,0,22,0,4,21,5,27,5,1,17,3,1,1,1,3,1,1,0,1,0,1,6,1,1,1,1,2,1,27.667,15.833,0.549
11,4,4,2,2,2,0,12,0,2,4,0,9,2,0,7,0,1,1,1,1,1,1,0,1,0,1,3,0,1,1,0,2,0,30.5,13.0,0.453
13,6,5,3,5,2,0,14,0,1,9,2,12,1,0,14,1,1,1,1,1,1,1,0,1,0,1,5,1,1,1,0,2,1,43.0,13.0,0.457
0,1,2,1,0,0,0,1,2,0,2,0,1,0,0,2,0,0,1,1,1,0,0,0,1,1,0,2,0,1,0,0,1,0,12.0,6.0,0.816
3,2,4,4,0,1,0,4,4,1,7,0,1,2,0,5,0,1,1,1,2,0,1,0,1,1,1,3,0,1,1,0,1,0,12.667,5.333,0.459
1,0,4,4,1,2,0,4,0,1,4,2,3,2,0,3,0,1,0,1,3,1,1,0,1,0,1,1,1,1,1,0,1,0,31.0,41.571,0.635
3,5,3,2,4,5,0,10,0,2,6,5,7,1,1,10,2,1,1,1,1,1,1,0,1,0,1,5,1,1,1,1,1,1,16.25,5.25,0.526
2,3,2,3,0,5,1,16,3,0,3,1,24,0,0,3,3,1,1,1,2,0,1,1,1,1,0,2,1,1,0,0,2,1,16.5,5.75,0.435
10,14,3,5,7,13,0,48,4,4,12,2,14,1,1,25,9,1,1,1,3,1,1,0,1,1,2,5,1,1,1,1,1,1,56.667,16.0,0.434
1,2,3,3,1,2,0,5,0,1,2,0,2,0,0,3,0,1,1,1,2,1,1,0,1,0,1,2,0,1,0,0,1,0,12.5,8.0,0.707
0,2,3,2,1,4,0,8,0,0,1,2,5,0,0,7,0,0,1,1,2,1,1,0,1,0,0,1,1,1,0,0,1,0,17.5,1.0,0.239
0,2,1,1,0,3,0,4,0,1,1,0,0,0,0,3,0,0,1,1,1,0,1,0,1,0,1,1,0,0,0,0,2,0,16.0,13.25,0.884
1,2,2,1,1,0,0,3,0,1,5,0,2,0,0,7,0,1,1,1,1,1,0,0,1,0,1,3,0,1,0,0,1,0,12.5,4.5,0.424
1,3,0,0,0,0,2,2,0,0,4,0,1,0,0,2,0,1,1,0,0,0,0,1,1,0,0,2,0,1,0,0,1,0,15.0,2.0,0.365
0,1,2,2,1,3,0,3,0,0,1,0,2,1,0,2,1,0,1,1,1,1,1,0,1,0,0,1,0,1,1,0,1,1,9.5,2.0,0.324
3,2,1,0,1,2,0,1,0,0,1,0,0,0,0,1,0,1,1,1,0,1,1,0,1,0,0,1,0,0,0,0,1,0,6.0,1.0,0.408
0,1,0,1,0,1,0,1,0,0,1,5,1,0,0,0,0,0,1,0,1,0,1,0,1,0,0,1,1,1,0,0,0,0,11.0,4.0,0.64
8,6,4,2,1,11,0,14,0,2,8,0,10,2,0,9,1,1,1,1,1,1,1,0,1,0,1,6,0,1,1,0,1,1,25.667,8.333,0.564
1,0,2,1,1,0,0,3,0,0,3,0,2,1,0,3,0,1,0,1,1,1,0,0,1,0,0,2,0,1,1,0,1,0,8.5,3.0,0.343
6,3,5,2,0,5,0,6,0,3,9,0,6,3,0,9,0,1,1,1,2,0,1,0,1,0,2,5,0,1,1,0,1,0,19.0,16.19,0.843
3,4,4,3,1,3,0,13,0,2,6,0,5,1,0,7,0,1,1,1,1,1,1,0,1,0,2,5,0,1,1,0,1,0,25.0,12.5,0.7
3,2,2,4,1,1,0,2,0,2,3,3,5,1,0,4,1,1,1,1,4,1,1,0,1,0,1,3,1,1,1,0,1,1,17.0,20.875,0.849
10,11,11,6,5,11,0,20,4,6,14,0,17,5,4,15,1,1,1,1,2,1,1,0,1,1,2,6,0,1,1,1,1,1,45.667,21.667,0.483
1,2,2,5,0,0,1,1,0,1,5,0,4,2,0,3,0,1,1,1,2,0,0,1,1,0,1,2,0,1,1,0,1,0,27.0,25.0,0.544
3,5,2,4,0,9,0,9,1,3,3,0,4,2,0,7,1,1,1,1,3,0,1,0,1,1,2,2,0,1,1,0,1,1,26.5,9.0,0.486
1,1,1,0,1,0,0,2,0,0,3,0,2,0,0,1,0,1,1,1,0,1,0,0,1,0,0,3,0,1,0,0,1,0,12.0,11.0,0.816
4,4,2,1,1,0,1,8,2,5,6,0,10,1,0,6,1,1,1,1,1,1,0,1,1,1,2,3,0,1,1,0,2,1,10.4,5.6,0.49
10,9,2,4,0,3,0,19,2,2,4,5,24,0,7,7,0,1,1,1,1,0,1,0,1,1,1,3,1,1,0,1,2,0,15.333,4.667,0.442
1,1,2,1,0,1,0,2,2,0,1,0,2,0,1,0,0,1,1,1,1,0,1,0,1,1,0,1,0,1,0,1,0,0,13.0,2.0,0.392
2,2,1,6,2,3,0,7,0,3,7,0,9,3,0,7,0,1,1,1,2,1,1,0,1,0,2,2,0,1,1,0,1,0,17.667,13.333,0.389
6,10,7,11,5,4,0,16,0,4,18,0,9,3,0,10,2,1,1,1,3,1,1,0,1,0,2,5,0,1,1,0,1,1,21.0,14.4,0.552
2,2,1,5,0,0,1,0,0,0,7,0,2,1,0,5,0,1,1,1,3,0,0,1,0,0,0,4,0,1,1,0,1,0,13.0,17.5,0.832
1,5,1,2,1,1,2,6,0,3,5,12,10,0,0,7,1,1,1,1,1,1,1,1,1,0,1,3,1,1,0,0,1,1,13.75,3.0,0.286
3,2,0,2,0,2,0,2,0,1,4,1,4,0,0,3,0,1,1,0,2,0,1,0,1,0,1,3,1,1,0,0,3,0,24.0,33.25,1.155
3,1,0,2,2,2,0,4,0,0,3,0,2,0,0,2,0,1,1,0,2,1,1,0,1,0,0,3,0,1,0,0,1,0,7.0,6.524,0.926
1,1,2,1,0,1,0,3,0,0,1,0,1,0,0,0,0,1,1,1,1,0,1,0,1,0,0,1,0,1,0,0,0,0,11.0,2.0,0.426
1,4,2,4,1,2,0,6,0,0,5,1,3,1,0,3,1,1,1,1,3,1,1,0,1,0,0,4,1,1,1,0,1,1,17.0,11.0,0.728
8,10,6,4,3,5,0,14,0,3,15,1,5,0,0,12,0,1,1,1,2,1,1,0,1,0,2,7,1,1,0,0,2,0,21.5,9.75,0.762
3,6,3,1,0,3,0,5,0,0,3,0,2,0,0,3,0,1,1,1,1,0,1,0,1,0,0,3,0,1,0,0,1,0,14.5,2.0,0.394
2,4,5,2,1,3,1,6,0,1,5,2,6,0,1,3,1,1,1,1,2,1,1,1,1,0,1,3,1,1,0,1,1,1,8.4,6.4,0.655
1,1,0,1,1,1,2,2,0,0,4,1,4,0,0,2,1,1,1,0,1,1,1,1,1,0,0,3,1,1,0,0,2,1,7.0,6.333,0.772
4,3,3,4,2,2,1,3,0,2,7,3,5,2,0,5,0,1,1,1,2,1,1,1,1,0,1,3,1,1,1,0,1,0,11.5,10.75,0.626
0,1,0,2,0,1,0,2,0,0,2,0,1,2,0,2,0,0,1,0,1,0,1,0,1,0,0,2,0,1,1,0,1,0,13.0,8.0,0.588
1,2,0,1,1,2,0,4,0,0,3,0,1,0,0,3,0,1,1,0,1,1,1,0,1,0,0,2,0,1,0,0,1,0,18.0,4.0,0.333
3,7,2,5,2,6,0,16,0,0,3,1,2,4,0,5,0,1,1,1,3,1,1,0,1,0,0,2,1,1,1,0,1,0,28.0,13.5,0.472
5,6,1,5,2,6,0,6,2,1,5,1,3,2,0,5,0,1,1,1,2,1,1,0,1,1,1,2,1,1,1,0,1,0,16.667,4.333,0.4
3,0,2,1,0,2,0,3,0,1,1,0,3,0,0,1,0,1,0,1,1,0,1,0,1,0,1,1,0,1,0,0,1,0,5.667,3.667,0.514
2,2,2,2,1,0,0,2,0,0,1,0,0,0,0,0,0,1,1,1,2,1,0,0,1,0,0,1,0,0,0,0,0,0,12.0,10.5,0.612
1,2,1,2,1,2,0,4,0,0,5,2,5,1,0,4,0,1,1,1,2,1,1,0,1,0,0,4,1,1,1,0,1,0,15.0,6.0,0.645
0,5,2,3,2,4,0,5,0,1,6,1,2,1,0,4,0,0,1,1,3,1,1,0,1,0,1,2,1,1,1,0,1,0,18.0,10.0,0.589
7,5,4,2,4,2,0,9,0,2,5,0,5,1,0,4,0,1,1,1,1,1,1,0,1,0,1,2,0,1,1,0,1,0,16.667,4.667,0.4
2,2,0,0,1,3,0,3,2,1,4,0,7,1,0,4,0,1,1,0,0,1,1,0,1,1,1,2,0,1,1,0,1,0,15.0,9.5,0.516
0,3,2,1,1,2,0,2,1,0,2,0,2,0,0,2,0,0,1,1,1,1,1,0,1,1,0,2,0,1,0,0,1,0,18.0,7.0,0.333
1,2,4,2,3,1,0,6,0,1,4,4,3,4,0,5,0,1,1,1,1,1,1,0,1,0,1,2,1,1,1,0,2,0,20.0,7.5,0.335
12,10,10,20,8,10,2,14,0,5,26,3,26,3,3,17,4,1,1,1,3,1,1,1,1,0,2,7,1,1,1,1,3,1,17.3,10.9,0.538
3,4,4,4,1,5,0,7,0,1,6,0,1,4,0,5,0,1,1,1,3,1,1,0,1,0,1,5,0,1,1,0,1,0,45.0,27.0,0.843
1,7,5,7,1,7,1,8,0,2,6,6,10,0,0,7,0,1,1,1,3,1,1,1,1,0,1,4,1,1,0,0,1,0,34.0,25.375,0.686
3,3,0,4,1,5,0,5,0,0,5,4,4,0,0,3,1,1,1,0,1,1,1,0,1,0,0,2,1,1,0,0,1,1,9.5,3.0,0.344
0,1,0,2,0,2,1,3,0,0,2,0,1,0,0,1,0,0,1,0,2,0,1,1,1,0,0,2,0,1,0,0,1,0,6.5,5.0,0.784
2,4,5,1,0,6,0,7,0,2,4,0,2,2,0,5,0,1,1,1,1,0,1,0,1,0,2,3,0,1,1,0,2,0,20.0,17.5,0.671
1,2,0,3,1,2,0,7,1,1,3,1,2,0,0,3,0,1,1,0,1,1,1,0,1,1,1,3,1,1,0,0,3,0,13.5,9.5,0.68
5,8,5,10,1,7,0,13,4,4,13,3,6,5,2,13,2,1,1,1,4,1,1,0,1,1,2,7,1,1,1,1,2,1,33.0,25.833,0.924
4,1,3,2,1,1,0,1,0,2,1,0,0,0,0,2,0,1,1,1,2,1,1,0,1,0,2,1,0,0,0,0,1,0,18.0,11.0,0.667
2,2,2,2,1,1,1,3,1,0,5,1,4,0,0,3,0,1,1,1,1,1,1,1,1,1,0,4,1,1,0,0,1,0,7.25,2.5,0.657
1,7,6,9,3,8,0,14,0,4,17,2,4,1,0,14,3,1,1,1,2,1,1,0,1,0,2,4,1,1,1,0,2,1,31.0,21.333,0.513
2,3,7,3,0,3,0,4,0,0,3,1,3,1,0,4,0,1,1,1,2,0,1,0,1,0,0,2,1,1,1,0,1,0,17.0,11.0,0.606
9,4,4,7,7,6,0,17,0,2,15,2,7,3,0,18,2,1,1,1,3,1,1,0,1,0,1,5,1,1,1,0,2,1,34.333,25.333,0.488
18,15,5,7,5,12,0,30,1,6,11,4,18,0,0,13,1,1,1,1,1,1,1,0,1,1,2,6,1,1,0,0,1,1,21.0,6.571,0.467
3,2,6,0,2,1,0,5,0,1,3,0,3,1,0,2,0,1,1,1,0,1,1,0,1,0,1,3,0,1,1,0,2,0,14.5,13.5,0.788
8,3,4,7,3,5,1,13,0,3,7,0,12,1,0,8,1,1,1,1,2,1,1,1,1,0,2,3,0,1,1,0,2,1,15.2,5.6,0.406
1,2,0,0,0,2,0,4,0,0,3,2,3,0,0,4,0,1,1,0,0,0,1,0,1,0,0,3,1,1,0,0,2,0,7.0,5.667,0.772
11,17,8,4,9,9,0,18,0,5,10,2,7,1,0,14,2,1,1,1,2,1,1,0,1,0,2,4,1,1,1,0,1,1,19.5,6.167,0.392
7,7,1,3,2,4,0,14,0,4,7,1,10,1,0,4,0,1,1,1,2,1,1,0,1,0,1,4,1,1,1,0,1,0,32.5,9.5,0.526
2,3,4,3,2,0,1,3,1,1,6,0,4,0,0,2,0,1,1,1,2,1,0,1,1,1,1,3,0,1,0,0,1,0,32.0,24.0,0.625
1,3,4,2,2,3,0,3,3,1,7,3,4,1,0,7,0,1,1,1,2,1,1,0,1,1,1,2,1,1,1,0,1,0,14.667,7.0,0.426
0,0,3,2,0,2,0,3,0,0,1,0,0,0,0,1,0,0,0,1,2,0,1,0,1,0,0,1,0,0,0,0,1,0,12.0,2.0,0.408
4,1,0,0,0,2,0,2,0,3,6,1,3,2,0,7,0,1,1,0,0,0,1,0,1,0,2,3,1,1,1,0,2,0,10.333,7.0,0.635
2,1,0,1,2,0,0,0,0,0,3,1,2,1,0,1,0,1,1,0,1,1,0,0,0,0,0,3,1,1,1,0,1,0,14.0,10.0,0.756
2,3,4,1,0,1,0,5,0,0,4,1,3,0,0,2,0,1,1,1,1,0,1,0,1,0,0,4,1,1,0,0,2,0,8.667,7.667,0.832
3,2,2,4,2,2,0,6,0,3,3,2,4,1,0,7,0,1,1,1,2,1,1,0,1,0,2,2,1,1,1,0,1,0,20.5,8.5,0.442
1,3,1,0,0,2,0,5,0,2,1,0,0,0,0,3,0,1,1,1,0,0,1,0,1,0,1,1,0,0,0,0,1,0,18.0,2.0,0.333
3,1,0,3,0,2,0,1,0,0,4,2,2,0,0,2,0,1,1,0,3,0,1,0,1,0,0,2,1,1,0,0,1,0,20.0,14.571,0.632
4,3,5,1,4,2,1,2,0,0,6,0,4,0,0,5,0,1,1,1,1,1,1,1,1,0,0,4,0,1,0,0,1,0,18.5,11.5,0.581
3,3,1,2,1,0,0,5,2,2,2,0,1,0,0,2,0,1,1,1,1,1,0,0,1,1,2,2,0,1,0,0,1,0,24.0,13.0,0.577
2,2,0,1,0,1,0,13,2,0,1,8,22,0,7,3,4,1,1,0,1,0,1,0,1,1,0,1,1,1,0,1,1,1,29.5,1.0,0.184
3,12,4,2,4,10,0,12,3,1,9,3,3,2,0,9,1,1,1,1,1,1,1,0,1,1,1,3,1,1,1,0,1,1,39.0,12.5,0.32
6,6,5,6,2,5,0,9,0,4,11,3,7,1,0,6,1,1,1,1,3,1,1,0,1,0,2,6,1,1,1,0,3,1,36.0,37.25,0.917
2,2,0,0,0,0,0,4,1,0,3,2,1,0,1,1,0,1,1,0,0,0,0,0,1,1,0,2,1,1,0,1,1,0,17.0,3.0,0.343
3,2,3,3,1,2,0,2,1,2,3,0,2,1,0,4,0,1,1,1,2,1,1,0,1,1,1,3,0,1,1,0,1,0,14.5,10.5,0.657
4,3,4,4,2,3,0,3,2,2,6,1,3,1,1,4,0,1,1,1,2,1,1,0,1,1,1,4,1,1,1,1,1,0,21.0,20.75,0.764
1,2,1,1,1,2,0,3,0,1,6,0,2,0,0,4,0,1,1,1,1,1,1,0,1,0,1,3,0,1,0,0,2,0,24.0,22.0,0.722
1,1,1,2,1,3,0,4,0,4,2,0,2,1,0,5,0,1,1,1,1,1,1,0,1,0,2,2,0,1,1,0,1,0,27.0,29.0,0.544
2,1,2,3,0,2,0,3,0,4,7,0,5,0,0,8,0,1,1,1,2,0,1,0,1,0,2,5,0,1,0,0,2,0,12.333,19.667,0.93
0,4,2,1,1,2,1,7,0,1,3,2,16,1,0,5,1,0,1,1,1,1,1,1,1,0,1,3,1,1,1,0,1,1,11.5,1.75,0.417
1,2,0,3,1,1,1,3,4,0,5,1,3,1,0,2,0,1,1,0,1,1,1,1,1,1,0,5,1,1,1,0,2,0,14.0,14.5,1.069
7,6,3,0,0,4,0,5,0,1,8,0,3,2,0,6,0,1,1,1,0,0,1,0,1,0,1,3,0,1,1,0,1,0,22.5,12.5,0.422
3,4,2,1,1,1,0,3,0,2,6,0,3,2,0,5,1,1,1,1,1,1,1,0,1,0,2,5,0,1,1,0,2,1,17.0,17.0,0.849
0,2,3,3,1,0,1,0,0,0,3,0,2,0,0,1,0,0,1,1,2,1,0,1,0,0,0,2,0,1,0,0,1,0,5.333,1.667,0.53
5,5,3,4,3,6,0,13,2,0,9,1,7,1,0,8,1,1,1,1,3,1,1,0,1,1,0,4,1,1,1,0,1,1,13.6,5.114,0.514
6,8,2,7,1,4,0,9,4,1,6,2,5,4,1,9,0,1,1,1,2,1,1,0,1,1,1,4,1,1,1,1,1,0,34.0,15.5,0.514
6,14,2,3,3,13,1,24,1,1,6,10,32,1,9,13,2,1,1,1,3,1,1,1,1,1,1,3,1,1,1,1,2,1,26.0,5.2,0.372
1,2,1,0,0,2,0,9,0,0,2,16,10,0,0,1,0,1,1,1,0,0,1,0,1,0,0,2,1,1,0,0,1,0,44.0,4.0,0.213
13,10,4,7,2,6,0,17,7,4,12,2,12,0,3,10,0,1,1,1,4,1,1,0,1,1,2,5,1,1,0,1,1,0,26.5,15.438,0.618
6,11,12,10,4,6,0,14,6,2,13,4,5,6,0,10,1,1,1,1,2,1,1,0,1,1,1,6,1,1,1,0,1,1,36.667,21.667,0.539
9,12,5,8,6,7,0,18,6,2,14,6,8,3,1,13,0,1,1,1,2,1,1,0,1,1,2,7,1,1,1,1,2,0,23.4,11.4,0.654
11,15,7,4,7,9,1,20,8,5,14,2,12,2,5,17,0,1,1,1,2,1,1,1,1,1,2,5,1,1,1,1,3,0,44.667,28.333,0.611
9,24,8,9,4,12,0,29,8,5,19,1,22,4,0,22,2,1,1,1,3,1,1,0,1,1,2,5,1,1,1,0,2,1,17.8,8.1,0.424
12,15,8,10,0,5,0,12,7,0,9,2,8,2,1,7,0,1,1,1,2,0,1,0,1,1,0,6,1,1,1,1,1,0,32.333,9.0,0.503
4,15,3,4,3,8,0,22,8,1,13,1,8,2,4,10,0,1,1,1,1,1,1,0,1,1,1,6,1,1,1,1,1,0,25.5,8.25,0.49
2,0,2,0,0,2,0,1,0,0,1,0,1,0,0,2,0,1,0,1,0,0,1,0,1,0,0,1,0,1,0,0,1,0,5.5,1.5,0.426
4,5,2,2,2,3,0,8,0,2,7,0,2,0,0,5,0,1,1,1,2,1,1,0,1,0,1,4,0,1,0,0,2,0,21.0,15.5,0.764
5,14,3,3,8,4,0,22,4,1,8,1,5,3,1,14,0,1,1,1,2,1,1,0,1,1,1,4,1,1,1,1,2,0,31.667,9.667,0.435
4,13,11,14,4,4,0,20,2,7,15,6,18,3,2,15,1,1,1,1,3,1,1,0,1,1,2,4,1,1,1,1,2,1,17.125,10.125,0.483
3,9,9,2,2,8,0,17,3,1,9,5,7,3,1,9,0,1,1,1,1,1,1,0,1,1,1,3,1,1,1,1,2,0,21.75,8.25,0.455
5,10,3,6,3,7,0,11,2,2,19,0,7,3,0,13,1,1,1,1,2,1,1,0,1,1,2,6,0,1,1,0,3,1,15.333,11.833,0.737
2,2,3,2,3,1,1,5,2,1,6,0,2,2,1,8,0,1,1,1,1,1,1,1,1,1,1,3,0,1,1,1,1,0,40.0,20.0,0.447
7,7,9,6,1,5,1,15,2,1,6,0,2,1,1,5,0,1,1,1,2,1,1,1,1,1,1,3,0,1,1,1,1,0,68.0,27.0,0.429
6,5,6,5,5,6,2,13,0,3,17,1,8,2,0,14,1,1,1,1,3,1,1,1,1,0,2,5,1,1,1,0,3,1,13.429,9.571,0.656
4,5,4,10,5,3,1,11,1,0,13,0,5,2,0,10,0,1,1,1,2,1,1,1,1,1,0,3,0,1,1,0,1,0,74.0,23.0,0.329
4,4,2,3,1,4,0,5,0,0,3,2,3,0,0,2,0,1,1,1,2,1,1,0,1,0,0,3,1,1,0,0,1,0,16.5,5.0,0.492
0,6,9,8,2,4,1,15,2,2,15,1,6,6,1,11,0,0,1,1,3,1,1,1,1,1,1,6,1,1,1,1,1,0,44.0,35.0,0.678
2,4,2,7,1,2,0,3,0,1,8,4,7,0,1,4,1,1,1,1,3,1,1,0,1,0,1,3,1,1,0,1,1,1,15.333,11.917,0.626
8,9,12,6,2,8,0,20,3,2,15,0,5,4,1,11,0,1,1,1,4,1,1,0,1,1,1,6,0,1,1,1,1,0,52.5,34.786,0.69
10,10,4,7,5,7,0,23,1,2,15,2,8,6,2,14,0,1,1,1,3,1,1,0,1,1,2,4,1,1,1,1,2,0,38.0,16.333,0.464
0,1,1,2,0,0,0,0,0,0,5,1,2,1,0,3,0,0,1,1,2,0,0,0,0,0,0,3,1,1,1,0,1,0,8.0,6.0,0.707
16,14,7,13,11,13,0,28,2,5,17,5,20,4,1,12,6,1,1,1,2,1,1,0,1,1,2,3,1,1,1,1,1,1,18.444,5.556,0.274
5,7,4,7,1,4,1,13,3,4,8,0,4,2,1,8,0,1,1,1,3,1,1,1,1,1,2,5,0,1,1,1,1,0,23.667,15.667,0.671
0,1,0,2,1,0,0,1,0,1,6,0,2,2,0,4,0,0,1,0,2,1,0,0,1,0,1,2,0,1,1,0,1,0,20.0,23.0,0.791
0,4,0,1,0,1,0,1,1,1,2,1,0,0,0,3,0,0,1,0,1,0,1,0,1,1,1,2,1,0,0,0,2,0,15.0,19.0,1.095
0,2,2,2,0,0,0,0,4,0,2,0,3,1,0,3,0,0,1,1,1,0,0,0,0,1,0,1,0,1,1,0,1,0,19.0,8.0,0.487
7,13,4,5,5,9,0,19,1,1,7,10,6,1,0,5,0,1,1,1,2,1,1,0,1,1,1,4,1,1,1,0,2,0,31.0,13.25,0.587
15,20,3,7,3,10,1,30,0,4,10,0,20,1,0,9,4,1,1,1,3,1,1,1,1,0,2,4,0,1,1,0,1,1,17.25,4.625,0.421
0,3,0,0,0,4,0,1,1,0,2,32,13,0,0,2,10,0,1,0,0,0,1,0,1,1,0,2,1,1,0,0,1,1,68.0,4.0,0.171
1,1,2,1,1,1,0,2,0,1,2,1,1,0,0,3,0,1,1,1,1,1,1,0,1,0,1,2,1,1,0,0,1,0,17.0,8.0,0.514
2,3,1,1,1,2,0,6,0,1,9,1,4,1,0,5,0,1,1,1,1,1,1,0,1,0,1,6,1,1,1,0,2,0,36.0,44.571,1.061
3,7,8,2,2,4,1,12,1,1,8,1,14,0,0,8,1,1,1,1,2,1,1,1,1,1,1,3,1,1,0,0,2,1,73.0,30.0,0.497
5,4,5,6,2,3,0,15,1,5,9,1,6,4,0,9,1,1,1,1,3,1,1,0,1,1,2,5,1,1,1,0,1,1,18.75,17.75,0.735
1,3,1,2,1,0,0,3,0,1,3,0,1,2,0,3,0,1,1,1,2,1,0,0,1,0,1,3,0,1,1,0,1,0,21.0,12.0,0.772
1,2,3,2,1,1,0,10,0,1,7,1,3,2,0,4,0,1,1,1,2,1,1,0,1,0,1,5,1,1,1,0,1,0,37.0,24.0,0.697
3,1,3,0,1,3,0,5,1,0,3,1,1,1,0,4,0,1,1,1,0,1,1,0,1,1,0,3,1,1,1,0,1,0,27.0,7.0,0.544
2,5,1,2,2,3,0,8,0,1,2,0,4,0,0,1,0,1,1,1,1,1,1,0,1,0,1,1,0,1,0,0,1,0,15.5,7.5,0.508
2,3,0,1,1,1,0,3,0,0,3,0,2,1,0,2,0,1,1,0,1,1,1,0,1,0,0,3,0,1,1,0,1,0,9.5,3.0,0.649
1,3,0,3,1,2,0,5,0,2,3,1,3,0,0,3,1,1,1,0,3,1,1,0,1,0,2,3,1,1,0,0,1,1,13.5,11.5,0.953
0,1,0,1,1,2,0,3,0,0,1,1,6,0,0,0,0,0,1,0,1,1,1,0,1,0,0,1,1,1,0,0,0,0,8.0,2.0,0.53
1,3,1,4,1,2,1,3,4,2,5,0,2,2,0,3,0,1,1,1,2,1,1,1,1,1,1,3,0,1,1,0,1,0,17.0,18.5,0.728
0,3,1,1,0,1,0,1,2,0,2,0,2,0,0,3,0,0,1,1,1,0,1,0,1,1,0,2,0,1,0,0,1,0,15.0,5.0,0.548
0,3,0,1,0,2,0,3,0,1,4,3,2,3,0,4,0,0,1,0,1,0,1,0,1,0,1,2,1,1,1,0,1,0,26.0,15.0,0.555
1,2,0,0,0,0,0,4,0,0,3,0,0,1,0,2,0,1,1,0,0,0,0,0,1,0,0,2,0,0,1,0,1,0,13.0,4.0,0.392
5,2,4,4,2,1,0,3,0,1,5,0,2,2,0,4,0,1,1,1,2,1,1,0,1,0,1,2,0,1,1,0,1,0,35.0,32.0,0.478
7,6,3,2,4,2,1,9,0,1,3,2,5,1,0,4,0,1,1,1,2,1,1,1,1,0,1,2,1,1,1,0,1,0,25.0,8.5,0.5
1,2,1,1,0,0,0,0,1,0,1,2,2,0,0,2,0,1,1,1,1,0,0,0,0,1,0,1,1,1,0,0,1,0,12.0,5.0,0.612
0,2,3,1,1,1,0,3,0,0,2,1,3,0,0,2,0,0,1,1,1,1,1,0,1,0,0,2,1,1,0,0,1,0,19.0,6.0,0.649
1,0,1,0,1,1,1,1,0,1,2,0,2,0,0,2,0,1,0,1,0,1,1,1,1,0,1,2,0,1,0,0,1,0,13.0,9.0,0.588
4,9,2,3,2,5,0,11,0,2,9,1,6,2,0,9,0,1,1,1,2,1,1,0,1,0,2,4,1,1,1,0,1,0,32.5,22.5,0.614
2,0,1,2,1,0,0,5,0,1,1,0,4,0,0,2,0,1,0,1,2,1,0,0,1,0,1,1,0,1,0,0,1,0,10.0,7.5,0.632
2,1,4,0,1,2,0,2,0,0,4,2,4,1,0,2,0,1,1,1,0,1,1,0,1,0,0,2,1,1,1,0,1,0,8.333,3.333,0.424
9,6,5,6,2,5,0,16,0,3,6,2,8,3,0,8,0,1,1,1,3,1,1,0,1,0,2,5,1,1,1,0,2,0,19.75,12.25,0.716
0,1,1,3,0,3,0,5,0,1,2,0,1,2,0,3,0,0,1,1,2,0,1,0,1,0,1,1,0,1,1,0,1,0,22.0,28.75,0.754
0,2,1,1,0,1,0,2,0,0,3,1,1,0,0,3,0,0,1,1,1,0,1,0,1,0,0,3,1,1,0,0,1,0,15.0,5.0,0.548
1,2,4,1,0,1,0,2,2,1,1,0,1,0,0,1,0,1,1,1,1,0,1,0,1,1,1,1,0,1,0,0,1,0,17.0,14.0,0.686
4,7,8,12,4,4,0,14,1,6,20,0,13,7,0,16,1,1,1,1,3,1,1,0,1,1,2,10,0,1,1,0,3,1,19.5,16.5,0.85
2,2,3,0,1,1,1,2,0,3,5,0,1,1,0,11,0,1,1,1,0,1,1,1,1,0,1,2,0,1,1,0,1,0,16.5,3.0,0.246
5,0,0,0,0,0,0,12,0,0,0,5,11,0,1,1,0,1,0,0,0,0,0,0,1,0,0,0,1,1,0,1,1,0,33.0,0.0,0.123
1,0,1,1,2,0,1,0,0,0,3,2,1,1,0,1,0,1,0,1,1,1,0,1,0,0,0,2,1,1,1,0,1,0,14.0,6.0,0.567
14,5,2,8,7,8,0,24,1,2,5,0,13,2,0,9,1,1,1,1,1,1,1,0,1,1,2,4,0,1,1,0,1,1,99.0,23.0,0.355
0,2,0,2,0,2,0,3,0,1,2,1,2,0,0,2,1,0,1,0,1,0,1,0,1,0,1,1,1,1,0,0,1,1,9.0,7.0,0.333
3,2,5,8,2,3,0,8,0,7,12,0,9,2,0,9,1,1,1,1,3,1,1,0,1,0,2,6,0,1,1,0,1,1,23.667,23.714,0.755
3,3,1,3,1,2,0,2,1,1,6,1,1,2,0,6,2,1,1,1,2,1,1,0,1,1,1,3,1,1,1,0,1,1,35.0,24.8,0.717
11,9,14,6,6,8,0,19,2,3,10,0,12,3,0,12,2,1,1,1,3,1,1,0,1,1,2,5,0,1,1,0,1,1,23.4,9.8,0.523
31,31,19,20,16,28,0,59,4,13,25,6,44,9,1,29,3,1,1,1,2,1,1,0,1,1,2,8,1,1,1,1,2,1,25.846,10.231,0.424
6,13,3,3,0,4,0,9,2,5,11,2,9,4,0,11,0,1,1,1,2,0,1,0,1,1,2,5,1,1,1,0,1,0,20.5,13.25,0.625
0,0,3,1,1,2,0,5,0,2,0,6,3,2,3,5,2,0,0,1,1,1,1,0,1,0,2,0,1,0,1,1,1,1,32.0,12.0,0.375
16,12,12,11,2,4,1,16,1,11,22,1,9,5,0,27,1,1,1,1,4,1,1,1,1,1,2,6,1,1,1,0,1,1,19.0,16.125,0.574
1,2,1,6,2,2,0,5,5,3,4,2,3,3,0,4,0,1,1,1,3,1,1,0,1,1,1,2,1,1,1,0,1,0,14.333,13.0,0.647
20,20,22,20,4,17,0,32,2,9,21,1,19,7,0,23,5,1,1,1,3,1,1,0,1,1,2,5,1,1,1,0,2,1,32.0,18.357,0.425
2,8,1,1,1,1,0,9,0,2,7,1,1,1,0,6,0,1,1,1,1,1,1,0,1,0,1,3,1,1,1,0,1,0,20.5,8.0,0.552
1,1,2,0,2,1,0,4,0,0,2,0,2,0,0,2,0,1,1,1,0,1,1,0,1,0,0,2,0,1,0,0,1,0,8.5,4.5,0.514
2,1,0,3,0,1,0,1,1,2,2,3,2,1,0,1,0,1,1,0,2,0,1,0,1,1,1,2,1,1,1,0,1,0,10.0,16.0,0.791
1,3,1,1,1,3,0,5,0,2,4,1,1,3,0,5,0,1,1,1,1,1,1,0,1,0,2,4,1,1,1,0,1,0,31.0,22.0,0.889
8,9,5,8,2,4,0,10,0,5,11,0,6,3,0,10,0,1,1,1,4,1,1,0,1,0,2,3,0,1,1,0,2,0,20.25,11.75,0.55
4,12,5,2,2,8,0,14,1,3,7,0,3,4,0,9,0,1,1,1,1,1,1,0,1,1,2,5,0,1,1,0,1,0,37.0,22.0,0.658
0,1,0,2,0,1,0,1,0,0,4,0,2,0,0,1,0,0,1,0,2,0,1,0,1,0,0,3,0,1,0,0,1,0,6.0,8.0,1.021
0,0,2,2,0,0,0,0,2,1,4,0,2,1,0,4,0,0,0,1,2,0,0,0,0,1,1,2,0,1,1,0,1,0,9.0,10.0,0.833
1,6,1,6,2,2,0,2,4,1,11,0,2,2,1,5,0,1,1,1,2,1,1,0,1,1,1,3,0,1,1,1,2,0,22.5,25.0,0.738
4,3,0,2,0,1,0,2,0,0,4,0,1,0,0,0,0,1,1,0,1,0,1,0,1,0,0,3,0,1,0,0,0,0,8.5,7.0,0.686
3,4,0,8,2,5,0,8,0,6,10,0,4,1,0,7,0,1,1,0,3,1,1,0,1,0,2,4,0,1,1,0,1,0,19.333,15.333,0.65
1,0,2,2,1,0,0,2,0,0,2,1,1,0,0,3,0,1,0,1,1,1,0,0,1,0,0,2,1,1,0,0,1,0,7.5,4.5,0.73
3,2,1,2,0,3,0,4,0,1,2,0,4,1,1,3,0,1,1,1,1,0,1,0,1,0,1,1,0,1,1,1,2,0,13.5,3.0,0.272
0,2,0,2,0,1,0,1,2,1,2,1,0,2,0,2,0,0,1,0,2,0,1,0,1,1,1,2,1,0,1,0,1,0,16.0,17.0,0.884
3,0,0,0,0,0,0,1,0,0,0,3,0,0,0,0,2,1,0,0,0,0,0,0,1,0,0,0,1,1,0,0,0,1,5.5,0.0,0.213
3,4,2,1,2,1,0,7,0,1,2,1,0,0,0,1,0,1,1,1,1,1,1,0,1,0,1,2,1,0,0,0,1,0,25.0,13.0,0.707
5,4,2,5,1,5,3,14,2,3,4,1,9,2,0,7,0,1,1,1,2,1,1,1,1,1,2,3,1,1,1,0,1,0,33.5,12.0,0.518
1,1,2,0,1,3,0,5,0,1,2,0,0,0,0,2,0,1,1,1,0,1,1,0,1,0,1,2,0,0,0,0,1,0,18.0,7.0,0.5
3,0,1,3,2,0,0,3,0,0,4,2,1,0,0,2,0,1,0,1,2,1,0,0,1,0,0,3,1,1,0,0,1,0,11.0,4.5,0.603
0,1,0,1,0,0,0,2,0,0,4,0,4,0,0,1,0,0,1,0,1,0,0,0,1,0,0,4,0,1,0,0,1,0,6.5,6.0,0.981
1,1,2,2,0,2,0,3,2,1,1,0,5,1,0,2,0,1,1,1,1,0,1,0,1,1,1,1,0,1,1,0,1,0,22.0,7.0,0.452
2,2,2,1,1,3,0,3,0,1,3,0,1,0,0,4,0,1,1,1,1,1,1,0,1,0,1,2,0,1,0,0,1,0,23.0,10.0,0.59
5,14,14,7,7,6,0,17,0,2,22,5,11,4,0,16,0,1,1,1,2,1,1,0,1,0,1,6,1,1,1,0,3,0,14.444,8.0,0.558
3,4,5,4,1,4,0,6,0,3,11,1,2,1,0,7,0,1,1,1,2,1,1,0,1,0,1,4,1,1,1,0,2,0,13.0,14.0,0.686
1,4,6,2,0,4,0,8,0,1,8,0,3,0,0,7,0,1,1,1,2,0,1,0,1,0,1,2,0,1,0,0,1,0,14.667,9.667,0.533
9,14,8,5,5,14,0,14,6,3,14,9,14,1,1,19,0,1,1,1,3,1,1,0,1,1,2,4,1,1,1,1,1,0,15.0,5.222,0.487
2,1,2,2,0,1,1,3,0,0,1,0,1,0,0,0,0,1,1,1,1,0,1,1,1,0,0,1,0,1,0,0,0,0,14.0,6.0,0.567
5,1,2,3,0,3,0,5,0,2,4,0,3,2,0,5,0,1,1,1,1,0,1,0,1,0,2,3,0,1,1,0,2,0,17.5,11.5,0.598
8,4,4,6,3,1,0,11,2,2,5,0,7,1,1,4,0,1,1,1,2,1,1,0,1,1,1,4,0,1,1,1,1,0,14.5,8.5,0.557
10,5,6,3,2,3,0,7,0,3,3,2,3,1,0,7,0,1,1,1,2,1,1,0,1,0,2,2,1,1,1,0,1,0,18.0,9.667,0.481
6,7,11,2,2,3,0,14,0,1,10,5,7,1,0,14,1,1,1,1,1,1,1,0,1,0,1,4,1,1,1,0,3,1,16.8,6.0,0.463
6,2,3,2,3,2,0,7,1,1,6,0,5,2,0,6,0,1,1,1,2,1,1,0,1,1,1,4,0,1,1,0,1,0,15.333,9.667,0.626
3,5,3,4,3,3,1,9,4,3,12,0,4,2,0,8,0,1,1,1,3,1,1,1,1,1,2,5,0,1,1,0,2,0,32.0,22.0,0.707
7,2,6,2,4,1,0,6,0,1,2,1,2,2,0,5,0,1,1,1,1,1,1,0,1,0,1,2,1,1,1,0,1,0,20.5,6.5,0.442
7,11,7,5,2,6,0,18,0,0,14,5,8,1,0,7,0,1,1,1,3,1,1,0,1,0,0,9,1,1,1,0,2,0,30.333,17.667,0.889
7,12,9,6,8,9,0,26,1,2,23,0,7,3,0,19,1,1,1,1,2,1,1,0,1,1,1,8,0,1,1,0,2,1,19.0,14.857,0.613
3,4,3,4,3,1,0,9,2,2,4,0,2,3,0,5,0,1,1,1,3,1,1,0,1,1,1,3,0,1,1,0,2,0,22.5,19.5,0.632
16,17,18,6,6,14,0,29,1,1,22,6,9,2,2,20,0,1,1,1,2,1,1,0,1,1,1,7,1,1,1,1,2,0,55.667,32.6,0.547
13,17,11,5,11,14,0,30,2,7,29,3,5,6,1,33,0,1,1,1,2,1,1,0,1,1,2,6,1,1,1,1,2,0,37.2,27.2,0.467
22,19,17,10,6,17,1,40,2,1,27,2,12,5,0,29,0,1,1,1,3,1,1,1,1,1,1,7,1,1,1,0,2,0,19.0,10.818,0.44
7,11,7,6,3,11,0,27,1,2,13,5,12,6,0,16,1,1,1,1,2,1,1,0,1,1,1,8,1,1,1,0,1,1,32.0,15.75,0.625
0,2,0,1,1,1,0,1,1,1,4,0,1,1,0,3,0,0,1,0,1,1,1,0,1,1,1,2,0,1,1,0,1,0,17.0,16.75,0.686
0,2,0,1,1,1,0,1,1,1,4,0,1,1,0,3,0,0,1,0,1,1,1,0,1,1,1,2,0,1,1,0,1,0,17.0,16.75,0.686
7,11,4,3,8,11,0,29,1,1,5,7,5,1,2,17,2,1,1,1,2,1,1,0,1,1,1,3,1,1,1,1,2,1,112.0,25.0,0.334
1,1,1,1,0,0,0,0,0,0,2,2,3,0,1,1,0,1,1,1,1,0,0,0,0,0,0,1,1,1,0,1,1,0,13.0,2.0,0.392
4,2,4,2,0,1,0,9,0,4,6,0,3,1,0,7,0,1,1,1,1,0,1,0,1,0,1,4,0,1,1,0,2,0,10.75,8.75,0.755
4,2,2,2,2,4,1,9,0,1,3,3,9,2,2,6,0,1,1,1,2,1,1,1,1,0,1,3,1,1,1,1,1,0,17.0,8.0,0.693
5,2,1,5,0,3,0,4,0,0,4,1,4,1,0,0,2,1,1,1,2,0,1,0,1,0,0,3,1,1,1,0,0,1,16.0,7.5,0.5
1,3,2,2,0,0,1,2,0,1,4,1,5,0,1,2,0,1,1,1,1,0,0,1,1,0,1,4,1,1,0,1,1,0,8.333,7.333,0.849
0,2,1,0,0,1,1,3,1,0,2,1,3,0,0,2,0,0,1,1,0,0,1,1,1,1,0,2,1,1,0,0,2,0,17.0,11.0,0.686
2,5,5,3,0,2,0,6,0,0,6,0,2,2,0,4,0,1,1,1,2,0,1,0,1,0,0,4,0,1,1,0,1,0,18.5,14.786,0.814
2,3,2,3,0,5,1,16,3,0,3,1,24,0,0,3,3,1,1,1,2,0,1,1,1,1,0,2,1,1,0,0,2,1,16.5,5.75,0.435
3,5,1,3,1,3,0,7,1,3,6,2,14,2,0,10,3,1,1,1,2,1,1,0,1,1,2,3,1,1,1,0,1,1,13.0,5.8,0.526
0,2,1,0,0,2,1,2,0,1,1,0,0,1,0,2,0,0,1,1,0,0,1,1,1,0,1,1,0,0,1,0,2,0,13.0,9.0,0.588
4,2,5,4,3,3,0,4,0,1,3,0,2,0,0,5,1,1,1,1,3,1,1,0,1,0,1,3,0,1,0,0,1,1,18.5,6.5,0.581
10,8,8,19,5,7,0,22,0,4,14,1,9,3,1,15,0,1,1,1,2,1,1,0,1,0,1,4,1,1,1,1,2,0,31.25,8.75,0.316
1,2,2,4,1,2,0,4,0,0,2,2,1,1,0,3,0,1,1,1,3,1,1,0,1,0,0,2,1,1,1,0,1,0,25.0,17.0,0.707
3,6,3,3,2,3,0,8,1,1,12,0,4,1,0,12,0,1,1,1,2,1,1,0,1,1,1,3,0,1,1,0,3,0,19.667,13.333,0.644
0,0,0,1,1,0,1,5,0,0,2,2,6,0,3,3,1,0,0,0,1,1,0,1,1,0,0,2,1,1,0,1,1,1,7.333,3.667,0.452
22,27,19,18,10,24,0,49,6,4,30,13,31,5,0,26,0,1,1,1,4,1,1,0,1,1,2,8,1,1,1,0,2,0,25.818,11.545,0.504
24,38,9,16,3,23,0,46,0,4,19,1,20,7,0,19,1,1,1,1,3,1,1,0,1,0,2,7,1,1,1,0,1,1,57.25,19.5,0.467
10,16,10,14,9,20,0,29,3,8,20,11,13,4,0,21,1,1,1,1,4,1,1,0,1,1,2,7,1,1,1,0,3,1,23.625,11.875,0.617
3,5,0,7,2,7,0,13,1,1,4,1,3,4,0,6,0,1,1,0,3,1,1,0,1,1,1,3,1,1,1,0,2,0,57.0,48.0,0.656
1,3,5,4,0,3,0,10,0,3,7,0,3,2,0,8,0,1,1,1,3,0,1,0,1,0,2,5,0,1,1,0,1,0,16.333,10.917,0.808
2,0,2,7,2,5,0,7,0,5,5,1,5,1,1,7,1,1,0,1,4,1,1,0,1,0,2,3,1,1,1,1,1,1,16.667,14.917,0.7
2,0,3,2,1,0,1,2,0,1,2,0,0,1,0,0,0,1,0,1,1,1,0,1,1,0,1,1,0,0,1,0,0,0,15.0,11.0,0.548
1,2,0,3,0,2,0,3,0,1,3,0,2,1,0,3,0,1,1,0,1,0,1,0,1,0,1,2,0,1,1,0,1,0,10.5,3.0,0.463
3,5,7,8,2,4,0,8,0,3,6,2,6,6,0,11,0,1,1,1,3,1,1,0,1,0,1,4,1,1,1,0,1,0,35.5,24.5,0.587
5,4,3,3,2,1,0,7,1,3,12,0,8,0,0,7,1,1,1,1,2,1,1,0,1,1,1,7,0,1,0,0,1,1,18.667,19.667,0.945
3,3,4,4,0,2,1,5,0,2,5,0,3,1,0,2,0,1,1,1,2,0,1,1,1,0,2,3,0,1,1,0,1,0,17.5,15.0,0.717
3,6,4,2,3,3,0,7,0,1,9,2,3,0,0,6,1,1,1,1,1,1,1,0,1,0,1,3,1,1,0,0,3,1,16.667,12.667,0.6
1,0,1,1,0,1,0,2,0,1,2,0,3,0,0,2,0,1,0,1,1,0,1,0,1,0,1,2,0,1,0,0,1,0,14.0,9.0,0.567
0,2,0,0,1,1,0,1,2,0,1,0,2,0,0,2,0,0,1,0,0,1,1,0,1,1,0,1,0,1,0,0,1,0,12.0,2.0,0.408
1,1,0,0,1,1,0,4,0,0,2,0,0,0,0,1,1,1,1,0,0,1,1,0,1,0,0,2,0,0,0,0,1,1,12.0,8.0,0.612
3,1,1,3,0,0,0,5,0,0,2,0,1,2,0,2,0,1,1,1,2,0,0,0,1,0,0,2,0,1,1,0,1,0,10.0,5.0,0.474
2,6,4,2,0,2,0,10,0,1,6,2,6,1,1,4,0,1,1,1,1,0,1,0,1,0,1,4,1,1,1,1,2,0,23.0,8.0,0.521
0,1,1,2,0,0,0,1,0,1,3,0,2,0,0,2,0,0,1,1,1,0,0,0,1,0,1,2,0,1,0,0,1,0,6.5,12.5,0.784
2,5,3,1,4,3,0,7,0,0,5,0,5,1,0,6,0,1,1,1,1,1,1,0,1,0,0,3,0,1,1,0,1,0,20.5,5.0,0.331
0,1,2,1,0,1,0,4,0,0,1,1,1,0,0,2,0,0,1,1,1,0,1,0,1,0,0,1,1,1,0,0,1,0,14.0,9.0,0.567
5,4,2,3,0,2,0,6,0,1,2,1,3,0,0,3,0,1,1,1,2,0,1,0,1,0,1,2,1,1,0,0,1,0,16.0,11.0,0.625
4,7,5,6,1,1,0,4,3,3,11,1,5,2,0,6,1,1,1,1,3,1,1,0,1,1,1,6,1,1,1,0,2,1,30.0,32.0,0.822
1,2,3,3,0,3,0,3,0,0,5,0,3,1,0,2,0,1,1,1,2,0,1,0,1,0,0,4,0,1,1,0,1,0,26.0,19.0,0.693
2,2,2,1,2,2,0,7,0,1,2,1,2,0,0,3,0,1,1,1,1,1,1,0,1,0,1,1,1,1,0,0,2,0,13.5,14.5,0.544
5,5,2,3,3,5,0,12,0,0,5,2,4,2,0,7,1,1,1,1,3,1,1,0,1,0,0,3,1,1,1,0,1,1,27.5,11.5,0.477
5,7,6,6,2,2,0,8,0,2,16,2,6,3,0,13,1,1,1,1,3,1,1,0,1,0,1,4,1,1,1,0,1,1,13.333,13.333,0.474
2,5,7,7,4,5,0,9,0,5,13,2,5,4,0,13,2,1,1,1,3,1,1,0,1,0,2,4,1,1,1,0,2,1,41.5,42.375,0.621
1,3,0,2,1,2,0,2,0,1,3,0,2,0,0,1,0,1,1,0,1,1,1,0,1,0,1,3,0,1,0,0,1,0,18.0,20.0,0.833
0,0,1,2,2,0,1,2,0,1,2,2,0,1,0,2,0,0,0,1,1,1,0,1,1,0,1,1,1,0,1,0,1,0,5.333,3.667,0.53
0,1,2,2,0,2,0,3,0,0,1,3,1,0,0,1,0,0,1,1,2,0,1,0,1,0,0,1,1,1,0,0,1,0,8.0,6.25,0.707
3,1,0,1,0,1,1,1,0,0,0,2,1,0,0,0,0,1,1,0,1,0,1,1,1,0,0,0,1,1,0,0,0,0,11.0,2.0,0.426
1,3,2,0,1,2,1,4,0,0,3,5,3,0,0,4,0,1,1,1,0,1,1,1,1,0,0,2,1,1,0,0,2,0,9.667,3.667,0.394
2,2,3,2,0,1,1,3,1,0,5,0,1,0,0,2,0,1,1,1,1,0,1,1,1,1,0,4,0,1,0,0,1,0,11.5,9.5,0.885
1,2,2,2,1,2,0,3,0,2,5,0,0,0,0,4,0,1,1,1,2,1,1,0,1,0,1,4,0,0,0,0,2,0,12.0,16.786,1.01
2,2,0,3,1,2,1,3,1,0,3,9,9,0,1,1,1,1,1,0,1,1,1,1,1,1,0,3,1,1,0,1,1,1,12.667,5.667,0.459
12,9,14,8,2,10,2,19,0,2,6,3,18,3,0,10,1,1,1,1,2,1,1,1,1,0,1,3,1,1,1,0,2,1,14.875,1.75,0.259
5,1,0,4,0,2,0,2,1,0,2,0,2,0,0,1,0,1,1,0,2,0,1,0,1,1,0,2,0,1,0,0,1,0,19.0,19.5,0.811
4,5,5,3,3,11,0,18,1,0,10,2,6,0,0,10,1,1,1,1,2,1,1,0,1,1,0,6,1,1,0,0,3,1,19.75,9.5,0.636
1,3,1,2,1,0,0,1,2,1,4,0,2,0,1,3,0,1,1,1,2,1,0,0,1,1,1,3,0,1,0,1,1,0,21.0,16.0,0.772
1,1,0,3,1,1,0,4,0,1,5,0,2,0,0,4,0,1,1,0,3,1,1,0,1,0,1,4,0,1,0,0,1,0,11.5,21.375,1.18
4,3,3,4,1,2,0,3,0,0,5,2,5,1,0,2,0,1,1,1,2,1,1,0,1,0,0,4,1,1,1,0,1,0,35.0,13.0,0.598
9,4,2,2,2,3,0,7,0,0,5,0,4,1,0,5,0,1,1,1,2,1,1,0,1,0,0,2,0,1,1,0,2,0,22.0,13.5,0.533
2,2,3,0,1,0,0,2,0,0,5,0,1,1,0,3,0,1,1,1,0,1,0,0,1,0,0,3,0,1,1,0,1,0,20.0,8.0,0.474
1,0,0,3,1,1,0,2,0,1,2,3,0,0,0,1,0,1,0,0,2,1,1,0,1,0,1,2,1,0,0,0,1,0,15.0,13.0,0.73
12,23,16,10,10,7,0,29,0,3,20,4,17,8,0,24,2,1,1,1,3,1,1,0,1,0,2,11,1,1,1,0,2,1,30.833,14.833,0.728
10,14,10,7,12,6,0,31,0,6,21,6,11,3,0,21,1,1,1,1,3,1,1,0,1,0,1,8,1,1,1,0,1,1,39.0,24.75,0.566
0,3,3,2,1,3,1,4,0,1,2,0,1,1,0,2,0,0,1,1,1,1,1,1,1,0,1,1,0,1,1,0,1,0,24.0,11.0,0.433
1,3,1,2,0,5,0,5,0,1,2,3,2,0,0,3,1,1,1,1,1,0,1,0,1,0,1,2,1,1,0,0,1,1,29.0,14.0,0.525
2,3,0,2,1,3,1,5,0,1,3,1,5,0,0,4,0,1,1,0,1,1,1,1,1,0,1,1,1,1,0,0,1,0,7.5,5.5,0.387
2,1,0,1,0,1,0,2,0,0,2,0,3,0,0,1,0,1,1,0,1,0,1,0,1,0,0,2,0,1,0,0,1,0,6.5,3.5,0.784
1,2,1,1,1,2,0,4,0,0,2,0,1,0,0,2,0,1,1,1,1,1,1,0,1,0,0,2,0,1,0,0,1,0,17.0,4.0,0.514
3,1,0,2,0,4,0,4,0,0,2,0,0,0,0,1,0,1,1,0,1,0,1,0,1,0,0,2,0,0,0,0,1,0,17.0,6.0,0.514
21,22,13,11,8,14,0,28,0,3,29,4,22,5,0,12,0,1,1,1,3,1,1,0,1,0,1,9,1,1,1,0,2,0,27.429,11.571,0.612
3,1,2,3,0,0,0,2,1,0,3,0,4,0,0,2,0,1,1,1,1,0,0,0,1,1,0,3,0,1,0,0,1,0,10.5,7.5,0.617
1,0,1,2,1,2,0,3,0,0,0,1,1,0,0,0,1,1,0,1,1,1,1,0,1,0,0,0,1,0,0,0,0,1,12.0,4.0,0.408
6,11,10,5,4,6,1,17,1,4,9,3,13,2,0,9,1,1,1,1,1,1,1,1,1,1,2,3,1,1,1,0,2,1,20.4,10.0,0.35
1,4,0,3,1,4,1,11,1,1,6,0,2,1,0,7,0,1,1,0,3,1,1,1,1,1,1,5,0,1,1,0,1,0,21.5,11.786,0.755
1,2,1,1,0,1,0,2,0,1,3,0,0,1,0,3,0,1,1,1,1,0,1,0,1,0,1,2,0,0,1,0,1,0,16.0,6.0,0.53
3,0,3,1,2,0,2,2,1,0,2,0,1,0,0,3,0,1,0,1,1,1,0,1,1,1,0,2,0,1,0,0,1,0,20.0,7.0,0.632
3,0,3,1,2,0,2,2,1,0,2,0,1,0,0,3,0,1,0,1,1,1,0,1,1,1,0,2,0,1,0,0,1,0,20.0,7.0,0.632
2,6,4,3,4,0,1,7,0,5,10,2,11,0,0,10,2,1,1,1,3,1,0,1,1,0,2,6,1,1,0,0,2,1,16.75,11.0,0.777
1,0,0,0,1,2,1,3,0,1,1,22,16,0,0,1,1,1,0,0,0,1,1,1,1,0,1,1,1,1,0,0,1,1,50.0,9.0,0.3
1,1,1,0,0,0,0,3,0,1,3,0,3,0,0,2,0,1,1,1,0,0,0,0,1,0,1,2,0,1,0,0,1,0,15.0,11.0,0.548
1,0,0,1,0,1,0,2,0,2,1,1,0,1,0,3,0,1,0,0,1,0,1,0,1,0,1,1,1,1,1,0,2,0,14.0,15.0,0.756
14,10,13,10,7,6,0,14,0,3,12,1,10,3,0,13,2,1,1,1,3,1,1,0,1,0,2,5,1,1,1,0,1,1,23.6,12.0,0.521
1,0,2,1,0,0,0,1,0,0,1,0,3,0,0,3,0,1,0,1,1,0,0,0,1,0,0,1,0,1,0,0,1,0,6.0,0.0,0.204
0,0,1,1,1,2,0,3,0,0,2,0,1,1,0,3,0,0,0,1,1,1,1,0,1,0,0,2,0,1,1,0,1,0,15.0,2.0,0.365
0,3,1,1,0,1,0,1,0,0,5,0,2,1,0,4,0,0,1,1,1,0,1,0,1,0,0,3,0,1,1,0,1,0,19.0,22.0,0.649
1,1,0,1,1,0,0,3,0,0,1,0,6,0,0,0,0,1,1,0,1,1,0,0,1,0,0,1,0,1,0,0,0,0,12.0,5.0,0.612
2,2,3,3,1,3,0,4,0,0,7,0,2,2,0,5,0,1,1,1,2,1,1,0,1,0,0,2,0,1,1,0,2,0,17.0,14.5,0.485
1,0,3,2,3,0,0,3,0,1,2,3,4,1,0,3,2,1,0,1,2,1,0,0,1,0,1,2,1,1,1,0,1,1,14.0,9.5,0.802
0,1,0,0,1,1,1,5,0,0,1,1,4,0,0,2,0,0,1,0,0,1,1,1,1,0,0,1,1,1,0,0,1,0,17.0,2.0,0.343
14,19,8,15,8,14,0,25,1,10,24,8,19,5,1,19,1,1,1,1,2,1,1,0,1,1,2,7,1,1,1,1,2,1,23.75,15.625,0.513
1,2,3,2,0,1,0,2,0,0,5,0,0,0,0,3,0,1,1,1,2,0,1,0,1,0,0,3,0,0,0,0,1,0,19.0,9.0,0.649
0,2,1,2,2,0,0,2,0,0,8,0,0,0,0,3,0,0,1,1,2,1,0,0,1,0,0,5,0,0,0,0,1,0,20.0,26.0,0.949
7,8,8,5,1,3,0,17,1,3,8,1,8,3,2,9,0,1,1,1,4,1,1,0,1,1,2,3,1,1,1,1,1,0,16.4,8.714,0.547
1,5,3,1,2,3,0,6,0,0,4,5,14,0,3,3,1,1,1,1,1,1,1,0,1,0,0,1,1,1,0,1,1,1,15.667,0.667,0.206
1,3,4,4,1,2,0,7,1,1,6,7,9,0,0,6,1,1,1,1,2,1,1,0,1,1,1,4,1,1,0,0,2,1,25.0,15.125,0.7
3,1,1,1,1,1,2,3,1,0,5,1,2,2,0,5,0,1,1,1,1,1,1,1,1,1,0,2,1,1,1,0,1,0,14.5,9.0,0.394
7,2,4,2,0,4,0,8,0,1,3,0,9,1,0,5,0,1,1,1,2,0,1,0,1,0,1,2,0,1,1,0,1,0,46.0,22.0,0.521
16,13,11,12,7,7,0,18,0,2,15,3,12,3,0,10,1,1,1,1,3,1,1,0,1,0,1,7,1,1,1,0,1,1,43.333,22.167,0.62
1,1,0,2,0,1,0,2,0,1,2,0,2,1,0,2,0,1,1,0,1,0,1,0,1,0,1,2,0,1,1,0,1,0,15.0,5.0,0.548
6,8,4,2,5,2,1,12,1,0,8,6,9,1,0,6,6,1,1,1,2,1,1,1,1,1,0,4,1,1,1,0,1,1,77.0,19.0,0.403
1,1,1,3,1,1,0,3,4,0,3,0,2,0,0,4,0,1,1,1,1,1,1,0,1,1,0,2,0,1,0,0,1,0,24.0,4.0,0.289
0,2,1,1,1,0,0,1,3,0,2,0,0,1,0,2,0,0,1,1,1,1,0,0,1,1,0,1,0,0,1,0,2,0,14.0,13.0,0.756
0,1,1,0,1,1,0,6,0,4,3,0,1,0,0,4,1,0,1,1,0,1,1,0,1,0,2,2,0,1,0,0,1,1,11.5,11.0,0.59
3,2,2,3,1,2,0,7,0,1,3,1,1,1,0,4,0,1,1,1,1,1,1,0,1,0,1,3,1,1,1,0,1,0,31.0,15.0,0.508
2,3,2,3,0,5,1,17,3,0,3,0,24,0,0,3,3,1,1,1,2,0,1,1,1,1,0,2,0,1,0,0,2,1,16.5,5.75,0.435
3,6,4,2,1,0,0,3,0,0,9,0,4,1,0,5,0,1,1,1,1,1,0,0,1,0,0,5,0,1,1,0,1,0,38.0,37.0,0.574
5,5,4,4,1,2,1,4,0,4,9,0,6,3,0,8,0,1,1,1,3,1,1,1,1,0,2,3,0,1,1,0,1,0,14.0,11.643,0.661
8,11,14,5,2,5,0,11,0,5,10,1,5,3,0,15,0,1,1,1,2,1,1,0,1,0,1,5,1,1,1,0,1,0,15.833,8.583,0.508
1,1,0,1,0,1,0,1,1,0,3,0,4,0,0,3,0,1,1,0,1,0,1,0,1,1,0,2,0,1,0,0,1,0,5.333,3.0,0.707
1,1,1,3,1,0,1,0,0,0,3,0,2,0,0,1,0,1,1,1,2,1,0,1,0,0,0,2,0,1,0,0,1,0,14.0,17.0,0.756
2,3,1,1,0,1,0,2,1,0,0,2,1,1,0,1,0,1,1,1,1,0,1,0,1,1,0,0,1,1,1,0,1,0,16.0,2.0,0.354
2,0,0,0,0,1,0,3,0,1,1,1,3,0,0,2,0,1,0,0,0,0,1,0,1,0,1,1,1,1,0,0,1,0,4.667,1.333,0.378
2,1,2,1,0,0,0,2,0,0,1,0,2,0,0,2,0,1,1,1,1,0,0,0,1,0,0,1,0,1,0,0,1,0,13.0,4.0,0.588
1,1,4,2,1,2,0,2,2,0,3,0,3,0,0,2,0,1,1,1,2,1,1,0,1,1,0,3,0,1,0,0,1,0,11.5,6.0,0.737
0,1,2,1,1,0,0,4,0,0,5,1,3,2,0,4,0,0,1,1,1,1,0,0,1,0,0,4,1,1,1,0,1,0,8.0,4.0,0.722
5,3,2,2,0,4,0,4,0,1,6,0,1,1,0,2,0,1,1,1,2,0,1,0,1,0,1,3,0,1,1,0,1,0,31.0,18.75,0.635
1,2,0,1,1,1,0,0,0,0,2,2,1,0,0,1,0,1,1,0,1,1,1,0,0,0,0,1,1,1,0,0,1,0,12.0,6.0,0.612
3,2,2,1,0,2,0,4,0,0,1,2,4,0,0,1,0,1,1,1,1,0,1,0,1,0,0,1,1,1,0,0,1,0,11.0,5.5,0.603
2,1,1,1,0,1,0,1,3,0,1,0,1,1,1,1,0,1,1,1,1,0,1,0,1,1,0,1,0,0,1,1,1,0,14.0,9.0,0.567
0,2,3,3,1,3,0,4,1,2,3,0,1,1,0,4,0,0,1,1,3,1,1,0,1,1,1,2,0,1,1,0,1,0,14.0,13.5,0.802
1,0,4,1,1,1,1,3,3,1,3,2,6,0,1,4,1,1,0,1,1,1,1,1,1,1,1,2,1,1,0,1,1,1,16.0,9.5,0.375
2,1,0,1,0,0,0,1,0,2,2,1,0,1,0,3,0,1,1,0,1,0,0,0,1,0,1,2,1,0,1,0,1,0,14.0,11.0,0.756
2,4,2,3,3,5,0,7,2,1,8,0,8,3,1,7,0,1,1,1,2,1,1,0,1,1,1,2,0,1,1,1,1,0,13.75,5.25,0.381
2,4,3,1,0,1,0,2,3,0,4,0,3,0,0,3,0,1,1,1,1,0,1,0,1,1,0,3,0,1,0,0,1,0,13.0,8.0,0.693
12,7,3,11,2,8,0,19,1,5,13,1,8,2,0,11,2,1,1,1,4,1,1,0,1,1,2,4,1,1,1,0,3,1,35.0,32.917,0.69
4,2,0,0,1,1,0,2,0,0,1,1,3,0,0,2,0,1,1,0,0,1,1,0,1,0,0,1,1,1,0,0,1,0,17.0,6.0,0.343
0,1,2,0,0,2,0,1,0,0,1,4,1,0,0,1,0,0,1,1,0,0,1,0,1,0,0,1,1,1,0,0,1,0,6.5,2.0,0.392
1,1,1,3,2,3,0,4,0,2,6,4,4,1,0,7,0,1,1,1,2,1,1,0,1,0,1,4,1,1,1,0,2,0,9.75,8.643,0.906
1,4,3,5,1,5,0,9,2,2,2,0,4,0,0,5,0,1,1,1,3,1,1,0,1,1,2,2,0,1,0,0,2,0,14.333,10.333,0.863
1,2,1,0,0,1,1,5,0,1,1,1,2,0,0,3,0,1,1,1,0,0,1,1,1,0,1,1,1,1,0,0,1,0,19.0,2.0,0.324
2,0,3,2,0,0,0,2,1,2,2,0,3,0,0,4,0,1,0,1,1,0,0,0,1,1,1,2,0,1,0,0,1,0,10.5,1.0,0.309
0,1,2,1,0,1,0,2,0,0,1,1,2,0,0,2,0,0,1,1,1,0,1,0,1,0,0,1,1,1,0,0,1,0,6.5,5.25,0.588
0,1,0,1,1,1,0,1,0,0,1,2,2,0,0,1,0,0,1,0,1,1,1,0,1,0,0,1,1,1,0,0,1,0,11.0,4.0,0.64
2,1,1,2,0,1,0,2,0,0,1,1,0,0,0,1,0,1,1,1,1,0,1,0,1,0,0,1,1,0,0,0,1,0,12.0,6.0,0.612
0,1,0,2,1,1,0,3,4,2,0,1,2,0,1,2,0,0,1,0,2,1,1,0,1,1,1,0,1,1,0,1,1,0,19.0,21.0,0.649
2,5,2,2,0,4,1,14,3,0,2,1,21,0,0,3,3,1,1,1,2,0,1,1,1,1,0,2,1,1,0,0,2,1,15.25,4.5,0.453
1,1,0,2,1,0,0,1,0,1,4,2,4,0,1,3,0,1,1,0,1,1,0,0,1,0,1,3,1,1,0,1,1,0,10.0,9.0,0.791
1,0,1,2,0,1,0,2,0,0,1,0,2,1,0,1,0,1,0,1,1,0,1,0,1,0,0,1,0,1,1,0,1,0,12.0,7.0,0.408
1,0,0,0,0,0,1,2,0,0,1,0,7,0,0,2,0,1,0,0,0,0,0,1,1,0,0,1,0,1,0,0,1,0,14.0,2.0,0.378
6,6,1,2,0,6,0,12,0,0,2,0,7,0,1,2,0,1,1,1,1,0,1,0,1,0,0,2,0,1,0,1,1,0,44.0,11.0,0.32
10,8,5,5,1,3,0,9,0,2,6,0,5,0,0,6,0,1,1,1,2,1,1,0,1,0,1,3,0,1,0,0,1,0,60.0,30.0,0.456
3,3,3,1,0,2,0,2,0,1,3,1,2,0,0,4,0,1,1,1,1,0,1,0,1,0,1,3,1,1,0,0,2,0,12.5,10.0,0.707
5,1,1,1,0,1,0,1,0,1,1,0,5,0,0,1,0,1,1,1,1,0,1,0,1,0,1,1,0,1,0,0,1,0,16.0,14.75,0.707
0,0,2,0,0,0,0,5,0,0,3,0,3,0,0,2,0,0,0,1,0,0,0,0,1,0,0,2,0,1,0,0,1,0,15.0,2.0,0.365
1,1,1,2,0,0,0,2,0,0,2,0,1,1,0,3,0,1,1,1,2,0,0,0,1,0,0,2,0,1,1,0,1,0,14.0,15.0,0.945
2,2,2,1,2,0,0,1,0,0,2,0,1,0,0,1,0,1,1,1,1,1,0,0,1,0,0,2,0,1,0,0,1,0,14.0,4.0,0.567
2,2,0,0,1,1,0,3,1,0,1,2,1,0,0,2,0,1,1,0,0,1,1,0,1,1,0,1,1,1,0,0,2,0,16.0,12.0,0.53
3,4,2,3,4,6,0,12,0,1,8,0,5,3,0,7,0,1,1,1,2,1,1,0,1,0,1,4,0,1,1,0,1,0,29.0,12.0,0.557
0,2,1,2,0,2,0,4,0,1,1,2,2,0,0,2,1,0,1,1,1,0,1,0,1,0,1,1,1,1,0,0,1,1,10.5,1.0,0.309
2,2,4,2,1,2,0,3,1,2,3,1,4,0,0,4,0,1,1,1,2,1,1,0,1,1,1,3,1,1,0,0,1,0,10.333,7.917,0.635
3,3,6,1,0,3,0,6,4,2,5,0,7,1,1,8,0,1,1,1,1,0,1,0,1,1,1,2,0,1,1,1,2,0,12.25,2.0,0.303
1,5,2,4,1,2,0,9,0,2,7,0,3,1,0,4,1,1,1,1,1,1,1,0,1,0,2,4,0,1,1,0,1,1,42.0,29.0,0.655
1,0,3,3,0,0,0,2,2,1,0,1,2,2,0,3,0,1,0,1,2,0,0,0,1,1,1,0,1,1,1,0,1,0,10.0,8.0,0.632
0,0,2,2,0,0,0,1,0,0,1,0,2,3,0,2,0,0,0,1,2,0,0,0,1,0,0,1,0,1,1,0,1,0,13.0,11.0,0.784
4,3,2,2,3,4,0,5,0,0,2,0,0,2,0,4,0,1,1,1,2,1,1,0,1,0,0,2,0,0,1,0,1,0,31.0,8.0,0.381
3,9,2,6,2,3,0,9,0,4,13,0,4,2,0,15,2,1,1,1,4,1,1,0,1,0,2,5,0,1,1,0,1,1,37.0,37.375,0.74
2,2,3,2,0,0,2,3,1,1,3,0,7,2,0,2,0,1,1,1,2,0,0,1,1,1,1,3,0,1,1,0,1,0,30.0,14.0,0.645
1,4,6,2,0,1,0,2,0,1,2,2,3,1,0,1,0,1,1,1,2,0,1,0,1,0,1,2,1,1,1,0,1,0,13.0,8.5,0.693
1,0,0,2,1,0,0,1,0,0,2,0,1,0,0,4,0,1,0,0,2,1,0,0,1,0,0,2,0,1,0,0,1,0,12.0,6.0,0.816
4,2,0,6,0,1,0,2,0,0,3,0,3,0,0,2,0,1,1,0,2,0,1,0,1,0,0,3,0,1,0,0,1,0,7.667,6.0,0.59
2,7,1,5,2,2,1,5,0,0,3,2,3,0,0,3,0,1,1,1,2,1,1,1,1,0,0,2,1,1,0,0,1,0,12.0,2.667,0.354
1,2,1,2,0,0,0,5,1,1,5,0,1,1,0,4,0,1,1,1,2,0,0,0,1,1,1,3,0,1,1,0,1,0,24.0,26.0,0.866
6,8,3,7,1,2,0,8,0,2,6,1,7,1,0,6,2,1,1,1,3,1,1,0,1,0,1,4,1,1,1,0,1,1,9.833,3.833,0.552
6,1,1,3,0,1,0,5,0,1,3,0,5,2,0,4,0,1,1,1,2,0,1,0,1,0,1,1,0,1,1,0,2,0,16.0,14.0,0.625
3,11,4,7,2,4,1,13,0,5,12,0,10,2,1,11,1,1,1,1,3,1,1,1,1,0,2,5,0,1,1,1,1,1,28.667,29.667,0.61
2,7,2,7,1,4,0,9,0,2,3,4,3,1,0,5,0,1,1,1,3,1,1,0,1,0,2,2,1,1,1,0,2,0,12.5,9.312,0.7
2,7,1,1,0,4,0,5,0,2,1,4,2,0,0,5,0,1,1,1,1,0,1,0,1,0,1,1,1,1,0,0,2,0,34.0,11.0,0.485
4,5,3,4,4,3,1,5,1,2,5,2,6,1,0,8,0,1,1,1,3,1,1,1,1,1,1,3,1,1,1,0,1,0,26.5,17.286,0.583
3,1,2,1,0,1,0,2,0,2,1,0,3,1,0,0,0,1,1,1,1,0,1,0,1,0,1,1,0,1,1,0,0,0,8.5,8.0,0.514
2,3,0,0,1,1,0,3,0,0,0,0,0,0,0,1,0,1,1,0,0,1,1,0,1,0,0,0,0,0,0,0,1,0,11.0,0.0,0.213
0,1,1,1,2,1,0,0,1,0,4,5,4,0,0,3,0,0,1,1,1,1,1,0,0,1,0,2,1,1,0,0,1,0,11.5,4.0,0.442
5,0,0,4,2,2,0,4,0,1,4,1,9,2,0,5,1,1,0,0,3,1,1,0,1,0,1,4,1,1,1,0,1,1,19.0,14.0,0.803
0,5,2,5,2,1,0,7,2,3,8,1,4,1,0,6,1,0,1,1,2,1,1,0,1,1,2,4,1,1,1,0,1,1,11.75,7.75,0.619
0,1,1,1,0,1,0,1,0,0,3,0,1,1,0,1,0,0,1,1,1,0,1,0,1,0,0,2,0,1,1,0,1,0,11.0,5.0,0.64
8,7,6,6,2,4,0,18,1,1,5,1,9,2,0,3,0,1,1,1,2,1,1,0,1,1,1,4,1,1,1,0,2,0,10.429,4.429,0.579
0,1,2,2,1,0,0,1,4,0,1,0,2,0,0,2,0,0,1,1,1,1,0,0,1,1,0,1,0,1,0,0,2,0,8.0,6.5,0.53
3,5,0,0,0,1,0,4,0,0,2,2,3,0,0,2,0,1,1,0,0,0,1,0,1,0,0,2,1,1,0,0,1,0,22.0,2.0,0.302
3,4,3,2,1,4,2,4,1,1,6,0,4,1,0,4,1,1,1,1,2,1,1,1,1,1,1,4,0,1,1,0,1,1,10.25,5.0,0.663
2,4,3,4,2,0,0,4,7,0,5,1,11,0,2,3,1,1,1,1,1,1,0,0,1,1,0,3,1,1,0,1,1,1,23.5,13.5,0.516
8,10,10,4,1,8,1,6,2,3,10,0,8,2,0,11,2,1,1,1,1,1,1,1,1,1,2,4,0,1,1,0,2,1,28.667,12.333,0.534
5,4,5,5,2,1,1,4,1,1,6,1,4,0,0,2,0,1,1,1,1,1,1,1,1,1,1,4,1,1,0,0,1,0,10.5,7.0,0.655
13,18,15,19,7,18,1,40,4,7,54,2,29,8,0,33,0,1,1,1,5,1,1,1,1,1,2,9,1,1,1,0,3,0,24.364,22.409,0.648
21,31,15,21,8,24,1,57,2,5,26,11,44,6,0,22,9,1,1,1,2,1,1,1,1,1,2,8,1,1,1,0,3,1,17.353,6.0,0.453
5,8,4,11,2,7,0,15,0,3,8,2,7,1,0,8,0,1,1,1,2,1,1,0,1,0,1,5,1,1,1,0,2,0,20.25,10.25,0.55
1,2,0,3,1,1,0,2,0,3,5,0,3,0,0,3,0,1,1,0,2,1,1,0,1,0,1,2,0,1,0,0,1,0,24.0,39.0,0.722
3,2,2,2,0,4,0,5,0,1,4,0,3,0,0,3,0,1,1,1,2,0,1,0,1,0,1,3,0,1,0,0,2,0,9.667,7.333,0.788
0,0,1,0,0,0,0,0,1,1,2,0,2,2,0,3,0,0,0,1,0,0,0,0,0,1,1,1,0,1,1,0,1,0,12.0,12.0,0.408
1,0,1,1,0,1,0,0,0,0,3,1,1,0,0,2,0,1,0,1,1,0,1,0,0,0,0,2,1,1,0,0,1,0,11.0,6.0,0.426
1,0,3,1,0,1,1,1,0,1,1,0,1,1,0,1,0,1,0,1,1,0,1,1,1,0,1,1,0,1,1,0,1,0,13.0,2.0,0.392
2,3,1,2,1,2,1,4,1,1,3,0,1,1,0,3,0,1,1,1,2,1,1,1,1,1,1,2,0,1,1,0,1,0,26.0,12.0,0.555
0,1,1,0,0,0,1,3,2,0,2,0,2,0,1,2,0,0,1,1,0,0,0,1,1,1,0,2,0,1,0,1,1,0,14.0,4.0,0.567
4,1,1,2,3,1,2,8,0,1,2,2,3,0,1,3,0,1,1,1,2,1,1,1,1,0,1,2,1,1,0,1,1,0,33.0,16.0,0.492
3,5,5,1,1,2,0,7,0,1,6,1,3,0,0,6,1,1,1,1,1,1,1,0,1,0,1,3,1,1,0,0,2,1,14.0,5.333,0.546
3,2,4,4,1,3,0,8,0,2,4,0,4,2,0,6,0,1,1,1,3,1,1,0,1,0,1,3,0,1,1,0,2,0,21.5,22.286,0.755
5,9,4,3,2,6,0,7,1,3,9,0,6,2,0,7,0,1,1,1,3,1,1,0,1,1,2,2,0,1,1,0,3,0,32.0,26.5,0.707
2,2,4,3,1,1,2,1,0,1,2,0,2,0,0,2,0,1,1,1,2,1,1,1,1,0,1,2,0,1,0,0,1,0,23.0,21.0,0.442
1,5,2,2,1,2,0,7,2,1,3,0,4,0,0,1,1,1,1,1,1,1,1,0,1,1,1,2,0,1,0,0,1,1,15.5,7.0,0.508
2,0,2,2,1,1,0,1,1,2,4,1,4,0,0,6,0,1,0,1,1,1,1,0,1,1,2,3,1,1,0,0,2,0,13.5,8.125,0.68
2,1,0,1,1,1,0,2,1,1,1,0,2,2,0,1,1,1,1,0,1,1,1,0,1,1,1,1,0,1,1,0,1,1,8.5,10.0,0.857
3,3,5,5,0,3,0,6,0,3,7,0,5,1,0,7,1,1,1,1,2,0,1,0,1,0,2,4,0,1,1,0,1,1,16.0,10.0,0.612
0,4,2,1,1,1,0,4,0,2,5,0,3,0,0,4,1,0,1,1,1,1,1,0,1,0,2,2,0,1,0,0,2,1,14.0,13.0,0.668
3,6,6,9,3,6,0,11,3,2,9,2,5,0,0,6,0,1,1,1,4,1,1,0,1,1,2,4,1,1,0,0,2,0,35.5,28.411,0.839
2,8,4,6,1,3,0,7,3,2,9,4,9,2,0,5,0,1,1,1,1,1,1,0,1,1,2,4,1,1,1,0,2,0,12.8,12.2,0.619
1,2,1,1,0,0,1,2,1,0,1,0,1,0,0,0,0,1,1,1,1,0,0,1,1,1,0,1,0,1,0,0,0,0,5.5,4.0,0.64
6,4,5,6,2,6,1,6,0,4,5,2,4,1,0,6,3,1,1,1,3,1,1,1,1,0,2,3,1,1,1,0,1,1,15.25,8.25,0.543
5,3,3,8,2,0,0,3,2,5,11,1,7,1,0,9,2,1,1,1,4,1,0,0,1,1,2,3,1,1,1,0,1,1,10.167,14.762,0.724
2,1,1,3,0,2,0,2,0,0,2,0,2,0,0,0,0,1,1,1,2,0,1,0,1,0,0,2,0,1,0,0,0,0,15.0,4.0,0.548
1,3,2,1,0,3,0,5,0,0,1,1,2,1,0,0,0,1,1,1,1,0,1,0,1,0,0,1,1,1,1,0,0,0,20.0,8.0,0.474
1,2,0,0,0,0,2,1,0,1,3,0,1,0,0,2,0,1,1,0,0,0,0,1,1,0,1,2,0,1,0,0,1,0,13.0,2.0,0.392
2,2,1,0,1,2,0,3,1,1,1,0,2,0,0,3,0,1,1,1,0,1,1,0,1,1,1,1,0,1,0,0,2,0,19.0,14.0,0.487
2,1,1,3,1,2,0,4,0,0,1,2,2,1,0,2,0,1,1,1,2,1,1,0,1,0,0,1,1,1,1,0,1,0,22.0,5.0,0.452
1,2,1,1,0,0,1,1,0,1,1,2,3,0,0,1,0,1,1,1,1,0,0,1,1,0,1,1,1,1,0,0,1,0,15.0,17.571,0.73
1,4,3,3,0,1,1,4,0,1,3,0,1,0,0,3,0,1,1,1,2,0,1,1,1,0,1,2,0,1,0,0,2,0,25.0,17.25,0.849
0,4,1,2,0,0,0,3,2,1,4,0,3,0,1,3,0,0,1,1,2,0,0,0,1,1,1,3,0,1,0,1,1,0,23.0,22.571,0.885
2,3,0,0,0,2,2,1,0,0,2,0,1,1,0,4,0,1,1,0,0,0,1,1,1,0,0,2,0,1,1,0,1,0,18.0,5.0,0.5
2,2,2,0,0,1,1,2,0,0,2,0,0,1,0,2,0,1,1,1,0,0,1,1,1,0,0,2,0,0,1,0,1,0,15.0,6.0,0.548
3,3,7,2,1,2,0,2,0,0,5,2,1,2,0,6,0,1,1,1,1,1,1,0,1,0,0,3,1,1,1,0,2,0,18.5,14.5,0.581
3,3,1,1,0,1,0,4,0,0,4,2,3,1,0,2,0,1,1,1,1,0,1,0,1,0,0,3,1,1,1,0,1,0,25.0,8.0,0.566
0,2,2,2,0,0,2,1,0,1,3,1,1,1,0,3,0,0,1,1,1,0,0,1,1,0,1,2,1,1,1,0,1,0,19.0,13.0,0.649
1,2,0,1,0,0,0,2,0,1,4,0,1,1,0,2,0,1,1,0,1,0,0,0,1,0,1,3,0,1,1,0,1,0,15.0,16.0,0.913
0,0,1,1,1,0,0,0,2,0,3,0,1,2,0,2,0,0,0,1,1,1,0,0,0,1,0,2,0,1,1,0,1,0,13.0,10.0,0.784
12,11,16,15,11,11,1,19,5,5,38,13,33,8,0,28,3,1,1,1,4,1,1,1,1,1,2,9,1,1,1,0,3,1,11.45,6.6,0.607
1,2,2,3,1,0,0,1,1,1,8,1,2,1,0,6,0,1,1,1,3,1,0,0,1,1,1,4,1,1,1,0,1,0,10.0,11.0,1.033
4,6,3,11,4,9,0,17,2,3,15,1,11,5,0,11,0,1,1,1,4,1,1,0,1,1,2,7,1,1,1,0,1,0,17.167,11.095,0.766
2,4,2,1,2,6,0,15,2,0,1,6,11,1,1,2,3,1,1,1,1,1,1,0,1,1,0,1,1,1,1,1,1,1,29.0,2.0,0.279
2,1,2,2,0,1,0,1,0,2,2,0,1,0,0,2,0,1,1,1,1,0,1,0,1,0,2,2,0,1,0,0,1,0,16.0,16.0,0.707
1,3,1,2,1,1,0,1,1,0,4,0,1,0,0,2,0,1,1,1,1,1,1,0,1,1,0,3,0,1,0,0,1,0,18.0,9.0,0.667
0,2,0,0,0,1,0,5,0,0,0,0,2,0,0,0,2,0,1,0,0,0,1,0,1,0,0,0,0,1,0,0,0,1,12.0,0.0,0.204
1,2,2,0,1,0,0,2,1,0,2,1,1,0,0,5,0,1,1,1,0,1,0,0,1,1,0,2,1,1,0,0,1,0,18.0,5.0,0.5
5,11,9,7,1,6,1,12,4,1,12,0,10,3,0,11,3,1,1,1,3,1,1,1,1,1,1,5,0,1,1,0,1,1,24.25,11.2,0.503
2,4,1,2,1,1,1,5,4,3,5,0,3,2,2,6,0,1,1,1,1,1,1,1,1,1,2,3,0,1,1,1,1,0,20.5,20.5,0.663
1,0,2,2,1,1,0,3,1,1,3,0,2,1,0,2,0,1,0,1,2,1,1,0,1,1,1,3,0,1,1,0,1,0,20.0,21.0,1.107
2,1,7,2,2,1,0,7,0,1,7,7,5,3,0,8,0,1,1,1,2,1,1,0,1,0,1,6,1,1,1,0,1,0,53.0,33.0,0.777
2,0,4,4,1,2,1,2,0,0,3,0,5,0,0,2,1,1,0,1,3,1,1,1,1,0,0,1,0,1,0,0,1,1,13.0,12.5,0.555
0,1,1,1,0,1,0,1,0,0,3,0,2,0,0,1,0,0,1,1,1,0,1,0,1,0,0,3,0,1,0,0,1,0,11.0,13.0,0.853
8,9,12,8,1,11,0,16,4,3,8,0,13,1,1,10,1,1,1,1,2,1,1,0,1,1,2,4,0,1,1,1,2,1,20.6,7.8,0.488
0,1,2,1,0,0,0,0,0,2,2,0,1,1,0,3,0,0,1,1,1,0,0,0,0,0,1,2,0,1,1,0,1,0,13.0,8.0,0.588
2,1,0,2,1,2,1,4,3,0,1,0,3,1,0,4,0,1,1,0,1,1,1,1,1,1,0,1,0,1,1,0,2,0,12.5,3.5,0.424
1,2,1,2,0,2,1,3,2,0,4,0,3,1,0,4,1,1,1,1,2,0,1,1,1,1,0,3,0,1,1,0,1,1,13.5,9.0,0.544
0,1,2,1,1,0,0,1,0,1,2,0,0,1,0,2,0,0,1,1,1,1,0,0,1,0,1,2,0,0,1,0,1,0,12.0,12.0,0.816
0,2,0,2,1,1,0,2,1,1,2,0,0,0,0,1,0,0,1,0,2,1,1,0,1,1,1,2,0,0,0,0,1,0,13.0,21.571,0.981
2,0,2,3,1,3,0,8,0,1,4,2,5,0,0,4,0,1,0,1,3,1,1,0,1,0,1,3,1,1,0,0,2,0,11.667,11.333,0.837
3,3,6,5,0,2,0,6,0,1,4,1,7,2,1,3,2,1,1,1,2,0,1,0,1,0,1,2,1,1,1,1,2,1,15.0,7.333,0.527
2,5,1,5,0,2,0,5,0,1,4,1,2,1,0,5,0,1,1,1,2,0,1,0,1,0,1,3,1,1,1,0,1,0,34.0,21.0,0.728
1,2,4,5,0,5,0,5,1,0,3,3,4,1,0,9,0,1,1,1,2,0,1,0,1,1,0,2,1,1,1,0,2,0,8.6,6.6,0.431
0,0,2,2,0,1,0,1,0,2,0,1,1,0,0,1,0,0,0,1,2,0,1,0,1,0,1,0,1,1,0,0,1,0,11.0,19.0,0.64
2,3,6,0,1,0,0,3,0,0,10,1,5,2,0,6,2,1,1,1,0,1,0,0,1,0,0,5,1,1,1,0,2,1,20.5,13.0,0.663
4,2,3,3,1,1,1,1,0,0,8,0,5,1,0,6,0,1,1,1,2,1,1,1,1,0,0,4,0,1,1,0,1,0,12.0,9.333,0.707
4,2,3,3,1,1,1,1,0,0,8,0,5,1,0,6,0,1,1,1,2,1,1,1,1,0,0,4,0,1,1,0,1,0,12.0,9.333,0.707
9,15,2,9,2,7,0,17,0,6,19,3,8,3,0,12,0,1,1,1,3,1,1,0,1,0,2,5,1,1,1,0,2,0,16.0,9.714,0.535
1,1,1,0,0,4,0,3,0,0,3,1,4,0,0,2,0,1,1,1,0,0,1,0,1,0,0,2,1,1,0,0,2,0,6.667,4.0,0.474
3,4,3,4,1,1,0,4,0,1,8,2,7,0,0,4,0,1,1,1,2,1,1,0,1,0,1,4,1,1,0,0,2,0,20.5,17.5,0.773
2,3,4,2,1,4,0,7,1,1,10,1,4,7,0,10,0,1,1,1,2,1,1,0,1,1,1,4,1,1,1,0,1,0,19.0,11.667,0.562
12,12,5,11,5,5,1,18,3,1,21,0,12,2,1,14,2,1,1,1,3,1,1,1,1,1,1,5,0,1,1,1,2,1,20.667,12.0,0.508
0,1,0,1,1,0,0,2,1,1,3,1,2,0,0,2,0,0,1,0,1,1,0,0,1,1,1,1,1,1,0,0,1,0,15.0,21.0,0.73
2,5,4,3,3,2,0,6,0,2,3,0,5,1,0,7,0,1,1,1,2,1,1,0,1,0,1,3,0,1,1,0,1,0,10.75,3.5,0.539
3,1,7,2,1,1,1,3,0,1,5,0,3,0,0,4,0,1,1,1,1,1,1,1,1,0,1,4,0,1,0,0,1,0,10.667,5.0,0.625
18,24,10,12,4,18,0,28,2,4,15,23,27,1,0,21,8,1,1,1,2,1,1,0,1,1,2,8,1,1,1,0,4,1,12.0,5.278,0.625
16,17,5,13,5,12,0,16,1,8,17,2,9,6,0,15,0,1,1,1,3,1,1,0,1,1,2,7,1,1,1,0,2,0,28.2,19.6,0.655
3,5,4,2,1,1,0,3,1,1,5,0,0,1,0,4,0,1,1,1,1,1,1,0,1,1,1,3,0,0,1,0,1,0,31.0,7.0,0.381
5,3,2,1,0,1,0,3,0,0,1,0,1,1,0,1,0,1,1,1,1,0,1,0,1,0,0,1,0,1,1,0,1,0,19.0,4.0,0.487
0,1,0,1,0,0,0,3,0,0,4,0,1,1,0,2,0,0,1,0,1,0,0,0,1,0,0,3,0,1,1,0,1,0,13.0,12.0,0.784
16,17,10,18,6,10,0,23,1,2,21,6,16,3,1,22,7,1,1,1,3,1,1,0,1,1,1,6,1,1,1,1,2,1,22.25,12.25,0.477
0,1,0,1,2,1,0,4,0,1,2,1,1,0,0,1,0,0,1,0,1,1,1,0,1,0,1,2,1,1,0,0,1,0,15.0,12.0,0.73
4,6,5,10,2,5,1,12,0,5,25,0,16,10,0,21,4,1,1,1,3,1,1,1,1,0,2,8,0,1,1,0,2,1,17.857,12.429,0.759
6,9,3,4,6,3,0,6,0,2,11,5,7,2,0,5,0,1,1,1,2,1,1,0,1,0,1,4,1,1,1,0,1,0,22.667,14.0,0.6
1,1,0,2,1,1,0,1,0,0,4,0,2,0,0,2,0,1,1,0,1,1,1,0,1,0,0,3,0,1,0,0,1,0,15.0,20.0,0.73
14,6,3,5,3,4,1,9,0,3,6,2,6,4,0,9,3,1,1,1,2,1,1,1,1,0,2,4,1,1,1,0,2,1,19.5,6.75,0.56
3,5,4,5,4,1,1,3,0,6,13,3,7,1,0,9,1,1,1,1,2,1,1,1,1,0,2,5,1,1,1,0,2,1,32.5,37.0,0.789
6,9,7,9,3,5,1,9,6,5,16,0,13,7,1,13,1,1,1,1,4,1,1,1,1,1,2,5,0,1,1,1,2,1,27.5,34.938,0.674
2,3,3,6,3,0,0,0,5,4,12,5,5,5,0,9,1,1,1,1,2,1,0,0,0,1,2,3,1,1,1,0,1,1,21.0,16.0,0.445
3,3,0,3,2,0,0,7,1,2,5,0,4,1,0,3,0,1,1,0,2,1,0,0,1,1,1,4,0,1,1,0,1,0,8.5,7.75,0.728
1,3,2,3,2,2,1,4,1,2,9,4,4,1,0,6,1,1,1,1,1,1,1,1,1,1,1,5,1,1,1,0,1,1,23.0,15.5,0.521
3,6,3,6,3,2,0,10,1,2,12,5,5,1,0,10,1,1,1,1,3,1,1,0,1,1,1,6,1,1,1,0,1,1,17.5,10.0,0.761
3,8,4,3,0,2,0,8,2,1,9,0,4,2,0,7,2,1,1,1,3,0,1,0,1,1,1,3,0,1,1,0,1,1,18.333,11.333,0.572
1,3,2,1,0,3,0,4,1,2,0,0,0,0,0,4,0,1,1,1,1,0,1,0,1,1,1,0,0,0,0,0,1,0,21.0,2.0,0.309
1,6,4,6,0,1,0,4,5,1,12,2,6,2,0,7,0,1,1,1,2,0,1,0,1,1,1,5,1,1,1,0,1,0,14.25,10.5,0.562
0,2,1,0,1,2,0,3,0,1,1,1,0,0,0,2,0,0,1,1,0,1,1,0,1,0,1,1,1,0,0,0,1,0,14.0,7.0,0.378
6,3,2,2,0,3,0,8,1,1,0,0,2,0,0,0,0,1,1,1,1,0,1,0,1,1,1,0,0,1,0,0,0,0,14.0,3.5,0.267
14,6,8,16,4,13,0,16,0,7,14,0,18,5,0,19,4,1,1,1,5,1,1,0,1,0,2,4,0,1,1,0,1,1,28.8,20.95,0.53
6,2,4,3,0,3,0,5,0,1,2,2,3,1,0,2,1,1,1,1,1,0,1,0,1,0,1,2,1,1,1,0,1,1,11.667,7.667,0.598
3,3,2,5,1,3,0,5,3,2,5,0,0,1,0,4,0,1,1,1,2,1,1,0,1,1,1,4,0,0,1,0,2,0,37.0,21.0,0.697
24,33,13,14,4,30,0,46,4,7,15,14,38,5,0,25,6,1,1,1,2,1,1,0,1,1,2,6,1,1,1,0,2,1,38.714,9.571,0.387
2,2,1,2,0,2,0,1,0,2,1,2,1,1,0,3,0,1,1,1,2,0,1,0,1,0,2,1,1,1,1,0,2,0,20.0,20.0,0.791
2,1,0,0,1,0,0,3,0,0,1,0,2,0,0,3,0,1,1,0,0,1,0,0,1,0,0,1,0,1,0,0,1,0,13.0,6.0,0.392
2,3,7,2,4,2,1,3,1,1,2,6,3,2,0,5,0,1,1,1,2,1,1,1,1,1,1,1,1,1,1,0,1,0,14.667,2.0,0.32
15,16,5,5,3,7,0,19,6,1,4,5,19,2,2,8,2,1,1,1,2,1,1,0,1,1,1,2,1,1,1,1,1,1,38.667,6.333,0.263
0,2,2,4,0,0,0,1,0,2,6,1,2,2,0,4,1,0,1,1,3,0,0,0,1,0,1,5,1,1,1,0,1,1,13.5,20.0,1.089
4,4,2,4,1,2,0,6,0,3,12,0,3,1,0,10,2,1,1,1,2,1,1,0,1,0,2,5,0,1,1,0,2,1,18.0,14.667,0.77
7,6,4,4,1,3,0,9,1,1,2,4,7,2,0,2,1,1,1,1,1,1,1,0,1,1,1,1,1,1,1,0,1,1,26.0,7.0,0.294
0,3,1,2,0,1,0,2,0,0,6,0,2,1,0,4,0,0,1,1,2,0,1,0,1,0,0,4,0,1,1,0,1,0,11.0,11.5,0.905
7,6,1,2,3,9,0,13,0,1,4,2,7,1,0,7,2,2,1,1,1,1,1,0,1,0,1,2,1,1,1,0,1,1,32.5,9.0,0.351
4,1,2,3,0,4,0,2,0,2,2,0,3,0,0,2,0,1,1,1,2,0,1,0,1,0,1,2,0,1,0,0,1,0,12.5,3.0,0.424
3,1,1,2,1,2,0,6,0,1,5,0,2,2,0,4,0,1,1,1,2,1,1,0,1,0,1,2,0,1,1,0,4,0,15.0,13.5,0.775
5,2,1,5,3,2,0,4,1,1,4,1,4,1,0,4,0,1,1,1,1,1,1,0,1,1,1,2,1,1,1,0,1,0,18.5,16.5,0.581
7,6,4,4,1,8,1,9,0,2,5,2,8,2,0,6,0,1,1,1,2,1,1,1,1,0,2,2,1,1,1,0,2,0,16.25,8.062,0.614
3,2,5,4,3,3,0,8,0,1,7,1,4,0,0,4,0,1,1,1,2,1,1,0,1,0,1,4,1,1,0,0,1,0,15.0,7.667,0.632
1,1,0,3,0,1,0,3,0,0,3,0,2,0,0,1,0,1,1,0,1,0,1,0,1,0,0,2,0,1,0,0,1,0,15.0,8.0,0.548
2,2,0,0,1,2,0,1,0,1,0,1,5,0,0,4,0,1,1,0,0,1,1,0,1,0,1,0,1,1,0,0,1,0,19.0,0.0,0.162
1,13,0,0,2,0,0,2,1,2,4,25,2,0,2,3,8,1,1,0,0,1,0,0,1,1,1,4,1,0,0,1,1,1,31.5,5.5,0.356
0,2,2,0,0,2,0,2,0,0,0,1,3,1,0,1,1,0,1,1,0,0,1,0,1,0,0,0,1,1,1,0,1,1,16.0,0.0,0.177
4,0,2,1,0,1,0,6,0,0,3,0,4,0,0,2,0,1,0,1,1,0,1,0,1,0,0,3,0,1,0,0,1,0,24.0,8.0,0.433
3,3,2,0,0,1,0,3,1,0,0,0,3,1,0,0,0,1,1,1,0,0,1,0,1,1,0,0,0,1,1,0,0,0,5.667,0.0,0.171
9,4,4,5,3,3,0,12,2,0,8,0,8,2,0,6,0,1,1,1,2,1,1,0,1,1,0,5,0,1,1,0,1,0,33.0,22.0,0.609
0,1,0,1,0,1,0,2,0,0,1,3,4,0,1,1,0,0,1,0,1,0,1,0,1,0,0,1,1,1,0,1,1,0,14.0,4.0,0.567
2,5,3,5,3,5,0,11,0,2,4,0,3,1,0,8,0,1,1,1,2,1,1,0,1,0,1,4,0,1,1,0,1,0,26.0,9.5,0.49
0,1,2,1,0,2,0,1,0,0,2,2,2,0,0,1,1,0,1,1,1,0,1,0,1,0,0,2,1,1,0,0,1,1,15.0,8.0,0.548
1,0,1,2,0,1,0,2,0,0,3,0,0,2,0,1,0,1,0,1,2,0,1,0,1,0,0,2,0,0,1,0,1,0,13.0,16.0,0.784
1,1,0,1,1,2,0,4,0,0,1,7,2,0,0,1,1,1,1,0,1,1,1,0,1,0,0,1,1,1,0,0,1,1,21.0,2.0,0.309
1,0,0,2,0,2,0,1,0,0,3,1,3,0,0,2,1,1,0,0,2,0,1,0,1,0,0,1,1,1,0,0,1,1,16.0,25.0,0.707
2,2,1,2,0,2,0,2,0,0,3,0,2,0,0,1,0,1,1,1,1,0,1,0,1,0,0,3,0,1,0,0,1,0,17.0,12.0,0.686
2,1,0,3,1,2,0,3,0,1,2,2,1,1,0,3,0,1,1,0,2,1,1,0,1,0,1,1,1,1,1,0,1,0,22.0,20.0,0.754
11,11,9,5,3,7,0,17,0,4,7,1,10,1,0,14,0,1,1,1,2,1,1,0,1,0,2,4,1,1,1,0,3,0,20.0,9.4,0.495
1,1,3,7,0,3,0,3,0,2,7,2,5,3,0,7,1,1,1,1,4,0,1,0,1,0,1,2,1,1,1,0,1,1,9.0,11.2,0.738
3,5,4,2,2,3,0,6,1,0,9,5,4,0,0,7,1,1,1,1,1,1,1,0,1,1,0,6,1,1,0,0,1,1,26.5,14.5,0.68
0,0,2,3,0,0,0,2,1,4,4,0,5,1,0,5,0,0,0,1,1,0,0,0,1,1,2,2,0,1,1,0,1,0,6.75,7.5,0.544
3,2,0,4,1,4,0,6,0,4,4,0,3,1,0,5,0,1,1,0,2,1,1,0,1,0,1,3,0,1,1,0,2,0,18.5,25.375,0.697
2,3,4,4,2,3,0,6,0,0,4,1,7,2,0,5,2,1,1,1,1,1,1,0,1,0,0,3,1,1,1,0,1,1,22.5,8.0,0.422
1,1,2,1,1,1,0,4,1,0,2,2,4,0,0,2,1,1,1,1,1,1,1,0,1,1,0,2,1,1,0,0,1,1,11.5,4.5,0.442
3,6,0,2,1,3,0,3,0,1,5,2,9,1,1,6,2,1,1,0,1,1,1,0,1,0,1,4,1,1,1,1,1,1,14.667,5.667,0.533
6,5,5,2,2,5,0,5,0,2,7,1,4,2,0,6,0,1,1,1,2,1,1,0,1,0,2,5,1,1,1,0,2,0,26.0,16.5,0.883
104,0,0,0,0,0,0,1,0,0,0,0,0,0,0,0,3,1,0,0,0,0,0,0,1,0,0,0,0,0,0,0,0,1,108.0,0.0,0.068
4,2,4,3,1,3,0,3,0,2,3,0,3,3,0,4,0,1,1,1,1,1,1,0,1,0,1,3,0,1,1,0,1,0,35.0,32.0,0.717
1,3,1,1,1,5,0,8,0,0,3,0,2,0,0,5,0,1,1,1,1,1,1,0,1,0,0,3,0,1,0,0,1,0,30.0,6.0,0.516
9,4,4,4,0,8,0,23,1,3,6,2,22,0,0,6,0,1,1,1,2,0,1,0,1,1,1,3,1,1,0,0,3,0,31.0,9.0,0.367
2,9,5,2,0,9,1,13,4,0,9,3,4,2,0,9,0,1,1,1,1,0,1,1,1,1,0,5,1,1,1,0,2,0,36.0,16.5,0.583
1,3,2,2,1,1,0,5,0,1,3,0,1,1,0,5,0,1,1,1,1,1,1,0,1,0,1,3,0,1,1,0,1,0,26.0,10.0,0.416
2,2,1,2,1,2,0,6,1,0,2,1,2,1,0,2,0,1,1,1,1,1,1,0,1,1,0,2,1,1,1,0,1,0,25.0,13.0,0.566
5,6,7,5,2,1,1,4,1,2,10,0,4,2,0,4,0,1,1,1,2,1,1,1,1,1,1,5,0,1,1,0,1,0,10.8,9.6,0.77
5,6,7,5,2,1,1,4,1,2,10,0,4,2,0,4,0,1,1,1,2,1,1,1,1,1,1,5,0,1,1,0,1,0,10.8,9.6,0.77
0,1,1,4,2,2,0,3,1,0,1,2,1,0,0,2,0,0,1,1,2,1,1,0,1,1,0,1,1,1,0,0,1,0,20.0,7.0,0.474
1,2,0,0,1,2,0,2,0,0,0,4,0,0,0,0,1,1,1,0,0,1,1,0,1,0,0,0,1,0,0,0,0,1,13.0,0.0,0.196
3,3,0,1,1,2,0,5,0,0,0,0,0,0,0,1,0,1,1,0,1,1,1,0,1,0,0,0,0,0,0,0,1,0,16.0,2.0,0.354
1,1,0,0,0,0,0,2,1,0,2,0,1,1,0,2,0,1,1,0,0,0,0,0,1,1,0,2,0,1,1,0,1,0,11.0,4.0,0.64
2,2,0,3,1,2,0,5,0,3,3,0,2,0,0,3,0,1,1,0,3,1,1,0,1,0,2,2,0,1,0,0,1,0,26.0,20.0,0.693
30,18,19,25,14,22,0,60,1,9,35,0,34,9,0,41,0,1,1,1,3,1,1,0,1,1,3,10,0,1,1,0,3,0,19.75,9.953,0.597
7,8,4,11,1,9,0,17,3,8,10,0,11,3,1,8,0,1,1,1,2,1,1,0,1,1,2,6,0,1,1,1,1,0,20.2,14.0,0.563
3,0,0,1,0,0,0,3,0,0,1,0,1,0,0,2,0,1,0,0,1,0,0,0,1,0,0,1,0,1,0,0,1,0,5.5,4.0,0.64
7,3,6,2,1,2,0,4,1,1,5,1,6,0,0,2,0,1,1,1,1,1,1,0,1,1,1,4,1,1,0,0,1,0,20.5,22.0,0.773
0,1,0,2,0,2,0,2,0,0,3,2,1,1,0,0,0,0,1,0,1,0,1,0,1,0,0,1,1,1,1,0,0,0,14.0,4.0,0.378
2,2,1,2,2,7,0,2,0,1,2,8,6,1,0,2,0,1,1,1,1,1,1,0,1,0,1,2,1,1,1,0,2,0,39.0,21.0,0.679
6,7,2,6,2,2,0,9,1,4,5,1,6,1,0,3,1,1,1,1,3,1,1,0,1,1,2,2,1,1,1,0,1,1,14.0,12.0,0.567
1,3,2,1,0,3,1,5,0,0,2,0,3,0,0,4,1,1,1,1,1,0,1,1,1,0,0,2,0,1,0,0,1,1,6.5,2.0,0.416
7,11,7,11,3,12,0,15,2,7,14,10,18,4,0,13,1,1,1,1,2,1,1,0,1,1,2,6,1,1,1,0,1,1,15.0,8.667,0.487
0,0,2,2,1,1,0,5,0,1,5,3,1,0,0,2,0,0,0,1,1,1,1,0,1,0,1,3,1,1,0,0,1,0,23.0,29.0,0.885
3,6,1,2,0,5,0,8,1,0,6,0,5,0,0,4,0,1,1,1,2,0,1,0,1,1,0,2,0,1,0,0,2,0,19.5,13.5,0.453
4,2,2,1,2,4,1,4,0,0,0,1,2,1,0,2,0,1,1,1,1,1,1,1,1,0,0,0,1,1,1,0,1,0,26.0,2.0,0.277
3,3,0,2,1,1,0,6,0,1,5,0,4,0,0,3,0,1,1,0,1,1,1,0,1,0,1,2,0,1,0,0,1,0,14.5,7.5,0.525
1,1,2,4,1,1,0,4,1,0,2,0,0,3,0,4,0,1,1,1,3,1,1,0,1,1,0,2,0,0,1,0,1,0,24.0,19.0,0.722
1,0,0,2,0,1,0,2,0,1,2,0,3,1,0,3,0,1,0,0,1,0,1,0,1,0,1,2,0,1,1,0,1,0,16.0,19.0,0.707
3,4,2,1,1,1,0,4,0,2,5,0,4,1,0,3,0,1,1,1,1,1,1,0,1,0,2,4,0,1,1,0,1,0,29.0,22.0,0.788
1,4,1,2,1,3,1,8,1,1,7,0,3,2,0,4,0,1,1,1,1,1,1,1,1,1,1,4,0,1,1,0,2,0,19.5,9.5,0.679
1,0,1,2,0,0,0,0,0,1,1,1,3,0,0,1,0,1,0,1,2,0,0,0,0,0,1,1,1,1,0,0,1,0,11.0,4.0,0.64
2,3,2,1,2,2,0,4,0,3,7,3,3,2,0,9,0,1,1,1,1,1,1,0,1,0,2,3,1,1,1,0,1,0,21.5,11.5,0.539
1,0,7,1,1,3,0,3,1,0,4,2,10,2,2,6,0,1,0,1,1,1,1,0,1,1,0,1,1,1,1,1,1,0,13.667,2.667,0.221
0,0,3,1,0,2,0,2,0,1,0,1,0,0,0,1,0,0,0,1,1,0,1,0,1,0,1,0,1,0,0,0,1,0,11.0,9.0,0.64
0,1,3,1,0,3,0,4,1,0,2,1,2,1,0,3,0,0,1,1,1,0,1,0,1,1,0,2,1,1,1,0,1,0,22.0,4.0,0.452
0,0,2,0,0,0,0,2,0,0,1,3,4,0,2,1,0,0,0,1,0,0,0,0,1,0,0,1,1,1,0,1,1,0,13.0,2.0,0.392
1,3,1,1,0,1,0,23,2,0,1,9,24,0,13,4,2,1,1,1,1,0,1,0,1,1,0,1,1,1,0,1,1,1,76.0,4.0,0.243
4,4,13,4,3,5,0,7,0,2,5,2,4,3,0,6,0,1,1,1,2,1,1,0,1,0,1,3,1,1,1,0,2,0,31.0,16.5,0.539
2,1,4,2,1,2,0,4,0,1,2,2,3,1,0,3,0,1,1,1,2,1,1,0,1,0,1,1,1,1,1,0,2,0,14.0,12.875,0.802
2,3,1,0,2,2,0,5,0,0,2,3,1,0,0,1,0,1,1,1,0,1,1,0,1,0,0,2,1,1,0,0,1,0,11.0,1.0,0.302
1,3,1,1,0,1,0,23,3,0,1,9,24,0,13,4,2,1,1,1,1,0,1,0,1,1,0,1,1,1,0,1,1,1,76.0,4.0,0.243
4,10,8,11,6,4,1,16,3,3,16,10,15,3,2,11,1,1,1,1,3,1,1,1,1,1,2,6,1,1,1,1,1,1,17.429,9.0,0.576
4,3,7,5,1,6,0,7,0,2,7,1,5,3,0,7,1,1,1,1,3,1,1,0,1,0,2,3,1,1,1,0,2,1,19.667,21.167,0.644
7,2,3,7,3,6,2,6,4,0,10,0,10,4,1,6,0,1,1,1,2,1,1,1,1,1,0,6,0,1,1,1,1,0,35.0,19.5,0.592
1,1,0,1,1,3,0,2,0,0,3,1,2,1,0,1,0,1,1,0,1,1,1,0,1,0,0,3,1,1,1,0,1,0,17.0,8.0,0.686
1,1,1,2,0,2,0,3,0,0,2,1,1,1,0,2,0,1,1,1,2,0,1,0,1,0,0,2,1,1,1,0,1,0,17.0,4.0,0.514
0,1,1,1,1,3,0,4,2,0,0,0,2,0,0,0,0,0,1,1,1,1,1,0,1,1,0,0,0,1,0,0,0,0,7.5,1.0,0.365
2,4,2,5,1,2,0,7,1,1,6,0,9,1,2,4,0,1,1,1,3,1,1,0,1,1,1,2,0,1,1,1,1,0,15.333,8.667,0.521
1,3,1,1,0,1,0,22,2,0,1,10,24,0,14,4,2,1,1,1,1,0,1,0,1,1,0,1,1,1,0,1,1,1,76.0,4.0,0.243
1,0,0,2,0,1,0,2,0,0,3,0,1,1,0,1,0,1,0,0,1,0,1,0,1,0,0,2,0,1,1,0,1,0,12.0,10.0,0.612
1,3,2,1,1,1,2,2,0,0,2,0,4,0,0,5,0,1,1,1,1,1,1,1,1,0,0,1,0,1,0,0,1,0,8.0,0.0,0.144
1,0,0,1,0,1,0,2,0,0,2,0,2,0,0,2,0,1,0,0,1,0,1,0,1,0,0,2,0,1,0,0,1,0,5.5,5.0,0.853
0,0,1,1,1,1,1,3,2,1,1,0,1,0,0,2,0,0,0,1,1,1,1,1,1,1,1,1,0,1,0,0,2,0,15.0,12.0,0.73
2,5,5,4,3,4,0,10,1,3,7,10,9,0,0,8,12,1,1,1,2,1,1,0,1,1,2,4,1,1,0,0,2,1,41.5,17.0,0.466
5,4,1,3,1,1,0,4,1,2,3,2,6,2,0,6,0,1,1,1,1,1,1,0,1,1,1,2,1,1,1,0,2,0,40.0,31.5,0.671
3,1,0,1,0,0,0,0,0,0,4,0,1,0,0,2,0,1,1,0,1,0,0,0,0,0,0,3,0,1,0,0,2,0,12.0,19.0,1.021
2,2,1,2,1,2,0,7,3,1,4,1,3,0,1,4,1,1,1,1,1,1,1,0,1,1,1,3,1,1,0,1,1,1,17.0,5.0,0.485
7,6,2,1,1,4,2,10,1,3,2,0,7,0,0,4,1,1,1,1,1,1,1,1,1,1,2,2,0,1,0,0,3,1,12.5,7.0,0.5
0,0,2,0,0,0,0,2,2,0,1,1,3,0,1,1,1,0,0,1,0,0,0,0,1,1,0,1,1,1,0,1,1,1,6.5,2.5,0.588
2,1,4,3,5,2,2,10,0,2,6,0,5,1,0,7,0,1,1,1,2,1,1,1,1,0,2,4,0,1,1,0,2,0,25.0,10.5,0.6
5,7,5,3,1,2,0,12,9,0,8,4,17,2,5,6,4,1,1,1,2,1,1,0,1,1,0,4,1,1,1,1,1,1,16.8,5.2,0.386
3,4,8,2,2,5,0,9,5,0,10,4,9,3,0,10,1,1,1,1,2,1,1,0,1,1,0,5,1,1,1,0,3,1,18.75,7.75,0.572
0,0,0,1,0,0,0,3,0,1,2,0,0,2,0,3,0,0,0,0,1,0,0,0,1,0,1,1,0,0,1,0,1,0,12.0,19.0,0.612
1,1,0,2,0,0,0,2,0,0,1,3,1,0,0,1,0,1,1,0,2,0,0,0,1,0,0,1,1,1,0,0,1,0,12.0,9.0,0.612
7,4,6,7,2,4,0,5,3,2,6,1,3,2,1,8,0,1,1,1,3,1,1,0,1,1,2,3,1,1,1,1,2,0,20.0,15.083,0.73
0,2,0,1,1,2,1,2,0,0,1,1,2,0,0,0,0,0,1,0,1,1,1,1,1,0,0,1,1,1,0,0,0,0,13.0,2.0,0.392
2,3,5,1,0,2,0,3,1,3,2,0,1,0,0,5,0,1,1,1,1,0,1,0,1,1,2,1,0,1,0,0,1,0,14.0,8.375,0.535
2,1,5,8,1,1,0,4,1,1,9,0,3,2,0,5,0,1,1,1,3,1,1,0,1,1,1,6,0,1,1,0,1,0,43.0,37.0,0.863
4,6,3,7,2,5,0,6,0,3,10,1,3,4,0,11,0,1,1,1,2,1,1,0,1,0,2,5,1,1,1,0,1,0,65.0,41.0,0.614
0,1,1,0,1,1,0,2,0,1,1,1,1,1,0,3,0,0,1,1,0,1,1,0,1,0,1,1,1,1,1,0,2,0,14.0,5.0,0.567
1,1,1,1,0,2,0,2,0,1,2,0,1,0,0,3,1,1,1,1,1,0,1,0,1,0,1,2,0,1,0,0,1,1,16.0,16.0,0.707
6,5,5,7,5,4,1,14,4,2,14,2,12,4,0,9,0,1,1,1,2,1,1,1,1,1,2,6,1,1,1,0,3,0,18.8,12.6,0.729
1,2,0,3,0,0,0,5,1,0,2,0,1,0,0,1,0,1,1,0,3,0,0,0,1,1,0,2,0,1,0,0,1,0,8.0,6.286,0.884
0,1,1,4,1,2,0,2,0,2,4,0,2,1,0,5,0,0,1,1,3,1,1,0,1,0,2,3,0,1,1,0,2,0,25.0,36.5,1.131
6,3,3,4,1,4,1,8,0,0,3,1,6,1,0,7,0,1,1,1,2,1,1,1,1,0,0,3,1,1,1,0,2,0,12.0,3.75,0.51
1,1,2,1,0,2,0,2,1,0,0,3,7,0,0,0,0,1,1,1,1,0,1,0,1,1,0,0,1,1,0,0,0,0,10.5,1.0,0.309
4,1,2,2,1,2,0,7,0,0,5,6,5,0,0,2,1,1,1,1,1,1,1,0,1,0,0,4,1,1,0,0,2,1,7.4,3.8,0.697
0,4,2,1,0,0,0,1,1,0,3,1,2,2,0,4,0,0,1,1,1,0,0,0,1,1,0,3,1,1,1,0,2,0,10.5,7.0,0.772
3,5,2,3,0,1,0,6,0,0,3,0,3,2,0,3,1,1,1,1,3,0,1,0,1,0,0,2,0,1,1,0,1,1,10.667,5.0,0.5
14,6,15,10,2,8,0,15,0,2,13,3,20,6,0,14,1,1,1,1,3,1,1,0,1,0,1,4,1,1,1,0,2,1,18.143,9.714,0.439
3,2,0,4,0,2,1,2,1,1,1,2,2,0,0,1,0,1,1,0,1,0,1,1,1,1,1,1,1,1,0,0,1,0,11.0,9.5,0.603
3,2,3,3,1,1,0,3,0,2,4,0,3,0,0,5,0,1,1,1,2,1,1,0,1,0,2,3,0,1,0,0,1,0,30.0,21.0,0.645
3,8,4,2,2,7,0,12,0,1,10,0,21,0,0,12,1,1,1,1,2,1,1,0,1,0,1,6,0,1,0,0,1,1,27.667,9.333,0.621
0,0,1,2,0,2,0,2,1,0,3,3,2,2,0,4,0,0,0,1,1,0,1,0,1,1,0,2,1,1,1,0,1,0,11.0,3.5,0.452
1,3,0,5,0,1,0,3,0,2,3,0,2,2,0,5,1,1,1,0,2,0,1,0,1,0,1,2,0,1,1,0,1,1,14.0,14.0,0.668
1,0,1,2,1,1,1,3,1,1,1,0,2,0,0,1,0,1,0,1,2,1,1,1,1,1,1,1,0,1,0,0,1,0,16.0,17.0,0.884
1,4,2,5,1,2,0,3,0,1,7,1,4,1,0,6,1,1,1,1,2,1,1,0,1,0,1,3,1,1,1,0,1,1,12.667,11.0,0.574
0,0,0,0,0,2,0,2,0,2,1,1,0,0,0,3,0,0,0,0,0,0,1,0,1,0,2,1,1,0,0,0,2,0,11.0,18.25,1.066
1,1,1,1,1,2,0,5,1,1,4,0,6,0,0,4,0,1,1,1,1,1,1,0,1,1,1,2,0,1,0,0,1,0,9.333,7.333,0.535
1,1,0,1,0,0,0,2,1,1,0,0,2,0,0,2,0,1,1,0,1,0,0,0,1,1,1,0,0,1,0,0,1,0,11.0,14.0,0.64
6,5,5,6,3,11,0,14,0,1,8,1,5,1,0,5,0,1,1,1,2,1,1,0,1,0,1,6,1,1,1,0,1,0,17.75,12.0,0.755
2,1,3,1,0,2,0,1,0,1,2,1,4,0,0,2,0,1,1,1,1,0,1,0,1,0,1,1,1,1,0,0,1,0,10.0,5.5,0.474
8,21,17,16,8,16,0,35,1,7,19,1,22,11,3,26,2,1,1,1,4,1,1,0,1,1,2,8,1,1,1,1,2,1,30.0,12.571,0.586
11,3,10,14,4,4,2,7,1,9,21,0,17,8,0,18,0,1,1,1,3,1,1,1,1,1,2,6,0,1,1,0,3,0,21.5,17.667,0.623
5,4,11,3,4,3,1,15,1,1,10,0,7,4,1,8,0,1,1,1,2,1,1,1,1,1,1,5,0,1,1,1,2,0,19.25,10.25,0.645
1,0,4,4,1,2,0,1,2,2,4,2,1,1,0,3,0,1,0,1,3,1,1,0,1,1,1,3,1,1,1,0,1,0,28.0,33.0,0.935
1,3,1,1,0,1,0,1,2,1,2,3,3,2,0,3,0,1,1,1,1,0,1,0,1,1,1,2,1,1,1,0,1,0,24.0,4.0,0.433
3,3,0,2,1,2,0,3,1,0,2,1,4,0,0,1,0,1,1,0,1,1,1,0,1,1,0,2,1,1,0,0,1,0,7.667,2.667,0.59
1,2,1,2,1,1,0,3,2,1,4,0,3,1,0,3,0,1,1,1,1,1,1,0,1,1,1,4,0,1,1,0,1,0,12.5,6.5,0.707
1,0,0,1,0,2,0,3,0,0,4,0,2,0,0,3,0,1,0,0,1,0,1,0,1,0,0,3,0,1,0,0,2,0,16.0,16.0,0.707
1,3,4,0,3,4,0,8,2,0,3,2,5,0,0,3,0,1,1,1,0,1,1,0,1,1,0,2,1,1,0,0,1,0,12.333,1.333,0.232
1,2,0,1,0,1,0,1,1,0,1,0,2,0,0,2,0,1,1,0,1,0,1,0,1,1,0,1,0,1,0,0,1,0,12.0,2.0,0.408
1,3,1,0,2,1,0,5,0,1,2,6,2,0,0,5,2,1,1,1,0,1,1,0,1,0,1,2,1,0,0,0,2,1,29.0,9.0,0.394
1,1,0,0,0,1,0,3,0,0,2,0,0,1,0,2,0,1,1,0,0,0,1,0,1,0,0,2,0,0,1,0,2,0,11.0,12.0,0.853
0,1,0,0,0,0,0,1,0,0,8,1,2,2,0,5,0,0,1,0,0,0,0,0,1,0,0,4,1,1,1,0,1,0,20.0,19.0,0.791
2,2,2,1,0,2,1,3,1,0,6,1,4,1,0,3,1,1,1,1,1,0,1,1,1,1,0,2,1,1,1,0,1,1,7.5,4.0,0.516
0,1,3,0,0,1,1,4,0,0,3,2,5,0,0,3,0,0,1,1,0,0,1,1,1,0,0,1,1,1,0,0,1,0,7.667,2.0,0.295
3,6,5,4,5,5,1,5,1,0,10,9,9,2,0,8,0,1,1,1,3,1,1,1,1,1,0,4,1,1,1,0,2,0,18.25,8.5,0.579
6,4,5,4,2,1,1,4,1,0,8,5,4,0,0,5,0,1,1,1,1,1,1,1,1,1,0,4,1,1,0,0,2,0,10.0,6.8,0.7
1,3,1,1,0,1,0,1,0,1,3,2,2,0,0,3,0,1,1,1,1,0,1,0,1,0,1,3,1,1,0,0,1,0,19.0,18.571,0.811
8,15,6,5,5,5,2,21,0,4,16,3,14,5,0,24,3,1,1,1,2,1,1,1,1,0,1,9,1,1,1,0,2,1,27.0,14.6,0.669
4,1,1,3,1,2,0,6,0,1,5,0,6,1,2,3,0,1,1,1,1,1,1,0,1,0,1,2,0,1,1,1,1,0,11.333,8.0,0.485
3,7,3,5,2,5,0,11,1,3,11,2,9,1,0,8,0,1,1,1,2,1,1,0,1,1,2,5,1,1,1,0,2,0,14.2,9.8,0.671
12,11,12,10,7,7,0,28,0,3,22,0,14,5,0,23,0,1,1,1,3,1,1,0,1,0,2,9,0,1,1,0,3,0,25.667,15.0,0.741
3,2,1,1,1,1,0,2,0,0,3,5,4,0,1,2,0,1,1,1,1,1,1,0,1,0,0,3,1,1,0,1,1,0,25.0,6.0,0.566
2,2,3,0,0,0,0,3,1,1,5,0,2,1,0,4,0,1,1,1,0,0,0,0,1,1,1,4,0,1,1,0,1,0,12.0,6.5,0.722
3,4,1,2,0,3,0,6,0,1,2,0,2,0,0,4,1,1,1,1,1,0,1,0,1,0,1,2,0,1,0,0,1,1,14.5,7.5,0.657
1,1,4,2,1,1,1,2,0,1,4,0,4,0,0,4,0,1,1,1,1,1,1,1,1,0,1,3,0,1,0,0,2,0,8.667,5.0,0.832
5,4,3,0,0,0,0,3,0,0,0,0,3,0,0,0,0,1,1,1,0,0,0,0,1,0,0,0,0,1,0,0,0,0,18.0,0.0,0.167
0,0,2,2,0,1,0,3,0,1,3,0,4,0,0,1,0,0,0,1,2,0,1,0,1,0,1,3,0,1,0,0,1,0,17.0,15.0,1.029
1,1,2,0,1,0,0,1,0,0,0,2,4,0,0,1,0,1,1,1,0,1,0,0,1,0,0,0,1,1,0,0,1,0,12.0,0.0,0.204
18,11,11,11,6,7,0,27,0,1,8,4,26,2,1,13,0,1,1,1,4,1,1,0,1,0,1,3,1,1,1,1,1,0,20.286,4.714,0.356
4,2,1,2,1,4,2,9,0,1,4,4,8,1,0,6,2,1,1,1,1,1,1,1,1,0,1,3,1,1,1,0,1,1,16.667,3.0,0.4
6,15,1,8,3,7,0,14,7,1,11,1,5,1,0,9,0,1,1,1,2,1,1,0,1,1,1,4,1,1,1,0,1,0,22.25,7.5,0.45
9,10,6,7,2,6,0,22,6,1,15,8,15,4,1,13,2,1,1,1,3,1,1,0,1,1,1,6,1,1,1,1,2,1,31.25,14.5,0.632
6,5,4,6,0,6,0,11,1,0,5,0,5,2,0,5,0,1,1,1,2,0,1,0,1,1,0,4,0,1,1,0,1,0,18.667,5.667,0.472
0,3,1,0,1,0,0,1,3,0,1,2,5,0,0,3,0,0,1,1,0,1,0,0,1,1,0,1,1,1,0,0,1,0,20.0,2.0,0.316
15,24,23,36,12,19,2,40,0,12,50,4,33,10,1,49,2,1,1,1,3,1,1,1,1,0,2,11,1,1,1,1,2,1,18.278,14.333,0.585
0,0,0,1,0,1,0,3,0,0,2,0,4,0,0,2,0,0,0,0,1,0,1,0,1,0,0,2,0,1,0,0,1,0,13.0,4.0,0.392
1,1,1,1,0,0,0,1,0,0,4,0,2,0,0,2,0,1,1,1,1,0,0,0,1,0,0,2,0,1,0,0,2,0,6.5,3.0,0.588
15,23,8,17,6,14,0,24,11,3,24,9,17,10,5,23,1,1,1,1,2,1,1,0,1,1,1,7,1,1,1,1,2,1,34.167,13.0,0.444
0,4,6,5,0,1,0,2,6,0,2,4,5,2,2,3,0,0,1,1,3,0,1,0,1,1,0,2,1,1,1,1,1,0,20.0,9.25,0.559
0,2,3,3,1,1,0,3,0,3,3,1,4,2,1,7,0,0,1,1,2,1,1,0,1,0,2,1,1,1,1,1,1,0,11.0,12.333,0.492
2,3,2,2,0,2,0,8,0,1,6,0,1,2,0,4,0,1,1,1,1,0,1,0,1,0,1,5,0,1,1,0,2,0,33.0,27.0,0.862
0,4,2,3,1,3,0,2,2,1,3,3,2,1,0,2,0,0,1,1,3,1,1,0,1,1,1,2,1,1,1,0,1,0,29.0,21.75,0.788
2,2,1,1,0,3,0,3,0,0,1,1,2,1,0,2,0,1,1,1,1,0,1,0,1,0,0,1,1,1,1,0,1,0,9.5,1.0,0.324
3,0,1,1,2,1,0,2,0,1,2,0,2,0,0,2,0,1,0,1,1,1,1,0,1,0,1,2,0,1,0,0,1,0,8.5,7.5,0.686
0,0,3,1,0,1,0,1,0,0,2,0,2,0,0,3,0,0,0,1,1,0,1,0,1,0,0,1,0,1,0,0,1,0,13.0,6.0,0.392
2,4,0,0,0,4,0,5,0,0,1,0,5,1,0,1,0,1,1,0,0,0,1,0,1,0,0,1,0,1,1,0,1,0,23.0,3.0,0.295
7,16,11,10,5,6,0,18,4,2,22,1,14,6,2,19,2,1,1,1,2,1,1,0,1,1,1,9,1,1,1,1,3,1,28.8,18.6,0.648
1,2,0,1,1,0,0,1,3,0,1,0,2,0,0,2,0,1,1,0,1,1,0,0,1,1,0,1,0,1,0,0,1,0,13.0,8.0,0.588
2,1,4,5,0,0,1,1,0,3,7,0,1,3,0,4,0,1,1,1,3,0,0,1,1,0,1,4,0,1,1,0,1,0,32.0,49.75,0.875
10,9,4,4,4,4,1,15,2,0,14,2,13,4,1,10,1,1,1,1,2,1,1,1,1,1,0,9,1,1,1,1,2,1,19.6,13.8,0.857
3,0,0,2,0,2,0,2,0,0,1,2,1,3,0,2,0,1,0,0,2,0,1,0,1,0,0,1,1,1,1,0,2,0,18.0,11.0,0.667
0,1,4,2,1,2,0,2,0,2,4,0,2,0,0,3,0,0,1,1,2,1,1,0,1,0,2,3,0,1,0,0,2,0,23.0,24.0,0.885
1,2,2,2,0,1,1,2,1,0,2,0,3,0,0,2,0,1,1,1,2,0,1,1,1,1,0,2,0,1,0,0,1,0,9.5,5.5,0.649
0,2,0,1,0,2,0,2,0,0,1,3,0,0,0,1,0,0,1,0,1,0,1,0,1,0,0,1,1,0,0,0,1,0,12.0,7.0,0.408
1,1,2,2,0,2,0,2,1,0,4,0,1,2,0,4,0,1,1,1,2,0,1,0,1,1,0,2,0,1,1,0,1,0,22.0,13.0,0.452
1,1,2,1,0,1,0,1,0,0,1,2,1,0,0,1,0,1,1,1,1,0,1,0,1,0,0,1,1,1,0,0,1,0,12.0,4.0,0.612
3,5,5,4,3,7,1,11,0,4,10,5,11,0,0,13,0,1,1,1,2,1,1,1,1,0,2,4,1,1,0,0,2,0,16.4,10.8,0.703
0,4,2,3,1,2,0,3,3,2,4,0,2,0,0,4,0,0,1,1,2,1,1,0,1,1,1,2,0,1,0,0,1,0,30.0,13.0,0.516
7,14,8,11,4,10,1,21,5,3,11,2,9,3,0,14,0,1,1,1,2,1,1,1,1,1,2,7,1,1,1,0,2,0,20.5,9.667,0.574
4,3,7,3,1,3,0,5,2,1,5,0,6,2,1,2,0,1,1,1,1,1,1,0,1,1,1,2,0,1,1,1,1,0,22.0,22.5,0.533
1,2,0,1,1,1,0,1,0,0,5,0,0,0,0,3,0,1,1,0,1,1,1,0,1,0,0,3,0,0,0,0,1,0,7.5,5.0,0.548
1,3,1,3,2,3,0,5,0,0,5,0,1,1,0,4,0,1,1,1,3,1,1,0,1,0,0,4,0,1,1,0,1,0,14.5,12.0,0.788
1,4,0,0,1,2,0,6,0,0,1,0,3,1,0,3,0,1,1,0,0,1,1,0,1,0,0,1,0,1,1,0,1,0,11.0,3.0,0.302
6,15,12,17,7,13,1,22,9,8,29,2,16,7,6,25,5,1,1,1,3,1,1,1,1,1,2,5,1,1,1,1,3,1,18.0,11.909,0.452
4,1,2,5,1,1,0,3,0,4,8,0,7,1,0,7,0,1,1,1,4,1,1,0,1,0,1,3,0,1,1,0,2,0,7.333,13.429,0.853
0,0,1,3,0,1,0,1,0,2,3,0,1,0,0,3,0,0,0,1,2,0,1,0,1,0,2,3,0,1,0,0,1,0,15.0,19.0,0.913
0,5,3,3,1,2,0,3,2,0,7,3,4,2,0,5,1,0,1,1,2,1,1,0,1,1,0,3,1,1,1,0,1,1,13.667,9.333,0.663
1,4,4,2,0,0,0,2,0,0,10,0,6,3,0,6,0,1,1,1,2,0,0,0,1,0,0,3,0,1,1,0,1,0,9.5,11.25,0.574
1,7,4,4,2,2,1,5,4,1,6,2,4,1,0,8,0,1,1,1,2,1,1,1,1,1,1,3,1,1,1,0,1,0,10.4,5.2,0.588
2,5,0,3,0,3,1,6,0,0,6,0,4,1,0,2,0,1,1,0,2,0,1,1,1,0,0,3,0,1,1,0,1,0,10.333,3.333,0.508
4,2,2,2,0,2,0,5,0,0,3,2,5,0,0,2,2,1,1,1,1,0,1,0,1,0,0,3,1,1,0,0,1,1,10.333,3.0,0.508
11,15,7,10,3,10,0,34,4,6,11,3,24,3,1,14,2,1,1,1,3,1,1,0,1,1,2,5,1,1,1,1,2,1,22.429,14.0,0.451
9,7,8,5,2,0,0,8,1,1,8,1,7,1,0,6,0,1,1,1,1,1,0,0,1,1,1,5,1,1,1,0,1,0,16.0,7.75,0.53
1,6,1,2,2,3,0,5,5,1,3,1,4,1,0,6,0,1,1,1,1,1,1,0,1,1,1,2,1,1,1,0,1,0,41.0,8.0,0.331
0,0,2,3,0,0,0,1,0,0,4,0,1,1,0,3,0,0,0,1,3,0,0,0,1,0,0,2,0,1,1,0,1,0,8.0,8.5,0.884
2,0,0,2,0,2,0,4,0,0,0,2,2,0,0,0,0,1,0,0,1,0,1,0,1,0,0,0,1,1,0,0,0,0,14.0,4.0,0.378
2,1,2,3,2,0,1,3,0,2,7,1,2,0,0,10,0,1,1,1,3,1,0,1,1,0,1,3,1,1,0,0,2,0,36.0,23.0,0.707
2,4,3,1,0,3,2,5,0,1,8,0,2,0,0,5,0,1,1,1,1,0,1,1,1,0,1,4,0,1,0,0,1,0,18.0,14.5,0.707
3,1,2,2,0,1,0,2,0,2,4,2,0,1,0,3,0,1,1,1,1,0,1,0,1,0,2,3,1,0,1,0,1,0,23.0,21.0,0.885
0,2,1,5,1,2,0,3,0,3,5,0,0,2,0,5,0,0,1,1,2,1,1,0,1,0,2,4,0,0,1,0,1,0,29.0,36.0,0.788
4,7,5,7,2,7,0,7,4,0,7,1,4,1,1,5,0,1,1,1,3,1,1,0,1,1,0,3,1,1,1,1,1,0,20.333,9.333,0.543
1,2,0,2,0,1,0,1,0,0,4,0,2,0,0,2,0,1,1,0,2,0,1,0,1,0,0,2,0,1,0,0,1,0,7.5,10.25,0.913
6,5,6,13,5,4,0,8,0,3,17,4,4,6,0,12,1,1,1,1,3,1,1,0,1,0,2,5,1,1,1,0,1,1,23.5,16.75,0.583
0,2,3,2,1,0,0,0,1,0,3,0,0,0,0,2,0,0,1,1,2,1,0,0,0,1,0,2,0,0,0,0,1,0,14.0,6.0,0.567
6,6,5,6,2,4,0,7,1,1,12,3,11,1,0,9,0,1,1,1,3,1,1,0,1,1,1,6,1,1,1,0,1,0,14.8,8.95,0.74
2,2,2,1,0,2,1,3,1,0,1,0,1,0,0,0,0,1,1,1,1,0,1,1,1,1,0,1,0,1,0,0,0,0,17.0,4.0,0.514
3,2,2,1,1,3,0,5,1,0,4,0,3,0,0,4,0,1,1,1,1,1,1,0,1,1,0,3,0,1,0,0,1,0,14.5,6.0,0.525
1,0,1,2,0,1,1,2,0,0,2,0,2,0,0,1,0,1,0,1,1,0,1,1,1,0,0,1,0,1,0,0,1,0,6.5,2.0,0.392
2,2,0,0,1,1,0,2,0,0,1,1,2,0,0,0,0,1,1,0,0,1,1,0,1,0,0,1,1,1,0,0,0,0,6.0,1.0,0.408
4,6,2,6,3,5,0,13,1,3,13,0,4,3,0,8,1,1,1,1,2,1,1,0,1,1,1,7,0,1,1,0,1,1,14.4,9.4,0.75
1,1,0,1,0,2,0,4,0,0,1,0,1,0,0,1,0,1,1,0,1,0,1,0,1,0,0,1,0,1,0,0,1,0,12.0,4.0,0.612
0,2,4,3,1,1,2,2,3,1,3,0,2,1,0,1,0,0,1,1,1,1,1,1,1,1,1,3,0,1,1,0,1,0,26.0,19.0,0.693
2,3,0,1,1,0,0,7,1,1,7,2,8,0,1,4,1,1,1,0,1,1,0,0,1,1,1,3,1,1,0,1,1,1,38.0,23.0,0.459
1,3,0,2,1,1,0,2,3,0,1,4,2,1,1,1,0,1,1,0,1,1,1,0,1,1,0,1,1,1,1,1,1,0,22.0,6.0,0.452
1,1,3,4,2,2,1,3,0,1,4,0,1,2,0,1,0,1,1,1,1,1,1,1,1,0,1,1,0,1,1,0,1,0,13.0,11.5,0.555
1,2,2,1,1,1,0,1,1,0,2,0,1,1,0,1,0,1,1,1,1,1,1,0,1,1,0,1,0,1,1,0,1,0,15.0,6.0,0.548
0,0,1,1,0,0,0,1,5,0,1,0,5,0,2,1,0,0,0,1,1,0,0,0,1,1,0,1,0,1,0,1,1,0,14.0,0.0,0.189
3,2,2,2,0,1,0,2,2,0,2,0,3,1,1,3,0,1,1,1,2,0,1,0,1,1,0,1,0,1,1,1,1,0,23.0,2.0,0.295
1,2,1,2,1,2,0,5,1,0,4,2,1,1,0,2,0,1,1,1,1,1,1,0,1,1,0,3,1,1,1,0,2,0,8.333,5.333,0.849
1,2,0,2,1,1,0,3,1,1,1,3,3,0,0,2,0,1,1,0,2,1,1,0,1,1,1,1,1,1,0,0,1,0,10.5,7.0,0.617
0,0,1,2,0,1,1,1,0,2,3,0,2,1,0,3,0,0,0,1,2,0,1,1,1,0,2,2,0,1,1,0,2,0,17.0,15.25,0.857
7,10,4,5,2,4,1,8,0,4,9,13,7,2,0,6,0,1,1,1,2,1,1,1,1,0,2,3,1,1,1,0,2,0,20.5,12.5,0.469
1,1,2,2,2,2,0,11,0,3,6,1,6,0,0,6,0,1,1,1,1,1,1,0,1,0,2,2,1,1,0,0,2,0,42.0,29.0,0.546
1,3,2,1,0,2,1,3,4,0,2,27,15,1,0,1,14,1,1,1,1,0,1,1,1,1,0,1,1,1,1,0,1,1,38.5,3.0,0.242
2,3,2,1,2,1,0,9,0,1,1,0,5,0,0,10,0,1,1,1,1,1,1,0,1,0,1,1,0,1,0,0,1,0,9.25,1.0,0.232
9,8,14,11,8,8,3,21,14,5,9,3,14,4,4,15,1,1,1,1,3,1,1,1,1,1,2,6,1,1,1,1,1,1,29.2,11.629,0.527
3,3,3,2,1,1,0,2,0,0,6,6,2,1,0,2,0,1,1,1,1,1,1,0,1,0,0,4,1,1,1,0,1,0,15.5,9.0,0.762
11,10,5,8,6,4,1,16,2,3,18,6,16,3,0,14,1,1,1,1,3,1,1,1,1,1,2,7,1,1,1,0,2,1,17.714,11.571,0.635
0,1,0,3,1,2,0,3,0,0,1,0,0,1,0,1,0,0,1,0,2,1,1,0,1,0,0,1,0,0,1,0,1,0,13.0,4.0,0.588
1,3,2,2,1,4,0,7,0,0,2,1,4,1,0,2,1,1,1,1,1,1,1,0,1,0,0,2,1,1,1,0,1,1,7.75,2.25,0.508
4,4,4,1,2,3,0,5,2,0,5,1,5,0,0,5,0,1,1,1,1,1,1,0,1,1,0,4,1,1,0,0,2,0,13.667,9.0,0.663
1,1,1,1,2,2,0,2,0,0,2,7,2,0,1,2,0,1,1,1,1,1,1,0,1,0,0,2,1,1,0,1,2,0,11.5,6.0,0.59
2,5,1,3,1,1,0,8,0,1,8,0,2,1,0,3,0,1,1,1,3,1,1,0,1,0,1,4,0,1,1,0,2,0,36.0,46.571,1.061
1,1,0,2,1,2,0,6,1,0,1,1,11,0,0,1,2,1,1,0,1,1,1,0,1,1,0,1,1,1,0,0,1,1,9.667,2.0,0.394
4,3,0,1,0,2,0,3,0,0,0,0,0,0,0,0,0,1,1,0,1,0,1,0,1,0,0,0,0,0,0,0,0,0,13.0,2.0,0.392
2,10,6,7,1,9,1,17,1,0,9,12,10,3,0,9,3,1,1,1,3,1,1,1,1,1,0,5,1,1,1,0,2,1,14.286,7.224,0.495
2,2,2,0,0,1,0,4,1,0,1,0,3,0,2,1,0,1,1,1,0,0,1,0,1,1,0,1,0,1,0,1,1,0,17.0,2.0,0.343
4,4,0,1,1,3,1,4,0,1,3,0,3,1,0,3,0,1,1,0,1,1,1,1,1,0,1,3,0,1,1,0,1,0,29.0,18.0,0.657
0,1,0,1,2,0,0,4,4,0,1,0,2,0,0,1,0,0,1,0,1,1,0,0,1,1,0,1,0,1,0,0,1,0,16.0,9.0,0.53
3,1,1,3,0,0,0,0,2,1,1,0,2,0,0,0,0,1,1,1,2,0,0,0,0,1,1,1,0,1,0,0,0,0,14.0,6.0,0.567
0,0,0,0,2,1,0,1,0,0,2,2,0,1,0,3,0,0,0,0,0,1,1,0,1,0,0,2,1,0,1,0,1,0,12.0,6.0,0.612
10,8,11,13,2,4,0,15,0,2,19,2,8,4,0,10,1,1,1,1,3,1,1,0,1,0,2,8,1,1,1,0,3,1,18.167,15.5,0.745
2,2,0,1,0,1,1,3,1,2,3,1,2,1,0,5,0,1,1,0,1,0,1,1,1,1,2,2,1,1,1,0,2,0,12.5,7.625,0.707
2,1,3,1,0,0,0,2,1,0,1,0,1,1,0,1,0,1,1,1,1,0,0,0,1,1,0,1,0,0,1,0,1,0,13.0,4.0,0.588
0,0,2,2,1,2,0,3,1,3,3,1,1,0,0,4,0,0,0,1,2,1,1,0,1,1,2,2,1,1,0,0,1,0,23.0,14.75,0.59
0,2,2,1,0,0,2,3,2,0,2,0,2,0,0,2,0,0,1,1,1,0,0,1,1,1,0,2,0,1,0,0,1,0,18.0,4.0,0.5
3,4,6,6,4,1,0,11,1,4,4,0,9,0,0,11,1,1,1,1,2,1,1,0,1,1,2,3,0,1,0,0,2,1,65.0,25.0,0.526
3,0,2,3,1,1,0,2,0,2,5,0,1,1,0,5,0,1,0,1,1,1,1,0,1,0,1,3,0,1,1,0,1,0,13.0,4.0,0.416
1,5,2,4,0,2,0,4,3,2,11,0,5,0,1,8,1,1,1,1,3,0,1,0,1,1,2,6,0,1,0,1,1,1,24.0,21.75,0.919
0,2,1,1,1,0,0,1,2,0,0,4,2,0,1,1,0,0,1,1,1,1,0,0,1,1,0,0,1,1,0,1,1,0,15.0,2.0,0.365
2,7,8,9,1,3,0,8,6,2,6,4,9,4,2,4,1,1,1,1,2,1,1,0,1,1,2,5,1,1,1,1,1,1,24.333,12.333,0.579
8,8,7,9,4,10,0,24,0,3,6,2,15,4,0,11,4,1,1,1,3,1,1,0,1,0,2,3,1,1,1,0,2,1,19.167,9.333,0.528
1,1,1,1,1,1,0,1,2,0,3,0,2,0,0,3,0,1,1,1,1,1,1,0,1,1,0,2,0,1,0,0,1,0,8.5,4.5,0.686
4,1,1,2,0,2,0,3,0,1,1,0,2,0,0,0,0,1,1,1,2,0,1,0,1,0,1,1,0,1,0,0,0,0,17.0,4.0,0.514
6,10,14,5,6,6,0,18,5,0,3,2,9,4,0,14,0,1,1,1,3,1,1,0,1,1,0,3,1,1,1,0,2,0,102.0,42.0,0.49
2,2,4,1,1,1,2,4,2,0,3,2,5,1,0,4,0,1,1,1,1,1,1,1,1,1,0,2,1,1,1,0,2,0,34.0,21.0,0.606
4,3,3,0,1,3,0,6,2,0,2,1,3,1,0,3,0,1,1,1,0,1,1,0,1,1,0,1,1,1,1,0,1,0,10.667,1.333,0.25
7,10,2,5,1,3,0,7,0,4,6,3,6,1,0,8,0,1,1,1,2,1,1,0,1,0,2,4,1,1,1,0,3,0,21.0,17.333,0.624
1,1,2,2,0,1,0,3,1,2,4,0,4,0,0,4,0,1,1,1,2,0,1,0,1,1,2,2,0,1,0,0,1,0,8.333,10.917,0.707
2,2,7,2,1,2,0,2,1,1,5,0,4,0,0,3,0,1,1,1,1,1,1,0,1,1,1,2,0,1,0,0,1,0,10.667,7.333,0.625
5,10,10,8,6,7,1,13,1,4,15,0,20,4,0,15,0,1,1,1,3,1,1,1,1,1,2,6,0,1,1,0,2,0,16.857,9.143,0.586
2,6,2,1,0,4,0,13,4,0,4,6,15,0,4,6,1,1,1,1,1,0,1,0,1,1,0,3,1,1,0,1,1,1,16.0,1.5,0.265
1,6,5,2,3,4,0,6,0,2,3,5,4,0,0,3,1,1,1,1,2,1,1,0,1,0,2,1,1,1,0,0,1,1,45.0,15.0,0.422
1,1,1,1,1,4,0,3,0,0,1,0,2,0,0,2,0,1,1,1,1,1,1,0,1,0,0,1,0,1,0,0,2,0,17.0,5.0,0.514
1,1,3,3,0,0,0,2,0,3,3,1,2,1,0,4,0,1,1,1,2,0,0,0,1,0,2,1,1,1,1,0,1,0,8.0,7.333,0.577
2,1,2,1,1,1,0,2,0,0,1,1,3,0,0,0,0,1,1,1,1,1,1,0,1,0,0,1,1,1,0,0,0,0,7.5,1.0,0.365
4,2,0,3,1,1,0,3,0,1,4,0,3,0,0,5,0,1,1,0,2,1,1,0,1,0,1,3,0,1,0,0,1,0,13.5,14.0,0.953
0,0,2,2,0,2,1,1,0,2,5,1,2,1,0,5,0,0,0,1,1,0,1,1,1,0,1,3,1,1,1,0,1,0,24.0,20.0,0.722
3,1,5,3,0,2,0,5,0,1,2,0,3,0,0,4,0,1,1,1,2,0,1,0,1,0,1,1,0,1,0,0,1,0,14.5,4.0,0.394
0,0,1,1,0,1,0,1,0,0,4,1,0,1,0,2,0,0,0,1,1,0,1,0,1,0,0,3,1,0,1,0,1,0,12.0,8.0,0.612
2,4,1,2,0,0,0,3,0,0,2,0,2,1,0,1,0,1,1,1,1,0,0,0,1,0,0,2,0,1,1,0,1,0,18.0,17.0,0.667
1,0,1,2,0,1,0,2,1,0,2,0,1,1,0,0,0,1,0,1,1,0,1,0,1,1,0,1,0,1,1,0,0,0,12.0,16.0,0.612
1,1,2,1,0,0,0,0,1,0,4,0,2,0,0,2,0,1,1,1,1,0,0,0,0,1,0,2,0,1,0,0,1,0,14.0,11.0,0.756
3,2,2,2,0,1,0,9,2,1,4,8,18,0,4,5,1,1,1,1,2,0,1,0,1,1,1,3,1,1,0,1,2,1,29.0,11.5,0.464
6,10,5,5,3,7,0,14,0,3,12,0,7,3,0,13,2,1,1,1,2,1,1,0,1,0,1,6,0,1,1,0,2,1,45.0,22.0,0.596
1,1,1,2,0,0,1,1,0,1,2,2,0,1,0,2,0,1,1,1,2,0,0,1,1,0,1,2,1,0,1,0,1,0,7.5,8.0,0.913
12,12,5,11,2,11,0,25,2,8,8,0,23,3,2,17,0,1,1,1,4,1,1,0,1,1,2,3,0,1,1,1,2,0,23.5,13.625,0.417
3,1,1,2,1,1,0,1,0,0,2,0,2,0,0,2,0,1,1,1,1,1,1,0,1,0,0,1,0,1,0,0,1,0,8.0,4.0,0.53
7,3,1,1,3,1,0,8,0,2,3,0,5,1,0,4,1,1,1,1,1,1,1,0,1,0,2,3,0,1,1,0,2,1,20.5,16.786,0.773
8,0,0,0,0,0,0,8,0,0,0,0,4,0,0,4,0,1,0,0,0,0,0,0,1,0,0,0,0,1,0,0,1,0,24.0,0.0,0.144
6,6,4,6,1,4,0,9,3,2,4,0,9,1,0,5,0,1,1,1,3,1,1,0,1,1,1,2,0,1,1,0,1,0,20.0,6.857,0.365
6,3,3,3,2,2,0,9,1,4,4,4,7,3,1,9,0,1,1,1,2,1,1,0,1,1,2,2,1,1,1,1,1,0,20.0,6.333,0.456
2,4,1,4,1,3,1,8,2,3,7,0,12,0,1,8,0,1,1,1,2,1,1,1,1,1,2,3,0,1,0,1,1,0,18.667,7.667,0.472
6,5,6,9,3,0,0,12,0,5,8,4,9,1,0,14,0,1,1,1,3,1,0,0,1,0,2,6,1,1,1,0,1,0,27.333,19.524,0.781
2,2,2,1,0,3,0,34,10,0,1,19,53,1,26,9,5,1,1,1,1,0,1,0,1,1,0,1,1,1,1,1,1,1,16.333,0.222,0.117
1,1,0,0,1,0,0,4,0,0,1,2,2,0,0,1,0,1,1,0,0,1,0,0,1,0,0,1,1,1,0,0,1,0,13.0,2.0,0.392
3,4,2,3,7,4,0,12,0,1,4,2,11,0,2,9,5,1,1,1,2,1,1,0,1,0,1,3,1,1,0,1,1,1,21.0,4.0,0.356
0,0,1,2,1,0,0,2,1,0,1,1,1,0,0,1,0,0,0,1,1,1,0,0,1,1,0,1,1,1,0,0,1,0,11.0,6.0,0.64
8,4,2,15,5,4,0,14,0,2,17,0,9,0,0,10,2,1,1,1,3,1,1,0,1,0,2,6,0,1,0,0,1,1,11.5,8.393,0.663
3,7,0,2,2,1,0,5,0,1,5,0,1,2,0,6,0,1,1,0,2,1,1,0,1,0,1,3,0,1,1,0,2,0,35.0,34.0,0.717
1,0,0,2,0,3,0,3,2,2,1,0,3,0,1,2,0,1,0,0,2,0,1,0,1,1,1,1,0,1,0,1,1,0,9.5,13.786,0.649
1,1,1,3,1,1,0,3,2,1,2,0,1,2,0,3,0,1,1,1,2,1,1,0,1,1,1,1,0,1,1,0,1,0,11.0,7.5,0.603
1,3,2,0,1,3,0,4,0,0,3,0,1,0,0,2,0,1,1,1,0,1,1,0,1,0,0,2,0,1,0,0,1,0,20.0,2.0,0.316
0,1,0,2,0,1,0,3,1,2,2,4,3,1,0,2,0,0,1,0,1,0,1,0,1,1,1,2,1,1,1,0,1,0,11.0,10.0,0.603
10,6,3,12,4,11,0,17,0,8,22,0,11,3,0,15,0,1,1,1,5,1,1,0,1,0,2,7,0,1,1,0,1,0,20.167,26.417,0.771
4,2,1,0,0,0,0,6,0,0,2,0,3,0,0,2,0,1,1,1,0,0,0,0,1,0,0,1,0,1,0,0,1,0,10.0,2.0,0.316
3,1,2,2,0,1,0,3,0,1,1,0,1,0,0,2,0,1,1,1,2,0,1,0,1,0,1,1,0,1,0,0,1,0,17.0,11.0,0.686
2,2,0,3,1,1,0,3,0,1,3,2,0,1,0,2,0,1,1,0,2,1,1,0,1,0,1,2,1,0,1,0,1,0,21.0,27.75,0.926
2,3,1,0,1,2,0,4,0,0,2,0,2,0,0,1,0,1,1,1,0,1,1,0,1,0,0,1,0,1,0,0,1,0,18.0,11.0,0.5
4,11,4,11,1,8,0,20,0,3,11,3,12,3,0,10,1,1,1,1,3,1,1,0,1,0,1,6,1,1,1,0,1,1,16.833,11.429,0.633
1,0,0,3,0,1,0,3,0,0,1,0,1,2,0,1,0,1,0,0,2,0,1,0,1,0,0,1,0,1,1,0,1,0,13.0,6.0,0.588
3,3,1,2,0,3,0,5,1,1,4,2,3,4,0,3,0,1,1,1,2,0,1,0,1,1,1,2,1,1,1,0,1,0,35.0,18.75,0.598
1,3,3,1,1,1,1,4,2,0,3,0,3,0,1,3,0,1,1,1,1,1,1,1,1,1,0,3,0,1,0,1,1,0,26.0,8.0,0.416
1,2,1,2,1,3,0,5,0,3,6,1,4,1,0,9,0,1,1,1,1,1,1,0,1,0,2,3,1,1,1,0,1,0,13.0,13.667,0.453
18,22,15,15,10,7,2,20,8,5,33,16,27,5,2,22,3,1,1,1,3,1,1,1,1,1,2,7,1,1,1,1,2,1,25.333,11.889,0.515
5,6,3,8,1,6,0,12,0,7,8,0,4,2,0,11,1,1,1,1,2,1,1,0,1,0,2,4,0,1,1,0,1,1,24.667,19.0,0.575
7,6,5,8,1,5,0,14,0,5,10,1,7,2,1,8,0,1,1,1,5,1,1,0,1,0,2,6,1,1,1,1,1,0,26.333,26.25,0.875
3,2,1,1,0,2,0,4,1,0,2,1,1,0,0,1,0,1,1,1,1,0,1,0,1,1,0,2,1,1,0,0,1,0,9.5,3.0,0.649
2,0,3,2,0,1,0,2,0,0,3,2,0,1,0,3,0,1,0,1,1,0,1,0,1,0,0,3,1,0,1,0,1,0,19.0,10.0,0.649
9,11,12,6,8,7,0,25,0,1,14,1,14,1,0,15,1,1,1,1,3,1,1,0,1,0,1,4,1,1,1,0,2,1,31.25,13.25,0.379
3,0,3,1,1,0,0,1,0,0,3,0,1,0,0,2,0,1,0,1,1,1,0,0,1,0,0,2,0,1,0,0,1,0,15.0,9.0,0.73
6,1,4,1,2,1,3,3,0,0,3,1,2,0,0,2,0,1,1,1,1,1,1,1,1,0,0,2,1,1,0,0,1,0,29.0,9.0,0.525
3,7,9,7,2,3,0,9,1,0,15,2,4,3,0,9,3,1,1,1,3,1,1,0,1,1,0,6,1,1,1,0,1,1,38.5,18.5,0.645
4,3,0,1,1,2,0,4,0,1,2,0,2,0,0,2,0,1,1,0,1,1,1,0,1,0,1,2,0,1,0,0,2,0,22.0,13.0,0.603
2,5,4,1,0,4,0,5,1,1,3,2,2,0,0,3,1,1,1,1,1,0,1,0,1,1,1,2,1,1,0,0,2,1,33.0,21.0,0.615
1,1,1,2,1,1,0,2,0,0,0,2,2,0,0,0,0,1,1,1,1,1,1,0,1,0,0,0,1,1,0,0,0,0,13.0,0.0,0.196
0,1,0,0,0,1,0,3,1,0,1,1,2,0,0,3,0,0,1,0,0,0,1,0,1,1,0,1,1,1,0,0,1,0,13.0,0.0,0.196
2,9,9,5,2,3,0,7,1,3,10,2,9,3,0,10,2,1,1,1,3,1,1,0,1,1,2,3,1,1,1,0,1,1,25.667,19.0,0.564
3,2,2,2,0,5,0,8,0,4,4,1,3,1,0,8,0,1,1,1,2,0,1,0,1,0,3,1,1,1,1,0,3,0,21.5,17.625,0.647
12,8,9,12,5,12,0,17,2,3,17,3,16,5,1,14,2,1,1,1,2,1,1,0,1,1,2,6,1,1,1,1,1,1,45.667,25.0,0.544
2,3,0,1,1,4,0,4,0,1,5,0,2,2,0,4,0,1,1,0,1,1,1,0,1,0,1,2,0,1,1,0,1,0,14.5,6.5,0.394
9,7,8,9,2,8,0,15,0,5,11,5,13,2,0,9,0,1,1,1,2,1,1,0,1,0,2,4,1,1,1,0,1,0,25.75,16.25,0.418
5,0,0,2,0,0,0,4,0,0,1,0,3,0,0,0,0,1,0,0,1,0,0,0,1,0,0,1,0,1,0,0,0,0,15.0,6.0,0.548
0,0,1,0,0,2,0,3,0,0,2,1,0,0,0,3,0,0,0,1,0,0,1,0,1,0,0,1,1,0,0,0,1,0,12.0,4.0,0.408
0,1,0,2,1,1,0,5,0,0,0,0,3,0,1,1,0,0,1,0,2,1,1,0,1,0,0,0,0,1,0,1,1,0,14.0,9.0,0.567
0,2,1,0,0,3,0,1,0,0,2,2,0,0,0,1,0,0,1,1,0,0,1,0,1,0,0,1,1,0,0,0,1,0,12.0,8.0,0.408
0,0,1,1,0,1,0,6,0,0,0,2,2,0,1,1,0,0,0,1,1,0,1,0,1,0,0,0,1,1,0,1,1,0,14.0,0.0,0.189
4,2,1,1,0,1,0,1,0,1,2,1,3,0,0,2,0,1,1,1,1,0,1,0,1,0,1,1,1,1,0,0,1,0,6.333,2.0,0.324
5,5,2,3,2,0,0,2,0,1,8,1,3,2,0,3,0,1,1,1,1,1,0,0,1,0,1,5,1,1,1,0,1,0,18.0,12.5,0.707
1,1,0,1,0,0,0,2,0,1,2,0,3,1,0,2,0,1,1,0,1,0,0,0,1,0,1,2,0,1,1,0,1,0,14.0,11.0,0.567
1,1,0,1,0,1,0,2,0,0,2,0,0,1,0,2,0,1,1,0,1,0,1,0,1,0,0,2,0,0,1,0,1,0,11.0,4.0,0.64
4,3,2,2,2,5,0,4,2,2,6,8,7,1,0,4,1,1,1,1,2,1,1,0,1,1,2,2,1,1,1,0,1,1,17.667,7.333,0.486
6,6,5,6,3,4,0,13,1,1,5,0,8,2,1,5,0,1,1,1,2,1,1,0,1,1,1,4,0,1,1,1,1,0,21.667,8.0,0.439
1,1,2,1,0,0,1,1,0,0,6,1,3,1,0,3,0,1,1,1,1,0,0,1,1,0,0,4,1,1,1,0,2,0,21.0,21.0,0.926
1,0,0,1,0,2,0,1,0,0,2,2,2,0,0,2,0,1,0,0,1,0,1,0,1,0,0,2,1,1,0,0,2,0,6.5,5.5,0.784
2,3,0,1,1,2,0,2,0,0,0,2,1,0,0,0,0,1,1,0,1,1,1,0,1,0,0,0,1,1,0,0,0,0,14.0,2.0,0.378
4,4,2,5,2,1,0,4,0,1,12,4,7,2,0,6,0,1,1,1,2,1,1,0,1,0,1,4,1,1,1,0,1,0,18.0,12.333,0.481
1,3,2,2,0,3,0,8,2,0,2,0,6,1,0,2,0,1,1,1,2,0,1,0,1,1,0,1,0,1,1,0,1,0,32.0,14.5,0.5
1,1,3,0,2,0,1,1,0,1,1,3,4,0,0,5,0,1,1,1,0,1,0,1,1,0,1,1,1,1,0,0,1,0,23.0,2.0,0.295
1,1,0,2,0,0,1,0,0,0,3,2,1,0,0,2,0,1,1,0,2,0,0,1,0,0,0,3,1,1,0,0,1,0,13.0,14.0,0.981
4,6,2,6,2,2,0,4,3,2,9,0,4,3,0,10,1,1,1,1,3,1,1,0,1,1,2,5,0,1,1,0,2,1,29.0,23.75,0.836
2,4,3,3,1,4,0,5,0,0,5,0,2,0,0,3,0,1,1,1,2,1,1,0,1,0,0,4,0,1,0,0,1,0,16.0,8.5,0.75
3,1,1,3,0,2,0,6,0,0,1,0,2,0,0,0,0,1,1,1,2,0,1,0,1,0,0,1,0,1,0,0,0,0,6.333,2.0,0.487
2,0,0,2,0,1,1,1,0,0,1,0,3,0,0,0,1,1,0,0,1,0,1,1,1,0,0,1,0,1,0,0,0,1,4.0,3.667,0.612
0,2,0,1,2,2,0,5,1,0,0,2,1,0,0,0,0,0,1,0,1,1,1,0,1,1,0,0,1,1,0,0,0,0,8.0,1.0,0.354
11,10,13,10,9,10,1,29,1,3,21,10,23,4,1,21,8,1,1,1,3,1,1,1,1,1,2,10,1,1,1,1,3,1,11.5,4.359,0.782
3,4,6,1,2,3,0,4,0,1,4,2,3,1,0,6,0,1,1,1,1,1,1,0,1,0,1,3,1,1,1,0,1,0,20.0,4.5,0.447
24,25,24,19,13,25,2,66,3,11,20,4,30,5,1,36,3,1,1,1,4,1,1,1,1,1,2,7,1,1,1,1,2,1,28.182,12.523,0.442
4,6,3,0,0,5,1,9,6,0,4,0,5,1,2,4,0,1,1,1,0,0,1,1,1,1,0,2,0,1,1,1,1,0,48.0,8.0,0.306
5,4,6,3,1,5,0,8,2,2,6,4,3,4,0,6,0,1,1,1,1,1,1,0,1,1,1,4,1,1,1,0,1,0,59.0,16.0,0.46
6,3,2,1,2,2,0,6,1,0,4,3,0,3,0,5,1,1,1,1,1,1,1,0,1,1,0,2,1,0,1,0,1,1,13.0,3.667,0.453
4,3,3,2,0,2,1,5,1,0,4,0,1,1,0,1,0,1,1,1,1,0,1,1,1,1,0,2,0,1,1,0,1,0,14.0,7.0,0.535
2,6,4,5,2,3,3,7,6,0,8,2,3,1,1,10,0,1,1,1,3,1,1,1,1,1,0,3,1,1,1,1,2,0,31.0,15.0,0.539
3,4,0,0,2,4,0,4,0,0,0,7,2,0,0,0,0,1,1,0,0,1,1,0,1,0,0,0,1,1,0,0,0,0,13.0,0.0,0.139
4,6,1,8,0,3,0,13,3,3,8,0,7,0,0,8,1,1,1,1,3,0,1,0,1,1,2,5,0,1,0,0,1,1,32.5,19.875,0.702
2,1,0,3,1,0,0,1,0,1,1,1,1,0,0,2,0,1,1,0,2,1,0,0,1,0,1,1,1,1,0,0,1,0,14.0,19.75,0.945
6,11,4,9,3,6,0,10,2,2,16,2,7,3,0,10,0,1,1,1,2,1,1,0,1,1,1,5,1,1,1,0,1,0,45.5,34.0,0.519
2,6,2,2,1,6,0,6,0,0,6,5,3,2,0,6,1,1,1,1,1,1,1,0,1,0,0,4,1,1,1,0,1,1,16.333,5.333,0.505
11,17,9,16,7,16,1,35,1,6,15,1,14,7,0,18,1,1,1,1,4,1,1,1,1,1,2,6,1,1,1,0,1,1,25.0,11.796,0.535
4,0,2,2,1,2,0,6,2,0,6,4,2,2,0,4,0,1,0,1,1,1,1,0,1,1,0,4,1,1,1,0,2,0,18.5,12.0,0.581
2,2,0,0,0,0,1,3,0,1,2,0,1,0,0,2,0,1,1,0,0,0,0,1,1,0,1,2,0,1,0,0,1,0,14.0,3.0,0.378
2,1,2,0,0,3,0,3,0,0,1,0,2,0,0,3,0,1,1,1,0,0,1,0,1,0,0,1,0,1,0,0,1,0,8.5,1.0,0.343
12,12,11,17,12,10,2,22,7,6,24,4,10,5,0,22,0,1,1,1,3,1,1,1,1,1,3,5,1,1,1,0,3,0,13.615,7.769,0.585
0,2,0,0,0,0,0,3,0,1,3,0,1,0,0,1,0,0,1,0,0,0,0,0,1,0,1,3,0,1,0,0,1,0,11.0,10.0,0.853
6,11,9,9,4,12,0,21,0,4,15,0,10,2,0,9,3,1,1,1,2,1,1,0,1,0,2,7,0,1,1,0,2,1,23.0,15.8,0.659
15,25,10,14,7,15,0,35,2,6,34,10,24,12,1,36,3,1,1,1,4,1,1,0,1,1,2,8,1,1,1,1,2,1,24.7,13.957,0.585
29,29,21,22,7,12,0,36,1,9,33,7,29,7,0,33,4,1,1,1,3,1,1,0,1,1,2,7,1,1,1,0,2,1,18.667,10.8,0.423
26,28,25,24,15,12,0,55,1,11,43,0,43,7,2,43,4,1,1,1,3,1,1,0,1,1,2,9,0,1,1,1,1,1,16.9,6.3,0.462
4,6,4,3,2,5,0,11,3,2,8,0,6,2,0,8,0,1,1,1,3,1,1,0,1,1,2,5,0,1,1,0,1,0,21.333,10.333,0.707
3,3,0,0,0,3,1,5,0,0,3,0,4,0,0,2,0,1,1,0,0,0,1,1,1,0,0,3,0,1,0,0,2,0,12.0,6.5,0.722
6,6,3,5,2,1,0,4,0,1,4,2,5,2,0,3,0,1,1,1,3,1,1,0,1,0,1,1,1,1,1,0,1,0,22.0,14.0,0.533
12,19,7,7,4,14,1,35,2,3,18,3,19,5,0,21,1,1,1,1,2,1,1,1,1,1,2,8,1,1,1,0,2,1,21.25,7.125,0.542
2,4,2,7,2,7,0,8,0,5,11,1,6,5,0,14,0,1,1,1,3,1,1,0,1,0,2,6,1,1,1,0,1,0,24.667,16.333,0.74
25,14,21,22,7,9,0,28,5,9,40,2,28,8,0,19,1,1,1,1,4,1,1,0,1,1,2,9,1,1,1,0,1,1,19.583,12.881,0.6
2,4,0,2,2,4,0,5,1,1,2,5,2,0,0,4,0,1,1,0,1,1,1,0,1,1,1,2,1,1,0,0,1,0,34.0,13.0,0.485
3,3,5,3,3,1,0,6,2,0,8,1,2,1,0,5,0,1,1,1,2,1,1,0,1,1,0,5,1,1,1,0,1,0,21.5,12.0,0.647
3,2,3,2,1,1,1,4,0,1,5,0,3,1,0,6,1,1,1,1,2,1,1,1,1,0,1,4,0,1,1,0,1,1,11.333,6.667,0.728
2,2,2,2,1,3,0,4,0,0,1,0,3,0,0,0,0,1,1,1,1,1,1,0,1,0,0,1,0,1,0,0,0,0,20.0,10.0,0.474
9,8,12,5,7,4,2,22,5,2,14,2,11,2,0,16,2,1,1,1,2,1,1,1,1,1,1,6,1,1,1,0,4,1,13.667,8.0,0.701
2,2,4,2,1,1,0,5,2,0,10,0,4,1,0,6,0,1,1,1,2,1,1,0,1,1,0,5,0,1,1,0,2,0,13.333,10.0,0.783
4,9,6,4,2,1,0,6,2,2,12,6,6,3,0,8,1,1,1,1,3,1,1,0,1,1,2,6,1,1,1,0,1,1,24.0,13.667,0.75
2,1,3,0,2,2,0,3,2,0,1,3,3,0,0,1,2,1,1,1,0,1,1,0,1,1,0,1,1,1,0,0,1,1,7.667,2.333,0.295
33,33,24,18,9,23,0,79,7,7,25,13,26,12,0,28,4,1,1,1,3,1,1,0,1,1,2,7,1,1,1,0,4,1,34.0,11.275,0.46
0,0,0,2,0,0,0,1,0,2,2,0,2,1,0,3,0,0,0,0,2,0,0,0,1,0,2,1,0,1,1,0,1,0,6.5,13.375,0.981
0,2,1,2,0,2,0,3,0,1,3,4,2,0,0,3,0,0,1,1,1,0,1,0,1,0,1,2,1,1,0,0,1,0,11.5,6.5,0.442
1,1,0,2,0,3,0,2,0,0,1,0,0,1,0,1,0,1,1,0,2,0,1,0,1,0,0,1,0,0,1,0,1,0,12.0,4.0,0.612
3,2,0,2,2,0,0,4,0,1,4,1,2,0,0,2,0,1,1,0,2,1,0,0,1,0,1,4,1,1,0,0,1,0,11.5,11.786,1.032
0,2,0,1,0,1,0,1,0,2,2,0,1,1,0,2,0,0,1,0,1,0,1,0,1,0,2,1,0,1,1,0,1,0,13.0,12.0,0.588
0,1,3,1,0,3,0,4,0,1,3,2,0,1,0,5,0,0,1,1,1,0,1,0,1,0,1,2,1,0,1,0,2,0,24.0,7.0,0.433
19,17,10,14,6,10,0,29,2,1,23,10,29,7,0,16,3,1,1,1,3,1,1,0,1,1,1,9,1,1,1,0,2,1,64.667,25.0,0.558
1,0,0,2,0,0,0,1,0,0,3,0,5,0,0,2,0,1,0,0,1,0,0,0,1,0,0,3,0,1,0,0,1,0,12.0,9.0,0.816
2,4,4,3,2,1,0,6,0,1,6,5,3,1,0,7,1,1,1,1,2,1,1,0,1,0,1,3,1,1,1,0,1,1,15.333,4.0,0.417
4,2,1,3,1,5,0,4,3,2,2,0,4,0,1,5,0,1,1,1,3,1,1,0,1,1,1,2,0,1,0,1,1,0,36.0,27.0,0.707
2,2,0,1,1,0,0,2,0,0,3,0,3,0,0,1,0,1,1,0,1,1,0,0,1,0,0,2,0,1,0,0,1,0,7.5,8.0,0.73
3,1,1,1,0,2,0,2,0,0,2,0,2,0,0,2,0,1,1,1,1,0,1,0,1,0,0,1,0,1,0,0,1,0,8.0,3.0,0.53
1,1,2,1,1,0,2,1,0,0,2,4,5,0,0,1,0,1,1,1,1,1,0,1,1,0,0,2,1,1,0,0,1,0,7.0,1.333,0.463
0,2,0,3,0,1,0,5,0,1,6,2,3,3,0,4,0,0,1,0,3,0,1,0,1,0,1,3,1,1,1,0,1,0,30.0,25.571,0.775
4,2,2,2,1,2,0,5,0,0,6,0,2,1,0,3,0,1,1,1,1,1,1,0,1,0,0,4,0,1,1,0,2,0,15.0,9.5,0.775
2,3,1,3,1,2,0,5,0,1,4,2,2,2,0,3,0,1,1,1,1,1,1,0,1,0,1,3,1,1,1,0,1,0,31.0,19.0,0.635
4,0,4,3,3,6,0,7,1,0,5,2,3,2,0,9,0,1,0,1,3,1,1,0,1,1,0,3,1,1,1,0,1,0,16.333,5.667,0.505
5,4,1,1,3,3,0,5,0,2,9,4,4,1,0,9,1,1,1,1,1,1,1,0,1,0,1,7,1,1,1,0,2,1,26.0,19.0,0.883
5,13,11,2,6,8,0,12,9,3,17,22,21,4,1,20,4,1,1,1,1,1,1,0,1,1,2,6,1,1,1,1,4,1,15.7,7.525,0.621
2,4,2,3,3,2,1,7,0,1,8,7,1,3,0,9,0,1,1,1,2,1,1,1,1,0,1,3,1,1,1,0,1,0,26.5,9.5,0.389
4,1,0,1,0,0,0,4,1,0,1,1,0,0,0,0,0,1,1,0,1,0,0,0,1,1,0,1,1,0,0,0,0,0,13.0,4.0,0.588
1,2,1,2,0,2,0,5,0,0,2,0,2,1,1,1,0,1,1,1,2,0,1,0,1,0,0,2,0,1,1,1,1,0,19.0,16.0,0.649
2,6,2,7,2,1,0,10,0,3,15,0,4,1,0,12,0,1,1,1,2,1,1,0,1,0,2,6,0,1,1,0,2,0,10.833,10.5,0.789
5,7,3,4,1,2,0,9,1,3,6,3,2,1,0,6,0,1,1,1,3,1,1,0,1,1,2,4,1,1,1,0,1,0,17.667,9.25,0.68
0,3,0,1,0,1,0,4,1,1,3,0,2,0,0,3,0,0,1,0,1,0,1,0,1,1,1,3,0,1,0,0,1,0,9.5,6.5,0.487
3,0,1,1,1,2,1,2,0,1,3,0,1,1,0,3,0,1,0,1,1,1,1,1,1,0,1,2,0,1,1,0,1,0,10.0,2.5,0.474
4,6,4,2,1,5,1,13,0,1,3,1,6,3,0,6,0,1,1,1,2,1,1,1,1,0,1,3,1,1,1,0,1,0,14.0,2.25,0.472
1,1,1,1,0,2,0,3,0,0,2,1,6,1,0,4,0,1,1,1,1,0,1,0,1,0,0,2,1,1,1,0,1,0,11.5,6.5,0.59
4,3,2,2,0,3,1,17,1,0,2,0,22,0,0,3,3,1,1,1,2,0,1,1,1,1,0,2,0,1,0,0,2,1,15.25,4.5,0.453
2,6,1,2,1,3,0,5,2,0,4,5,2,1,0,4,1,1,1,1,1,1,1,0,1,1,0,2,1,1,1,0,1,1,19.5,6.5,0.453
14,24,22,15,4,21,0,28,2,5,16,7,22,7,0,21,3,1,1,1,4,1,1,0,1,1,2,5,1,1,1,0,2,1,19.273,12.234,0.437
0,3,0,1,0,2,0,3,0,1,3,1,2,1,0,4,0,0,1,0,1,0,1,0,1,0,1,1,1,1,1,0,1,0,21.0,8.0,0.463
1,3,0,1,0,2,0,2,0,1,3,1,2,1,0,4,0,1,1,0,1,0,1,0,1,0,1,1,1,1,1,0,1,0,21.0,8.0,0.463
1,2,1,0,1,1,0,8,1,0,0,0,1,0,0,0,0,1,1,1,0,1,1,0,1,1,0,0,0,1,0,0,0,0,16.0,0.0,0.177
3,3,6,1,2,3,0,8,2,0,2,2,4,0,0,2,0,1,1,1,1,1,1,0,1,1,0,2,1,1,0,0,1,0,19.0,2.0,0.344
0,0,3,3,1,0,0,2,3,2,5,1,4,2,0,4,0,0,0,1,2,1,0,0,1,1,1,3,1,1,1,0,1,0,15.0,19.5,0.904
1,2,0,0,0,0,0,1,3,0,1,1,3,0,1,1,0,1,1,0,0,0,0,0,1,1,0,1,1,1,0,1,1,0,13.0,2.0,0.392
0,1,1,0,1,2,0,2,0,0,3,0,1,0,0,2,0,0,1,1,0,1,1,0,1,0,0,2,0,1,0,0,2,0,13.0,11.0,0.784
0,1,1,6,0,1,0,2,0,2,10,0,5,2,0,6,0,0,1,1,2,0,1,0,1,0,1,4,0,1,1,0,1,0,18.0,29.5,0.825
1,1,1,2,0,2,0,2,0,0,1,1,1,1,0,1,0,1,1,1,1,0,1,0,1,0,0,1,1,1,1,0,1,0,7.0,2.0,0.378
2,1,1,0,0,1,0,3,0,0,1,0,2,0,0,1,0,1,1,1,0,0,1,0,1,0,0,1,0,1,0,0,1,0,12.0,2.0,0.408
5,7,6,3,6,5,1,9,1,0,7,4,4,1,0,6,0,1,1,1,1,1,1,1,1,1,0,5,1,1,1,0,2,0,16.25,7.5,0.614
3,4,6,2,0,0,0,3,1,1,0,1,2,0,0,1,1,1,1,1,2,0,0,0,1,1,1,0,1,1,0,0,1,1,12.5,7.375,0.566
6,5,6,4,3,2,0,6,1,0,7,2,2,2,0,4,0,1,1,1,2,1,1,0,1,1,0,5,1,1,1,0,1,0,12.5,6.5,0.6
0,2,3,0,1,3,0,1,0,0,2,3,2,0,0,3,0,0,1,1,0,1,1,0,1,0,0,2,1,1,0,0,1,0,10.0,2.5,0.474
2,2,5,1,1,4,0,2,0,0,3,3,1,0,0,2,0,1,1,1,1,1,1,0,1,0,0,1,1,1,0,0,1,0,13.0,10.0,0.416
2,1,2,2,2,2,0,6,0,1,2,1,3,1,0,2,0,1,1,1,1,1,1,0,1,0,1,2,1,1,1,0,1,0,28.0,20.0,0.668
2,1,5,1,1,7,1,4,1,1,8,7,7,0,0,8,0,1,1,1,1,1,1,1,1,1,1,4,1,1,0,0,2,0,7.714,3.857,0.674
3,3,1,2,1,3,0,5,0,0,4,3,3,0,0,5,0,1,1,1,2,1,1,0,1,0,0,2,1,1,0,0,2,0,16.5,5.0,0.369
1,3,0,0,0,1,0,1,0,0,2,2,1,1,0,2,0,1,1,0,0,0,1,0,1,0,0,2,1,1,1,0,1,0,14.0,13.0,0.567
0,4,0,2,2,2,0,5,0,1,6,0,4,2,0,8,0,0,1,0,2,1,1,0,1,0,1,4,0,1,1,0,2,0,18.0,13.25,0.707
6,9,0,2,4,7,0,21,0,1,13,6,18,2,1,13,0,1,1,0,1,1,1,0,1,0,1,7,1,1,1,1,3,0,20.4,12.2,0.7
0,3,1,0,2,3,0,5,0,0,5,0,4,2,0,8,0,0,1,1,0,1,1,0,1,0,0,2,0,1,1,0,1,0,16.5,3.0,0.246
1,1,1,2,4,0,0,2,0,2,3,0,3,0,0,7,0,1,1,1,2,1,0,0,1,0,2,1,0,1,0,0,1,0,26.0,18.75,0.555
16,28,10,13,6,17,1,36,0,8,33,3,12,11,0,35,0,1,1,1,4,1,1,1,1,0,2,8,1,1,1,0,3,0,32.714,26.214,0.561
3,3,0,0,2,1,0,5,0,0,0,0,0,0,0,2,0,1,1,0,0,1,1,0,1,0,0,0,0,0,0,0,1,0,16.0,0.0,0.177
2,1,1,1,0,2,0,5,0,0,1,0,1,1,0,1,0,1,1,1,1,0,1,0,1,0,0,1,0,1,1,0,1,0,16.0,7.0,0.354
4,9,8,9,4,11,0,19,3,2,7,9,15,3,1,13,1,1,1,1,4,1,1,0,1,1,1,4,1,1,1,1,1,1,39.0,20.333,0.523
5,1,6,3,1,1,0,3,0,1,2,1,4,1,0,3,0,1,1,1,2,1,1,0,1,0,1,2,1,1,1,0,1,0,8.0,3.75,0.5
9,9,9,5,2,7,0,22,0,2,10,4,11,0,0,6,2,1,1,1,1,1,1,0,1,0,2,7,1,1,0,0,1,1,49.5,26.0,0.64
0,1,5,5,1,2,0,3,1,3,6,0,6,0,0,5,0,0,1,1,3,1,1,0,1,1,2,2,0,1,0,0,2,0,12.667,15.917,0.688
4,5,3,5,1,4,0,4,0,1,5,3,9,2,0,6,1,1,1,1,2,1,1,0,1,0,1,3,1,1,1,0,1,1,17.667,10.0,0.583
1,1,3,3,1,0,0,1,0,3,2,1,3,0,0,3,0,1,1,1,3,1,0,0,1,0,2,1,1,1,0,0,1,0,11.0,14.875,0.754
2,3,4,4,2,0,0,9,6,0,9,1,12,0,1,7,0,1,1,1,2,1,0,0,1,1,0,6,1,1,0,1,1,0,14.5,10.625,0.836
5,4,7,2,2,6,0,10,0,0,4,0,8,2,0,9,0,1,1,1,1,1,1,0,1,0,0,2,0,1,1,0,1,0,14.75,1.5,0.184
3,1,6,4,1,1,0,7,0,1,5,1,3,1,0,3,0,1,1,1,3,1,1,0,1,0,1,4,1,1,1,0,1,0,12.333,11.583,0.814
0,1,3,1,2,3,0,3,0,0,2,2,2,1,0,3,0,0,1,1,1,1,1,0,1,0,0,2,1,1,1,0,1,0,11.5,2.5,0.442
2,6,3,8,0,4,1,9,0,5,5,0,8,1,0,8,1,1,1,1,2,0,1,1,1,0,2,2,0,1,1,0,1,1,15.25,11.0,0.362
1,7,3,3,0,4,0,7,0,1,6,0,3,0,0,9,0,1,1,1,1,0,1,0,1,0,1,4,0,1,0,0,1,0,22.0,13.0,0.64
1,2,1,1,1,0,0,2,0,0,3,0,0,0,0,2,0,1,1,1,1,1,0,0,1,0,0,3,0,0,0,0,1,0,13.0,15.0,0.784
3,6,5,3,4,2,0,10,2,0,5,2,3,1,0,5,0,1,1,1,1,1,1,0,1,1,0,4,1,1,1,0,2,0,26.0,9.5,0.49
0,2,1,2,0,0,0,1,0,0,6,0,1,1,0,3,0,0,1,1,2,0,0,0,1,0,0,3,0,1,1,0,1,0,8.5,6.0,0.686
1,4,2,1,0,1,0,4,0,2,2,4,0,0,0,4,0,1,1,1,1,0,1,0,1,0,1,2,1,0,0,0,1,0,25.0,2.0,0.283
8,3,2,4,1,4,0,14,0,3,3,0,3,2,0,4,0,1,1,1,1,1,1,0,1,0,2,3,0,1,1,0,2,0,17.0,15.333,0.693
1,1,1,3,0,1,1,3,0,1,2,0,0,1,0,1,0,1,1,1,2,0,1,1,1,0,1,2,0,0,1,0,1,0,16.0,21.0,1.061
0,0,3,0,0,1,1,0,0,0,2,1,2,0,0,3,0,0,0,1,0,0,1,1,0,0,0,1,1,1,0,0,2,0,6.5,5.5,0.588
4,10,2,6,3,9,0,8,4,1,9,25,15,0,0,5,1,1,1,1,2,1,1,0,1,1,1,5,1,1,0,0,1,1,25.25,9.5,0.493
21,37,23,18,7,16,1,48,6,5,25,11,26,9,2,35,3,1,1,1,2,1,1,1,1,1,1,10,1,1,1,1,2,1,26.455,7.727,0.497
12,21,6,11,8,15,0,27,6,8,22,7,14,7,3,27,1,1,1,1,2,1,1,0,1,1,2,7,1,1,1,1,2,1,23.875,12.375,0.512
0,0,0,2,1,0,2,2,0,0,1,3,1,0,0,0,0,0,0,0,2,1,0,1,1,0,0,1,1,1,0,0,0,0,12.0,4.0,0.612
2,2,1,0,0,0,0,6,0,0,0,2,2,0,0,0,1,1,1,1,0,0,0,0,1,0,0,0,1,1,0,0,0,1,16.0,0.0,0.177
0,3,0,3,0,0,0,6,1,0,2,0,1,0,0,1,0,0,1,0,2,0,0,0,1,1,0,2,0,1,0,0,1,0,17.0,8.0,0.686
5,1,3,2,0,2,0,10,0,2,1,2,6,0,0,3,0,1,1,1,2,0,1,0,1,0,2,1,1,1,0,0,1,0,18.5,9.375,0.465
1,2,1,3,1,3,0,6,0,4,5,1,3,0,0,7,0,1,1,1,2,1,1,0,1,0,2,3,1,1,0,0,2,0,12.333,13.0,0.697
4,4,6,4,1,1,0,17,0,2,2,5,7,1,0,7,4,1,1,1,2,1,1,0,1,0,2,2,1,1,1,0,1,1,16.25,6.0,0.439
5,10,2,5,0,8,0,14,0,3,4,6,14,1,0,11,0,1,1,1,1,0,1,0,1,0,1,3,1,1,1,0,1,0,42.0,5.5,0.309
0,0,1,1,1,0,0,1,0,0,3,2,1,2,0,2,0,0,0,1,1,1,0,0,1,0,0,2,1,1,1,0,1,0,14.0,13.0,0.756
14,20,12,14,6,11,0,26,0,9,42,1,11,10,0,27,1,1,1,1,3,1,1,0,1,0,2,9,1,1,1,0,3,1,20.4,15.8,0.644
1,0,0,1,0,1,1,1,1,1,3,4,5,0,1,2,0,1,0,0,1,0,1,1,1,1,1,2,1,1,0,1,1,0,21.0,13.0,0.617
1,2,4,2,0,2,0,3,0,1,5,0,3,0,0,6,0,1,1,1,2,0,1,0,1,0,1,3,0,1,0,0,2,0,14.5,18.5,1.05
1,1,1,1,0,1,0,2,1,1,5,1,2,1,0,3,0,1,1,1,1,0,1,0,1,1,1,2,1,1,1,0,1,0,10.5,12.0,0.772
5,9,6,8,4,6,2,14,0,3,4,15,10,3,0,9,0,1,1,1,3,1,1,1,1,0,2,3,1,1,1,0,1,0,19.6,6.114,0.429
4,4,4,3,3,2,0,5,0,5,4,1,5,0,0,8,1,1,1,1,2,1,1,0,1,0,2,4,1,1,0,0,1,1,16.333,7.333,0.606
7,3,2,5,2,3,0,5,3,2,6,0,5,1,0,7,2,1,1,1,2,1,1,0,1,1,2,4,0,1,1,0,1,1,27.0,11.0,0.577
0,2,1,1,1,1,1,0,0,1,1,5,0,0,0,1,0,0,1,1,1,1,1,1,0,0,1,1,1,0,0,0,1,0,15.0,2.0,0.365
1,2,0,2,0,3,0,3,1,0,3,1,3,0,0,2,0,1,1,0,1,0,1,0,1,1,0,3,1,1,0,0,1,0,10.5,2.0,0.463
1,3,1,1,1,1,1,6,1,0,2,0,4,0,0,2,0,1,1,1,1,1,1,1,1,1,0,2,0,1,0,0,1,0,24.0,5.0,0.433
0,3,1,4,4,2,0,2,5,2,7,0,3,1,1,4,0,0,1,1,3,1,1,0,1,1,1,4,0,1,1,1,1,0,38.0,36.0,0.803
3,8,6,3,1,5,0,7,3,1,9,0,4,0,0,9,0,1,1,1,2,1,1,0,1,1,1,4,0,1,0,0,1,0,14.75,5.0,0.46
6,3,2,6,5,4,1,22,1,1,8,34,43,1,2,7,7,1,1,1,2,1,1,1,1,1,1,2,1,1,1,1,1,1,25.167,3.167,0.23
3,0,0,0,1,0,0,6,1,0,0,10,12,0,3,0,2,1,0,0,0,1,0,0,1,1,0,0,1,1,0,1,0,1,19.0,0.0,0.115
13,6,1,4,5,11,0,47,5,1,3,18,60,1,14,13,8,1,1,1,1,1,1,0,1,1,1,2,1,1,1,1,1,1,22.778,1.222,0.148
2,0,0,2,2,3,0,3,0,1,2,2,2,0,0,4,0,1,0,0,1,1,1,0,1,0,1,2,1,1,0,0,1,0,23.0,14.0,0.59
3,5,3,5,3,3,2,8,0,1,6,1,5,1,0,4,0,1,1,1,2,1,1,1,1,0,1,4,1,1,1,0,1,0,16.667,6.333,0.6
2,1,0,2,0,3,0,5,0,0,6,0,1,1,0,3,0,1,1,0,1,0,1,0,1,0,0,3,0,1,1,0,1,0,24.0,11.0,0.433
12,14,11,11,4,15,0,27,3,2,17,1,17,2,0,18,2,1,1,1,2,1,1,0,1,1,2,5,1,1,1,0,2,1,26.0,13.167,0.453
5,9,7,4,4,9,0,17,8,3,12,0,11,3,2,14,0,1,1,1,2,1,1,0,1,1,2,6,0,1,1,1,2,0,35.333,12.667,0.618
4,4,3,1,2,1,0,2,0,0,3,0,6,0,0,5,0,1,1,1,1,1,1,0,1,0,0,1,0,1,0,0,1,0,15.0,1.0,0.258
6,9,7,6,1,4,0,6,6,3,3,6,10,1,2,9,0,1,1,1,2,1,1,0,1,1,2,1,1,1,1,1,1,0,38.5,11.0,0.322
2,4,1,1,1,1,0,5,0,0,4,1,2,0,0,2,0,1,1,1,1,1,1,0,1,0,0,3,1,1,0,0,2,0,24.0,17.8,0.722
2,3,0,1,0,3,0,6,0,0,2,0,1,1,0,3,0,1,1,0,1,0,1,0,1,0,0,2,0,1,1,0,2,0,22.0,6.0,0.452
2,3,2,2,0,1,0,4,0,1,6,0,0,2,0,4,0,1,1,1,1,0,1,0,1,0,1,5,0,0,1,0,1,0,27.0,23.0,0.816
2,5,4,1,3,3,0,7,0,0,11,3,5,0,0,7,0,1,1,1,1,1,1,0,1,0,0,4,1,1,0,0,2,0,17.0,7.667,0.594
1,1,2,2,1,3,0,7,1,0,3,0,0,1,0,4,0,1,1,1,2,1,1,0,1,1,0,2,0,0,1,0,2,0,13.0,5.5,0.555
0,3,0,1,2,2,0,7,2,0,7,2,3,2,1,8,1,0,1,0,1,1,1,0,1,1,0,4,1,1,1,1,1,1,19.5,11.0,0.566
4,3,2,1,3,2,0,12,0,0,6,0,3,2,0,5,0,1,1,1,1,1,1,0,1,0,0,4,0,1,1,0,1,0,14.333,6.667,0.647
1,1,3,2,0,1,0,5,0,0,2,0,2,0,0,2,0,1,1,1,2,0,1,0,1,0,0,2,0,1,0,0,1,0,9.5,5.5,0.649
2,1,1,1,0,0,0,1,0,1,3,1,3,0,0,3,0,1,1,1,1,0,0,0,1,0,1,2,1,1,0,0,3,0,8.5,8.5,1.029
3,5,2,2,0,1,0,8,2,0,2,0,3,2,0,4,0,1,1,1,2,0,1,0,1,1,0,2,0,1,1,0,2,0,17.0,10.5,0.606
1,3,2,1,0,1,0,4,1,2,3,0,4,0,0,3,0,1,1,1,1,0,1,0,1,1,2,3,0,1,0,0,1,0,12.5,10.0,0.849
0,0,0,0,0,0,0,2,0,0,0,2,6,0,1,1,0,0,0,0,0,0,0,0,1,0,0,0,1,1,0,1,1,0,11.0,0.0,0.213
0,3,0,2,4,3,3,7,0,1,5,4,7,0,0,6,2,0,1,0,2,1,1,1,1,0,1,4,1,1,0,0,1,1,11.75,6.75,0.722
0,4,1,1,0,1,0,4,1,1,8,0,3,1,0,5,0,0,1,1,1,0,1,0,1,1,1,5,0,1,1,0,1,0,15.0,23.0,0.904
2,1,2,0,1,3,0,6,0,1,3,0,3,0,0,4,0,1,1,1,0,1,1,0,1,0,1,3,0,1,0,0,2,0,13.0,10.0,0.693
1,1,0,3,1,0,0,5,1,0,2,0,0,1,0,1,0,1,1,0,2,1,0,0,1,1,0,2,0,0,1,0,1,0,16.0,11.0,0.707
1,2,0,2,1,1,0,3,1,1,4,0,1,1,0,3,0,1,1,0,2,1,1,0,1,1,1,3,0,1,1,0,1,0,10.5,9.5,0.772
3,5,5,2,4,1,0,4,0,1,4,8,6,2,0,3,1,1,1,1,2,1,1,0,1,0,1,2,1,1,1,0,1,1,16.333,6.25,0.505
1,4,4,2,1,1,0,4,4,1,5,4,4,2,1,6,1,1,1,1,2,1,1,0,1,1,1,3,1,1,1,1,1,1,22.0,11.786,0.533
4,2,3,1,1,4,0,8,0,1,5,0,3,1,0,5,1,1,1,1,1,1,1,0,1,0,1,5,0,1,1,0,1,1,19.5,6.5,0.679
2,1,0,3,1,3,1,2,3,0,6,1,4,1,1,3,0,1,1,0,2,1,1,1,1,1,0,4,1,1,1,1,2,0,15.5,11.5,0.762
2,1,0,1,1,1,0,5,0,0,1,0,1,0,0,1,0,1,1,0,1,1,1,0,1,0,0,1,0,1,0,0,1,0,14.0,2.0,0.378
7,4,0,2,0,6,0,10,0,0,7,0,4,2,0,6,0,1,1,0,1,0,1,0,1,0,0,4,0,1,1,0,1,0,16.0,7.333,0.51
10,3,9,5,4,5,0,10,0,2,9,1,13,3,0,12,0,1,1,1,2,1,1,0,1,0,2,5,1,1,1,0,1,0,17.4,7.4,0.531
0,1,0,2,0,1,0,2,0,1,3,0,1,0,0,2,0,0,1,0,2,0,1,0,1,0,1,3,0,1,0,0,1,0,13.0,22.0,1.177
1,1,2,2,1,2,0,5,0,1,1,1,2,0,0,2,0,1,1,1,2,1,1,0,1,0,1,1,1,1,0,0,1,0,21.0,2.0,0.309
1,1,0,0,0,2,0,4,1,0,0,1,3,0,0,1,0,1,1,0,0,0,1,0,1,1,0,0,1,1,0,0,1,0,14.0,0.0,0.189
15,21,19,31,9,8,0,23,1,17,43,4,38,7,0,35,14,1,1,1,5,1,1,0,1,1,2,8,1,1,1,0,2,1,17.562,14.161,0.548
0,2,0,2,0,0,0,6,0,0,2,0,0,2,0,1,0,0,1,0,1,0,0,0,1,0,0,1,0,0,1,0,1,0,15.0,16.0,0.548
1,1,2,2,1,1,0,12,0,1,5,0,3,3,0,7,0,1,1,1,2,1,1,0,1,0,1,4,0,1,1,0,2,0,19.5,25.375,0.906
0,1,0,0,0,2,0,4,0,0,1,0,1,0,0,2,0,0,1,0,0,0,1,0,1,0,0,1,0,1,0,0,1,0,11.0,0.0,0.213
1,1,2,2,1,0,0,1,2,1,1,1,5,1,0,4,0,1,1,1,1,1,0,0,1,1,1,1,1,1,1,0,1,0,7.667,2.0,0.442
7,21,6,14,5,6,1,16,0,6,28,0,9,5,0,22,1,1,1,1,3,1,1,1,1,0,2,7,0,1,1,0,2,1,24.667,19.333,0.639
1,2,0,1,0,1,0,3,0,0,2,0,1,1,0,3,0,1,1,0,1,0,1,0,1,0,0,2,0,1,1,0,2,0,15.0,15.0,0.73
1,0,1,1,1,0,0,0,3,0,0,1,2,0,0,2,0,1,0,1,1,1,0,0,0,1,0,0,1,1,0,0,1,0,6.0,0.0,0.204
6,3,2,1,1,4,0,7,1,0,0,2,1,0,0,2,0,1,1,1,1,1,1,0,1,1,0,0,1,1,0,0,1,0,15.0,1.0,0.258
1,0,2,2,0,0,0,1,0,0,2,0,2,0,0,1,0,1,0,1,1,0,0,0,1,0,0,2,0,1,0,0,1,0,5.5,6.5,0.853
1,2,4,1,1,1,0,4,1,1,5,0,4,0,0,5,1,1,1,1,1,1,1,0,1,1,1,3,0,1,0,0,2,1,15.5,10.5,0.635
3,4,2,1,0,2,0,12,0,1,5,6,10,0,0,5,0,1,1,1,1,0,1,0,1,0,1,3,1,1,0,0,1,0,25.5,9.0,0.495
3,2,1,2,1,1,1,5,2,0,2,1,0,0,0,0,0,1,1,1,1,1,1,1,1,1,0,2,1,0,0,0,0,0,22.0,6.0,0.452
15,29,23,15,16,23,0,46,3,9,48,1,28,5,0,48,4,1,1,1,4,1,1,0,1,1,2,10,1,1,1,0,3,1,44.714,22.4,0.56
3,1,3,1,3,2,0,2,0,1,2,0,4,1,0,4,1,1,1,1,1,1,1,0,1,0,1,2,0,1,1,0,2,1,28.0,14.0,0.668
0,0,0,1,1,2,0,5,0,0,2,0,1,2,0,2,0,0,0,0,1,1,1,0,1,0,0,2,0,1,1,0,2,0,17.0,17.0,0.857
2,5,0,2,1,0,0,3,1,1,1,0,1,0,0,2,0,1,1,0,2,1,0,0,1,1,1,1,0,1,0,0,1,0,19.0,11.0,0.649
2,1,0,0,1,2,0,4,1,0,0,0,1,0,0,0,0,1,1,0,0,1,1,0,1,1,0,0,0,1,0,0,0,0,12.0,0.0,0.204
0,1,0,0,0,2,0,2,1,0,2,0,2,0,0,2,1,0,1,0,0,0,1,0,1,1,0,2,0,1,0,0,1,1,13.0,2.0,0.392
1,0,2,1,1,0,0,2,0,0,1,1,1,0,0,1,0,1,0,1,1,1,0,0,1,0,0,1,1,1,0,0,1,0,11.0,5.0,0.64
0,1,2,1,1,0,0,3,0,0,2,0,2,1,0,1,0,0,1,1,1,1,0,0,1,0,0,2,0,1,1,0,1,0,14.0,13.0,0.756
0,1,0,0,1,0,0,4,3,0,0,15,7,0,0,0,6,0,1,0,0,1,0,0,1,1,0,0,1,1,0,0,0,1,18.0,0.0,0.118
3,3,1,5,0,2,0,1,1,1,4,6,10,1,0,1,1,1,1,1,2,0,1,0,1,1,1,2,1,1,1,0,1,1,20.0,16.5,0.559
0,1,0,0,1,1,0,2,0,1,0,5,4,0,0,0,0,0,1,0,0,1,1,0,1,0,1,0,1,1,0,0,0,0,15.0,0.0,0.183
0,1,0,0,1,1,0,0,6,0,0,33,6,0,0,1,9,0,1,0,0,1,1,0,0,1,0,0,1,1,0,0,1,1,9.833,0.0,0.092
2,2,0,0,2,2,0,6,3,1,1,15,3,0,0,0,9,1,1,0,0,1,1,0,1,1,1,1,1,1,0,0,0,1,46.0,7.0,0.209
2,3,0,1,0,0,0,12,2,0,2,7,0,1,0,2,11,1,1,0,1,0,0,0,1,1,0,1,1,1,1,0,1,1,48.0,4.0,0.204
3,0,0,1,0,2,0,3,0,0,1,0,0,0,0,1,1,1,0,0,1,0,1,0,1,0,0,1,0,0,0,0,1,1,12.0,4.0,0.612
4,4,5,2,2,3,0,7,0,1,10,2,3,2,0,5,0,1,1,1,2,1,1,0,1,0,1,5,1,1,1,0,1,0,50.0,39.0,0.8
0,0,0,0,1,0,0,1,3,0,0,24,0,0,0,0,8,0,0,0,0,1,0,0,1,1,0,0,1,0,0,0,0,1,37.0,0.0,0.116
0,2,0,1,0,2,0,3,0,0,2,0,1,0,0,1,0,0,1,0,1,0,1,0,1,0,0,2,0,1,0,0,1,0,12.0,2.0,0.408
1,2,1,2,0,0,0,2,0,1,5,0,1,1,0,3,0,1,1,1,2,0,0,0,1,0,1,4,0,1,1,0,1,0,19.0,28.0,0.973
0,2,1,1,0,0,1,2,1,2,1,0,2,0,0,2,0,0,1,1,1,0,0,1,1,1,1,1,0,1,0,0,2,0,15.0,27.0,0.73
1,1,0,0,4,3,0,2,10,2,0,46,6,1,0,0,14,1,1,0,0,1,1,0,1,1,1,0,1,1,1,0,0,1,90.0,0.0,0.075
0,4,0,0,2,0,0,9,0,0,0,8,1,0,0,1,9,0,1,0,0,1,0,0,1,0,0,0,1,1,0,0,1,1,34.0,0.0,0.121
2,2,0,0,0,0,0,9,0,0,0,8,0,0,0,0,8,1,1,0,0,0,0,0,1,0,0,0,1,0,0,0,0,1,29.0,0.0,0.131
0,1,0,0,0,2,0,1,0,0,0,8,0,0,0,0,4,0,1,0,0,0,1,0,1,0,0,0,1,0,0,0,0,1,16.0,0.0,0.177
25,21,11,16,11,14,0,44,1,2,22,3,38,6,0,27,6,1,1,1,2,1,1,0,1,1,1,7,1,1,1,0,2,1,17.571,4.214,0.406
1,5,5,5,2,4,0,8,0,1,6,0,4,1,0,6,1,1,1,1,2,1,1,0,1,0,1,3,0,1,1,0,1,1,16.333,6.667,0.505
1,1,1,2,0,1,0,1,2,1,1,2,3,0,1,2,0,1,1,1,1,0,1,0,1,1,1,1,1,1,0,1,1,0,9.0,1.0,0.333
2,2,0,3,0,2,0,2,2,0,2,0,3,0,0,2,0,1,1,0,2,0,1,0,1,1,0,1,0,1,0,0,1,0,10.0,3.0,0.474
0,1,1,1,0,1,0,2,0,0,1,5,4,0,0,0,0,0,1,1,1,0,1,0,1,0,0,1,1,1,0,0,0,0,16.0,4.0,0.53
4,9,6,6,3,12,0,16,0,1,6,11,8,4,0,4,2,1,1,1,2,1,1,0,1,0,1,5,1,1,1,0,1,1,46.0,17.5,0.59
1,4,4,0,3,3,1,9,2,3,2,0,4,0,0,6,1,1,1,1,0,1,1,1,1,1,1,2,0,1,0,0,3,1,14.333,5.0,0.431
1,1,1,1,0,2,0,1,1,0,2,3,0,1,0,2,0,1,1,1,1,0,1,0,1,1,0,1,1,0,1,0,1,0,16.0,6.0,0.53
1,1,0,0,4,1,0,12,2,0,0,9,4,0,0,2,8,1,1,0,0,1,1,0,1,1,0,0,1,1,0,0,1,1,42.0,0.0,0.109
0,0,2,0,0,0,0,2,2,0,0,25,9,0,1,0,8,0,0,1,0,0,0,0,1,1,0,0,1,1,0,1,0,1,23.0,0.0,0.104
0,0,0,0,2,1,0,0,2,3,0,48,8,0,1,0,13,0,0,0,0,1,1,0,0,1,1,0,1,1,0,1,0,1,75.0,0.0,0.082
8,12,4,10,2,10,0,15,6,1,9,2,7,4,1,8,0,1,1,1,3,1,1,0,1,1,1,4,1,1,1,1,1,0,32.667,14.583,0.5
0,1,1,0,2,2,0,3,0,0,5,0,2,0,0,4,0,0,1,1,0,1,1,0,1,0,0,2,0,1,0,0,2,0,20.0,19.0,0.632
4,2,3,5,0,4,0,7,0,0,2,1,7,2,0,5,0,1,1,1,2,0,1,0,1,0,0,2,1,1,1,0,1,0,21.0,3.0,0.327
4,1,4,5,1,4,1,6,0,1,6,2,13,1,0,4,1,1,1,1,2,1,1,1,1,0,1,5,1,1,1,0,1,1,10.8,7.314,0.77
4,3,2,2,0,3,1,16,1,0,2,1,22,0,0,3,3,1,1,1,2,0,1,1,1,1,0,2,1,1,0,0,2,1,15.25,4.5,0.453
0,0,1,2,0,0,0,2,0,1,2,0,1,1,0,3,0,0,0,1,2,0,0,0,1,0,1,1,0,1,1,0,2,0,6.5,9.875,0.981
2,3,4,2,1,1,0,4,2,1,2,5,3,2,1,3,0,1,1,1,2,1,1,0,1,1,1,2,1,1,1,1,1,0,17.5,3.5,0.478
1,1,1,1,1,1,0,2,1,1,2,0,1,0,0,2,0,1,1,1,1,1,1,0,1,1,1,2,0,1,0,0,1,0,15.0,14.0,0.73
3,0,2,2,1,0,0,5,0,1,4,2,2,0,0,4,0,1,0,1,2,1,0,0,1,0,1,3,1,1,0,0,3,0,13.0,13.125,1.109
9,22,11,16,9,8,1,25,3,7,28,15,23,5,0,24,3,1,1,1,5,1,1,1,1,1,2,6,1,1,1,0,3,1,41.6,26.5,0.539
1,0,2,1,0,1,0,2,1,0,1,1,1,0,0,1,0,1,0,1,1,0,1,0,1,1,0,1,1,1,0,0,1,0,12.0,9.0,0.612
4,3,6,3,0,3,0,6,1,0,1,0,3,2,0,4,0,1,1,1,2,0,1,0,1,1,0,1,0,1,1,0,1,0,36.0,6.0,0.354
1,1,0,1,0,0,1,2,0,1,5,0,2,1,0,3,0,1,1,0,1,0,0,1,1,0,1,5,0,1,1,0,1,0,18.0,16.0,1.0
1,0,1,1,0,1,0,2,0,1,3,0,2,0,0,1,0,1,0,1,1,0,1,0,1,0,1,3,0,1,0,0,1,0,13.0,14.0,0.981
1,1,1,2,1,0,0,3,0,1,4,3,3,1,0,2,0,1,1,1,1,1,0,0,1,0,1,4,1,1,1,0,1,0,11.5,9.5,0.737
3,2,7,3,0,2,2,6,1,2,4,1,1,1,0,2,0,1,1,1,2,0,1,1,1,1,1,2,1,1,1,0,2,0,18.5,17.5,0.697
3,3,0,2,2,3,0,10,0,2,5,0,3,0,0,7,0,1,1,0,1,1,1,0,1,0,1,4,0,1,0,0,1,0,10.0,5.75,0.671
5,5,1,2,5,3,0,13,0,1,6,1,8,0,0,7,0,1,1,1,1,1,1,0,1,0,1,3,1,1,0,0,1,0,9.5,6.0,0.468
2,3,3,3,0,3,0,6,6,0,1,0,6,1,2,3,1,1,1,1,2,0,1,0,1,1,0,1,0,1,1,1,1,1,12.667,1.333,0.344
3,2,2,5,1,1,0,4,3,1,4,1,3,1,0,3,0,1,1,1,2,1,1,0,1,1,1,3,1,1,1,0,1,0,34.0,8.0,0.485
3,4,2,5,4,2,0,15,1,5,11,0,14,2,0,13,1,1,1,1,2,1,1,0,1,1,2,7,0,1,1,0,2,1,27.333,26.667,0.781
0,2,1,3,2,3,0,7,0,0,1,1,2,0,0,1,1,0,1,1,2,1,1,0,1,0,0,1,1,1,0,0,1,1,12.0,2.5,0.433
9,3,3,4,2,3,0,10,0,1,0,2,5,0,0,1,1,1,1,1,1,1,1,0,1,0,1,0,1,1,0,0,1,1,14.333,2.667,0.216
0,2,2,1,0,0,0,1,0,1,2,1,1,0,0,4,0,0,1,1,1,0,0,0,1,0,1,1,1,1,0,0,2,0,15.0,13.25,0.73
6,9,7,11,3,14,0,23,0,5,19,0,14,6,0,20,2,1,1,1,3,1,1,0,1,0,2,7,0,1,1,0,2,1,17.375,8.625,0.6
3,3,2,4,4,1,0,9,4,0,4,9,9,1,1,4,0,1,1,1,2,1,1,0,1,1,0,2,1,1,1,1,1,0,19.0,4.0,0.375
1,2,0,0,0,0,0,4,2,0,0,0,2,0,0,2,1,1,1,0,0,0,0,0,1,1,0,0,0,1,0,0,1,1,7.5,0.0,0.183
2,1,0,0,1,3,0,3,0,0,0,0,1,0,0,1,0,1,1,0,0,1,1,0,1,0,0,0,0,1,0,0,1,0,12.0,0.0,0.204
4,13,2,12,2,9,0,12,3,2,10,1,5,8,0,13,0,1,1,1,4,1,1,0,1,1,1,5,1,1,1,0,1,0,32.0,22.333,0.65
10,11,4,12,2,11,2,34,1,5,12,0,16,4,0,11,1,1,1,1,2,1,1,1,1,1,2,6,0,1,1,0,2,1,13.6,7.4,0.546
3,5,3,2,1,0,0,2,4,0,5,0,2,1,1,3,0,1,1,1,1,1,0,0,1,1,0,2,0,1,1,1,2,0,15.5,8.5,0.508
1,1,4,3,3,5,2,14,3,0,6,1,9,4,3,7,0,1,1,1,2,1,1,1,1,1,0,4,1,1,1,1,2,0,31.5,15.0,0.535
2,3,3,1,1,0,0,2,3,0,4,0,2,1,0,5,0,1,1,1,1,1,0,0,1,1,0,2,0,1,1,0,1,0,13.5,5.5,0.544
1,1,0,0,0,0,0,3,2,0,2,0,1,0,1,1,0,1,1,0,0,0,0,0,1,1,0,2,0,0,0,1,1,0,11.0,2.0,0.426
2,0,1,0,0,2,0,3,0,0,3,0,0,1,0,2,0,1,0,1,0,0,1,0,1,0,0,2,0,0,1,0,1,0,14.0,6.0,0.567
7,9,14,12,7,6,0,26,0,2,20,0,23,3,0,18,2,1,1,1,3,1,1,0,1,0,2,7,0,1,1,0,1,1,18.625,10.125,0.579
1,2,5,1,1,0,0,3,1,0,1,1,3,0,0,0,0,1,1,1,1,1,0,0,1,1,0,1,1,1,0,0,0,0,6.333,1.333,0.487
5,10,10,9,1,4,0,16,11,0,11,0,11,4,2,13,2,1,1,1,3,1,1,0,1,1,0,7,0,1,1,1,2,1,35.333,21.0,0.618
4,5,5,1,3,4,0,5,3,0,5,0,2,2,0,7,0,1,1,1,1,1,1,0,1,1,0,3,0,1,1,0,2,0,23.0,8.5,0.417
1,0,3,2,0,1,0,1,0,0,1,0,1,1,0,1,0,1,0,1,1,0,1,0,1,0,0,1,0,1,1,0,1,0,6.0,4.0,0.612
3,1,0,1,1,0,0,1,0,1,1,0,0,0,0,3,0,1,1,0,1,1,0,0,1,0,1,1,0,0,0,0,1,0,12.0,7.0,0.408
13,18,8,23,9,13,2,33,2,7,24,0,23,7,0,22,2,1,1,1,3,1,1,1,1,1,2,8,0,1,1,0,1,1,22.778,11.556,0.543
1,2,1,1,1,1,0,4,0,0,3,2,3,0,0,3,0,1,1,1,1,1,1,0,1,0,0,3,1,1,0,0,1,0,22.0,10.0,0.603
1,1,0,2,0,1,0,2,0,0,3,0,1,0,0,2,0,1,1,0,2,0,1,0,1,0,0,3,0,1,0,0,1,0,13.0,15.0,0.784
3,3,1,3,1,2,0,2,3,0,3,0,2,2,0,3,0,1,1,1,1,1,1,0,1,1,0,3,0,1,1,0,1,0,28.0,12.0,0.535
1,1,0,2,0,1,0,4,0,0,1,0,0,1,0,1,0,1,1,0,1,0,1,0,1,0,0,1,0,0,1,0,1,0,12.0,10.0,0.612
6,7,1,1,0,3,0,14,0,1,2,4,6,1,0,4,0,1,1,1,1,0,1,0,1,0,1,1,1,1,1,0,2,0,16.667,3.0,0.3
0,1,1,2,0,1,1,1,0,1,3,0,2,0,0,2,0,0,1,1,1,0,1,1,1,0,1,2,0,1,0,0,1,0,15.0,19.0,0.548
3,8,4,3,1,2,0,5,7,0,7,0,9,1,1,5,1,1,1,1,1,1,1,0,1,1,0,6,0,1,1,1,1,1,18.667,7.333,0.567
4,4,1,7,0,4,0,11,2,5,11,0,10,4,0,13,0,1,1,1,1,0,1,0,1,1,1,5,0,1,1,0,2,0,12.5,3.833,0.49
6,9,8,4,8,4,0,15,0,3,11,2,10,3,0,16,1,1,1,1,2,1,1,0,1,0,2,5,1,1,1,0,1,1,14.286,8.429,0.495
4,0,1,0,2,3,0,3,0,1,1,0,0,1,0,3,0,1,0,1,0,1,1,0,1,0,1,1,0,0,1,0,2,0,19.0,7.0,0.487
3,9,3,3,1,8,0,14,10,0,6,0,7,3,1,8,0,1,1,1,1,1,1,0,1,1,0,2,0,1,1,1,1,0,25.0,6.333,0.327
0,3,0,2,1,0,0,3,0,1,4,0,2,0,0,2,0,0,1,0,2,1,0,0,1,0,1,3,0,1,0,0,1,0,18.0,29.75,1.0
0,3,1,1,4,2,0,1,5,1,5,0,5,1,0,3,0,0,1,1,1,1,1,0,1,1,1,3,0,1,1,0,1,0,32.0,28.571,0.625
11,9,4,4,5,8,0,21,0,2,9,4,12,2,0,10,2,1,1,1,1,1,1,0,1,0,1,4,1,1,1,0,1,1,14.714,5.714,0.418
3,4,3,4,2,1,1,5,4,3,7,0,6,3,0,8,1,1,1,1,3,1,1,1,1,1,2,6,0,1,1,0,1,1,18.333,14.583,0.858
0,3,0,0,1,0,0,5,0,1,4,0,2,0,0,3,0,0,1,0,0,1,0,0,1,0,1,3,0,1,0,0,1,0,19.0,9.0,0.649
9,13,6,9,7,6,1,21,1,3,14,3,14,6,0,19,1,1,1,1,3,1,1,1,1,1,2,3,1,1,1,0,2,1,26.4,15.714,0.431
5,7,5,2,3,3,0,11,0,5,11,2,11,1,0,13,1,1,1,1,1,1,1,0,1,0,2,4,1,1,1,0,2,1,20.0,16.25,0.553
7,3,3,6,1,2,0,10,0,1,6,0,3,3,0,8,0,1,1,1,2,1,1,0,1,0,1,3,0,1,1,0,1,0,26.5,5.0,0.389
1,0,2,2,0,0,0,1,0,0,2,0,2,0,0,1,0,1,0,1,2,0,0,0,1,0,0,2,0,1,0,0,1,0,5.5,4.0,0.64
10,7,1,6,4,6,0,21,1,5,10,0,10,4,0,12,1,1,1,1,2,1,1,0,1,1,2,4,0,1,1,0,2,1,19.2,7.2,0.433
1,2,1,1,1,1,0,5,0,0,2,0,1,0,0,2,0,1,1,1,1,1,1,0,1,0,0,2,0,1,0,0,1,0,8.5,4.5,0.514
1,1,0,0,0,2,0,6,0,1,1,0,3,0,0,4,0,1,1,0,0,0,1,0,1,0,1,1,0,1,0,0,1,0,9.5,1.5,0.324
6,3,6,4,3,6,2,12,1,3,12,2,7,0,0,9,1,1,1,1,3,1,1,1,1,1,2,5,1,1,0,0,2,1,25.667,19.417,0.806
3,3,1,2,2,3,0,6,0,1,4,2,5,2,0,4,0,1,1,1,1,1,1,0,1,0,1,2,1,1,1,0,2,0,19.0,9.5,0.574
4,2,3,6,2,2,0,7,0,1,8,0,5,2,0,7,0,1,1,1,3,1,1,0,1,0,1,5,0,1,1,0,1,0,16.333,15.0,0.707
1,0,0,2,0,2,0,5,0,2,3,1,4,0,0,3,0,1,0,0,1,0,1,0,1,0,2,2,1,1,0,0,1,0,11.5,9.0,0.737
9,8,3,2,1,4,0,18,0,3,11,0,13,3,0,13,2,1,1,1,2,1,1,0,1,0,2,6,0,1,1,0,1,1,22.75,12.75,0.593
13,13,10,11,2,10,0,18,1,4,15,0,13,1,1,14,1,1,1,1,2,1,1,0,1,1,1,5,0,1,1,1,2,1,21.167,11.667,0.502
0,1,2,4,1,0,0,2,0,5,8,0,3,1,0,7,0,0,1,1,3,1,0,0,1,0,2,5,0,1,1,0,1,0,17.0,26.0,0.97
4,2,1,2,2,2,0,4,0,1,6,0,4,1,0,7,0,1,1,1,2,1,1,0,1,0,1,3,0,1,1,0,1,0,17.5,13.5,0.598
3,4,2,5,2,4,0,11,0,5,9,2,12,3,0,9,1,1,1,1,2,1,1,0,1,0,2,5,1,1,1,0,1,1,14.2,10.6,0.587
3,4,3,2,0,1,1,5,5,2,2,3,11,0,0,4,5,1,1,1,2,0,1,1,1,1,1,2,1,1,0,0,1,1,51.0,29.75,0.594
12,10,3,18,3,9,0,28,1,3,10,0,19,5,0,12,2,1,1,1,3,1,1,0,1,1,1,6,0,1,1,0,1,1,15.444,9.286,0.54
1,1,4,0,0,0,0,1,1,0,0,1,3,0,0,0,0,1,1,1,0,0,0,0,1,1,0,0,1,1,0,0,0,0,4.0,0.0,0.204
0,1,0,1,0,2,0,3,1,0,1,0,1,0,0,1,0,0,1,0,1,0,1,0,1,1,0,1,0,1,0,0,1,0,11.0,2.0,0.426
1,6,3,12,4,2,0,10,0,4,21,0,8,3,0,12,2,1,1,1,3,1,1,0,1,0,2,7,0,1,1,0,1,1,17.6,19.8,0.754
1,3,1,3,1,2,0,6,0,3,6,0,2,2,0,5,0,1,1,1,2,1,1,0,1,0,2,4,0,1,1,0,1,0,35.0,36.0,0.717
2,2,0,4,2,1,0,5,0,5,6,0,2,2,0,6,0,1,1,0,2,1,1,0,1,0,2,4,0,1,1,0,1,0,37.0,36.0,0.697
5,2,3,5,1,2,0,5,1,2,3,0,6,2,0,3,0,1,1,1,3,1,1,0,1,1,2,2,0,1,1,0,1,0,20.0,13.0,0.671
0,0,0,5,2,2,0,3,0,6,7,0,3,2,0,6,0,0,0,0,1,1,1,0,1,0,2,3,0,1,1,0,1,0,36.0,66.0,0.589
7,11,8,8,2,8,0,19,3,5,7,0,8,3,1,8,0,1,1,1,3,1,1,0,1,1,2,2,0,1,1,1,1,0,48.5,14.5,0.359
1,1,4,2,0,2,0,1,0,0,2,0,1,0,0,2,0,1,1,1,1,0,1,0,1,0,0,2,0,1,0,0,1,0,16.0,6.0,0.354
2,4,0,2,0,1,0,2,0,0,2,1,1,0,0,0,0,1,1,0,2,0,1,0,1,0,0,1,1,1,0,0,0,0,15.0,7.0,0.365
3,3,0,1,0,0,1,3,0,1,1,0,4,0,0,0,2,1,1,0,1,0,0,1,1,0,1,1,0,1,0,0,0,1,6.333,4.0,0.649
1,5,4,3,2,0,0,2,3,0,4,0,4,0,1,3,0,1,1,1,2,1,0,0,1,1,0,3,0,1,0,1,1,0,15.5,14.071,0.508
0,4,6,5,1,5,0,5,4,5,5,2,3,2,0,9,0,0,1,1,3,1,1,0,1,1,2,3,1,1,1,0,2,0,28.0,27.5,0.756
0,1,0,2,0,0,0,1,4,1,3,2,5,1,0,4,0,0,1,0,2,0,0,0,1,1,1,2,1,1,1,0,1,0,12.0,9.5,0.722
0,3,1,1,0,1,0,2,2,0,4,1,3,0,0,5,0,0,1,1,1,0,1,0,1,1,0,2,1,1,0,0,1,0,23.0,11.0,0.59
3,1,2,2,0,0,0,2,0,1,2,0,2,0,1,2,0,1,1,1,2,0,0,0,1,0,1,2,0,1,0,1,1,0,17.0,11.0,0.686
3,0,4,3,1,2,0,8,0,4,2,0,4,2,0,6,0,1,0,1,2,1,1,0,1,0,2,2,0,1,1,0,1,0,19.5,16.75,0.566
0,3,0,2,1,0,0,1,1,1,4,0,0,0,0,3,0,0,1,0,2,1,0,0,1,1,1,4,0,0,0,0,1,0,16.0,15.0,1.061
0,1,0,0,0,0,0,1,8,1,0,27,3,0,1,0,9,0,1,0,0,0,0,0,1,1,1,0,1,1,0,1,0,1,25.0,0.0,0.1
14,22,3,16,4,14,0,39,0,8,32,0,23,11,1,27,3,1,1,1,3,1,1,0,1,0,2,13,0,1,1,1,3,1,21.7,13.0,0.816
8,8,5,11,1,5,1,14,4,2,10,0,8,1,0,10,4,1,1,1,3,1,1,1,1,1,1,6,0,1,1,0,2,1,18.4,16.0,0.737
0,2,0,0,0,0,0,3,2,0,0,0,2,0,0,4,1,0,1,0,0,0,0,0,1,1,0,0,0,1,0,0,1,1,15.0,0.0,0.183
3,3,2,4,1,3,0,6,2,1,3,0,2,1,0,3,0,1,1,1,2,1,1,0,1,1,1,2,0,1,1,0,1,0,34.0,15.0,0.485
9,10,6,2,4,3,0,8,1,3,12,9,13,0,0,13,2,1,1,1,1,1,1,0,1,1,2,4,1,1,0,0,2,1,23.75,8.5,0.435
1,0,1,2,0,2,0,1,0,1,6,0,3,1,0,5,0,1,0,1,2,0,1,0,1,0,1,4,0,1,1,0,2,0,11.5,18.0,1.032
0,1,2,3,0,0,0,2,1,0,3,0,0,1,0,2,0,0,1,1,2,0,0,0,1,1,0,3,0,0,1,0,1,0,15.0,16.0,0.913
3,2,2,0,1,1,0,2,0,0,5,3,4,1,1,5,1,1,1,1,0,1,1,0,1,0,0,3,1,1,1,1,3,1,30.0,21.0,0.645
9,7,8,8,5,8,0,16,5,3,12,3,11,2,1,15,0,1,1,1,3,1,1,0,1,1,2,7,1,1,1,1,2,0,16.0,9.286,0.668
10,9,7,7,7,8,0,21,3,3,17,7,13,3,0,18,2,1,1,1,2,1,1,0,1,1,2,6,1,1,1,0,3,1,22.333,12.0,0.55
1,1,0,0,1,0,0,1,1,1,3,0,1,0,0,4,0,1,1,0,0,1,0,0,1,1,1,2,0,1,0,0,1,0,7.0,3.5,0.567
3,4,2,4,5,3,1,9,1,1,5,0,2,0,0,5,0,1,1,1,2,1,1,1,1,1,1,3,0,1,0,0,2,0,22.5,20.0,0.632
2,3,3,3,1,5,0,7,0,0,5,0,2,1,0,5,0,1,1,1,2,1,1,0,1,0,0,4,0,1,1,0,1,0,37.0,17.0,0.581
7,5,4,6,5,5,0,11,0,2,7,3,10,1,0,11,0,1,1,1,3,1,1,0,1,0,2,3,1,1,1,0,1,0,19.25,7.5,0.483
0,1,0,0,0,0,0,2,0,0,3,2,1,0,0,3,0,0,1,0,0,0,0,0,1,0,0,3,1,1,0,0,1,0,12.0,15.0,0.816
0,1,4,6,0,2,0,2,0,1,7,0,2,2,0,4,1,0,1,1,3,0,1,0,1,0,1,3,0,1,1,0,1,1,16.0,23.5,0.875
0,2,0,2,1,1,0,1,2,0,2,0,0,0,0,3,0,0,1,0,1,1,1,0,1,1,0,2,0,0,0,0,1,0,14.0,6.0,0.567
2,1,0,3,0,0,0,4,1,2,2,0,4,0,0,1,1,1,1,0,2,0,0,0,1,1,1,2,0,1,0,0,1,1,21.0,25.0,0.772
2,5,0,3,2,2,0,4,1,1,4,0,4,0,0,2,0,1,1,0,2,1,1,0,1,1,1,4,0,1,0,0,1,0,30.0,27.75,0.904
0,3,0,0,0,3,0,4,2,1,1,0,2,1,0,3,0,0,1,0,0,0,1,0,1,1,1,1,0,1,1,0,1,0,10.0,5.0,0.474
9,2,3,2,1,1,0,10,0,2,5,0,8,1,0,3,1,1,1,1,1,1,1,0,1,0,2,2,0,1,1,0,2,1,16.0,8.667,0.51
1,1,1,4,0,2,0,7,5,0,2,6,9,1,0,1,1,1,1,1,2,0,1,0,1,1,0,1,1,1,1,0,1,1,10.25,2.5,0.331
15,16,21,18,13,15,0,27,4,9,47,5,36,10,1,40,3,1,1,1,4,1,1,0,1,1,2,7,1,1,1,1,3,1,23.333,14.5,0.465
0,0,0,1,0,0,0,4,7,2,3,3,9,0,1,3,0,0,0,0,1,0,0,0,1,1,1,1,1,1,0,1,1,0,29.0,28.0,0.525
3,0,0,0,1,0,0,5,1,0,0,9,12,0,3,2,2,1,0,0,0,1,0,0,1,1,0,0,1,1,0,1,1,1,19.0,0.0,0.115
4,6,3,3,2,9,0,32,8,0,3,10,42,0,14,7,6,1,1,1,1,1,1,0,1,1,0,1,1,1,0,1,1,1,17.875,0.75,0.118
3,4,1,3,2,2,0,2,2,1,5,0,4,0,0,6,0,1,1,1,2,1,1,0,1,1,1,2,0,1,0,0,1,0,35.0,29.571,0.717
0,0,0,0,1,1,0,2,1,0,1,2,3,0,0,0,0,0,0,0,0,1,1,0,1,1,0,1,1,1,0,0,0,0,11.0,2.0,0.426
6,3,4,5,0,4,1,5,0,2,6,0,5,3,0,4,0,1,1,1,2,0,1,1,1,0,2,3,0,1,1,0,1,0,16.0,8.333,0.51
2,4,5,4,1,0,0,4,5,1,7,2,3,4,0,6,0,1,1,1,1,1,0,0,1,1,1,3,1,1,1,0,1,0,24.0,16.5,0.612
2,1,2,2,0,1,0,3,0,1,1,0,1,1,0,1,0,1,1,1,2,0,1,0,1,0,1,1,0,1,1,0,1,0,16.0,17.0,0.884
2,0,1,4,0,1,0,5,0,1,3,0,1,2,0,5,0,1,0,1,2,0,1,0,1,0,1,3,0,1,1,0,2,0,25.0,29.0,0.849
7,4,3,2,4,2,0,9,0,0,7,0,3,0,1,4,0,1,1,1,1,1,1,0,1,0,0,4,0,1,0,1,1,0,15.0,4.0,0.422
3,1,3,3,3,2,0,3,0,1,5,0,3,1,0,5,1,1,1,1,2,1,1,0,1,0,1,3,0,1,1,0,1,1,34.0,13.0,0.485
3,2,0,3,4,1,0,5,0,2,3,0,2,0,0,4,0,1,1,0,2,1,1,0,1,0,1,2,0,1,0,0,1,0,14.5,6.0,0.525
5,2,0,3,0,1,0,5,0,0,2,1,5,1,0,3,0,1,1,0,2,0,1,0,1,0,0,2,1,1,1,0,1,0,9.333,6.333,0.668
6,1,6,4,0,3,0,6,0,3,6,0,4,2,0,7,0,1,1,1,2,0,1,0,1,0,2,3,0,1,1,0,2,0,16.0,15.333,0.612
1,5,1,4,1,2,0,5,0,3,9,0,3,1,0,7,0,1,1,1,2,1,1,0,1,0,2,3,0,1,1,0,1,0,21.0,24.0,0.546
3,1,2,3,2,1,0,2,0,0,7,0,2,1,0,6,1,1,1,1,2,1,1,0,1,0,0,3,0,1,1,0,2,1,15.5,25.5,0.508
3,0,1,0,0,0,0,2,0,0,1,1,3,0,0,0,1,1,0,1,0,0,0,0,1,0,0,1,1,1,0,0,0,1,12.0,0.0,0.204
3,0,2,0,0,0,0,3,0,0,2,1,4,0,0,1,1,1,0,1,0,0,0,0,1,0,0,2,1,1,0,0,1,1,8.5,4.0,0.514
1,1,2,3,0,1,0,3,1,0,7,0,0,1,0,5,0,1,1,1,2,0,1,0,1,1,0,2,0,0,1,0,1,0,12.5,9.0,0.566
2,2,0,1,0,1,0,2,2,0,0,7,0,0,0,0,0,1,1,0,1,0,1,0,1,1,0,0,1,0,0,0,0,0,17.0,2.0,0.343
1,1,1,1,0,1,0,4,0,0,2,0,1,0,0,2,1,1,1,1,1,0,1,0,1,0,0,2,0,1,0,0,1,1,15.0,4.0,0.548
2,0,1,1,0,2,0,3,0,0,0,0,1,1,0,0,0,1,0,1,1,0,1,0,1,0,0,0,0,1,1,0,0,0,11.0,2.0,0.426
1,1,0,2,1,1,0,1,0,1,4,0,1,0,0,1,0,1,1,0,2,1,1,0,1,0,1,3,0,1,0,0,1,0,14.0,19.0,0.945
0,0,0,1,1,2,0,2,0,1,3,0,2,0,0,3,0,0,0,0,1,1,1,0,1,0,1,3,0,1,0,0,1,0,7.5,7.0,0.913
7,9,7,2,3,7,0,12,7,0,8,3,6,3,1,11,2,1,1,1,2,1,1,0,1,1,0,5,1,1,1,1,2,1,43.5,20.5,0.531
4,2,1,1,0,4,1,6,0,0,0,0,2,1,0,3,0,1,1,1,1,0,1,1,1,0,0,0,0,1,1,0,1,0,12.5,1.0,0.283
1,1,1,1,0,0,0,2,0,1,2,0,2,1,1,1,0,1,1,1,1,0,0,0,1,0,1,2,0,1,1,1,1,0,13.0,11.0,0.784
3,6,3,2,0,1,0,7,0,3,8,0,3,1,0,7,0,1,1,1,2,0,1,0,1,0,1,2,0,1,1,0,1,0,11.0,8.5,0.426
2,0,0,2,0,2,0,2,0,1,0,0,1,1,0,0,0,1,0,0,2,0,1,0,2,0,1,0,0,1,1,0,0,0,11.0,11.25,0.853
3,3,5,1,2,0,0,3,0,1,3,4,4,0,0,6,1,1,1,1,1,1,0,0,1,0,1,2,1,1,0,0,1,1,12.0,2.667,0.471
0,4,7,2,1,1,0,3,0,0,2,1,3,1,0,3,0,0,1,1,1,1,1,0,1,0,0,1,1,1,1,0,1,0,28.0,4.0,0.267
3,2,1,2,1,3,1,5,0,1,6,2,0,2,0,5,0,1,1,1,2,1,1,1,1,0,1,4,1,0,1,0,2,0,17.0,16.5,0.728
0,1,1,1,0,1,0,4,0,0,0,0,3,0,1,1,0,0,1,1,1,0,1,0,1,0,0,0,0,1,0,1,1,0,13.0,2.0,0.392
0,0,0,1,0,2,0,3,0,1,1,1,1,0,0,1,0,0,0,0,1,0,1,0,1,0,1,1,1,1,0,0,1,0,11.0,2.0,0.426
3,3,5,2,4,3,0,4,1,0,2,4,5,0,0,4,0,1,1,1,2,1,1,0,1,1,0,2,1,1,0,0,1,0,38.0,11.0,0.459
6,5,3,6,4,4,0,9,2,2,6,6,4,3,2,10,0,1,1,1,2,1,1,0,1,1,2,2,1,1,1,1,1,0,35.0,9.5,0.338
0,0,0,1,1,1,0,1,0,0,4,0,1,0,0,3,0,0,0,0,1,1,1,0,1,0,0,3,0,1,0,0,1,0,6.0,5.0,0.816
2,3,0,3,1,3,0,10,0,2,0,1,3,0,0,6,0,1,1,0,2,1,1,0,1,0,1,0,1,1,0,0,1,0,11.333,0.667,0.243
4,3,2,4,0,1,0,3,1,1,5,0,3,1,0,3,0,1,1,1,2,0,1,0,1,1,1,3,0,1,1,0,1,0,15.5,12.0,0.762
0,2,2,0,0,1,0,2,0,0,1,1,2,0,0,1,0,0,1,1,0,0,1,0,1,0,0,1,1,1,0,0,1,0,12.0,4.0,0.408
3,4,3,4,0,6,0,18,1,2,6,0,13,4,0,8,4,1,1,1,3,0,1,0,1,1,2,4,0,1,1,0,3,1,15.0,8.2,0.572
1,2,1,1,0,3,0,4,0,0,0,0,0,0,0,1,0,1,1,1,1,0,1,0,1,0,0,0,0,0,0,0,1,0,13.0,2.0,0.392
1,1,0,0,0,1,0,7,0,0,0,1,4,0,0,0,0,1,1,0,0,0,1,0,1,0,0,0,1,1,0,0,0,0,15.0,0.0,0.183
1,2,1,1,0,1,0,2,1,0,1,2,2,0,0,0,0,1,1,1,1,0,1,0,1,1,0,1,1,1,0,0,0,0,14.0,2.0,0.378
1,4,0,2,2,2,0,2,4,1,4,6,2,0,1,3,0,1,1,0,1,1,1,0,1,1,1,3,1,1,0,1,1,0,33.0,12.0,0.492
2,0,2,0,0,1,0,3,0,0,2,0,2,0,0,3,0,1,0,1,0,0,1,0,1,0,0,2,0,1,0,0,1,0,7.5,4.0,0.548
2,2,2,4,0,3,0,3,0,1,6,0,4,1,0,1,0,1,1,1,3,0,1,0,1,0,1,4,0,1,1,0,1,0,9.667,10.857,0.919
2,3,1,1,0,2,0,3,0,0,4,0,2,0,0,5,0,1,1,1,1,0,1,0,1,0,0,2,0,1,0,0,1,0,11.5,2.0,0.295
3,3,2,0,1,2,0,5,0,1,8,5,3,1,0,7,0,1,1,1,0,1,1,0,1,0,1,5,1,1,1,0,4,0,13.333,12.667,1.006
3,2,3,3,0,1,0,3,0,1,4,5,7,0,1,4,0,1,1,1,3,0,1,0,1,0,1,4,1,1,0,1,1,0,9.0,7.0,0.825
1,2,0,1,0,3,0,3,1,0,2,0,1,1,0,1,0,1,1,0,1,0,1,0,1,1,0,2,0,1,1,0,1,0,16.0,4.0,0.53
1,0,0,2,0,1,0,1,0,1,3,1,3,0,0,1,0,1,0,0,1,0,1,0,1,0,1,3,1,1,0,0,1,0,14.0,8.0,0.756
4,3,2,7,2,3,0,7,0,5,6,1,4,3,0,8,0,1,1,1,3,1,1,0,1,0,2,4,1,1,1,0,1,0,18.333,18.0,0.667
1,0,0,2,0,0,0,1,0,1,2,0,2,0,0,2,0,1,0,0,2,0,0,0,1,0,1,2,0,1,0,0,1,0,5.5,4.0,0.64
1,0,1,1,0,0,0,0,0,0,3,1,2,1,0,3,0,1,0,1,1,0,0,0,0,0,0,3,1,1,1,0,2,0,13.0,10.0,0.784
1,2,2,1,0,2,1,3,0,0,2,0,1,1,0,3,0,1,1,1,1,0,1,1,1,0,0,1,0,1,1,0,1,0,19.0,6.0,0.487
0,0,0,1,0,1,0,0,0,0,2,2,4,1,0,2,0,0,0,0,1,0,1,0,0,0,0,2,1,1,1,0,1,0,6.5,6.5,0.588
2,3,1,1,1,0,0,0,3,1,2,5,3,0,0,1,0,1,1,1,1,1,0,0,0,1,1,2,1,1,0,0,1,0,11.5,5.0,0.59
1,2,0,3,0,2,0,0,1,0,1,0,1,0,0,2,0,1,1,0,2,0,1,0,0,1,0,1,0,1,0,0,1,0,13.0,13.0,0.784
1,2,1,0,0,2,0,3,1,0,2,1,2,1,0,3,0,1,1,1,0,0,1,0,1,1,0,2,1,1,1,0,2,0,9.5,3.5,0.649
0,1,0,1,0,1,1,1,0,0,2,2,0,0,0,3,0,0,1,0,1,0,1,1,1,0,0,2,1,0,0,0,1,0,12.0,6.0,0.612
1,2,2,4,0,4,0,3,0,2,5,0,2,1,0,3,0,1,1,1,3,0,1,0,1,0,2,2,0,1,1,0,2,0,14.5,16.625,0.919
1,0,4,3,1,4,0,5,0,1,4,0,1,2,0,5,1,1,0,1,2,1,1,0,1,0,1,4,0,1,1,0,1,1,32.0,20.0,0.75
0,3,2,2,2,2,0,7,1,0,6,2,5,0,0,3,0,0,1,1,2,1,1,0,1,1,0,2,1,1,0,0,1,0,11.667,3.667,0.478
9,13,2,2,1,8,0,19,0,2,9,3,12,2,0,8,1,1,1,1,1,1,1,0,1,0,1,4,1,1,1,0,2,1,45.0,12.0,0.373
2,2,1,0,1,2,1,4,0,0,2,1,1,0,0,2,0,1,1,1,0,1,1,1,1,0,0,1,1,1,0,0,1,0,9.5,2.0,0.324
1,1,2,6,1,3,0,2,3,2,6,2,5,2,0,4,1,1,1,1,3,1,1,0,1,1,1,3,1,1,1,0,1,1,41.0,52.0,0.773
1,3,1,2,1,1,0,5,0,0,6,0,5,0,0,5,0,1,1,1,2,1,1,0,1,0,0,4,0,1,0,0,1,0,30.0,11.0,0.645
11,10,6,8,3,5,0,14,3,5,8,3,7,4,1,6,0,1,1,1,2,1,1,0,1,1,2,5,1,1,1,1,1,0,23.25,10.25,0.513
4,4,2,5,2,2,0,8,0,2,7,2,5,1,0,7,1,1,1,1,1,1,1,0,1,0,2,5,1,1,1,0,1,1,17.0,8.667,0.594
0,1,1,0,2,1,0,5,2,1,3,45,9,0,0,2,20,0,1,1,0,1,1,0,1,1,1,2,1,1,0,0,1,1,22.5,0.5,0.149
7,12,7,8,4,7,0,12,4,2,17,2,14,1,0,9,2,1,1,1,3,1,1,0,1,1,1,7,1,1,1,0,2,1,21.6,14.0,0.748
3,13,11,4,4,3,0,11,9,1,12,5,7,1,3,13,1,1,1,1,2,1,1,0,1,1,1,5,1,1,1,1,1,1,99.0,45.0,0.497
1,1,2,3,0,3,0,4,0,1,1,1,4,0,0,1,0,1,1,1,1,0,1,0,1,0,1,1,1,1,0,0,1,0,7.333,3.0,0.452
7,6,5,7,2,5,0,9,3,4,8,5,9,6,0,9,2,1,1,1,2,1,1,0,1,1,2,5,1,1,1,0,1,1,21.75,15.0,0.531
4,10,4,6,3,3,0,11,5,1,10,0,9,2,0,6,0,1,1,1,1,1,1,0,1,1,1,5,0,1,1,0,1,0,14.8,7.8,0.575
1,0,2,0,1,0,0,1,1,0,2,1,0,0,0,2,0,1,0,1,0,1,0,0,1,1,0,2,1,0,0,0,1,0,11.0,6.0,0.64
1,1,0,0,0,0,0,2,2,0,1,2,2,0,2,1,0,1,1,0,0,0,0,0,1,1,0,1,1,0,0,1,1,0,12.0,0.0,0.204
1,0,0,1,0,0,0,0,0,0,5,1,4,1,0,4,0,1,0,0,1,0,0,0,0,0,0,3,1,1,1,0,1,0,17.0,10.0,0.686
6,5,3,6,4,4,0,9,2,2,6,6,4,3,2,10,1,1,1,1,2,1,1,0,1,1,2,2,1,1,1,1,1,1,35.5,9.5,0.336
0,2,3,3,3,1,1,4,4,2,4,35,4,1,1,4,11,0,1,1,2,1,1,1,1,1,1,2,1,1,1,1,1,1,41.0,17.0,0.469
0,3,0,2,1,2,0,5,0,1,2,1,0,0,0,2,0,0,1,0,1,1,1,0,1,0,1,2,1,0,0,0,1,0,19.0,20.0,0.811
3,1,1,0,0,2,0,4,0,0,2,1,4,0,0,1,0,1,1,1,0,0,1,0,1,0,0,2,1,1,0,0,1,0,19.0,10.0,0.649
3,1,1,1,0,1,0,3,0,0,2,0,3,0,0,2,1,1,1,1,1,0,1,0,1,0,0,1,0,1,0,0,1,1,6.0,0.667,0.333
11,14,5,11,4,12,1,14,9,0,11,8,13,5,0,10,0,1,1,1,2,1,1,1,1,1,0,6,1,1,1,0,2,0,42.333,15.667,0.502
0,2,2,1,0,1,0,2,0,0,4,0,2,1,0,4,1,0,1,1,1,0,1,0,1,0,0,2,0,1,1,0,1,1,10.0,6.0,0.474
1,2,2,3,1,0,0,3,3,1,2,4,3,1,0,5,1,1,1,1,1,1,0,0,1,1,1,2,1,1,1,0,1,1,16.0,3.0,0.375
1,1,1,1,2,0,0,5,1,0,0,0,0,0,0,3,0,1,1,1,1,1,0,0,1,1,0,0,0,0,0,0,1,0,15.0,0.0,0.183
0,10,0,0,0,0,0,11,15,0,0,0,0,0,0,0,5,0,1,0,0,0,0,0,1,1,0,0,0,0,0,0,0,1,41.0,0.0,0.11
0,10,0,0,0,0,0,11,15,0,0,0,0,0,0,0,5,0,1,0,0,0,0,0,1,1,0,0,0,0,0,0,0,1,41.0,0.0,0.11
0,1,0,0,0,0,0,2,1,0,0,2,13,0,0,0,0,0,1,0,0,0,0,0,1,1,0,0,1,1,0,0,0,0,9.5,0.0,0.162
3,7,5,8,2,9,0,15,2,4,11,0,7,1,0,16,1,1,1,1,3,1,1,0,1,1,1,4,0,1,1,0,2,1,22.75,14.5,0.445
11,5,2,10,4,7,0,20,3,4,15,0,6,4,0,17,0,1,1,1,2,1,1,0,1,1,3,5,0,1,1,0,2,0,27.25,19.812,0.61
1,0,0,1,1,3,0,3,0,0,1,0,2,0,0,1,0,1,0,0,1,1,1,0,1,0,0,1,0,1,0,0,1,0,13.0,4.0,0.588
4,7,2,5,3,4,0,5,1,0,8,0,4,2,0,6,1,1,1,1,2,1,1,0,1,1,0,5,0,1,1,0,1,1,17.333,11.0,0.588
12,26,6,9,1,11,0,22,13,2,6,9,13,5,1,14,1,1,1,1,2,1,1,0,1,1,2,5,1,1,1,1,1,1,24.833,4.5,0.405
10,14,6,6,3,8,0,17,3,4,14,2,10,2,0,12,2,1,1,1,2,1,1,0,1,1,2,7,1,1,1,0,1,1,14.125,8.0,0.599
1,3,1,3,1,3,0,4,4,3,4,0,2,0,0,6,0,1,1,1,3,1,1,0,1,1,2,2,0,1,0,0,2,0,11.667,13.107,0.717
0,1,0,0,0,2,0,5,0,0,2,0,1,0,0,1,0,0,1,0,0,0,1,0,1,0,0,2,0,1,0,0,1,0,6.0,3.0,0.408
2,1,0,1,3,1,0,4,0,1,3,0,2,0,0,2,0,1,1,0,1,1,1,0,1,0,1,2,0,1,0,0,1,0,20.0,14.0,0.632
1,5,1,1,1,3,0,6,1,0,3,0,2,0,0,4,0,1,1,1,1,1,1,0,1,1,0,2,0,1,0,0,1,0,28.0,8.0,0.535
13,14,3,9,4,6,2,20,2,4,16,6,19,3,1,12,1,1,1,1,3,1,1,1,1,1,2,6,1,1,1,1,2,1,22.667,10.333,0.546
3,1,2,1,3,4,0,5,0,1,3,0,4,1,0,4,0,1,1,1,1,1,1,0,1,0,1,3,0,1,1,0,1,0,32.0,8.0,0.625
2,5,1,1,0,1,0,4,1,0,2,0,1,1,0,3,0,1,1,1,1,0,1,0,1,1,0,1,0,1,1,0,1,0,22.0,2.0,0.302
6,17,32,14,13,8,0,20,1,12,27,2,16,9,0,32,1,1,1,1,3,1,1,0,1,1,2,7,1,1,1,0,3,1,20.9,17.0,0.538
9,10,5,5,4,11,0,23,2,1,8,1,11,0,0,10,1,1,1,1,2,1,1,0,1,1,1,4,1,1,0,0,1,1,16.833,3.333,0.352
1,2,3,1,0,0,0,3,0,2,2,1,3,0,0,4,0,1,1,1,1,0,0,0,1,0,2,1,1,1,0,0,1,0,7.333,3.667,0.452
1,3,2,0,1,1,1,7,0,0,2,1,7,0,0,2,1,1,1,1,0,1,1,1,1,0,0,1,1,1,0,0,1,1,29.0,4.0,0.263
1,2,4,1,1,2,0,3,1,0,8,0,3,1,0,7,1,1,1,1,1,1,1,0,1,1,0,5,0,1,1,0,2,1,17.5,20.0,0.717
2,4,2,2,1,3,0,5,0,0,5,1,1,0,0,3,0,1,1,1,2,1,1,0,1,0,0,2,1,1,0,0,2,0,29.0,13.0,0.525
5,7,4,1,1,2,0,5,0,0,4,2,4,0,0,3,0,1,1,1,1,1,1,0,1,0,0,2,1,1,0,0,1,0,19.0,6.0,0.459
2,3,2,1,1,1,0,4,0,1,7,0,2,1,0,5,0,1,1,1,1,1,1,0,1,0,1,2,0,1,1,0,2,0,7.5,7.5,0.645
5,5,4,5,2,4,1,14,2,3,8,0,5,4,0,10,0,1,1,1,3,1,1,1,1,1,2,6,0,1,1,0,1,0,24.0,10.333,0.75
1,2,0,0,1,3,0,4,0,0,0,2,4,0,0,0,2,1,1,0,0,1,1,0,1,0,0,0,1,1,0,0,0,1,19.0,0.0,0.162
2,3,1,0,0,5,0,10,10,0,0,8,10,0,0,0,9,1,1,1,0,0,1,0,1,1,0,0,1,1,0,0,0,1,19.667,0.0,0.092
13,14,6,11,7,6,0,27,10,5,19,2,22,2,1,15,4,1,1,1,3,1,1,0,1,1,2,6,1,1,1,1,2,1,23.143,10.571,0.556
4,7,1,2,0,5,0,7,4,0,9,2,8,0,0,4,3,1,1,1,1,0,1,0,1,1,0,5,1,1,0,0,1,1,14.0,4.75,0.567
1,1,0,1,0,1,0,4,0,0,2,0,0,0,0,2,1,1,1,0,1,0,1,0,1,0,0,2,0,0,0,0,1,1,13.0,12.0,0.784
2,3,1,4,2,3,0,7,0,1,8,1,5,0,0,4,0,1,1,1,2,1,1,0,1,0,1,5,1,1,0,0,1,0,13.667,13.0,0.773
5,6,11,3,3,4,0,9,0,3,11,2,10,2,0,9,1,1,1,1,1,1,1,0,1,0,2,4,1,1,1,0,2,1,13.167,6.667,0.557
1,1,0,1,0,0,0,1,0,1,4,1,2,0,0,2,0,1,1,0,1,0,0,0,1,0,1,3,1,1,0,0,2,0,7.0,8.5,0.945
4,5,6,4,4,2,0,9,1,4,11,0,3,3,0,12,0,1,1,1,3,1,1,0,1,1,2,3,0,1,1,0,2,0,13.6,10.55,0.686
1,0,2,2,0,0,0,2,0,1,1,0,2,0,0,3,0,1,0,1,1,0,0,0,1,0,1,1,0,1,0,0,1,0,14.0,2.0,0.378
3,1,0,2,1,0,0,2,0,0,5,1,3,0,0,3,0,1,1,0,1,1,0,0,1,0,0,4,1,1,0,0,1,0,10.5,6.5,0.772
4,7,7,3,3,3,0,10,0,1,8,1,6,0,0,5,0,1,1,1,1,1,1,0,1,0,1,4,1,1,0,0,1,0,58.0,21.0,0.557
6,4,1,4,2,6,0,14,1,1,4,9,8,1,0,6,0,1,1,1,2,1,1,0,1,1,1,3,1,1,1,0,2,0,67.0,20.25,0.518
1,1,2,2,0,0,0,1,0,4,7,0,1,2,0,6,0,1,1,1,1,0,0,0,1,0,2,3,0,1,1,0,1,0,27.0,28.0,0.68
1,0,0,1,0,1,0,2,0,1,3,0,0,0,0,3,0,1,0,0,1,0,1,0,1,0,1,2,0,0,0,0,1,0,12.0,16.0,0.816
4,7,1,3,5,3,0,8,1,1,7,5,8,1,0,7,0,1,1,1,3,1,1,0,1,1,1,2,1,1,1,0,1,0,15.25,7.188,0.543
0,2,1,1,1,0,0,0,1,0,2,1,0,0,0,2,0,0,1,1,1,1,0,0,0,1,0,2,1,0,0,0,1,0,11.0,4.0,0.64
2,1,2,1,0,2,0,3,0,0,3,0,2,0,0,2,0,1,1,1,1,0,1,0,1,0,0,2,0,1,0,0,1,0,9.5,3.0,0.487
4,3,3,0,3,1,0,7,0,0,2,2,7,1,0,2,0,1,1,1,0,1,1,0,1,0,0,1,1,1,1,0,1,0,11.667,1.333,0.239
4,5,4,3,2,6,0,9,4,0,11,0,2,2,0,5,0,1,1,1,1,1,1,0,1,1,0,5,0,1,1,0,2,0,19.0,10.333,0.562
0,1,1,1,0,1,0,4,0,0,1,2,0,0,0,0,1,0,1,1,1,0,1,0,1,0,0,1,1,0,0,0,0,1,12.0,2.0,0.408
7,6,9,7,3,7,0,20,5,3,9,0,8,5,1,11,0,1,1,1,3,1,1,0,1,1,2,4,0,1,1,1,2,0,25.0,14.438,0.636
1,0,0,0,0,1,0,10,3,0,0,22,12,0,0,2,8,1,0,0,0,0,1,0,1,1,0,0,1,1,0,0,1,1,58.0,0.0,0.093
1,2,0,0,0,2,0,3,1,0,1,0,1,0,0,2,0,1,1,0,0,0,1,0,1,1,0,1,0,1,0,0,2,0,13.0,9.0,0.588
5,7,1,4,0,3,0,12,1,3,9,1,7,3,0,8,0,1,1,1,2,0,1,0,1,1,1,5,1,1,1,0,1,0,16.0,8.5,0.53
2,2,0,0,0,0,0,1,1,0,3,0,1,1,0,4,0,1,1,0,0,0,0,0,1,1,0,2,0,1,1,0,1,0,15.0,4.0,0.365
1,0,0,2,0,1,0,1,0,0,2,0,2,0,0,2,0,1,0,0,2,0,1,0,1,0,0,1,0,1,0,0,1,0,11.0,11.0,0.853
9,8,6,10,1,3,0,12,2,3,10,3,5,2,0,7,1,1,1,1,3,1,1,0,1,1,2,4,1,1,1,0,1,1,27.0,14.667,0.55
0,2,0,3,0,2,0,5,0,2,3,0,2,3,0,4,0,0,1,0,2,0,1,0,1,0,2,2,0,1,1,0,1,0,13.0,12.5,0.693
3,4,4,2,1,3,0,4,0,0,4,7,3,1,0,4,0,1,1,1,1,1,1,0,1,0,0,2,1,1,1,0,1,0,13.333,5.333,0.447
2,1,1,1,1,2,0,3,0,0,5,2,2,1,0,3,0,1,1,1,1,1,1,0,1,0,0,3,1,1,1,0,1,0,12.0,5.5,0.577
3,4,4,1,0,3,0,6,0,1,3,0,2,1,0,3,0,1,1,1,1,0,1,0,1,0,1,2,0,1,1,0,1,0,15.5,3.0,0.381
3,1,2,2,0,3,0,4,0,1,2,1,3,0,0,2,1,1,1,1,1,0,1,0,1,0,1,1,1,1,0,0,2,1,12.5,7.5,0.566
1,1,2,0,1,1,0,1,0,0,2,2,1,0,0,3,1,1,1,1,0,1,1,0,1,0,0,1,1,1,0,0,1,1,8.0,2.0,0.354
1,1,2,1,1,2,1,3,0,0,2,0,1,0,0,1,0,1,1,1,1,1,1,1,1,0,0,1,0,1,0,0,1,0,16.0,6.0,0.53
1,3,2,0,0,2,1,4,0,0,1,2,5,0,0,2,0,1,1,1,0,0,1,1,2,0,0,1,1,1,0,0,1,0,11.5,2.5,0.442
0,3,1,0,0,3,0,7,0,0,2,1,2,0,0,1,0,0,1,1,0,0,1,0,1,0,0,2,1,1,0,0,1,0,10.0,1.0,0.316
1,1,2,1,1,0,0,1,1,1,3,1,2,0,1,2,0,1,1,1,1,1,0,0,1,1,1,3,1,1,0,1,1,0,18.0,26.75,1.0
2,5,3,1,3,4,0,7,0,3,6,0,6,0,0,6,1,1,1,1,1,1,1,0,1,0,2,3,0,1,0,0,1,1,15.667,7.667,0.413
4,3,2,4,3,2,0,11,0,0,6,0,5,1,0,3,0,1,1,1,2,1,1,0,1,0,0,3,0,1,1,0,1,0,14.667,7.0,0.533
1,0,2,2,3,2,0,3,1,1,5,0,2,1,0,6,0,1,0,1,2,1,1,0,1,1,1,4,0,1,1,0,1,0,29.0,15.0,0.657
2,2,1,2,1,0,0,3,2,0,2,0,3,1,0,6,0,1,1,1,2,1,0,0,1,1,0,2,0,1,1,0,1,0,8.333,3.5,0.424
5,4,1,1,2,4,0,9,3,0,4,0,7,0,1,5,0,1,1,1,1,1,1,0,1,1,0,3,0,1,0,1,1,0,15.0,4.333,0.422
8,11,9,11,3,9,2,24,10,5,7,1,16,5,1,11,1,1,1,1,3,1,1,1,1,1,2,3,1,1,1,1,1,1,22.0,7.167,0.369
1,1,1,1,0,0,0,2,0,1,3,1,1,2,0,3,0,1,1,1,1,0,0,0,1,0,1,2,1,1,1,0,1,0,17.0,21.0,0.686
5,5,4,6,5,6,0,10,4,2,1,0,7,0,0,6,0,1,1,1,2,1,1,0,1,1,1,1,0,1,0,0,1,0,15.0,5.0,0.274
1,3,2,0,0,1,0,5,8,1,2,0,3,1,4,4,2,1,1,1,0,0,1,0,1,1,1,1,0,1,1,1,1,1,36.0,4.0,0.236
3,4,3,3,1,2,0,5,0,0,4,2,2,0,0,4,0,1,1,1,1,1,1,0,1,0,0,2,1,1,0,0,1,0,33.0,4.0,0.246
1,2,1,1,0,1,0,2,0,0,3,0,0,0,0,2,0,1,1,1,1,0,1,0,1,0,0,3,0,0,0,0,1,0,13.0,5.0,0.588
0,1,0,1,0,0,0,1,0,0,2,5,0,0,0,1,0,0,1,0,1,0,0,0,1,0,0,2,1,0,0,0,1,0,11.0,4.0,0.64
3,11,4,8,6,3,0,9,2,4,7,4,11,3,2,10,0,1,1,1,2,1,1,0,1,1,2,4,1,1,1,1,1,0,42.0,22.5,0.463
4,9,2,10,1,8,0,17,4,1,6,3,11,2,1,4,1,1,1,1,2,1,1,0,1,1,1,4,1,1,1,1,1,1,20.75,8.75,0.466
4,1,5,3,1,1,0,2,2,1,4,1,7,0,1,6,0,1,1,1,2,1,1,0,1,1,1,3,1,1,0,1,2,0,12.667,9.333,0.803
13,20,9,15,3,18,1,33,17,6,11,6,26,5,2,25,0,1,1,1,3,1,1,1,1,1,2,5,1,1,1,1,3,0,18.909,7.636,0.441
2,3,2,4,0,3,0,3,3,2,4,0,2,3,0,5,0,1,1,1,2,0,1,0,1,1,2,2,0,1,1,0,1,0,18.0,17.0,0.707
1,1,0,0,1,2,0,2,0,0,2,0,1,0,0,2,0,1,1,0,0,1,1,0,1,0,0,2,0,1,0,0,2,0,12.0,8.0,0.612
11,14,6,8,5,7,0,25,3,3,21,1,15,1,0,16,1,1,1,1,2,1,1,0,1,1,2,7,1,1,1,0,3,1,68.5,40.625,0.665
1,3,4,1,0,1,0,3,0,0,1,0,4,1,0,2,0,1,1,1,1,0,1,0,1,0,0,1,0,1,1,0,1,0,21.0,5.0,0.463
1,2,1,0,0,6,1,13,2,0,3,0,7,1,0,6,0,1,1,1,0,0,1,1,1,1,0,3,0,1,1,0,1,0,11.0,2.5,0.32
2,19,6,8,4,16,0,30,2,2,13,1,13,1,0,13,1,1,1,1,2,1,1,0,1,1,2,5,1,1,1,0,1,1,26.2,11.4,0.494
6,20,9,10,6,11,2,29,5,4,15,2,28,1,0,11,1,1,1,1,3,1,1,1,1,1,2,7,1,1,1,0,1,1,14.545,7.364,0.559
3,4,2,1,2,1,0,5,0,0,2,0,1,0,0,0,1,1,1,1,1,1,1,0,1,0,0,1,0,1,0,0,0,1,11.0,1.0,0.302
6,3,1,1,1,3,1,9,0,0,7,0,1,0,0,5,0,1,1,1,1,1,1,1,1,0,0,3,0,1,0,0,1,0,38.0,10.0,0.459
1,2,1,0,3,2,0,2,0,0,2,5,2,0,0,2,0,1,1,1,0,1,1,0,1,0,0,1,1,1,0,0,1,0,11.5,0.0,0.147
6,3,4,4,2,4,0,4,1,0,3,0,3,0,0,4,0,1,1,1,2,1,1,0,1,1,0,2,0,1,0,0,1,0,18.5,13.0,0.581
2,5,4,2,2,2,0,3,3,1,3,0,5,1,0,3,0,1,1,1,1,1,1,0,1,1,1,2,0,1,1,0,1,0,36.0,18.0,0.589
1,3,0,1,0,1,0,3,1,0,2,0,0,0,0,1,0,1,1,0,1,0,1,0,1,1,0,2,0,0,0,0,1,0,13.0,4.0,0.588
2,1,1,2,1,1,0,1,1,1,3,0,0,0,0,1,0,1,1,1,2,1,1,0,1,1,1,3,0,0,0,0,1,0,15.0,27.0,1.095
1,3,5,2,1,5,0,5,1,1,6,0,4,1,0,5,0,1,1,1,2,1,1,0,1,1,1,5,0,1,1,0,2,0,10.0,9.188,1.006
3,1,2,0,1,3,0,7,2,0,0,8,3,0,0,1,4,1,1,1,0,1,1,0,1,1,0,0,1,1,0,0,1,1,11.667,0.0,0.12
2,0,4,2,3,3,0,5,0,0,4,0,2,0,0,2,0,1,0,1,1,1,1,0,1,0,0,3,0,1,0,0,2,0,27.0,20.0,0.816
3,6,2,5,1,2,0,6,2,0,7,4,6,2,2,3,0,1,1,1,2,1,1,0,1,1,0,4,1,1,1,1,1,0,24.5,10.0,0.505
13,10,8,1,4,8,2,22,3,0,3,5,22,1,1,8,1,1,1,1,1,1,1,1,1,1,0,2,1,1,1,1,2,1,28.25,3.25,0.266
14,6,6,4,5,9,0,17,0,1,12,2,11,1,0,10,1,1,1,1,2,1,1,0,1,0,1,5,1,1,1,0,2,1,19.8,10.0,0.497
9,5,7,3,3,4,1,8,1,1,13,1,8,1,0,9,0,1,1,1,2,1,1,1,1,1,1,6,1,1,1,0,2,0,24.667,17.333,0.74
9,13,6,2,5,9,1,16,2,1,16,3,7,4,0,10,0,1,1,1,2,1,1,1,1,1,1,7,1,1,1,0,2,0,20.8,11.91,0.763
1,1,2,1,1,3,1,4,0,0,2,3,3,0,1,1,0,1,1,1,1,1,1,1,1,0,0,2,1,1,0,1,1,0,23.0,7.0,0.59
0,1,3,0,0,1,0,3,2,0,1,0,4,0,1,3,0,0,1,1,0,0,1,0,1,1,0,1,0,1,0,1,1,0,9.0,1.0,0.333
1,1,5,4,0,1,0,5,0,1,2,0,2,2,0,3,1,1,1,1,3,0,1,0,1,0,1,1,0,1,1,0,1,1,14.0,14.786,0.668
5,4,2,5,2,5,1,10,2,4,2,0,6,2,0,5,0,1,1,1,2,1,1,1,1,1,2,1,0,1,1,0,1,0,55.0,15.0,0.381
1,1,1,2,1,0,0,1,0,1,5,0,3,0,0,3,0,1,1,1,2,1,0,0,1,0,1,4,0,1,0,0,2,0,9.5,13.0,0.973
3,5,5,4,3,8,0,10,2,0,5,3,5,1,0,5,0,1,1,1,2,1,1,0,1,1,0,3,1,1,1,0,1,0,29.0,6.5,0.371
0,0,0,0,1,0,1,2,0,1,4,0,4,0,0,2,0,0,0,0,0,1,0,1,1,0,1,4,0,1,0,0,1,0,7.5,8.0,1.095
1,2,3,2,0,1,1,3,2,1,2,0,3,0,1,2,0,1,1,1,2,0,1,1,1,1,1,2,0,1,0,1,1,0,23.0,18.571,0.737
3,2,7,9,1,3,1,6,1,4,12,1,10,2,0,10,3,1,1,1,4,1,1,1,1,1,2,5,1,1,1,0,1,1,7.5,7.975,0.735
2,3,2,6,0,2,1,6,0,5,7,0,6,1,0,7,0,1,1,1,2,0,1,1,1,0,2,3,0,1,1,0,1,0,9.6,8.0,0.51
2,3,0,2,1,4,0,4,0,0,1,2,1,0,0,1,0,1,1,0,2,1,1,0,1,0,0,1,1,1,0,0,1,0,10.5,2.0,0.463
0,1,1,1,2,1,1,6,5,0,3,2,1,1,0,5,5,0,1,1,1,1,1,1,1,1,0,1,1,1,1,0,1,1,35.0,8.0,0.359
2,1,0,1,1,3,0,9,0,1,2,7,0,0,0,2,6,1,1,0,1,1,1,0,1,0,1,2,1,0,0,0,1,1,35.0,18.75,0.478
4,8,5,7,2,7,0,15,0,4,11,2,7,2,0,13,0,1,1,1,2,1,1,0,1,0,1,5,1,1,1,0,2,0,29.0,10.667,0.531
1,1,0,0,1,2,0,2,0,0,0,2,3,0,0,0,0,1,1,0,0,1,1,0,1,0,0,0,1,1,0,0,0,0,12.0,0.0,0.204
11,10,4,6,5,10,0,10,1,1,15,0,4,2,0,10,0,1,1,1,2,1,1,0,1,1,1,5,0,1,1,0,1,0,14.833,7.167,0.525
5,12,6,7,2,8,0,18,3,2,7,0,5,1,0,9,1,1,1,1,2,1,1,0,1,1,1,5,0,1,1,0,1,1,28.667,6.333,0.457
1,3,1,0,0,3,0,5,0,2,5,1,1,1,0,4,0,1,1,1,0,0,1,0,1,0,2,5,1,1,1,0,1,0,13.5,8.0,0.816
3,5,2,2,3,4,0,6,0,0,7,3,6,1,0,5,0,1,1,1,1,1,1,0,1,0,0,4,1,1,1,0,1,0,15.667,5.667,0.516
5,8,4,6,4,10,0,13,2,0,2,0,3,0,0,3,1,1,1,1,3,1,1,0,1,1,0,2,0,1,0,0,1,1,20.333,7.524,0.453
11,18,6,7,2,14,0,25,4,2,11,1,10,4,0,13,1,1,1,1,3,1,1,0,1,1,2,5,1,1,1,0,1,1,43.0,13.0,0.498
11,12,7,7,6,11,1,26,6,0,7,2,18,0,2,6,1,1,1,1,2,1,1,1,1,1,0,3,1,1,0,1,1,1,40.333,9.0,0.321
2,2,5,3,1,2,0,2,3,1,4,1,4,1,1,4,0,1,1,1,2,1,1,0,1,1,1,1,1,1,1,1,1,0,17.5,9.5,0.478
10,12,7,9,4,5,0,20,6,2,7,0,8,3,3,8,0,1,1,1,2,1,1,0,1,1,2,4,0,1,1,1,1,0,33.667,9.0,0.422
0,1,0,1,1,0,0,2,2,0,2,1,1,0,0,1,0,0,1,0,1,1,0,0,1,1,0,2,1,1,0,0,1,0,12.0,5.0,0.612
4,3,3,1,1,3,0,7,0,0,2,1,3,0,0,4,0,1,1,1,1,1,1,0,1,0,0,2,1,1,0,0,2,0,10.667,5.0,0.625
1,2,0,0,0,1,0,1,0,0,0,2,1,1,0,2,0,1,1,0,0,0,1,0,1,0,0,0,1,1,1,0,1,0,11.0,0.0,0.213
1,1,0,2,0,1,0,2,0,1,1,0,1,0,0,1,0,1,1,0,1,0,1,0,1,0,1,1,0,1,0,0,1,0,11.0,21.0,0.64
1,0,0,1,0,1,0,3,0,1,1,0,0,0,0,3,0,1,0,0,1,0,1,0,1,0,1,1,0,0,0,0,1,0,11.0,2.0,0.426
3,1,7,3,0,4,0,7,1,1,2,0,7,1,0,3,1,1,1,1,2,0,1,0,1,1,1,2,0,1,1,0,1,1,13.667,7.0,0.663
2,0,0,2,0,2,0,3,0,0,1,0,3,1,1,1,0,1,0,0,1,0,1,0,1,0,0,1,0,1,1,1,1,0,15.0,6.0,0.548
2,1,1,1,0,1,0,1,0,1,0,2,2,0,0,1,0,1,1,1,1,0,1,0,1,0,1,0,1,1,0,0,1,0,14.0,7.0,0.378
0,0,2,0,0,1,0,1,0,0,1,1,4,0,0,3,0,0,0,1,0,0,1,0,1,0,0,1,1,1,0,0,2,0,4.333,0.667,0.392
0,1,0,0,1,2,1,2,0,1,1,1,1,0,0,3,0,0,1,0,0,1,1,1,1,0,1,1,1,1,0,0,1,0,14.0,2.0,0.378
2,0,0,2,1,0,0,1,1,0,2,0,2,1,0,0,0,1,0,0,1,1,0,0,1,1,0,2,0,1,1,0,0,0,12.0,8.0,0.816
1,3,2,0,2,1,0,2,4,0,0,0,2,0,0,1,0,1,1,1,0,1,1,0,1,1,0,0,0,1,0,0,1,0,18.0,0.0,0.167
1,3,2,1,0,3,0,2,1,1,4,0,2,2,0,4,0,1,1,1,1,0,1,0,1,1,1,2,0,1,1,0,2,0,8.667,10.0,0.693
2,4,1,3,2,1,0,1,1,0,3,3,3,0,0,5,0,1,1,1,1,1,1,0,1,1,0,2,1,1,0,0,1,0,14.5,6.5,0.525
2,2,4,4,2,2,0,6,0,2,9,0,3,2,0,5,0,1,1,1,2,1,1,0,1,0,1,3,0,1,1,0,1,0,21.5,18.5,0.539
7,5,1,2,2,3,0,5,0,2,3,0,2,3,0,5,0,1,1,1,1,1,1,0,1,0,2,2,0,1,1,0,1,0,20.0,9.9,0.559
1,5,4,2,1,0,0,4,0,1,4,0,4,1,0,2,0,1,1,1,1,1,0,0,1,0,1,3,0,1,1,0,1,0,14.5,10.5,0.788
0,1,2,2,2,4,0,7,1,1,5,1,2,1,0,6,0,0,1,1,2,1,1,0,1,1,1,2,1,1,1,0,2,0,17.0,15.5,0.606
7,10,11,7,5,4,0,16,0,2,18,0,10,5,1,16,1,1,1,1,3,1,1,0,1,0,1,4,0,1,1,1,2,1,16.0,13.286,0.468
1,1,4,2,2,0,0,1,0,1,3,0,2,1,0,3,0,1,1,1,2,1,0,0,1,0,1,3,0,1,1,0,1,0,10.5,7.0,0.772
3,3,2,1,1,1,1,5,0,0,5,0,4,0,0,3,0,1,1,1,1,1,1,1,1,0,0,3,0,1,0,0,2,0,14.5,10.0,0.788
0,1,0,0,0,0,0,2,0,0,4,0,2,0,0,3,0,0,1,0,0,0,0,0,1,0,0,4,0,1,0,0,1,0,6.0,5.0,0.816
2,1,1,3,0,2,0,2,0,1,2,0,2,0,0,1,0,1,1,1,3,0,1,0,1,0,1,2,0,1,0,0,1,0,17.0,14.571,0.686
3,9,3,6,2,7,0,19,1,7,13,0,11,2,0,19,0,1,1,1,3,1,1,0,1,1,2,7,0,1,1,0,2,0,20.4,17.4,0.77
7,10,6,9,6,6,0,13,0,2,15,1,9,2,0,10,1,1,1,1,2,1,1,0,1,0,1,5,1,1,1,0,2,1,19.4,12.8,0.503
6,9,4,7,2,5,0,13,0,2,20,1,1,0,0,12,0,1,1,1,3,1,1,0,1,0,2,4,1,1,0,0,2,0,41.0,30.5,0.547
19,16,13,13,11,10,1,29,0,6,23,10,12,6,0,18,0,1,1,1,3,1,1,1,1,0,2,8,1,1,1,0,2,0,17.0,11.091,0.621
1,1,0,2,0,0,0,2,0,1,2,0,0,2,0,2,0,1,1,0,2,0,0,0,1,0,1,1,0,0,1,0,1,0,13.0,24.0,0.784
3,4,5,4,2,3,0,4,1,2,7,0,2,0,0,4,0,1,1,1,3,1,1,0,1,1,1,2,0,1,0,0,2,0,20.5,27.5,0.663
4,3,2,3,1,3,0,6,0,1,4,4,1,2,0,6,0,1,1,1,2,1,1,0,1,0,1,3,1,1,1,0,2,0,40.0,11.0,0.447
2,1,0,2,1,1,0,3,0,2,5,1,2,3,0,4,0,1,1,0,2,1,1,0,1,0,2,4,1,1,1,0,1,0,13.5,16.5,1.089
0,1,1,1,0,0,0,4,0,1,1,0,1,0,0,2,0,0,1,1,1,0,0,0,1,0,1,1,0,1,0,0,1,0,12.0,14.0,0.816
4,7,5,6,1,5,0,11,0,0,11,1,4,2,0,6,0,1,1,1,2,1,1,0,1,0,0,6,1,1,1,0,2,0,12.6,8.8,0.713
5,9,3,5,2,3,0,6,4,4,8,0,3,2,0,6,0,1,1,1,2,1,1,0,1,1,2,4,0,1,1,0,1,0,30.0,17.0,0.548
0,1,0,0,1,0,1,0,0,1,3,2,2,0,0,3,1,0,1,0,0,1,0,1,0,0,1,3,1,1,0,0,2,1,15.0,12.0,0.73
0,0,0,0,0,1,0,2,2,0,2,4,0,0,0,2,0,0,0,0,0,0,1,0,1,1,0,2,1,0,0,0,1,0,6.5,2.5,0.588
12,19,20,10,7,5,0,20,2,3,26,0,7,6,0,16,0,1,1,1,3,1,1,0,1,1,2,6,0,1,1,0,2,0,38.25,27.25,0.514
1,4,5,5,3,3,0,6,0,5,6,3,4,2,0,10,1,1,1,1,1,1,1,0,1,0,2,4,1,1,1,0,1,1,58.0,48.0,0.65
10,13,15,12,5,10,1,17,0,3,21,0,19,2,0,20,1,1,1,1,2,1,1,1,1,0,2,6,0,1,1,0,2,1,21.429,8.0,0.52
2,3,1,1,1,1,0,6,0,1,4,1,4,0,0,8,1,1,1,1,1,1,1,0,1,0,1,3,1,1,0,0,1,1,34.0,17.0,0.728
4,9,11,7,3,7,0,11,2,3,9,0,10,1,0,14,1,1,2,1,5,1,1,0,1,1,2,4,0,1,1,0,2,1,23.0,14.893,0.811
0,1,0,2,0,1,0,1,1,0,2,0,2,0,0,1,0,0,1,0,1,0,1,0,1,1,0,1,0,1,0,0,1,0,11.0,8.0,0.64
5,1,5,2,2,1,0,3,1,1,3,0,2,0,0,2,0,1,1,1,2,1,1,0,1,1,1,1,0,1,0,0,2,0,9.333,7.333,0.668
0,1,3,1,1,0,1,1,1,1,1,0,2,0,0,3,0,0,1,1,1,1,0,1,1,1,1,1,0,1,0,0,1,0,8.0,2.0,0.53
9,7,2,4,3,5,0,11,0,2,8,0,5,0,0,9,0,1,1,1,2,1,1,0,1,0,1,3,0,1,0,0,2,0,13.0,13.0,0.614
0,1,0,2,0,4,0,3,0,0,2,0,5,0,0,2,0,0,1,0,1,0,1,0,1,0,0,2,0,1,0,0,1,0,8.5,3.0,0.514
7,6,5,5,2,5,1,8,2,2,6,0,10,2,0,9,0,1,1,1,3,1,1,1,1,1,2,3,0,1,1,0,2,0,17.5,9.0,0.676
5,8,1,0,2,6,0,12,1,0,6,0,4,0,0,4,0,1,1,1,0,1,1,0,1,1,0,4,0,1,0,0,1,0,24.5,6.5,0.505
6,9,5,4,1,2,0,7,3,1,3,0,6,1,0,5,0,1,1,1,2,1,1,0,1,1,1,2,0,1,1,0,1,0,27.0,4.5,0.385
1,2,2,0,1,1,0,5,0,1,6,0,4,0,0,4,0,1,1,1,0,1,1,0,1,0,1,3,0,1,0,0,3,0,27.0,22.0,0.68
4,2,2,1,3,0,0,2,0,0,7,0,5,0,0,6,0,1,1,1,1,1,0,0,1,0,0,2,0,1,0,0,1,0,10.667,4.0,0.25
2,2,2,4,1,1,0,2,0,2,3,0,3,1,0,4,0,1,1,1,3,1,1,0,1,0,1,3,0,1,1,0,1,0,13.5,8.0,0.68
3,2,1,2,0,1,0,2,0,1,5,0,2,1,0,5,0,1,1,1,1,0,1,0,1,0,1,3,0,1,1,0,2,0,12.5,16.5,0.849
4,2,2,2,1,3,0,3,1,0,4,0,2,0,0,3,0,1,1,1,1,1,1,0,1,1,0,2,0,1,0,0,2,0,27.0,20.0,0.68
4,5,9,3,3,1,0,5,0,1,10,0,4,5,0,10,0,1,1,1,2,1,1,0,1,0,1,3,0,1,1,0,1,0,20.0,10.0,0.456
7,9,8,11,5,5,0,22,1,1,13,0,12,5,0,12,0,1,1,1,5,1,1,0,1,1,1,3,0,1,1,0,3,0,18.5,12.887,0.604
0,2,1,1,1,1,0,3,1,1,3,2,1,0,0,2,0,0,1,1,1,1,1,0,1,1,1,3,1,1,0,0,1,0,19.0,6.0,0.649
0,0,1,3,0,0,0,1,1,0,2,1,2,0,0,2,0,0,0,1,3,0,0,0,1,1,0,2,1,1,0,0,1,0,13.0,17.0,0.981
4,4,5,6,3,5,0,7,1,4,10,5,6,2,0,13,1,1,1,1,3,1,1,0,1,1,2,4,1,1,1,0,2,1,19.0,15.5,0.73
0,4,3,1,4,1,0,3,3,2,4,32,17,1,0,4,2,0,1,1,1,1,1,0,1,1,1,2,1,1,1,0,1,1,27.0,3.333,0.314
1,0,0,2,0,0,2,0,0,0,2,2,2,0,0,1,0,1,0,0,1,0,0,1,0,0,0,2,1,1,0,0,1,0,12.0,10.0,0.612
1,1,2,1,1,0,0,0,1,0,3,1,2,0,0,1,0,1,1,1,1,1,0,0,0,1,0,2,1,1,0,0,1,0,7.0,4.5,0.756
0,0,0,2,0,3,0,3,0,0,2,4,2,1,0,0,0,0,0,0,1,0,1,0,1,0,0,2,1,1,1,0,0,0,8.5,3.0,0.514
0,2,2,1,3,0,0,1,0,0,5,0,1,0,0,5,0,0,1,1,1,1,0,0,1,0,0,4,0,1,0,0,1,0,10.0,6.0,0.791
4,3,8,2,3,1,0,9,0,1,6,3,7,1,0,7,0,1,1,1,1,1,1,0,1,0,1,3,1,1,1,0,2,0,11.0,3.8,0.477
2,1,2,5,1,0,0,2,1,0,7,0,1,0,0,3,0,1,1,1,4,1,0,0,1,1,0,4,0,1,0,0,1,0,6.25,9.125,1.131
1,3,4,1,2,3,0,3,0,1,5,5,2,3,0,6,0,1,1,1,1,1,1,0,1,0,1,4,1,1,1,0,1,0,39.0,11.0,0.566
0,1,0,0,2,0,0,1,3,0,0,7,2,0,0,0,0,0,1,0,0,1,0,0,1,1,0,0,1,1,0,0,0,0,16.0,0.0,0.177
1,5,3,1,1,4,0,7,1,0,6,2,5,1,0,6,1,1,1,1,1,1,1,0,1,1,0,4,1,1,1,0,1,1,14.667,5.333,0.426
3,0,0,1,1,1,0,5,1,0,0,0,1,0,0,0,0,1,0,0,1,1,1,0,1,1,0,0,0,1,0,0,0,0,13.0,2.0,0.392
0,1,2,0,0,0,0,2,0,0,1,1,1,1,0,2,0,0,1,1,0,0,0,0,1,0,0,1,1,1,1,0,2,0,11.0,5.0,0.64
1,4,2,2,1,3,0,7,1,1,4,0,1,1,0,4,2,1,1,1,2,1,1,0,1,1,1,4,0,1,1,0,2,1,34.0,35.571,0.97
0,1,1,1,0,0,0,1,0,0,2,2,1,1,0,1,0,0,1,1,1,0,0,0,1,0,0,2,1,1,1,0,1,0,11.0,7.0,0.853
0,0,1,0,1,0,0,2,2,1,0,6,6,0,0,2,0,0,0,1,0,1,0,0,1,1,1,0,1,1,0,0,1,0,21.0,0.0,0.154
7,11,7,11,4,7,0,21,21,2,6,4,19,2,9,8,5,1,1,1,2,1,1,0,1,1,1,2,1,1,1,1,2,1,67.5,29.75,0.365
0,3,0,1,1,2,0,7,2,2,3,0,4,1,0,4,0,0,1,0,1,1,1,0,1,1,1,3,0,1,1,0,1,0,14.5,7.786,0.657
1,1,1,0,3,5,0,9,0,1,5,1,3,2,0,7,0,1,1,1,0,1,1,0,1,0,1,2,1,1,1,0,1,0,13.0,3.333,0.34
3,5,7,4,2,1,0,4,0,3,9,1,2,2,0,8,1,1,1,1,2,1,1,0,1,0,2,5,1,1,1,0,1,1,26.0,22.5,0.784
1,5,4,3,1,5,0,3,1,0,3,9,4,0,0,5,1,1,1,1,2,1,1,0,1,1,0,2,1,1,0,0,2,1,22.5,14.5,0.632
1,3,0,1,0,3,0,4,0,0,1,0,2,0,0,1,0,1,1,0,1,0,1,0,1,0,0,1,0,1,0,0,1,0,16.0,5.0,0.53
1,0,0,2,1,1,0,3,0,0,1,2,1,0,0,0,1,1,0,0,1,1,1,0,1,0,0,1,1,1,0,0,0,1,6.5,5.0,0.588
2,3,1,2,1,2,0,2,0,0,7,1,2,1,0,3,0,1,1,1,1,1,1,0,1,0,0,4,1,1,1,0,1,0,13.5,10.5,0.68
1,0,2,0,1,0,0,2,3,0,2,9,8,0,0,1,0,1,0,1,0,1,0,0,1,1,0,2,1,1,0,0,1,0,14.5,1.5,0.263
1,1,0,2,1,2,0,3,0,0,2,0,0,0,0,1,0,1,1,0,1,1,1,0,1,0,0,2,0,0,0,0,1,0,13.0,10.0,0.784
6,6,5,3,2,7,0,11,2,1,6,0,7,2,0,8,0,1,1,1,1,1,1,0,1,1,1,3,0,1,1,0,1,0,33.0,9.0,0.435
5,3,0,0,1,3,0,5,2,0,4,0,1,2,0,6,0,1,1,0,0,1,1,0,1,1,0,4,0,1,1,0,1,0,16.0,5.5,0.5
1,1,1,1,1,1,0,4,0,2,3,2,2,0,0,4,0,1,1,1,1,1,1,0,1,0,2,2,1,1,0,0,1,0,23.0,13.0,0.59
0,0,1,1,1,1,1,1,0,2,3,0,1,0,0,3,0,0,0,1,1,1,1,1,1,0,2,2,0,1,0,0,1,0,15.0,11.0,0.548
1,3,6,8,2,2,0,4,4,1,9,28,20,1,0,7,0,1,1,1,3,1,1,0,1,1,1,4,1,1,1,0,1,0,24.0,11.536,0.505
4,2,4,4,2,1,1,4,0,1,5,1,2,0,0,4,0,1,1,1,2,1,1,1,1,0,1,4,1,1,0,0,1,0,35.0,26.0,0.837
1,1,0,0,1,1,2,6,0,0,4,0,2,0,0,3,0,1,1,0,0,1,1,1,1,0,0,4,0,1,0,0,1,0,7.0,2.667,0.617
0,1,2,1,1,0,0,0,2,1,1,3,2,0,0,2,0,0,1,1,1,1,0,0,0,1,1,1,1,1,0,0,2,0,16.0,13.25,0.884
1,0,0,1,1,1,0,1,2,1,1,1,2,0,0,0,0,1,0,0,1,1,1,0,1,1,1,1,1,1,0,0,0,0,5.5,5.5,0.853
0,0,0,3,1,0,0,0,2,1,2,0,1,1,0,0,0,0,0,0,3,1,0,0,0,1,1,2,0,1,1,0,0,0,11.0,22.571,1.279
2,8,4,2,1,6,1,10,6,1,7,1,9,3,3,9,0,1,1,1,2,1,1,1,1,1,1,3,1,1,1,1,2,0,17.5,8.25,0.423
11,9,5,6,2,8,0,16,7,1,9,3,3,3,0,8,1,1,1,1,2,1,1,0,1,1,1,2,1,1,1,0,2,1,46.0,6.0,0.221
3,2,2,2,0,2,1,6,3,1,0,0,2,1,1,2,0,1,1,1,1,0,1,1,1,1,1,0,0,1,1,1,2,0,13.5,5.5,0.544
7,8,13,4,7,5,0,9,2,2,7,8,8,1,0,11,0,1,1,1,1,1,1,0,1,1,2,4,1,1,1,0,1,0,23.0,5.0,0.369
4,7,11,8,3,5,1,15,2,2,5,3,8,2,0,16,0,1,1,1,3,1,1,1,1,1,2,3,1,1,1,0,2,0,30.667,11.0,0.442
4,6,5,2,0,5,0,10,4,1,8,2,5,1,1,10,0,1,1,1,1,0,1,0,1,1,1,4,1,1,1,1,1,0,21.0,8.333,0.445
0,0,1,0,1,1,0,0,1,0,0,3,3,0,0,1,0,0,0,1,0,1,1,0,0,1,0,0,1,1,0,0,1,0,11.0,0.0,0.213
3,3,3,1,4,5,0,6,1,1,5,2,4,0,0,5,0,1,1,1,1,1,1,0,1,1,1,2,1,1,0,0,2,0,21.5,10.0,0.539
1,0,3,0,1,1,0,4,2,0,2,0,2,0,0,2,0,1,0,1,0,1,1,0,1,1,0,2,0,1,0,0,2,0,9.0,7.0,0.833
0,0,1,1,1,0,0,0,3,0,1,7,5,0,0,1,0,0,0,1,1,1,0,0,0,1,0,1,1,1,0,0,1,0,20.0,4.0,0.474
11,7,9,10,3,6,0,19,1,1,10,4,15,4,0,10,2,1,1,1,4,1,1,0,1,1,1,6,1,1,1,0,1,1,14.0,7.321,0.601
4,2,3,4,3,1,0,10,0,2,7,4,8,0,0,7,1,1,1,1,2,1,1,0,1,0,1,4,1,1,0,0,2,1,14.0,9.75,0.661
3,5,3,3,0,3,0,9,0,1,9,0,7,3,0,5,0,1,1,1,2,0,1,0,1,0,1,3,0,1,1,0,2,0,17.0,17.333,0.495
0,2,3,0,1,1,1,2,0,0,3,2,2,0,0,1,0,0,1,1,0,1,1,1,1,0,0,2,1,1,0,0,1,0,9.0,4.5,0.667
0,1,2,0,2,1,0,4,2,1,2,1,3,2,0,3,0,0,1,1,0,1,1,0,1,1,1,1,1,1,1,0,1,0,24.0,4.0,0.289
1,2,3,2,1,1,0,3,1,0,4,2,0,2,0,2,0,1,1,1,2,1,1,0,1,1,0,3,1,0,1,0,1,0,24.0,8.0,0.577
0,1,1,1,0,0,0,1,0,2,1,1,1,0,0,3,0,0,1,1,1,0,0,0,1,0,2,1,1,1,0,0,1,0,12.0,14.75,0.816
2,2,3,4,2,0,0,4,2,0,3,3,10,0,1,3,0,1,1,1,2,1,0,0,1,1,0,3,1,1,0,1,1,0,38.0,9.0,0.459
2,1,1,2,0,0,0,1,2,1,1,1,2,0,0,2,0,1,1,1,1,0,0,0,1,1,1,1,1,1,0,0,1,0,16.0,6.0,0.354
4,7,4,6,1,9,1,17,5,3,9,2,15,4,0,8,2,1,1,1,4,1,1,1,1,1,2,5,1,1,1,0,2,1,19.4,9.2,0.646
2,2,1,2,1,1,0,7,0,0,6,2,2,1,0,4,1,1,1,1,1,1,1,0,1,0,0,4,1,1,1,0,1,1,16.0,5.5,0.625
3,11,5,6,4,10,0,18,9,1,8,2,12,1,1,8,1,1,1,1,1,1,1,0,1,1,1,5,1,1,1,1,2,1,32.667,11.333,0.429
3,3,1,2,0,2,0,4,0,1,2,1,4,0,0,2,0,1,1,1,1,0,1,0,1,0,1,2,1,1,0,0,1,0,8.333,4.333,0.566
1,5,0,4,1,2,0,7,4,1,5,1,4,2,1,6,0,1,1,0,2,1,1,0,1,1,1,3,1,1,1,1,1,0,21.5,7.5,0.539
4,1,1,3,2,5,0,8,0,2,3,0,5,0,0,2,0,1,1,1,2,1,1,0,1,0,1,3,0,1,0,0,1,0,18.0,5.0,0.589
4,1,6,0,3,0,0,1,0,0,0,0,2,0,0,1,0,1,1,1,0,1,0,0,1,0,0,0,0,1,0,0,1,0,18.0,0.0,0.167
5,2,1,3,2,5,0,9,0,0,4,2,4,0,0,5,2,1,1,1,2,1,1,0,1,0,0,3,1,1,0,0,2,1,11.0,2.75,0.533
0,1,2,1,0,1,0,1,0,0,0,2,2,0,0,2,0,0,1,1,1,0,1,0,1,0,0,0,1,1,0,0,1,0,6.0,1.0,0.408
0,0,3,3,0,0,0,0,6,0,0,2,6,1,1,0,0,0,0,1,2,0,0,0,0,1,0,0,1,1,1,1,0,0,10.5,1.0,0.309
11,8,5,4,2,8,0,13,1,2,6,0,9,0,0,6,0,1,1,1,1,1,1,0,1,1,1,3,0,1,0,0,2,0,18.5,5.0,0.329
2,2,0,1,0,2,0,4,0,2,1,0,1,0,0,2,0,1,1,0,1,0,1,0,1,0,2,1,0,1,0,0,1,0,17.0,7.0,0.343
6,1,1,4,2,2,0,8,0,2,3,1,5,2,0,3,1,1,1,1,1,1,1,0,1,0,1,3,1,1,1,0,1,1,40.0,28.0,0.559
0,3,5,0,0,1,0,3,2,0,4,1,7,0,0,5,0,0,1,1,0,0,1,0,1,1,0,2,1,1,0,0,2,0,15.5,6.5,0.381
2,6,3,3,2,4,0,6,0,1,10,0,4,2,0,6,0,1,1,1,1,1,1,0,1,0,1,5,0,1,1,0,1,0,16.333,15.0,0.606
1,5,1,1,1,3,0,5,1,2,3,0,1,0,0,5,1,1,1,1,1,1,1,0,1,1,1,3,0,1,0,0,1,1,30.0,19.571,0.645
7,8,3,5,5,6,0,14,0,2,10,1,10,1,0,11,0,1,1,1,2,1,1,0,1,0,1,6,1,1,1,0,1,0,20.75,8.25,0.543
2,2,1,0,0,1,0,2,0,0,2,0,1,0,0,2,0,1,1,1,0,0,1,0,1,0,0,1,0,1,0,0,1,0,6.5,2.0,0.392
0,3,2,1,2,2,0,1,0,2,4,4,2,2,0,6,1,0,1,1,1,1,1,0,1,0,1,2,1,1,1,0,1,1,32.0,23.0,0.5
1,3,3,1,1,1,0,1,3,0,3,0,4,2,1,4,0,1,1,1,1,1,1,0,1,1,0,2,0,1,1,1,1,0,13.5,4.5,0.408
0,1,2,0,0,1,0,2,0,1,1,0,2,1,0,2,0,0,1,1,0,0,1,0,1,0,1,1,0,1,1,0,1,0,13.0,11.0,0.588
2,3,2,2,0,3,1,11,2,0,2,1,21,0,0,7,3,1,1,1,2,0,1,1,1,1,0,2,1,1,0,0,2,1,14.5,4.5,0.464
4,1,2,1,2,3,0,5,0,2,2,1,2,0,0,3,0,1,1,1,1,1,1,0,1,0,2,2,1,1,0,0,1,0,28.0,21.0,0.535
1,0,2,2,0,0,0,0,0,0,2,1,1,0,0,2,0,1,0,1,1,0,0,0,0,0,0,2,1,1,0,0,1,0,11.0,25.0,0.853
4,2,5,4,1,0,0,1,0,2,7,2,5,1,0,4,0,1,1,1,2,1,0,0,1,0,2,3,1,1,1,0,2,0,19.0,16.0,0.803
1,0,0,3,0,2,0,1,0,1,4,0,1,1,0,4,1,1,0,0,2,0,1,0,1,0,1,4,0,1,1,0,1,1,9.5,6.5,0.811
4,5,1,3,0,1,0,3,0,0,5,1,1,0,0,4,1,1,1,1,2,0,1,0,1,0,0,4,1,1,0,0,1,1,14.5,8.0,0.657
10,11,8,6,5,4,0,17,5,1,13,2,7,2,1,10,0,1,1,1,2,1,1,0,1,1,1,6,1,1,1,1,2,0,20.2,8.8,0.563
1,1,1,0,1,1,1,5,0,1,0,1,1,0,0,2,0,1,1,1,0,1,1,1,1,0,1,0,1,1,0,0,1,0,8.0,0.0,0.177
1,1,2,4,0,3,0,2,1,1,0,1,1,2,0,1,0,1,1,1,3,0,1,0,1,1,1,0,1,1,1,0,1,0,20.0,16.0,0.632
1,3,1,2,1,1,0,3,0,1,7,1,2,1,0,4,0,1,1,1,2,1,1,0,1,0,1,3,1,1,1,0,1,0,28.0,24.0,0.802
2,2,1,6,2,1,0,2,0,2,6,0,1,2,0,2,0,1,1,1,3,1,1,0,1,0,2,2,0,1,1,0,1,0,9.667,11.667,0.788
5,6,4,4,4,1,0,3,0,3,13,0,8,1,0,10,0,1,1,1,1,1,1,0,1,0,2,6,0,1,1,0,1,0,20.667,14.667,0.629
4,3,0,1,2,1,0,2,0,0,4,3,3,2,0,2,0,1,1,0,1,1,1,0,1,0,0,2,1,1,1,0,1,0,27.0,27.0,0.544
1,1,0,0,1,1,0,3,0,0,0,1,1,0,0,2,0,1,1,0,0,1,1,0,1,0,0,0,1,1,0,0,1,0,11.0,0.0,0.213
0,0,1,1,0,1,0,2,0,1,4,0,2,2,0,5,0,0,0,1,1,0,1,0,1,0,1,3,0,1,1,0,1,0,19.0,16.0,0.811
17,13,15,14,1,8,0,21,2,8,25,0,23,4,0,27,2,1,1,1,2,1,1,0,1,1,2,7,0,1,1,0,1,1,25.714,13.714,0.474
4,1,4,2,0,1,0,3,0,1,7,0,4,2,0,6,0,1,1,1,2,0,1,0,1,0,1,4,0,1,1,0,2,0,17.5,17.5,0.837
2,2,0,4,1,0,1,2,0,1,5,2,4,0,0,3,0,1,1,0,1,1,0,1,1,0,1,3,1,1,0,0,1,0,27.0,10.0,0.408
4,6,8,8,6,4,1,11,0,8,17,0,8,0,0,18,0,1,1,1,3,1,1,1,1,0,3,5,0,1,0,0,2,0,24.75,23.188,0.711
14,16,4,5,4,13,0,21,4,1,16,3,8,3,0,14,0,1,1,1,2,1,1,0,1,1,1,5,1,1,1,0,2,0,31.5,10.0,0.441
25,18,20,21,15,13,1,35,1,5,38,3,34,6,2,30,3,1,1,1,5,1,1,1,1,1,2,10,1,1,1,1,3,1,26.5,21.857,0.652
2,3,0,0,0,1,1,6,0,0,2,0,2,0,0,1,0,1,1,0,0,0,1,1,1,0,0,2,0,1,0,0,1,0,9.0,2.0,0.5
1,4,0,7,2,2,0,7,0,4,9,0,6,2,0,7,0,1,1,0,3,1,1,0,1,0,2,6,0,1,1,0,1,0,17.0,20.917,0.891
3,3,4,2,1,3,1,5,0,1,5,0,4,1,0,6,0,1,1,1,1,1,1,1,1,0,1,3,0,1,1,0,1,0,13.0,4.333,0.453
0,2,0,1,0,0,0,4,0,1,4,1,1,1,0,4,1,0,1,0,1,0,0,0,1,0,1,3,1,1,1,0,2,1,20.0,23.25,1.107
5,8,10,7,6,4,2,15,1,6,26,1,11,3,0,24,1,1,1,1,4,1,1,1,1,1,2,9,1,1,1,0,3,1,14.444,12.889,0.806
11,13,7,10,4,6,0,22,15,3,20,0,9,6,4,14,0,1,1,1,2,1,1,0,1,1,1,8,0,1,1,1,1,0,34.75,16.25,0.54
7,7,5,4,3,7,0,17,0,1,11,1,4,3,0,13,0,1,1,1,2,1,1,0,1,0,1,5,1,1,1,0,2,0,28.333,15.0,0.614
1,2,2,2,0,0,0,1,2,0,3,0,0,0,0,3,0,1,1,1,1,0,0,0,1,1,0,2,0,0,0,0,1,0,16.0,4.0,0.354
6,5,4,12,7,5,0,17,0,6,21,0,11,5,0,19,0,1,1,1,3,1,1,0,1,0,2,6,0,1,1,0,2,0,29.75,33.375,0.713
2,0,2,4,0,2,1,5,2,1,5,1,7,0,1,1,1,1,0,1,1,0,1,1,1,1,1,3,1,1,0,1,1,1,17.0,18.5,0.728
1,0,1,1,1,0,0,5,0,1,0,2,3,3,0,3,0,1,0,1,1,1,0,0,1,0,1,0,1,1,1,0,1,0,21.0,2.0,0.309
1,0,0,2,1,2,0,3,0,0,0,1,2,0,0,0,0,1,0,0,1,1,1,0,1,0,0,0,1,1,0,0,0,0,12.0,4.0,0.408
1,4,5,2,1,5,0,7,0,1,3,0,2,1,0,8,0,1,1,1,1,1,1,0,1,0,1,3,0,1,1,0,1,0,13.333,4.667,0.447
5,11,11,6,3,7,0,18,5,5,15,3,8,4,0,14,0,1,1,1,2,1,1,0,1,1,1,5,1,1,1,0,1,0,23.0,8.8,0.396
5,11,3,7,3,6,1,19,0,2,12,1,4,3,0,10,1,1,1,1,3,1,1,1,1,0,1,6,1,1,1,0,2,1,17.6,9.75,0.678
2,2,0,2,1,1,0,4,0,0,0,1,1,0,0,2,1,1,1,0,1,1,1,0,1,0,0,0,1,0,0,0,1,1,16.0,0.0,0.177
4,4,1,4,0,1,0,5,0,0,5,1,2,0,0,3,0,1,1,1,1,0,1,0,1,0,0,3,1,1,0,0,1,0,10.333,4.667,0.508
1,2,2,5,1,2,1,5,1,5,8,0,3,0,0,8,0,1,1,1,3,1,1,1,1,1,3,4,0,1,0,0,2,0,14.667,23.75,1.066
3,3,2,3,2,1,0,8,0,0,4,2,2,0,0,5,0,1,1,1,2,1,1,0,1,0,0,2,1,1,0,0,1,0,35.0,28.0,0.598
2,2,3,2,1,2,1,2,1,0,1,0,2,1,0,2,0,1,1,1,2,1,1,1,1,1,0,1,0,1,1,0,1,0,22.0,12.0,0.603
6,11,7,7,3,5,0,16,2,1,14,1,5,2,0,11,0,1,1,1,3,1,1,0,1,1,1,6,1,1,1,0,1,0,22.75,11.25,0.667
11,17,12,9,7,11,3,33,3,2,21,4,27,5,0,12,3,1,1,1,3,1,1,1,1,1,2,9,1,1,1,0,2,1,17.6,7.6,0.64
1,1,1,2,2,0,0,1,0,0,3,4,0,0,0,1,0,1,1,1,2,1,0,0,1,0,0,3,1,0,0,0,1,0,16.0,16.0,1.061
3,4,1,3,0,1,0,5,0,0,7,0,3,1,0,4,0,1,1,1,2,0,1,0,1,0,0,3,0,1,1,0,2,0,16.0,11.0,0.625
3,4,3,3,0,2,0,4,0,1,4,0,5,1,0,3,0,1,1,1,2,0,1,0,1,0,1,2,0,1,1,0,1,0,16.5,5.5,0.492
3,4,1,2,0,1,0,4,0,1,5,0,4,0,0,3,0,1,1,1,1,0,1,0,1,0,1,4,0,1,0,0,1,0,14.0,9.5,0.668
3,6,2,4,4,5,0,12,1,1,9,2,4,1,0,9,0,1,1,1,2,1,1,0,1,1,1,6,1,1,1,0,1,0,31.5,17.0,0.713
8,8,4,3,1,1,1,8,0,1,8,2,8,1,0,4,2,1,1,1,2,1,1,1,1,0,1,5,1,1,1,0,1,1,12.0,7.2,0.639
8,5,9,4,3,4,1,9,2,3,7,1,12,0,1,6,1,1,1,1,2,1,1,1,1,1,2,4,1,1,0,1,1,1,15.0,5.4,0.49
3,3,1,0,1,2,0,8,0,0,1,1,2,0,0,2,1,1,1,1,0,1,1,0,1,0,0,1,1,1,0,0,1,1,8.333,0.667,0.283
6,5,4,1,3,4,0,8,0,1,5,0,1,0,0,3,0,1,1,1,1,1,1,0,1,0,1,3,0,1,0,0,1,0,41.0,20.0,0.552
1,3,4,3,2,2,0,4,0,1,3,9,5,2,0,4,2,1,1,1,2,1,1,0,1,0,1,2,1,1,1,0,1,1,11.25,8.5,0.632
3,5,0,4,1,1,0,6,2,1,4,2,7,2,0,4,1,1,1,0,2,1,1,0,1,1,1,4,1,1,1,0,1,1,14.333,11.0,0.863
3,2,0,1,1,1,0,4,0,0,1,0,2,2,0,2,0,1,1,0,1,1,1,0,1,0,0,1,0,1,1,0,1,0,19.0,6.0,0.487
1,2,3,2,1,3,0,4,0,1,5,0,2,0,0,2,0,1,1,1,2,1,1,0,1,0,1,4,0,1,0,0,2,0,26.0,40.75,1.109
2,3,2,2,0,1,0,2,2,0,1,1,1,0,0,1,0,1,1,1,1,0,1,0,1,1,0,1,1,1,0,0,1,0,9.0,3.0,0.5
2,1,0,1,0,1,0,3,0,2,2,0,1,0,0,3,0,1,1,0,1,0,1,0,1,0,2,2,0,1,0,0,1,0,16.0,9.0,0.53
3,6,4,3,3,2,0,5,2,2,8,4,3,2,0,9,0,1,1,1,2,1,1,0,1,1,2,3,1,1,1,0,1,0,18.667,9.333,0.567
2,3,0,2,0,0,0,3,2,0,3,0,2,1,1,1,1,1,1,0,1,0,0,0,1,1,0,3,0,1,1,1,1,1,20.0,8.0,0.632
1,0,2,0,0,0,0,2,6,0,0,8,3,0,3,0,3,1,0,1,0,0,0,0,1,1,0,0,1,0,0,1,0,1,12.5,0.0,0.141
3,7,7,4,2,4,0,9,0,3,8,1,4,6,0,7,1,1,1,1,2,1,1,0,1,0,2,6,1,1,1,0,1,1,33.0,22.0,0.696
4,5,2,2,2,4,0,10,1,1,7,3,5,1,0,6,0,1,1,1,1,1,1,0,1,1,1,4,1,1,1,0,2,0,53.0,30.0,0.68
2,7,4,5,3,4,0,5,1,1,7,1,2,1,0,6,0,1,1,1,4,1,1,0,1,1,1,3,1,1,1,0,1,0,16.333,10.667,0.707
7,2,5,5,4,4,1,13,1,4,13,6,7,3,0,12,0,1,1,1,3,1,1,1,1,1,2,6,1,1,1,0,2,0,29.0,28.667,0.758
5,6,3,1,2,2,0,6,1,0,4,1,5,0,0,2,0,1,1,1,1,1,1,0,1,1,0,3,1,1,0,0,2,0,19.0,5.0,0.459
3,3,6,1,0,2,1,6,1,2,8,3,6,0,0,9,1,1,1,1,1,0,1,1,1,1,1,4,1,1,0,0,3,1,17.333,10.667,0.784
1,3,1,1,0,2,0,5,0,0,2,2,0,0,0,0,0,1,1,1,1,0,1,0,1,0,0,2,1,0,0,0,0,0,17.0,7.0,0.686
1,3,0,2,0,1,0,2,0,0,1,0,1,0,0,2,0,1,1,0,2,0,1,0,1,0,0,1,0,1,0,0,1,0,6.5,1.0,0.392
1,0,0,1,0,1,0,4,0,1,1,0,1,0,0,2,1,1,0,0,1,0,1,0,1,0,1,1,0,1,0,0,1,1,13.0,9.0,0.588
0,1,4,1,0,0,0,0,0,0,0,4,3,0,1,1,0,0,1,1,1,0,0,0,0,0,0,0,1,1,0,1,1,0,14.0,7.0,0.378
4,2,5,1,0,2,0,4,0,2,1,3,3,2,0,4,1,1,1,1,1,0,1,0,1,0,2,1,1,1,1,0,1,1,6.8,2.2,0.485
0,1,0,1,1,1,0,1,0,0,1,4,3,0,1,0,0,0,1,0,1,1,1,0,1,0,0,1,1,1,0,1,0,0,13.0,5.0,0.588
0,2,5,2,0,3,0,5,2,1,0,2,1,1,0,2,1,0,1,1,2,0,1,0,1,1,1,0,1,1,1,0,1,1,13.5,1.0,0.272
0,1,1,2,0,3,0,3,0,1,2,3,2,1,0,6,0,0,1,1,1,0,1,0,1,0,1,2,1,1,1,0,3,0,12.5,10.125,0.849
5,3,5,4,1,5,0,5,0,4,7,5,6,1,0,8,2,1,1,1,2,1,1,0,1,0,1,3,1,1,1,0,1,1,12.2,12.0,0.453
0,0,0,1,0,0,0,2,0,1,3,0,0,1,0,4,0,0,0,0,1,0,0,0,1,0,1,3,0,0,1,0,2,0,12.0,20.0,1.021
14,17,13,13,4,11,1,29,4,6,23,6,30,2,1,23,5,1,1,1,2,1,1,1,1,1,2,6,1,1,1,1,2,1,14.5,7.929,0.447
1,1,1,2,0,1,0,3,1,0,3,0,4,0,0,5,1,1,1,1,2,0,1,0,1,1,0,3,0,1,0,0,1,1,23.0,6.0,0.59
0,0,0,1,0,0,0,1,0,2,1,5,3,0,0,1,0,0,0,0,1,0,0,0,1,0,2,1,1,1,0,0,1,0,13.0,19.75,0.784
2,0,0,3,0,2,0,4,0,0,0,0,1,1,0,2,0,1,0,0,1,0,1,0,1,0,0,0,0,1,1,0,1,0,15.0,0.0,0.183
0,3,2,5,1,0,0,4,4,1,4,0,7,0,2,5,0,0,1,1,2,1,0,0,1,1,1,3,0,1,0,1,1,0,18.0,17.0,0.825
5,0,0,2,3,0,0,2,0,0,8,1,4,0,0,6,0,1,0,0,1,1,0,0,1,0,0,5,1,1,0,0,1,0,31.0,18.0,0.635
0,1,0,0,0,3,2,3,0,0,1,3,0,0,0,1,0,0,1,0,0,0,1,1,1,0,0,1,1,0,0,0,1,0,14.0,2.0,0.378
11,18,7,15,9,13,0,26,3,9,28,7,15,1,1,20,1,1,1,1,3,1,1,0,1,1,2,7,1,1,1,1,3,1,20.333,15.0,0.575
2,5,3,4,5,4,1,5,0,1,15,2,3,3,0,10,0,1,1,1,2,1,1,1,1,0,1,4,1,1,1,0,2,0,31.5,22.0,0.624
2,5,5,7,2,4,1,5,6,2,7,0,9,1,2,5,3,1,1,1,3,1,1,1,1,1,1,5,0,1,1,1,1,1,32.0,25.375,0.795
1,1,1,1,3,0,0,2,0,2,2,1,2,0,0,2,0,1,1,1,1,1,0,0,1,0,2,2,1,1,0,0,1,0,18.0,20.0,0.833
1,1,3,0,0,2,0,6,1,1,1,3,9,0,0,2,1,1,1,1,0,0,1,0,1,1,1,1,1,1,0,0,2,1,6.2,2.8,0.381
2,10,3,11,2,5,0,1,5,6,13,0,6,1,0,7,0,1,1,1,2,1,1,0,1,1,1,4,0,1,1,0,1,0,72.0,38.0,0.417
0,1,1,2,1,2,0,2,2,0,6,0,2,1,0,5,0,0,1,1,2,1,1,0,1,1,0,3,0,1,1,0,2,0,25.0,20.0,0.707
2,2,0,1,0,2,0,4,2,1,4,1,3,2,0,4,0,1,1,0,1,0,1,0,1,1,1,3,1,1,1,0,1,0,14.0,5.0,0.668
3,3,6,4,0,5,0,7,3,0,6,3,5,1,0,5,0,1,1,1,2,0,1,0,1,1,0,4,1,1,1,0,3,0,17.0,10.0,0.693
1,5,0,3,1,3,0,7,2,1,2,1,1,2,0,4,0,1,1,0,2,1,1,0,1,1,1,2,1,1,1,0,2,0,33.0,13.25,0.615
1,0,1,4,1,1,0,1,2,0,2,2,0,0,0,2,0,1,0,1,2,1,1,0,1,1,0,2,1,0,0,0,1,0,17.0,4.0,0.514
2,1,2,1,1,1,0,2,0,0,1,0,0,0,0,1,0,1,1,1,1,1,1,0,1,0,0,1,0,0,0,0,1,0,12.0,6.0,0.408
1,2,0,4,0,3,0,3,1,2,4,0,2,3,0,7,0,1,1,0,1,0,1,0,1,1,1,3,0,1,1,0,1,0,32.0,28.0,0.625
6,5,1,5,3,4,0,17,0,2,3,0,8,0,0,9,0,1,1,1,2,1,1,0,1,0,2,2,0,1,0,0,2,0,12.6,4.4,0.445
6,8,1,3,5,4,1,18,0,3,4,10,7,1,0,9,0,1,1,1,2,1,1,1,1,0,2,3,1,1,1,0,3,0,40.0,18.5,0.474
2,2,3,1,1,2,1,7,1,0,1,6,6,1,0,2,2,1,1,1,1,1,1,1,1,1,0,1,1,1,1,0,1,1,12.667,0.667,0.229
6,5,2,1,0,3,0,7,3,1,4,4,8,0,0,6,2,1,1,1,1,0,1,0,1,1,1,2,1,1,0,0,2,1,8.667,3.5,0.49
2,3,2,5,3,4,0,9,2,3,7,0,5,1,0,6,0,1,1,1,3,1,1,0,1,1,2,4,0,1,1,0,2,0,17.333,13.0,0.784
0,1,0,0,2,2,0,1,1,0,2,6,4,0,0,1,0,0,1,0,0,1,1,0,1,1,0,2,1,1,0,0,1,0,20.0,2.0,0.316
19,15,11,7,7,12,1,22,4,1,21,5,17,6,0,17,0,1,1,1,3,1,1,1,1,1,1,8,1,1,1,0,3,0,27.333,16.667,0.663
5,5,3,2,4,5,1,15,0,1,7,2,4,3,0,13,0,1,1,1,2,1,1,1,1,0,1,5,1,1,1,0,4,0,70.0,48.25,0.93
2,1,1,1,0,1,0,4,0,0,0,0,0,0,0,1,0,1,1,1,1,0,1,0,1,0,0,0,0,0,0,0,1,0,11.0,0.0,0.213
0,1,0,2,0,1,0,0,0,1,2,4,3,0,0,2,0,0,1,0,1,0,1,0,0,0,1,2,1,1,0,0,1,0,16.0,11.0,0.707
1,1,1,1,1,3,1,3,0,1,2,2,3,0,0,2,0,1,1,1,1,1,1,1,1,0,1,2,1,1,0,0,1,0,7.333,5.333,0.603
0,0,0,1,1,1,0,2,0,0,2,1,1,0,0,2,1,0,0,0,1,1,1,0,1,0,0,2,1,1,0,0,1,1,12.0,7.0,0.408
4,9,5,4,1,6,0,10,4,2,13,0,5,2,0,9,0,1,1,1,3,1,1,0,1,1,2,7,0,1,1,0,2,0,37.0,35.071,0.904
13,8,9,14,13,5,1,30,0,1,9,3,19,1,1,9,2,1,1,1,4,1,1,1,1,0,1,4,1,1,1,1,1,1,15.222,6.278,0.423
1,2,2,3,0,2,0,1,3,0,4,0,1,1,0,3,0,1,1,1,2,0,1,0,1,1,0,2,0,1,1,0,1,0,23.0,11.0,0.59
3,13,5,6,2,4,0,6,1,1,7,7,9,2,0,5,0,1,1,1,2,1,1,0,1,1,1,3,1,1,1,0,1,0,14.2,8.2,0.587
11,17,9,15,4,14,0,27,0,4,17,2,9,6,0,21,1,1,1,1,6,1,1,0,1,0,2,6,1,1,1,0,2,1,39.25,25.768,0.677
2,1,0,2,1,3,0,4,0,0,1,0,1,0,0,0,0,1,1,0,2,1,1,0,1,0,0,1,0,1,0,0,0,0,15.0,13.0,0.73
2,4,3,3,3,1,0,4,0,1,11,0,0,6,0,13,0,1,1,1,1,1,1,0,1,0,1,5,0,0,1,0,2,0,51.0,42.0,0.594
1,1,6,3,1,0,0,5,0,0,4,1,7,1,0,2,0,1,1,1,1,1,0,0,1,0,0,2,1,1,1,0,1,0,16.0,10.5,0.5
6,6,8,1,3,5,0,10,0,0,11,0,9,1,0,9,1,1,1,1,1,1,1,0,1,0,0,5,0,1,1,0,2,1,35.0,11.5,0.507
2,0,2,4,0,3,0,3,0,1,3,2,6,1,0,3,0,1,0,1,2,0,1,0,1,0,1,3,1,1,1,0,1,0,15.0,7.0,0.516
27,25,18,19,9,17,0,38,2,9,32,3,38,7,1,33,5,1,1,1,3,1,1,0,1,1,2,7,1,1,1,1,2,1,18.6,9.933,0.423
1,2,1,1,0,1,0,3,2,0,1,0,1,0,0,0,0,1,1,1,1,0,1,0,1,1,0,1,0,1,0,0,0,0,6.5,2.0,0.588
18,15,6,12,7,9,0,26,2,0,9,4,22,0,0,14,3,1,1,1,3,1,1,0,1,1,0,5,1,1,0,0,1,1,29.4,15.8,0.408
15,21,13,14,2,10,1,32,0,9,38,2,27,8,0,31,3,1,1,1,4,1,1,1,1,0,2,8,1,1,1,0,1,1,28.25,22.696,0.564
8,6,8,4,3,2,0,5,0,0,8,0,5,1,0,7,0,1,1,1,3,1,1,0,1,0,0,5,0,1,1,0,1,0,14.25,13.143,0.749
0,1,1,0,0,1,0,2,0,0,1,1,3,0,0,1,0,0,1,1,0,0,1,0,1,0,0,1,1,1,0,0,1,0,11.0,6.0,0.426
11,11,12,8,3,11,1,23,2,3,9,1,12,7,0,16,0,1,1,1,2,1,1,1,1,1,2,4,1,1,1,0,2,0,21.667,7.333,0.372
3,0,0,2,1,1,0,4,0,0,0,1,5,0,0,0,0,1,0,0,1,1,1,0,1,0,0,0,1,1,0,0,0,0,8.5,2.0,0.343
2,4,2,3,1,4,0,7,1,0,6,1,3,2,0,5,0,1,1,1,2,1,1,0,1,1,0,4,1,1,1,0,1,0,20.5,9.5,0.663
3,3,0,2,2,1,0,6,0,1,3,0,4,1,0,4,0,1,1,0,2,1,1,0,1,0,1,3,0,1,1,0,1,0,15.0,13.25,0.904
1,0,1,0,0,1,0,5,6,0,2,3,7,0,3,1,3,1,0,1,0,0,1,0,1,1,0,2,1,1,0,1,1,1,30.0,5.0,0.387
6,1,2,2,2,0,0,3,0,1,4,0,5,0,0,3,0,1,1,1,2,1,0,0,1,0,1,4,0,1,0,0,1,0,28.0,18.0,0.802
2,2,1,0,1,2,1,2,0,1,4,0,2,0,0,4,0,1,1,1,0,1,1,1,1,0,1,4,0,1,0,0,1,0,11.0,8.0,0.754
2,0,1,1,1,1,0,1,0,1,0,2,6,0,0,3,0,1,0,1,1,1,1,0,1,0,1,0,1,1,0,0,1,0,9.5,1.0,0.324
0,0,0,0,0,1,0,2,0,0,1,8,2,0,0,1,1,0,0,0,0,0,1,0,1,0,0,1,1,1,0,0,1,1,8.0,0.0,0.177
3,4,3,4,1,2,0,5,1,3,6,0,4,0,0,3,0,1,1,1,3,1,1,0,1,1,2,4,0,1,0,0,1,0,39.0,36.571,0.793
2,5,0,2,2,5,0,12,0,0,7,0,7,1,0,7,1,1,1,0,1,1,1,0,1,0,0,5,0,1,1,0,1,1,17.0,6.333,0.495
4,5,4,4,1,3,1,7,2,3,8,0,6,2,0,9,0,1,1,1,2,1,1,1,1,1,2,4,0,1,1,0,1,0,19.333,10.333,0.557
15,15,17,12,5,7,0,19,1,3,19,6,14,6,0,15,2,1,1,1,4,1,1,0,1,1,1,8,1,1,1,0,1,1,22.286,11.571,0.623
1,0,1,2,1,2,0,5,0,0,3,0,2,0,0,2,0,1,0,1,2,1,1,0,1,0,0,3,0,1,0,0,1,0,19.0,6.0,0.649
7,4,8,9,2,1,0,7,0,1,8,0,9,0,0,8,0,1,1,1,3,1,1,0,1,0,1,3,0,1,0,0,1,0,12.8,9.9,0.53
1,3,2,4,1,3,0,8,0,1,3,0,2,1,0,5,0,1,1,1,2,1,1,0,1,0,1,3,0,1,1,0,1,0,17.0,8.5,0.606
3,4,5,7,0,1,0,4,2,2,7,4,3,1,0,8,1,1,1,1,3,0,1,0,1,1,2,4,1,1,1,0,2,1,13.0,8.875,0.686
0,1,0,0,1,0,0,4,0,0,2,1,1,0,0,1,0,0,1,0,0,1,0,0,1,0,0,2,1,1,0,0,1,0,11.0,6.0,0.64
7,6,5,5,3,7,0,16,0,0,11,2,9,3,0,8,1,1,1,1,2,1,1,0,1,0,0,6,1,1,1,0,1,1,20.75,7.75,0.543
1,1,2,5,4,1,0,4,0,1,5,0,1,3,0,7,0,1,1,1,2,1,1,0,1,0,1,3,0,1,1,0,1,0,35.0,31.0,0.478
0,3,2,2,0,3,1,2,0,1,2,2,2,0,0,2,0,0,1,1,2,0,1,1,1,0,1,2,1,1,0,0,2,0,22.0,13.25,0.754
6,11,9,12,9,4,2,18,4,5,30,6,14,3,0,19,3,1,1,1,4,1,1,1,1,1,2,9,1,1,1,0,2,1,26.0,23.0,0.736
4,9,2,6,1,4,0,14,2,2,10,1,14,2,0,6,1,1,1,1,2,1,1,0,1,1,1,5,1,1,1,0,1,1,25.667,19.333,0.564
6,0,3,2,0,1,0,2,0,1,0,0,5,0,0,1,0,1,0,1,2,0,1,0,1,0,1,0,0,1,0,0,1,0,9.5,1.0,0.324
14,6,8,10,5,6,1,12,0,1,11,1,19,2,0,10,2,1,1,1,4,1,1,1,1,0,1,6,1,1,1,0,2,1,21.6,15.214,0.68
1,1,1,0,0,0,0,2,0,0,0,0,4,1,0,2,0,1,1,1,0,0,0,0,1,0,0,0,0,1,1,0,1,0,12.0,0.0,0.204
5,6,4,3,0,2,0,10,0,4,10,2,6,1,0,8,1,1,1,1,1,0,1,0,1,0,1,5,1,1,1,0,2,1,12.4,6.4,0.629
0,3,1,1,0,1,0,4,0,0,6,0,5,2,0,4,0,0,1,1,1,0,1,0,1,0,0,3,0,1,1,0,2,0,27.0,12.0,0.544
1,14,1,1,2,4,0,6,2,0,1,29,1,0,0,1,5,1,1,1,1,1,1,0,1,1,0,1,1,1,0,0,1,1,68.0,4.0,0.257
1,1,1,4,1,2,0,2,1,0,8,1,2,1,0,4,0,1,1,1,3,1,1,0,1,1,0,5,1,1,1,0,1,0,9.667,9.0,0.919
1,8,4,8,5,5,0,13,0,2,15,5,10,3,0,21,2,1,1,1,2,1,1,0,1,0,2,6,1,1,1,0,2,1,16.833,10.333,0.563
2,2,1,1,0,3,0,2,0,0,0,1,1,0,0,1,0,1,1,1,1,0,1,0,1,0,0,0,1,1,0,0,1,0,14.0,2.0,0.378
3,3,5,4,1,4,0,5,0,2,2,1,4,0,0,4,0,1,1,1,2,1,1,0,1,0,2,2,1,1,0,0,1,0,19.0,9.5,0.574
1,6,2,1,1,5,0,13,3,1,2,33,17,2,0,4,11,1,1,1,1,1,1,0,1,1,1,2,1,1,1,0,1,1,102.0,17.0,0.28
3,5,4,0,1,4,0,8,1,2,4,0,2,0,0,6,0,1,1,1,0,1,1,0,1,1,1,3,0,1,0,0,2,0,20.0,10.5,0.559
0,1,1,1,1,2,0,3,0,1,2,1,2,0,0,2,0,0,1,1,1,1,1,0,1,0,1,2,1,1,0,0,2,0,17.0,11.0,0.686
0,0,0,2,0,3,1,2,0,0,3,2,2,0,0,1,1,0,0,0,2,0,1,1,1,0,0,3,1,1,0,0,1,1,5.667,7.19,1.029
7,2,4,0,1,2,1,5,2,0,3,0,7,0,0,3,0,1,1,1,0,1,1,1,1,1,0,2,0,1,0,0,1,0,12.0,2.0,0.354
0,0,1,2,0,2,0,2,0,1,0,1,1,0,0,1,0,0,0,1,1,0,1,0,1,0,1,0,1,1,0,0,1,0,11.0,0.0,0.213
2,1,1,1,1,1,1,1,0,0,2,0,2,0,0,1,0,1,1,1,1,1,1,1,1,0,0,2,0,1,0,0,1,0,14.0,4.0,0.567
8,7,2,5,2,9,0,12,0,1,6,4,9,0,0,7,0,1,1,1,1,1,1,0,1,0,1,2,1,1,0,0,1,0,17.75,6.25,0.336
9,6,6,6,5,1,1,6,1,2,8,1,10,1,0,6,1,1,1,1,3,1,1,1,1,1,1,5,1,1,1,0,1,1,23.333,16.667,0.676
6,8,13,9,4,7,0,14,0,3,16,0,11,2,0,11,2,1,1,1,2,1,1,0,1,0,2,5,0,1,1,0,2,1,13.25,7.875,0.549
2,0,0,3,1,0,0,0,0,1,2,2,2,0,0,1,1,1,0,0,2,1,0,0,0,0,1,2,1,1,0,0,1,1,14.0,22.0,0.945
1,1,2,1,0,0,0,1,0,1,0,1,2,0,0,1,0,1,1,1,1,0,0,0,1,0,1,0,1,1,0,0,1,0,11.0,9.0,0.64
4,6,1,2,2,3,0,8,1,0,5,2,4,1,0,6,0,1,1,1,1,1,1,0,1,1,0,5,1,1,1,0,1,0,15.0,6.0,0.632
13,10,7,17,2,4,0,19,0,10,11,8,20,3,0,13,11,1,1,1,3,1,1,0,1,0,2,6,1,1,1,0,2,1,37.0,15.75,0.523
7,4,2,2,0,4,1,9,1,0,2,3,21,0,0,3,3,1,1,1,2,0,1,1,1,1,0,2,1,1,0,0,2,1,15.0,4.5,0.456
6,2,3,3,0,4,1,7,0,0,4,0,7,1,0,2,3,1,1,1,1,0,1,1,1,0,0,4,0,1,1,0,2,1,14.333,8.333,0.647
0,4,3,1,1,2,0,4,0,0,1,0,0,1,0,4,0,0,1,1,1,1,1,0,1,0,0,1,0,0,1,0,1,0,21.0,8.0,0.463
3,6,1,0,3,5,0,11,0,3,3,5,8,2,0,5,0,1,1,1,0,1,1,0,1,0,2,2,1,1,1,0,1,0,27.5,5.5,0.286
1,0,3,4,1,2,0,4,0,2,7,1,5,0,0,7,0,1,0,1,3,1,1,0,1,0,2,4,1,1,0,0,1,0,12.333,9.333,0.814
4,2,6,2,1,1,0,2,1,0,2,0,2,1,0,2,0,1,1,1,1,1,1,0,1,1,0,2,0,1,1,0,1,0,13.0,6.5,0.555
4,5,5,3,2,3,1,7,0,0,3,2,2,0,0,2,0,1,1,1,1,1,1,1,1,0,0,2,1,1,0,0,1,0,13.0,2.667,0.34
6,4,5,4,4,3,2,10,1,2,6,0,4,2,0,7,1,1,1,1,2,1,1,1,1,1,2,2,0,1,1,0,1,1,20.333,14.333,0.453
1,1,1,2,0,1,1,3,0,0,0,0,1,0,0,1,0,1,1,1,2,0,1,1,1,0,0,0,0,1,0,0,1,0,12.0,2.0,0.408
14,11,15,11,7,6,0,25,1,11,21,0,9,5,0,27,1,1,1,1,3,1,1,0,1,1,2,7,0,1,1,0,1,1,40.75,30.143,0.554
1,4,1,2,0,2,0,6,0,0,4,0,3,2,0,3,0,1,1,1,1,0,1,0,1,0,0,4,0,1,1,0,1,0,14.0,8.0,0.668
0,0,3,1,0,1,0,3,0,1,1,1,1,0,0,1,0,0,0,1,1,0,1,0,1,0,1,1,1,1,0,0,1,0,7.0,4.5,0.567
0,0,0,0,1,0,0,1,0,0,3,2,3,0,0,3,0,0,0,0,0,1,0,0,1,0,0,3,1,1,0,0,1,0,13.0,11.0,0.784
4,4,0,4,1,2,1,7,0,1,4,0,6,1,0,5,1,1,1,0,2,1,1,1,1,0,1,3,0,1,1,0,1,1,10.25,4.75,0.552
3,4,0,2,1,5,0,9,0,1,7,0,2,1,0,8,1,1,1,0,2,1,1,0,1,0,1,5,0,1,1,0,1,1,22.0,14.5,0.746
0,1,1,0,0,1,0,3,0,0,1,0,2,0,0,2,0,0,1,1,0,0,1,0,1,0,0,1,0,1,0,0,1,0,11.0,0.0,0.213
1,3,0,2,0,1,1,3,0,1,3,0,2,0,0,3,0,1,1,0,2,0,1,1,1,0,1,3,0,1,0,0,1,0,20.0,27.75,0.949
5,16,8,9,6,6,2,22,5,7,27,5,9,5,0,18,1,1,1,1,3,1,1,1,1,1,2,8,1,1,1,0,3,1,16.778,12.111,0.691
4,7,4,5,0,3,0,7,0,1,13,1,12,4,2,12,0,1,1,1,5,0,1,0,1,0,1,5,1,1,1,1,1,0,24.333,19.19,0.828
3,2,5,3,1,0,2,1,0,2,8,0,7,1,0,4,0,1,1,1,2,1,0,1,1,0,1,4,0,1,1,0,1,0,13.0,11.333,0.679
0,2,0,0,1,2,0,4,0,0,1,2,0,0,0,0,0,0,1,0,0,1,1,0,1,0,0,1,1,0,0,0,0,0,12.0,0.0,0.204
4,2,2,5,2,1,0,4,0,1,1,0,4,1,0,1,0,1,1,1,3,1,1,0,1,0,1,1,0,1,1,0,1,0,28.0,15.0,0.535
4,1,3,5,3,1,0,5,0,3,6,1,4,1,0,8,0,1,1,1,3,1,1,0,1,0,3,5,1,1,1,0,3,0,15.0,19.607,1.16
0,5,2,2,0,4,0,3,0,0,3,14,4,1,0,3,6,0,1,1,1,0,1,0,1,0,0,2,1,1,1,0,1,1,24.0,5.0,0.408
3,2,6,3,2,0,1,5,0,3,6,0,7,0,0,4,0,1,1,1,1,1,0,1,1,0,2,3,0,1,0,0,2,0,21.0,22.0,0.655
1,4,2,3,2,2,0,2,0,0,9,0,3,0,0,7,0,1,1,1,3,1,1,0,1,0,0,4,0,1,0,0,1,0,11.667,10.333,0.717
1,2,2,1,1,0,0,2,0,0,3,3,3,2,0,3,0,1,1,1,1,1,0,0,1,0,0,3,1,1,1,0,1,0,23.0,9.0,0.737
1,0,1,1,1,1,0,3,0,0,3,0,0,0,0,1,0,1,0,1,1,1,1,0,1,0,0,2,0,0,0,0,1,0,12.0,6.0,0.612
6,12,6,6,2,7,0,14,4,0,13,10,8,3,2,13,0,1,1,1,3,1,1,0,1,1,0,5,1,1,1,1,2,0,20.8,7.8,0.555
4,1,1,1,1,1,0,3,0,0,2,0,3,1,1,1,0,1,1,1,1,1,1,0,1,0,0,2,0,1,1,1,1,0,19.0,2.0,0.324
1,3,1,2,0,2,0,5,1,0,3,0,3,0,0,2,0,1,1,1,1,0,1,0,1,1,0,2,0,1,0,0,1,0,11.5,7.0,0.442
2,1,0,2,0,1,0,3,0,1,1,0,1,1,0,2,0,1,1,0,1,0,1,0,1,0,1,1,0,1,1,0,1,0,15.0,4.0,0.365
4,3,3,3,0,0,0,8,0,0,2,2,6,2,0,4,0,1,1,1,2,0,0,0,1,0,0,2,1,1,1,0,1,0,9.25,3.25,0.581
9,12,4,9,6,5,0,17,0,2,17,0,4,7,0,15,0,1,1,1,3,1,1,0,1,0,2,6,0,1,1,0,2,0,21.4,13.8,0.615
6,5,3,7,1,7,0,7,0,2,8,11,14,1,0,6,0,1,1,1,3,1,1,0,1,0,2,5,1,1,1,0,1,0,19.25,9.5,0.645
4,6,3,4,1,4,1,6,0,1,8,0,4,5,0,7,0,1,1,1,3,1,1,1,1,0,1,3,0,1,1,0,1,0,18.0,9.0,0.481
1,0,0,2,0,1,0,3,0,2,0,0,2,0,0,3,0,1,0,0,1,0,1,0,1,0,1,0,0,1,0,0,1,0,14.0,14.0,0.378
1,5,8,6,1,4,1,15,0,5,5,1,5,4,0,9,0,1,1,1,3,1,1,1,1,0,2,4,1,1,1,0,1,0,17.5,10.5,0.592
2,2,2,5,1,1,0,2,0,1,6,0,2,1,0,3,0,1,1,1,2,1,1,0,1,0,1,4,0,1,1,0,1,0,14.0,15.5,0.802
2,1,0,3,0,3,0,3,0,0,2,0,1,1,0,2,0,1,1,0,2,0,1,0,1,0,0,1,0,1,1,0,1,0,18.0,16.0,0.5
6,8,3,9,2,12,1,21,0,1,15,0,10,4,0,16,2,1,1,1,4,1,1,1,1,0,1,4,0,1,1,0,3,1,15.714,15.0,0.472
19,12,21,22,10,11,1,40,1,4,28,0,22,12,0,30,3,1,1,1,2,1,1,1,1,1,1,7,0,1,1,0,3,1,23.6,13.7,0.414
5,6,7,10,5,8,0,21,0,7,22,2,15,2,0,21,3,1,1,1,3,1,1,0,1,0,2,8,1,1,1,0,2,1,13.3,10.4,0.736
1,2,1,1,0,1,0,1,0,1,2,0,2,1,0,0,0,1,1,1,1,0,1,0,1,0,1,2,0,1,1,0,0,0,6.5,7.0,0.981
8,2,5,8,4,6,0,16,0,3,10,0,12,3,0,8,0,1,1,1,3,1,1,0,1,0,2,6,0,1,1,0,1,0,27.667,18.167,0.699
3,2,4,7,2,6,0,6,0,3,3,0,4,0,0,7,0,1,1,1,2,1,1,0,1,0,1,3,0,1,0,0,1,0,15.667,4.333,0.413
2,2,0,0,1,1,0,3,0,0,0,0,1,0,0,1,0,1,1,0,0,1,1,0,1,0,0,0,0,1,0,0,1,0,11.0,0.0,0.213
8,3,4,5,3,4,0,11,0,1,1,1,5,1,0,3,0,1,1,1,1,1,1,0,1,0,1,1,1,1,1,0,1,0,51.0,21.0,0.396
11,7,9,12,4,4,0,17,0,5,18,1,14,3,0,23,2,1,1,1,2,1,1,0,1,0,2,4,1,1,1,0,2,1,21.833,10.833,0.371
11,8,3,3,2,8,1,15,0,0,6,10,16,0,0,13,0,1,1,1,2,1,1,1,1,0,0,4,1,1,0,0,4,0,24.0,10.5,0.505
3,1,2,1,0,3,1,2,0,1,0,2,7,1,0,1,0,1,1,1,1,0,1,1,1,0,1,0,1,1,1,0,1,0,12.5,4.5,0.424
12,19,4,8,8,11,0,22,0,3,6,9,18,4,0,14,1,1,1,1,2,1,1,0,1,0,2,6,1,1,1,0,1,1,34.75,13.25,0.54
5,2,4,4,2,2,0,7,0,1,10,0,6,2,0,6,0,1,1,1,2,1,1,0,1,0,1,4,0,1,1,0,1,0,12.75,7.643,0.594
3,3,8,4,2,2,0,6,0,5,8,1,2,2,0,10,1,1,1,1,2,1,1,0,1,0,2,3,1,1,1,0,1,1,19.0,11.333,0.468
2,0,2,0,0,0,0,4,0,1,1,1,3,0,0,2,0,1,0,1,0,0,0,0,1,0,1,1,1,1,0,0,1,0,8.0,1.0,0.354
15,12,6,9,3,8,0,22,4,0,17,0,17,4,1,9,0,1,1,1,3,1,1,0,1,1,0,7,0,1,1,1,3,0,17.714,10.286,0.572
5,1,3,5,1,1,1,4,0,1,5,0,8,0,0,3,0,1,1,1,3,1,1,1,1,0,1,3,0,1,0,0,1,0,18.5,23.25,0.814
2,1,2,2,1,0,0,1,0,0,2,0,0,1,0,2,0,1,1,1,1,1,0,0,1,0,0,2,0,0,1,0,1,0,14.0,9.0,0.756
2,3,6,5,3,3,0,8,0,4,9,1,5,1,0,9,1,1,1,1,3,1,1,0,1,0,2,5,1,1,1,0,2,1,19.667,15.333,0.736
4,5,1,6,0,7,0,8,0,1,2,1,3,1,0,5,0,1,1,1,3,0,1,0,1,0,1,1,1,1,1,0,1,0,14.667,7.333,0.426
0,4,1,2,0,2,0,6,0,1,2,3,2,0,0,4,4,0,1,1,2,0,1,0,1,0,1,2,1,1,0,0,1,1,31.0,14.75,0.508
1,1,1,3,0,3,0,2,2,2,3,1,3,1,0,2,0,1,1,1,1,0,1,0,1,1,1,2,1,1,1,0,1,0,25.0,21.0,0.566
2,3,3,4,3,3,0,6,1,1,6,0,4,1,0,5,0,1,1,1,3,1,1,0,1,1,1,3,0,1,1,0,1,0,21.0,17.375,0.655
5,3,5,2,2,6,1,6,1,0,10,0,4,1,0,8,0,1,1,1,1,1,1,1,1,1,0,5,0,1,1,0,3,0,13.5,10.75,0.674
0,0,0,2,1,0,0,3,0,0,2,0,1,1,0,1,0,0,0,0,2,1,0,0,1,0,0,2,0,1,1,0,1,0,11.0,10.0,0.853
3,3,2,2,0,2,0,1,0,0,5,3,2,1,0,4,0,1,1,1,2,0,1,0,1,0,0,3,1,1,1,0,1,0,14.0,8.0,0.668
1,1,1,1,1,3,0,7,0,0,3,0,2,0,0,1,0,1,1,1,1,1,1,0,1,0,0,3,0,1,0,0,1,0,10.5,9.0,0.772
1,1,0,1,1,2,0,4,1,0,1,1,2,0,0,0,0,1,1,0,1,1,1,0,1,1,0,1,1,1,0,0,0,0,15.0,4.0,0.548
2,5,1,2,1,2,0,6,0,1,3,2,1,0,0,3,0,1,1,1,2,1,1,0,1,0,1,2,1,1,0,0,1,0,29.0,20.0,0.657
0,3,2,0,2,2,0,3,0,0,0,1,1,0,0,1,0,0,1,1,0,1,1,0,1,0,0,0,1,1,0,0,1,0,15.0,0.0,0.183
1,1,1,0,0,1,0,2,1,0,2,0,0,0,0,2,0,1,1,1,0,0,1,0,1,1,0,2,0,0,0,0,2,0,11.0,4.0,0.64
4,5,7,6,2,1,0,12,2,3,11,1,9,1,0,9,1,1,1,1,3,1,1,0,1,1,2,5,1,1,1,0,2,1,14.8,12.6,0.74
4,3,2,2,1,2,0,5,0,0,4,0,2,0,0,2,0,1,1,1,1,1,1,0,1,0,0,3,0,1,0,0,1,0,13.0,4.5,0.555
6,5,3,5,2,4,0,7,0,0,7,4,6,2,0,8,0,1,1,1,3,1,1,0,1,0,0,4,1,1,1,0,3,0,14.75,10.0,0.644
2,1,2,3,0,3,0,5,0,2,4,0,4,1,0,4,0,1,1,1,2,0,1,0,1,0,1,4,0,1,1,0,1,0,15.5,12.5,0.762
1,2,3,3,1,0,0,0,0,1,4,0,0,1,0,3,0,1,1,1,2,1,0,0,0,0,1,3,0,0,1,0,1,0,19.0,34.571,0.973
2,3,3,2,1,3,0,4,0,2,4,1,4,0,0,6,0,1,1,1,2,1,1,0,1,0,1,3,1,1,0,0,2,0,11.667,3.333,0.598
2,5,2,2,0,4,1,14,3,0,2,1,21,0,0,3,3,1,1,1,2,0,1,1,1,1,0,2,1,1,0,0,2,1,15.25,4.5,0.453
6,2,3,3,0,4,1,7,0,0,4,0,7,1,0,2,3,1,1,1,1,0,1,1,1,0,0,4,0,1,1,0,2,1,14.333,8.333,0.647
1,0,0,3,1,1,1,1,1,2,4,0,2,0,0,4,1,1,0,0,2,1,1,1,1,1,2,3,0,1,0,0,2,1,7.333,13.19,1.055
1,5,1,2,1,1,1,6,3,0,3,0,3,0,0,1,2,1,1,1,1,1,1,1,1,1,0,2,0,1,0,0,1,1,10.0,3.667,0.516
1,1,3,3,1,2,0,4,0,1,2,0,2,0,0,3,0,1,1,1,2,1,1,0,1,0,1,2,0,1,0,0,1,0,11.5,10.0,0.737
1,1,0,1,0,1,0,2,0,1,3,1,2,0,0,1,0,1,1,0,1,0,1,0,1,0,1,3,1,1,0,0,1,0,7.0,8.5,0.945
3,3,2,1,5,3,1,4,3,1,9,1,6,2,1,8,0,1,1,1,1,1,1,1,1,1,1,3,1,1,1,1,3,0,26.0,11.0,0.49
1,1,1,1,0,2,0,3,0,0,1,1,3,0,0,2,1,1,1,1,1,0,1,0,1,0,0,1,1,1,0,0,1,1,9.0,4.286,0.5
1,1,1,0,0,2,0,4,0,1,3,0,1,0,0,3,0,1,1,1,0,0,1,0,1,0,1,2,0,1,0,0,1,0,17.0,6.0,0.514
3,5,3,4,1,3,0,6,0,2,10,2,2,1,0,5,1,1,1,1,2,1,1,0,1,0,1,4,1,1,1,0,1,1,48.0,38.0,0.51
1,2,4,2,1,3,0,2,0,0,1,4,2,0,0,2,0,1,1,1,1,1,1,0,1,0,0,1,1,1,0,0,1,0,12.0,3.0,0.433
3,3,6,3,0,1,1,2,1,1,7,0,1,1,0,4,0,1,1,1,2,0,1,1,1,1,1,4,0,1,1,0,1,0,34.0,29.0,0.728
2,3,2,0,0,1,0,3,1,0,1,0,2,0,0,1,0,1,1,1,0,0,1,0,1,1,0,1,0,1,0,0,1,0,8.0,1.5,0.354
4,6,5,10,4,5,0,9,0,4,15,0,2,3,0,17,1,1,1,1,3,1,1,0,1,0,2,4,0,1,1,0,2,1,85.0,40.0,0.537
4,5,2,2,4,3,0,5,0,0,5,1,4,0,0,3,0,1,1,1,1,1,1,0,1,0,0,4,1,1,0,0,2,0,19.0,17.0,0.803
5,4,3,1,1,4,0,6,0,1,3,1,3,0,0,3,0,1,1,1,1,1,1,0,1,0,1,2,1,1,0,0,1,0,11.667,2.667,0.478
2,2,2,1,1,2,0,6,0,0,4,0,1,0,0,1,0,1,1,1,1,1,1,0,1,0,0,2,0,1,0,0,1,0,11.0,2.0,0.452
5,11,5,8,2,12,1,22,3,8,12,4,15,1,0,18,0,1,1,1,4,1,1,1,1,1,2,5,1,1,1,0,3,0,25.4,19.714,0.627
1,3,1,3,1,2,0,6,1,1,5,0,3,1,0,4,0,1,1,1,3,1,1,0,1,1,1,4,0,1,1,0,2,0,16.0,16.0,0.875
17,40,9,16,13,33,0,58,7,9,16,21,27,3,0,22,3,1,1,1,3,1,1,0,1,1,2,8,1,1,1,0,4,1,36.625,15.375,0.496
2,3,3,5,1,3,0,5,0,2,6,0,3,3,0,8,0,1,1,1,3,1,1,0,1,0,2,4,0,1,1,0,1,0,22.0,17.0,0.746
3,0,0,0,1,2,0,5,0,0,0,0,1,1,0,1,0,1,0,0,0,1,1,0,1,0,0,0,0,1,1,0,1,0,14.0,7.0,0.378
9,5,5,6,3,7,1,15,1,0,6,0,10,1,2,8,5,1,1,1,2,1,1,1,1,1,0,3,0,1,1,1,3,1,16.6,5.4,0.543
1,1,0,0,1,0,0,5,4,0,0,13,0,0,0,2,9,1,1,0,0,1,0,0,1,1,0,0,1,0,0,0,1,1,36.0,0.0,0.118
2,1,0,2,0,2,0,4,0,3,3,0,1,1,0,4,0,1,1,0,2,0,1,0,1,0,2,1,0,1,1,0,2,0,11.5,24.286,0.737
2,2,0,2,0,3,0,3,0,1,3,1,2,1,0,5,0,1,1,0,1,0,1,0,1,0,1,2,1,1,1,0,1,0,12.5,8.0,0.424
3,2,1,1,0,1,0,2,0,1,1,0,1,0,0,3,0,1,1,1,1,0,1,0,1,0,1,1,0,1,0,0,1,0,16.0,14.0,0.707
1,0,1,1,0,0,0,1,0,2,3,0,2,0,0,3,0,1,0,1,1,0,0,0,1,0,2,3,0,1,0,0,1,0,14.0,16.0,1.134
2,2,0,2,0,1,0,2,0,0,2,0,1,0,0,0,0,1,1,0,1,0,1,0,1,0,0,2,0,1,0,0,0,0,12.0,7.0,0.612
4,6,6,4,1,2,0,6,0,2,7,0,3,0,0,4,0,1,1,1,2,1,1,0,1,0,1,4,0,1,0,0,1,0,15.0,11.333,0.632
4,4,3,6,0,4,0,11,0,3,9,1,5,3,0,8,1,1,1,1,3,0,1,0,1,0,2,4,1,1,1,0,1,1,31.0,32.446,0.629
5,10,3,7,3,4,0,12,0,3,10,0,8,3,0,6,2,1,1,1,3,1,1,0,1,0,2,5,0,1,1,0,1,1,24.667,15.0,0.658
1,0,1,4,2,1,0,3,0,1,2,1,1,1,0,0,0,1,0,1,2,1,1,0,1,0,1,2,1,1,1,0,0,0,18.0,14.0,0.667
1,1,3,1,0,1,0,1,0,2,1,0,0,0,0,2,0,1,1,1,1,0,1,0,1,0,2,1,0,0,0,0,1,0,13.0,19.571,0.784
2,3,2,3,0,3,0,7,0,0,5,0,2,3,0,6,0,1,1,1,1,0,1,0,1,0,0,3,0,1,1,0,3,0,36.0,27.0,0.589
3,5,1,3,1,2,0,5,1,2,6,0,3,1,0,3,1,1,1,1,3,1,1,0,1,1,1,3,0,1,1,0,1,1,18.0,19.0,0.825
2,6,2,7,5,6,0,15,4,2,7,1,10,1,0,10,2,1,1,1,2,1,1,0,1,1,1,3,1,1,1,0,1,1,16.0,3.6,0.316
0,0,0,1,1,1,0,2,0,0,3,1,2,0,0,2,0,0,0,0,1,1,1,0,1,0,0,3,1,1,0,0,1,0,6.5,3.5,0.588
2,3,0,1,0,2,1,7,1,0,2,0,2,0,0,2,0,1,1,0,1,0,1,1,1,1,0,2,0,1,0,0,1,0,23.0,9.0,0.442
0,1,0,1,0,1,1,2,1,2,1,0,1,0,0,2,0,0,1,0,1,0,1,1,1,1,2,1,0,1,0,0,1,0,6.5,4.5,0.588
3,0,2,4,2,0,0,0,0,1,3,0,3,0,0,2,0,1,0,1,1,1,0,0,0,0,1,2,0,1,0,0,1,0,20.0,18.0,0.632
13,8,4,2,5,3,0,11,2,2,5,4,11,0,0,7,1,1,1,1,1,1,1,0,1,1,2,5,1,1,0,0,1,1,13.0,2.833,0.48
1,1,0,3,1,1,0,4,1,2,2,0,1,0,0,2,0,1,1,0,1,1,1,0,1,1,2,1,0,1,0,0,1,0,19.0,11.0,0.487
2,4,6,9,0,1,0,5,0,3,11,0,4,2,0,7,1,1,1,1,2,0,1,0,1,0,2,6,0,1,1,0,1,1,18.333,14.333,0.763
4,4,0,2,1,3,0,6,1,1,1,1,3,0,0,3,0,1,1,0,1,1,1,0,1,1,1,1,1,1,0,0,1,0,15.0,4.5,0.387
19,17,17,19,6,21,1,43,0,8,16,3,24,7,1,28,2,1,1,1,6,1,1,1,1,0,2,8,1,1,1,1,2,1,25.667,17.119,0.651
5,1,0,2,0,2,1,8,1,0,4,1,5,3,0,2,0,1,1,0,1,0,1,1,1,1,0,3,1,1,1,0,1,0,11.667,5.333,0.598
8,4,7,4,3,6,0,6,0,0,3,1,5,0,0,4,0,1,1,1,2,1,1,0,1,0,0,2,1,1,0,0,1,0,17.0,5.333,0.396
1,2,5,1,0,5,1,9,0,1,6,2,8,1,1,6,0,1,1,1,1,0,1,1,1,0,1,3,1,1,1,1,3,0,24.0,22.0,0.612
1,1,2,0,0,1,0,3,0,0,0,0,1,0,0,2,0,1,1,1,0,0,1,0,1,0,0,0,0,1,0,0,1,0,5.5,0.0,0.213
4,5,1,1,1,3,0,5,0,0,4,0,2,1,0,4,0,1,1,1,1,1,1,0,1,0,0,3,0,1,1,0,1,0,15.5,11.0,0.508
12,15,18,14,3,11,0,29,1,12,30,0,16,9,0,23,1,1,1,1,3,1,1,0,1,1,2,9,0,1,1,0,2,1,19.4,16.7,0.66
2,3,5,1,0,1,0,0,0,1,3,1,3,0,0,3,0,1,1,1,1,0,1,0,0,0,1,3,1,1,0,0,1,0,11.5,2.5,0.442
0,1,3,0,0,1,0,1,0,1,3,0,1,0,0,4,0,0,1,1,0,0,1,0,1,0,1,3,0,1,0,0,1,0,15.0,5.0,0.548
9,8,5,8,4,4,0,11,0,8,16,0,5,7,0,14,0,1,1,1,3,1,1,0,1,0,2,4,0,1,1,0,2,0,19.8,19.4,0.569
17,36,23,23,9,23,1,47,3,7,34,5,36,5,1,35,3,1,1,1,4,1,1,1,1,1,2,5,1,1,1,1,2,1,19.062,6.812,0.364
5,6,3,3,9,10,1,18,1,4,21,3,14,1,1,17,2,1,1,1,2,1,1,1,1,1,2,6,1,1,1,1,3,1,19.667,14.5,0.586
5,4,3,2,2,1,0,1,0,1,4,2,2,0,0,2,0,1,1,1,1,1,1,0,1,0,1,3,1,1,0,0,1,0,14.5,8.0,0.394
3,1,3,3,1,1,0,2,0,0,3,0,5,0,0,1,0,1,1,1,2,1,1,0,1,0,0,3,0,1,0,0,1,0,11.5,3.5,0.59
1,3,2,2,0,1,0,6,0,2,2,1,3,1,0,3,0,1,1,1,1,0,1,0,1,0,2,2,1,1,1,0,2,0,13.5,14.625,0.816
0,3,1,0,2,3,1,7,0,1,5,0,3,1,0,4,0,0,1,1,0,1,1,1,1,0,1,3,0,1,1,0,1,0,10.333,2.333,0.381
8,10,11,13,4,7,0,17,0,7,22,1,7,5,0,27,1,1,1,1,4,1,1,0,1,0,2,6,1,1,1,0,1,1,23.333,14.292,0.598
5,2,3,6,2,2,1,8,0,3,11,1,5,1,0,12,0,1,1,1,2,1,1,1,1,0,1,7,1,1,1,0,1,0,15.5,8.0,0.718
9,12,3,11,5,9,1,20,0,2,13,2,14,1,0,12,3,1,1,1,3,1,1,1,1,0,2,6,1,1,1,0,2,1,19.5,9.0,0.588
7,3,5,7,2,1,0,6,0,2,10,1,5,1,0,9,1,1,1,1,2,1,1,0,1,0,2,6,1,1,1,0,1,1,15.0,10.5,0.73
15,13,13,16,9,14,0,39,2,10,20,2,26,9,0,28,1,1,1,1,6,1,1,0,1,1,2,6,1,1,1,0,1,1,30.714,19.985,0.579
3,4,2,3,2,2,0,11,0,1,7,0,5,1,1,6,0,1,1,1,2,1,1,0,1,0,1,5,0,1,1,1,2,0,15.667,10.333,0.825
3,5,2,1,1,3,2,5,0,1,4,1,5,0,0,5,0,1,1,1,1,1,1,1,1,0,1,3,1,1,0,0,1,0,18.5,10.375,0.581
4,4,1,0,2,2,0,6,0,1,4,1,3,0,0,4,0,1,1,1,0,1,1,0,1,0,1,4,1,1,0,0,2,0,16.0,8.0,0.625
3,1,4,2,0,0,0,3,0,3,14,2,7,3,0,11,1,1,1,1,2,0,0,0,1,0,2,3,1,1,1,0,2,1,10.8,12.6,0.674
20,26,24,28,15,21,0,55,3,10,27,1,26,7,0,37,2,1,1,1,5,1,1,0,1,1,2,5,1,1,1,0,3,1,42.714,23.25,0.409
1,9,2,5,5,8,0,16,1,4,14,1,9,1,0,16,1,1,1,1,2,1,1,0,1,1,2,7,1,1,1,0,1,1,18.4,13.6,0.663
2,5,5,2,2,4,0,10,0,1,7,1,3,1,0,7,1,1,1,1,2,1,1,0,1,0,1,5,1,1,1,0,1,1,25.5,11.5,0.594
1,1,2,1,2,2,0,4,0,0,1,1,3,0,0,5,1,1,1,1,1,1,1,0,1,0,0,1,1,1,0,0,1,1,23.0,7.0,0.295
0,0,1,1,0,0,0,2,0,0,2,2,4,0,0,1,0,0,0,1,1,0,0,0,1,0,0,2,1,1,0,0,1,0,6.5,2.0,0.588
1,2,1,1,1,1,0,1,0,0,3,5,2,0,0,3,0,1,1,1,1,1,1,0,1,0,0,2,1,1,0,0,1,0,10.5,9.5,0.463
1,8,3,1,0,4,0,4,3,1,7,3,5,3,0,8,0,1,1,1,1,0,1,0,1,1,1,4,1,1,1,0,2,0,17.0,3.667,0.495
0,2,2,0,0,0,0,3,0,0,1,1,2,0,0,2,0,0,1,1,0,0,0,0,1,0,0,1,1,1,0,0,2,0,6.5,3.5,0.588
1,2,4,3,0,3,0,6,0,0,0,2,6,1,0,3,0,1,1,1,2,0,1,0,1,0,0,0,1,1,1,0,1,0,10.333,3.667,0.381
1,1,0,1,0,0,0,3,1,0,2,0,3,2,1,1,0,1,1,0,1,0,0,0,1,1,0,1,0,1,1,1,1,0,15.0,8.0,0.548
2,3,1,2,2,2,0,7,1,0,7,0,4,1,0,7,0,1,1,1,2,1,1,0,1,1,0,4,0,1,1,0,1,0,19.5,9.5,0.679
0,1,3,2,0,0,0,3,0,1,1,0,3,0,0,1,0,0,1,1,2,0,0,0,1,0,1,1,0,1,0,0,1,0,15.0,9.0,0.548
2,1,1,1,0,0,0,2,0,1,2,3,0,0,0,2,0,1,1,1,1,0,0,0,1,0,1,2,1,0,0,0,1,0,15.0,6.0,0.548
5,2,2,0,2,2,0,11,0,1,5,0,9,1,0,5,1,1,1,1,0,1,1,0,1,0,1,3,0,1,1,0,2,1,11.5,6.5,0.626
2,3,1,1,2,2,0,4,0,0,2,0,0,1,0,3,0,1,1,1,1,1,1,0,1,0,0,2,0,0,1,0,2,0,21.0,16.0,0.617
1,1,2,4,0,1,0,2,0,1,3,0,1,0,0,1,1,1,1,1,1,0,1,0,1,0,1,3,0,1,0,0,1,1,9.0,3.5,0.5
1,1,1,1,0,1,0,8,0,0,1,3,7,0,0,3,0,1,1,1,1,0,1,0,1,0,0,1,1,1,0,0,1,0,9.0,2.0,0.272
2,5,2,4,0,4,0,11,1,1,3,0,6,1,0,2,1,1,1,1,3,0,1,0,1,1,1,2,0,1,1,0,1,1,14.0,6.667,0.546
5,11,5,5,1,6,3,13,1,3,10,3,17,1,1,13,4,1,1,1,2,1,1,1,1,1,1,6,1,1,1,1,1,1,14.429,5.0,0.493
14,10,5,3,4,8,0,24,1,5,2,0,13,3,0,10,1,1,1,1,1,1,1,0,1,1,2,2,0,1,1,0,2,1,33.667,9.0,0.422
4,6,10,8,1,6,2,13,0,5,15,0,7,4,0,12,0,1,1,1,3,1,1,1,1,0,2,6,0,1,1,0,1,0,31.0,22.917,0.733
14,18,19,13,4,11,0,38,0,7,22,3,15,4,1,28,0,1,1,1,3,1,1,0,1,0,3,8,1,1,1,1,4,0,39.2,22.45,0.758
1,3,3,1,1,2,1,7,0,1,2,0,0,3,0,5,0,1,1,1,1,1,1,1,1,0,1,2,0,0,1,0,1,0,30.0,12.0,0.516
0,3,0,1,0,3,0,3,0,0,1,0,2,0,0,0,0,0,1,0,1,0,1,0,1,0,0,1,0,1,0,0,0,0,13.0,5.0,0.588
6,4,1,2,1,6,0,10,0,0,4,1,5,1,0,7,0,1,1,1,2,1,1,0,1,0,0,4,1,1,1,0,1,0,15.667,5.333,0.619
3,4,1,2,0,5,0,5,0,0,1,1,4,0,0,2,0,1,1,1,1,0,1,0,1,0,0,1,1,1,0,0,1,0,9.333,1.333,0.267
0,3,1,4,0,5,0,3,1,1,8,3,5,1,0,4,0,0,1,1,3,0,1,0,1,1,1,3,1,1,1,0,1,0,13.0,10.333,0.679
2,2,4,4,0,2,1,7,0,0,7,0,6,0,1,3,0,1,1,1,2,0,1,1,1,0,0,6,0,1,0,1,1,0,12.667,9.0,0.803
0,2,0,2,0,0,0,1,0,0,4,1,2,0,0,2,0,0,1,0,2,0,0,0,1,0,0,3,1,1,0,0,1,0,7.0,9.0,0.756
10,7,4,7,2,5,0,19,1,1,3,0,4,2,1,6,0,1,1,1,4,1,1,0,1,1,1,2,0,1,1,1,1,0,23.667,9.857,0.42
0,3,0,4,0,3,1,6,2,1,4,2,3,0,0,3,0,0,1,0,2,0,1,1,1,1,1,3,1,1,0,0,1,0,16.0,5.5,0.5
1,1,0,1,1,1,2,1,0,1,5,1,0,0,0,3,1,1,1,0,1,1,1,1,1,0,1,3,1,0,0,0,1,1,4.75,4.5,0.649
3,3,2,1,4,3,0,8,0,1,4,4,6,1,0,8,4,1,1,1,1,1,1,0,1,0,1,4,1,1,1,0,1,1,48.0,15.0,0.51
4,2,0,3,1,4,0,6,0,1,4,2,4,1,0,5,0,1,1,0,2,1,1,0,1,0,1,2,1,1,1,0,2,0,37.0,30.0,0.581
2,1,0,1,0,1,0,3,0,0,2,0,0,1,0,1,0,1,1,0,1,0,1,0,1,0,0,2,0,0,1,0,1,0,12.0,6.0,0.612
9,18,9,9,5,11,1,28,5,2,16,7,23,2,2,16,0,1,1,1,3,1,1,1,1,1,1,5,1,1,1,1,2,0,17.889,9.0,0.39
4,6,1,2,1,5,0,14,0,0,4,0,6,0,1,2,0,1,1,1,2,1,1,0,1,0,0,3,0,1,0,1,1,0,22.0,14.5,0.64
21,33,26,25,11,26,0,53,2,10,37,14,34,2,0,37,4,1,1,1,4,1,1,0,1,1,2,12,1,1,1,0,2,1,23.929,14.929,0.618
22,43,19,34,10,23,0,56,5,8,47,5,25,7,1,37,2,1,1,1,3,1,1,0,1,1,1,12,1,1,1,1,2,1,26.462,11.769,0.534
1,3,2,1,0,1,0,2,0,0,2,1,1,0,0,2,0,1,1,1,1,0,1,0,1,0,0,2,1,1,0,0,1,0,16.0,4.0,0.354
0,2,2,1,0,3,0,3,0,1,2,2,2,1,0,4,0,0,1,1,1,0,1,0,1,0,1,2,1,1,1,0,1,0,11.5,5.0,0.59
11,11,16,14,9,15,0,19,0,5,16,4,4,7,0,22,2,1,1,1,3,1,1,0,1,0,2,6,1,1,1,0,2,1,38.75,20.75,0.511
2,5,3,2,1,3,0,12,0,0,4,0,5,1,0,4,0,1,1,1,1,1,1,0,1,0,0,3,0,1,1,0,1,0,42.0,6.0,0.327
3,4,4,3,1,1,0,4,0,0,10,0,6,0,0,4,1,1,1,1,2,1,1,0,1,0,0,5,0,1,0,0,1,1,13.667,12.667,0.773
3,5,8,5,2,4,0,8,2,3,6,0,7,2,0,8,1,1,1,1,3,1,1,0,1,1,1,4,0,1,1,0,1,1,21.0,14.333,0.624
1,3,5,3,1,3,0,10,0,1,11,1,8,3,0,10,0,1,1,1,2,1,1,0,1,0,1,5,1,1,1,0,3,0,12.0,10.0,0.639
5,2,1,4,0,2,0,2,0,4,6,6,7,3,0,8,1,1,1,1,3,0,1,0,1,0,3,3,1,1,1,0,2,1,12.75,11.0,0.891
2,7,1,2,2,3,0,6,2,2,8,1,6,1,0,8,2,1,1,1,1,1,1,0,1,1,2,5,1,1,1,0,2,1,26.0,18.0,0.686
1,0,0,2,0,2,0,6,1,0,2,1,5,0,0,3,0,1,0,0,2,0,1,0,1,1,0,2,1,1,0,0,1,0,11.0,5.5,0.603
7,8,3,6,1,6,0,12,2,1,7,2,5,2,0,6,1,1,1,1,2,1,1,0,1,1,1,5,1,1,1,0,1,1,13.8,6.6,0.596
1,3,1,0,0,4,0,4,1,0,1,1,2,1,0,3,1,1,1,1,0,0,1,0,1,1,0,1,1,1,1,0,1,1,11.5,1.0,0.295
6,5,4,4,2,4,0,6,2,1,7,6,11,1,0,7,2,1,1,1,2,1,1,0,1,1,1,4,1,1,1,0,1,1,11.333,4.0,0.514
2,2,3,1,1,3,1,3,1,0,4,0,1,0,0,2,0,1,1,1,1,1,1,1,1,1,0,2,0,1,0,0,1,0,24.0,8.0,0.433
1,11,3,5,2,2,0,11,0,2,6,1,5,0,0,6,1,1,1,1,2,1,1,0,1,0,1,3,1,1,0,0,1,1,14.0,7.25,0.472
4,0,5,4,1,2,0,4,0,1,6,1,5,1,0,4,0,1,0,1,3,1,1,0,1,0,1,3,1,1,1,0,1,0,12.667,8.5,0.574
0,1,1,4,1,2,0,4,1,0,4,1,2,0,0,4,0,0,1,1,3,1,1,0,1,1,0,3,1,1,0,0,1,0,12.5,9.5,0.707
0,4,3,4,1,3,0,6,1,1,6,3,5,1,0,5,2,0,1,1,2,1,1,0,1,1,1,4,1,1,1,0,1,1,22.5,9.5,0.527
1,5,4,2,1,7,1,15,0,1,8,2,13,1,0,7,1,1,1,1,1,1,1,1,1,0,1,7,1,1,1,0,2,1,17.25,10.25,0.851
7,5,6,4,2,1,0,13,1,2,8,1,7,2,2,9,0,1,1,1,3,1,1,0,1,1,2,5,1,1,1,1,1,0,34.5,22.375,0.681
2,1,0,1,1,2,0,1,0,0,3,3,2,1,0,2,0,1,1,0,1,1,1,0,1,0,0,2,1,1,1,0,1,0,19.0,9.0,0.487
2,8,1,5,3,3,1,5,0,3,13,1,7,3,0,12,1,1,1,1,3,1,1,1,1,0,2,5,1,1,1,0,2,1,13.6,12.8,0.686
2,2,1,2,3,6,0,7,0,1,4,4,4,0,0,4,0,1,1,1,1,1,1,0,1,0,1,3,1,1,0,0,2,0,40.0,19.0,0.559
2,2,1,2,3,6,0,7,0,1,4,4,4,0,0,4,0,1,1,1,1,1,1,0,1,0,1,3,1,1,0,0,2,0,40.0,19.0,0.559
1,3,2,2,0,0,2,1,0,2,7,0,2,2,0,9,1,1,1,1,2,0,0,1,1,0,1,3,0,1,1,0,1,1,11.333,4.333,0.485
2,4,4,5,2,3,0,6,0,3,11,1,8,1,2,6,0,1,1,1,2,1,1,0,1,0,1,4,1,1,1,1,1,0,28.0,8.5,0.472
0,3,1,1,0,0,0,1,0,2,5,0,2,0,0,3,0,0,1,1,1,0,0,0,1,0,2,4,0,1,0,0,2,0,9.0,16.0,1.333
3,0,4,1,0,0,0,3,0,2,4,0,2,1,0,2,0,1,0,1,1,0,0,0,1,0,2,3,0,1,1,0,1,0,22.0,21.0,0.905
0,1,1,3,0,0,0,1,1,3,7,0,3,2,0,6,0,0,1,1,3,0,0,0,1,1,2,3,0,1,1,0,2,0,9.333,11.667,0.935
2,6,3,2,0,1,0,7,0,1,4,2,8,3,1,4,0,1,1,1,2,0,1,0,1,0,1,4,1,1,1,1,1,0,21.5,10.5,0.647
0,2,0,2,1,4,0,4,0,0,1,3,4,0,0,1,1,0,1,0,1,1,1,0,1,0,0,1,1,1,0,0,1,1,11.0,2.0,0.302
4,6,1,4,2,5,2,13,0,3,9,1,12,0,0,7,0,1,1,1,1,1,1,1,1,0,2,5,1,1,0,0,2,0,17.25,9.562,0.681
3,1,0,2,1,2,0,4,0,0,1,2,2,0,0,0,0,1,1,0,1,1,1,0,1,0,0,1,1,1,0,0,0,0,19.0,4.0,0.324
12,13,7,9,6,8,2,15,0,5,17,1,17,2,0,18,2,1,1,1,3,1,1,1,1,0,2,5,1,1,1,0,2,1,21.833,12.458,0.494
4,7,6,6,1,2,0,11,0,2,11,0,4,3,1,7,0,1,1,1,3,1,1,0,1,0,2,5,0,1,1,1,2,0,21.333,13.333,0.707
16,5,1,4,2,9,0,5,0,0,5,7,14,1,3,5,2,1,1,1,1,1,1,0,1,0,0,2,1,1,1,1,1,1,24.0,6.667,0.25
6,4,3,9,1,5,0,10,0,2,7,0,3,2,0,5,1,1,1,1,3,1,1,0,1,0,1,4,0,1,1,0,1,1,29.0,13.5,0.65
2,2,3,4,1,1,0,5,0,1,7,1,2,1,0,2,0,1,1,1,1,1,1,0,1,0,1,4,1,1,1,0,1,0,32.0,22.0,0.625
24,19,16,15,13,10,2,37,1,7,25,2,21,9,0,28,2,1,1,1,2,1,1,1,1,1,2,7,1,1,1,0,2,1,20.909,10.909,0.466
4,4,2,3,0,2,0,5,1,3,3,1,7,1,2,4,0,1,1,1,2,0,1,0,1,1,2,1,1,1,1,1,1,0,20.0,10.0,0.447
0,2,0,0,0,0,0,4,0,2,3,3,4,0,0,3,1,0,1,0,0,0,0,0,1,0,1,3,1,1,0,0,2,1,11.0,3.5,0.603
2,2,0,2,2,2,0,9,0,0,5,1,3,1,0,4,0,1,1,0,2,1,1,0,1,0,0,4,1,1,1,0,1,0,31.0,11.0,0.635
3,1,0,2,1,1,0,4,0,2,3,0,2,1,0,3,0,1,1,0,2,1,1,0,1,0,1,2,0,1,1,0,1,0,11.5,11.5,0.737
15,18,13,7,4,11,3,24,2,2,15,5,13,7,0,18,1,1,1,1,1,1,1,1,1,1,2,6,1,1,1,0,2,1,22.571,6.143,0.45
5,10,5,4,1,3,0,9,2,7,15,3,9,1,0,13,0,1,1,1,3,1,1,0,1,1,2,6,1,1,1,0,2,0,21.75,18.125,0.758
5,4,3,7,1,4,0,7,0,1,9,1,8,0,0,5,0,1,1,1,2,1,1,0,1,0,1,4,1,1,0,0,1,0,18.0,15.333,0.674
1,2,0,0,1,2,1,2,0,0,1,1,4,0,0,1,1,1,1,0,0,1,1,1,1,0,0,1,1,1,0,0,1,1,8.0,1.0,0.354
1,4,4,4,1,1,0,6,0,0,10,4,6,0,0,7,0,1,1,1,2,1,1,0,1,0,0,5,1,1,0,0,1,0,9.8,5.8,0.606
8,8,6,9,2,6,0,16,0,2,10,8,12,2,0,13,1,1,1,1,3,1,1,0,1,0,1,6,1,1,1,0,2,1,17.167,10.0,0.557
6,9,5,13,5,7,0,13,1,2,12,1,8,3,0,9,0,1,1,1,4,1,1,0,1,1,2,7,1,1,1,0,1,0,18.8,14.3,0.802
3,4,4,3,1,5,0,6,0,0,7,8,4,1,0,5,0,1,1,1,2,1,1,0,1,0,0,5,1,1,1,0,1,0,25.5,18.571,0.594
1,2,0,1,0,1,0,6,1,1,2,0,7,1,0,3,1,1,1,0,1,0,1,0,1,1,1,2,0,1,1,0,1,1,14.0,3.0,0.401
12,7,13,10,5,5,0,16,2,7,19,0,20,6,0,20,2,1,1,1,2,1,1,0,1,1,2,5,0,1,1,0,1,1,18.0,10.125,0.412
2,2,0,0,0,1,0,4,1,0,3,0,3,1,0,3,0,1,1,0,0,0,1,0,1,1,0,3,0,1,1,0,2,0,10.0,7.0,0.791
0,0,0,2,0,1,0,4,2,0,3,0,5,0,1,0,0,0,0,0,1,0,1,0,1,1,0,2,0,1,0,1,0,0,16.0,11.0,0.53
7,15,11,10,6,7,0,22,3,7,21,4,13,7,0,25,2,1,1,1,2,1,1,0,1,1,2,9,1,1,1,0,2,1,26.667,16.5,0.671
14,14,5,9,6,11,0,34,0,8,9,1,10,1,0,22,3,1,1,1,2,1,1,0,1,0,2,7,1,1,1,0,2,1,29.4,10.4,0.583
3,8,6,6,3,5,0,17,0,6,9,0,12,3,0,14,0,1,1,1,2,1,1,0,1,0,2,6,0,1,1,0,1,0,30.667,21.0,0.663
0,1,3,0,1,3,0,1,0,0,1,2,3,0,0,1,0,0,1,1,0,1,1,0,1,0,0,1,1,1,0,0,1,0,16.0,2.0,0.354
2,4,1,4,1,4,1,7,0,0,4,2,4,1,0,2,0,1,1,1,1,1,1,1,1,0,0,3,1,1,1,0,1,0,18.5,6.5,0.465
4,2,1,1,1,1,1,3,1,1,2,0,12,1,0,5,0,1,1,1,1,1,1,1,1,1,1,2,0,1,1,0,1,0,18.0,2.0,0.354
0,2,1,4,0,2,0,6,0,1,6,2,5,0,0,2,1,0,1,1,3,0,1,0,1,0,1,3,1,1,0,0,1,1,10.333,6.667,0.762
3,5,3,3,1,4,0,9,1,0,6,1,6,0,0,4,0,1,1,1,1,1,1,0,1,1,0,3,1,1,0,0,1,0,9.2,3.6,0.417
9,13,8,6,2,9,1,17,3,2,6,4,12,1,1,10,0,1,1,1,2,1,1,1,1,1,1,3,1,1,1,1,1,0,17.333,6.333,0.416
5,10,7,12,5,6,0,21,0,5,13,0,13,1,0,14,1,1,1,1,2,1,1,0,1,0,2,5,0,1,1,0,1,1,14.25,7.75,0.464
3,0,1,2,1,2,0,3,0,0,4,2,3,0,0,5,0,1,0,1,2,1,1,0,1,0,0,3,1,1,0,0,1,0,13.0,8.0,0.693
7,13,3,9,8,12,1,30,1,2,12,2,12,3,0,13,0,1,1,1,4,1,1,1,1,1,2,6,1,1,1,0,2,0,16.0,8.696,0.625
11,15,2,8,6,5,0,11,2,1,18,9,8,2,0,13,1,1,1,1,4,1,1,0,1,1,1,5,1,1,1,0,3,1,18.667,17.625,0.668
9,12,11,10,4,12,1,20,1,5,20,5,18,4,1,18,0,1,1,1,4,1,1,1,1,1,2,6,1,1,1,1,2,0,13.636,9.455,0.577
3,8,3,6,2,8,1,16,0,1,8,4,8,1,0,4,0,1,1,1,2,1,1,1,1,0,1,5,1,1,1,0,1,0,14.4,7.0,0.5
1,2,0,2,1,0,0,3,2,1,2,2,3,1,1,2,0,1,1,0,2,1,0,0,1,1,1,2,1,1,1,1,1,0,22.0,25.75,0.905
1,3,0,1,0,1,0,3,0,0,3,1,3,0,1,1,0,1,1,0,1,0,1,0,1,0,0,3,1,1,0,1,1,0,8.5,8.75,0.686
1,2,0,1,1,1,0,3,0,1,2,0,1,0,0,2,0,1,1,0,1,1,1,0,1,0,1,2,0,1,0,0,1,0,15.0,19.571,0.913
0,3,1,1,0,1,0,5,1,0,1,0,3,0,0,0,1,0,1,1,1,0,1,0,1,1,0,1,0,1,0,0,0,1,8.5,2.0,0.514
9,13,7,7,9,7,1,18,2,4,18,2,6,4,0,20,0,1,1,1,4,1,1,1,1,1,2,5,1,1,1,0,2,0,18.0,13.214,0.567
19,22,6,10,9,13,3,36,1,5,15,9,34,0,2,15,3,1,1,1,3,1,1,1,1,1,1,5,1,1,0,1,1,1,28.286,11.143,0.402
7,8,6,8,3,4,2,12,0,2,11,2,16,0,0,7,0,1,1,1,3,1,1,1,1,0,1,5,1,1,0,0,1,0,14.833,10.792,0.675
6,8,4,5,2,3,0,12,1,7,8,1,7,3,0,7,2,1,1,1,4,1,1,0,1,1,2,3,1,1,1,0,2,1,25.333,23.917,0.649
1,2,1,0,0,0,0,2,0,1,3,0,3,0,0,3,0,1,1,1,0,0,0,0,1,0,1,2,0,1,0,0,1,0,8.0,1.0,0.354
3,9,4,7,3,6,0,15,0,4,9,1,11,2,0,12,1,1,1,1,2,1,1,0,1,0,2,6,1,1,1,0,1,1,17.2,9.6,0.61
5,8,5,1,0,5,1,7,0,0,3,3,4,1,0,5,0,1,1,1,1,0,1,1,1,0,0,2,1,1,1,0,1,0,24.0,3.0,0.306
13,12,4,5,5,5,0,17,2,3,14,0,10,4,0,12,1,1,1,1,3,1,1,0,1,1,2,5,0,1,1,0,2,1,53.5,46.5,0.547
12,14,8,8,5,10,0,22,8,2,10,8,11,3,1,10,0,1,1,1,2,1,1,0,1,1,1,5,1,1,1,1,2,0,43.667,17.0,0.432
5,4,3,7,1,6,0,7,3,2,3,1,3,0,0,2,0,1,1,1,4,1,1,0,1,1,2,2,1,1,0,0,1,0,15.667,12.024,0.722
5,3,2,0,0,0,0,4,0,1,0,5,7,0,0,2,0,1,1,1,0,0,0,0,1,0,1,0,1,1,0,0,1,0,13.5,3.5,0.272
3,1,1,0,2,0,0,2,1,0,0,0,1,0,0,0,0,1,1,1,0,1,0,0,1,1,0,0,0,1,0,0,0,0,11.0,0.0,0.213
2,4,0,2,0,2,0,7,0,2,2,1,2,0,0,2,0,1,1,0,2,0,1,0,1,0,2,2,1,1,0,0,1,0,13.0,9.375,0.693
5,5,3,5,0,4,0,4,0,3,12,0,4,2,0,9,0,1,1,1,2,0,1,0,1,0,3,6,0,1,1,0,2,0,28.0,30.625,0.945
0,2,0,0,1,0,0,9,1,0,0,1,4,0,0,3,0,0,1,0,0,1,0,0,1,1,0,0,1,1,0,0,1,0,21.0,0.0,0.154
2,2,2,1,3,4,0,6,1,0,4,2,6,0,0,4,0,1,1,1,1,1,1,0,1,1,0,2,1,1,0,0,1,0,37.0,4.0,0.232
2,0,2,3,1,1,0,2,0,1,1,0,7,2,0,3,1,1,0,1,3,1,1,0,1,0,1,1,0,1,1,0,1,1,25.0,21.571,0.707
1,0,0,0,2,1,0,4,1,0,1,3,6,0,0,1,2,1,0,0,0,1,1,0,1,1,0,1,1,1,0,0,1,1,22.0,2.0,0.302
0,1,3,1,0,1,0,1,0,1,0,2,2,0,0,2,0,0,1,1,1,0,1,0,1,0,1,0,1,1,0,0,1,0,14.0,0.0,0.189
2,2,2,3,1,4,0,5,0,2,1,3,1,1,0,3,0,1,1,1,3,1,1,0,1,0,1,1,1,1,1,0,2,0,30.0,20.5,0.645
0,0,0,1,1,0,0,4,0,1,1,0,2,0,0,1,0,0,0,0,1,1,0,0,1,0,1,1,0,1,0,0,1,0,11.0,16.0,0.853
1,1,2,2,0,2,0,3,1,0,1,3,3,1,0,1,1,1,1,1,2,0,1,0,1,1,0,1,1,1,1,0,1,1,22.0,11.571,0.603
3,1,1,1,2,0,0,4,0,1,2,0,1,0,0,2,0,1,1,1,1,1,0,0,1,0,1,2,0,1,0,0,1,0,18.0,6.0,0.5
2,0,2,2,1,2,1,5,0,1,5,0,3,2,0,4,0,1,0,1,1,1,1,1,1,0,1,4,0,1,1,0,2,0,15.0,9.5,0.775
4,4,1,1,1,2,0,5,1,0,0,0,5,0,0,1,0,1,1,1,1,1,1,0,1,1,0,0,0,1,0,0,1,0,25.0,2.0,0.283
2,3,4,0,1,1,0,4,1,0,1,4,4,0,0,2,0,1,1,1,0,1,1,0,1,1,0,1,1,1,0,0,1,0,13.5,0.0,0.136
3,1,1,3,0,3,0,6,0,1,4,1,1,0,0,3,0,1,1,1,3,0,1,0,1,0,1,3,1,1,0,0,2,0,27.0,20.571,0.816
0,4,4,5,0,3,0,4,0,1,4,5,4,4,0,5,0,0,1,1,2,0,1,0,1,0,1,2,1,1,1,0,1,0,21.5,15.5,0.539
6,1,3,1,0,0,1,4,0,0,5,1,8,0,0,2,2,1,1,1,1,0,0,1,1,0,0,2,1,1,0,0,1,1,16.5,2.0,0.369
5,4,3,7,1,3,1,7,0,3,11,5,9,1,0,9,0,1,1,1,2,1,1,1,1,0,2,6,1,1,1,0,1,0,11.5,8.333,0.681
0,0,0,1,0,4,0,4,0,2,0,4,2,0,0,2,0,0,0,0,1,0,1,0,1,0,1,0,1,1,0,0,1,0,9.5,1.0,0.324
3,14,1,4,5,4,0,11,6,1,9,0,8,1,0,15,1,1,1,1,2,1,1,0,1,1,1,3,0,1,1,0,1,1,27.667,5.0,0.31
0,0,1,0,0,0,0,2,0,0,0,0,8,0,0,0,0,0,0,1,0,0,0,0,1,0,0,0,0,1,0,0,0,0,11.0,0.0,0.213
2,1,2,1,2,0,0,3,3,0,2,0,1,0,0,1,0,1,1,1,1,1,0,0,1,1,0,2,0,1,0,0,1,0,9.0,3.0,0.667
1,1,3,2,1,0,0,0,0,0,6,2,1,1,0,3,0,1,1,1,2,1,0,0,0,0,0,4,1,1,1,0,1,0,21.0,20.0,0.772
4,5,3,7,1,4,1,13,1,2,4,1,11,1,0,8,1,1,1,1,2,1,1,1,1,1,2,3,1,1,1,0,1,1,16.5,4.25,0.435
1,0,0,1,2,0,1,1,0,0,1,2,2,0,0,0,2,1,0,0,1,1,0,1,1,0,0,1,1,0,0,0,0,1,11.0,2.0,0.426
0,3,1,3,1,2,0,7,0,2,3,2,3,0,0,8,2,0,1,1,2,1,1,0,1,0,1,3,1,1,0,0,1,1,9.0,5.25,0.589
7,2,1,3,1,1,0,4,0,2,1,3,9,0,0,2,1,1,1,1,2,1,1,0,1,0,2,1,1,1,0,0,1,1,18.0,9.0,0.589
5,9,7,8,5,1,0,10,6,4,14,1,6,2,0,11,0,1,1,1,3,1,1,0,1,1,2,6,1,1,1,0,2,0,44.5,29.875,0.675
0,0,0,0,1,0,0,0,0,0,0,8,2,0,0,0,0,0,0,0,0,1,0,0,0,0,0,0,1,1,0,0,0,0,11.0,0.0,0.213
7,4,4,6,4,2,0,8,0,1,10,0,5,1,0,8,1,1,1,1,2,1,1,0,1,0,1,4,0,1,1,0,3,1,30.5,29.5,0.634
3,5,2,1,1,0,0,3,0,1,6,4,5,2,0,5,0,1,1,1,1,1,0,0,1,0,1,3,1,1,1,0,1,0,12.667,6.333,0.459
6,7,7,10,3,8,0,14,0,1,8,5,11,3,0,4,2,1,1,1,3,1,1,0,1,0,1,4,1,1,1,0,1,1,22.25,8.643,0.525
3,4,3,6,6,5,0,11,1,0,14,13,14,5,0,15,0,1,1,1,2,1,1,0,1,1,0,6,1,1,1,0,3,0,33.0,21.0,0.64
6,11,8,5,6,6,0,23,4,2,20,0,11,3,1,13,2,1,1,1,1,1,1,0,1,1,1,6,0,1,1,1,2,1,17.286,8.714,0.514
1,0,0,1,0,2,0,2,1,0,2,2,3,0,0,2,0,1,0,0,1,0,1,0,1,1,0,2,1,1,0,0,1,0,18.0,15.0,0.667
2,1,2,1,2,1,0,1,1,3,0,3,2,0,0,1,0,1,1,1,1,1,1,0,1,1,1,0,1,1,0,0,1,0,20.0,0.0,0.158
2,2,2,2,0,1,0,2,0,1,2,2,2,0,0,1,0,1,1,1,2,0,1,0,1,0,1,2,1,1,0,0,1,0,19.0,18.75,0.649
1,0,1,2,1,0,0,6,0,0,2,0,7,1,0,2,0,1,0,1,1,1,0,0,1,0,0,2,0,1,1,0,1,0,7.333,4.0,0.603
2,4,8,7,2,2,0,8,2,4,15,0,5,2,0,9,3,1,1,1,3,1,1,0,1,1,2,5,0,1,1,0,2,1,14.8,11.2,0.74
13,15,4,10,7,9,1,35,1,9,11,1,23,0,0,15,4,1,1,1,4,1,1,1,1,1,2,6,1,1,0,0,1,1,14.455,7.659,0.561
10,23,6,11,6,15,1,46,1,4,20,3,38,6,3,20,2,1,1,1,3,1,1,1,1,1,1,8,1,1,1,1,1,1,23.556,10.222,0.486
2,1,0,1,0,2,0,2,0,1,2,4,1,1,0,4,1,1,1,0,1,0,1,0,1,0,1,2,1,1,1,0,1,1,11.0,5.5,0.603
2,1,1,1,0,3,0,4,0,1,1,1,2,1,0,2,0,1,1,1,1,0,1,0,1,0,1,1,1,1,1,0,1,0,10.0,1.0,0.316
2,2,3,4,1,2,0,11,5,1,6,16,2,1,0,2,13,1,1,1,2,1,1,0,1,1,1,4,1,1,1,0,1,1,35.5,13.0,0.504
6,8,2,3,2,8,1,14,0,2,3,1,8,0,0,5,2,1,1,1,2,1,1,1,1,0,2,3,1,1,0,0,2,1,21.0,10.917,0.624
1,2,1,1,2,1,0,4,1,0,3,0,0,0,0,2,1,1,1,1,1,1,1,0,1,1,0,2,0,0,0,0,1,1,19.0,8.0,0.649
1,2,1,0,0,0,0,0,1,1,5,0,0,0,0,3,0,1,1,1,0,0,0,0,0,1,1,3,0,0,0,0,1,0,14.0,6.0,0.567
26,28,15,17,10,22,0,49,1,1,17,3,21,8,0,22,19,1,1,1,4,1,1,0,1,1,1,8,1,1,1,0,2,1,86.333,33.667,0.571
0,1,1,0,1,2,0,1,0,1,1,1,2,0,0,3,0,0,1,1,0,1,1,0,1,0,1,1,1,1,0,0,1,0,14.0,2.0,0.378
0,1,0,0,0,1,0,3,1,0,1,0,2,0,0,2,1,0,1,0,0,0,1,0,1,1,0,1,0,1,0,0,2,1,6.0,3.5,0.408
2,3,1,4,2,2,1,5,1,1,7,0,5,1,0,5,0,1,1,1,2,1,1,1,1,1,1,4,0,1,1,0,2,0,13.333,7.333,0.671
7,8,7,2,2,7,0,15,1,1,10,0,15,1,1,9,0,1,1,1,2,1,1,0,1,1,1,4,0,1,1,1,2,0,17.0,7.0,0.46
2,4,1,4,1,1,0,7,0,0,1,1,3,1,0,2,1,1,1,1,2,1,1,0,1,0,0,1,1,1,1,0,1,1,10.0,1.333,0.387
5,3,6,7,1,3,0,11,0,1,6,0,7,1,1,6,0,1,1,1,2,1,1,0,1,0,1,4,0,1,1,1,2,0,14.25,6.0,0.562
2,6,1,5,2,10,0,7,20,1,8,28,40,1,1,4,11,1,1,1,2,1,1,0,1,1,1,3,1,1,1,1,1,1,13.545,3.091,0.348
2,12,6,3,5,10,1,19,0,4,13,1,12,2,0,15,1,1,1,1,2,1,1,1,1,0,2,6,1,1,1,0,3,1,17.667,9.5,0.755
0,0,0,1,1,1,1,1,1,1,3,0,2,1,0,3,0,0,0,0,1,1,1,1,1,1,1,2,0,1,1,0,1,0,8.0,4.0,0.354
3,2,2,4,1,1,1,1,1,1,5,0,2,1,0,0,0,1,1,1,2,1,1,1,1,1,1,3,0,1,1,0,0,0,12.5,7.0,0.566
1,2,1,2,0,1,0,2,0,0,3,0,2,0,0,2,0,1,1,1,1,0,1,0,1,0,0,2,0,1,0,0,1,0,16.0,10.0,0.707
1,1,0,1,1,0,0,4,1,0,2,0,2,1,0,2,0,1,1,0,1,1,0,0,1,1,0,2,0,1,1,0,2,0,16.0,13.0,0.884
3,0,4,4,2,0,0,2,2,3,4,0,3,2,0,6,1,1,0,1,1,1,0,0,1,1,2,4,0,1,1,0,1,1,18.0,9.5,0.589
2,2,1,3,1,6,0,5,0,1,6,1,4,0,0,4,0,1,1,1,2,1,1,0,1,0,1,3,1,1,0,0,3,0,12.0,14.5,1.061
2,3,1,1,0,1,0,5,0,1,5,0,2,0,0,3,0,1,1,1,1,0,1,0,1,0,1,4,0,1,0,0,1,0,12.0,9.786,0.722
3,1,1,1,1,2,0,2,1,0,0,2,2,0,0,1,0,1,1,1,1,1,1,0,1,1,0,0,1,1,0,0,1,0,17.0,2.0,0.343
0,1,0,1,0,1,1,2,1,1,2,0,3,0,0,2,1,0,1,0,1,0,1,1,1,1,1,2,0,1,0,0,1,1,8.0,8.0,0.707
8,12,8,6,7,14,1,23,1,6,24,1,21,2,0,24,0,1,1,1,1,1,1,1,1,1,2,8,1,1,1,0,2,0,22.571,15.429,0.563
2,2,2,1,0,2,0,2,0,0,2,0,1,1,0,1,0,1,1,1,1,0,1,0,1,0,0,2,0,1,1,0,1,0,16.0,4.0,0.53
1,3,2,2,1,0,1,1,0,1,5,0,6,1,0,5,0,1,1,1,1,1,0,1,1,0,1,3,0,1,1,0,1,0,9.667,10.333,0.788
5,2,8,8,2,3,0,5,0,3,9,0,1,2,0,8,4,1,1,1,3,1,1,0,1,0,2,5,0,1,1,0,1,1,30.0,27.5,0.73
2,4,2,1,0,1,0,2,1,1,6,0,1,0,0,0,1,1,1,1,1,0,1,0,1,1,1,5,0,1,0,0,0,1,11.0,10.5,1.055
2,1,1,2,0,0,0,0,1,1,1,0,3,0,0,0,0,1,1,1,1,0,0,0,0,1,1,1,0,1,0,0,0,0,6.0,3.5,0.408
3,4,0,3,2,2,2,3,1,1,5,1,6,0,0,3,1,1,1,0,2,1,1,1,1,1,1,3,1,1,0,0,1,1,37.0,24.0,0.697
1,0,1,0,1,1,1,3,1,0,2,1,2,1,0,2,0,1,0,1,0,1,1,1,1,1,0,2,1,1,1,0,1,0,17.0,3.0,0.343
13,16,7,13,3,12,2,31,3,3,22,2,17,3,2,22,8,1,1,1,4,1,1,1,1,1,2,6,1,1,1,1,2,1,22.125,11.25,0.531
2,3,2,3,0,5,1,17,3,0,3,0,24,0,0,3,3,1,1,1,2,0,1,1,1,1,0,2,0,1,0,0,2,1,16.5,5.75,0.435
6,2,3,3,0,4,1,7,0,0,4,0,7,1,0,2,3,1,1,1,1,0,1,1,1,0,0,4,0,1,1,0,2,1,14.333,8.333,0.647
1,3,4,5,0,2,1,11,0,1,7,0,4,0,0,7,1,1,1,1,3,0,1,1,1,0,1,4,0,1,0,0,1,1,47.0,37.571,0.722
2,0,1,2,3,1,0,6,2,0,1,1,7,0,0,6,4,1,0,1,2,1,1,0,1,1,0,1,1,1,0,0,1,1,35.0,4.0,0.359
2,1,0,1,1,3,0,4,0,0,1,0,0,0,0,1,1,1,1,0,1,1,1,0,1,0,0,1,0,0,0,0,1,1,15.0,2.0,0.365
1,3,1,1,0,2,0,2,0,0,5,0,7,1,0,3,0,1,1,1,1,0,1,0,1,0,0,3,0,1,1,0,1,0,13.5,7.5,0.544
1,0,1,4,0,2,0,2,0,0,4,0,2,0,0,2,0,1,0,1,2,0,1,0,1,0,0,2,0,1,0,0,1,0,9.0,7.5,0.667
11,9,10,12,6,10,1,16,0,4,12,5,14,2,0,14,0,1,1,1,3,1,1,1,1,0,2,4,1,1,1,0,1,0,25.2,11.0,0.441
7,10,9,8,3,10,0,16,1,1,11,0,8,4,0,9,1,1,1,1,3,1,1,0,1,1,1,6,0,1,1,0,1,1,32.667,16.667,0.571
9,12,5,14,4,10,3,25,1,8,15,1,28,3,0,18,3,1,1,1,2,1,1,1,1,1,2,6,1,1,1,0,1,1,26.0,12.667,0.453
2,1,3,2,1,2,0,1,0,0,4,2,3,2,0,2,1,1,1,1,2,1,1,0,1,0,0,2,1,1,1,0,1,1,12.5,10.0,0.566
4,2,0,0,1,1,0,2,1,0,0,1,3,0,0,1,0,1,1,0,0,1,1,0,1,1,0,0,1,1,0,0,1,0,16.0,0.0,0.177
2,1,1,0,1,1,0,1,2,2,2,0,1,0,0,2,0,1,1,1,0,1,1,0,1,1,1,2,0,1,0,0,1,0,16.0,2.0,0.354
1,5,1,1,3,3,0,7,0,0,4,3,1,0,0,1,0,1,1,1,1,1,1,0,1,0,0,2,1,1,0,0,1,0,15.0,8.5,0.645
13,24,17,20,10,7,2,40,4,8,43,6,34,11,2,35,8,1,1,1,2,1,1,1,1,1,2,9,1,1,1,1,3,1,16.706,9.824,0.504
7,5,4,3,5,4,0,14,2,0,4,0,9,2,0,5,0,1,1,1,1,1,1,0,1,1,0,3,0,1,1,0,3,0,16.0,6.75,0.442
0,2,4,1,1,1,0,1,0,0,5,0,3,0,0,3,0,0,1,1,1,1,1,0,1,0,0,2,0,1,0,0,1,0,21.0,15.0,0.617
2,0,0,2,1,1,0,3,1,1,1,0,3,0,0,1,0,1,0,0,2,1,1,0,1,1,1,1,0,1,0,0,1,0,8.0,5.5,0.707
2,3,1,2,1,4,0,6,0,1,6,1,3,1,0,5,0,1,1,1,1,1,1,0,1,0,1,3,1,1,1,0,2,0,36.0,26.0,0.589
2,1,1,2,2,2,0,5,0,2,5,0,3,1,0,6,0,1,1,1,2,1,1,0,1,0,1,3,0,1,1,0,1,0,16.0,17.5,0.75
1,0,1,3,2,1,0,4,0,1,4,6,4,2,0,5,0,1,0,1,1,1,1,0,1,0,1,3,1,1,1,0,1,0,17.0,8.5,0.485
1,3,3,2,1,2,0,4,0,0,3,2,3,0,0,3,0,1,1,1,1,1,1,0,1,0,0,3,1,1,0,0,2,0,13.5,9.0,0.816
2,9,7,9,2,3,0,7,2,4,11,9,14,2,0,14,1,1,1,1,4,1,1,0,1,1,2,6,1,1,1,0,2,1,24.0,19.5,0.794
4,7,4,6,1,4,0,19,0,3,9,0,11,2,0,14,2,1,1,1,3,1,1,0,1,0,1,4,0,1,1,0,1,1,12.286,7.0,0.534
1,3,3,8,2,3,0,10,0,1,9,2,6,4,0,7,1,1,1,1,2,1,1,0,1,0,1,5,1,1,1,0,1,1,15.0,10.0,0.639
2,0,0,0,1,0,0,4,0,0,1,0,3,1,1,0,0,1,0,0,0,1,0,0,1,0,0,1,0,1,1,1,0,0,12.0,0.0,0.204
8,7,12,6,2,12,2,16,0,5,8,11,18,2,0,14,3,1,1,1,1,1,1,1,1,0,2,6,1,1,1,0,2,1,41.333,15.667,0.572
5,3,5,8,2,2,1,6,1,3,7,1,8,2,0,4,1,1,1,1,2,1,1,1,1,1,2,4,1,1,1,0,2,1,19.667,10.667,0.644
1,3,0,2,0,1,0,3,0,0,0,1,6,0,0,2,0,1,1,0,1,0,1,0,1,0,0,0,1,1,0,0,1,0,6.333,0.0,0.162
3,6,3,2,3,4,0,11,1,2,2,5,5,0,0,3,3,1,1,1,1,1,1,0,1,1,1,2,1,1,0,0,1,1,53.0,22.0,0.389
6,6,1,3,1,4,0,9,0,1,2,1,6,0,0,1,1,1,1,1,1,1,1,0,1,0,1,2,1,1,0,0,1,1,20.5,8.5,0.442
1,1,0,1,0,1,0,4,0,1,1,0,0,1,0,0,0,1,1,0,1,0,1,0,1,0,1,1,0,0,1,0,0,0,11.0,8.0,0.64
6,9,10,7,2,6,1,12,0,3,11,4,8,4,0,14,1,1,1,1,3,1,1,1,1,0,2,4,1,1,1,0,2,1,24.25,12.75,0.503
7,0,1,5,3,4,3,16,0,2,5,3,5,0,0,6,3,1,0,1,3,1,1,1,1,0,1,2,1,1,0,0,1,1,15.75,8.938,0.535
2,3,1,4,4,3,0,16,0,3,5,0,8,0,0,7,3,1,1,1,2,1,1,0,1,0,2,4,0,1,0,0,1,1,14.75,5.75,0.644
6,18,4,12,5,13,1,21,0,7,12,27,23,2,1,24,2,1,1,1,4,1,1,1,1,0,2,5,1,1,1,1,2,1,29.5,16.333,0.478
5,11,2,4,1,5,0,9,0,3,11,0,7,4,0,12,0,1,1,1,2,1,1,0,1,0,1,3,0,1,1,0,2,0,24.333,17.667,0.497
3,1,1,3,3,2,0,4,0,5,5,1,5,2,0,5,1,1,1,1,2,1,1,0,1,0,2,3,1,1,1,0,1,1,13.333,17.0,0.559
2,2,3,3,1,1,0,1,0,2,2,1,4,1,0,1,2,1,1,1,1,1,1,0,1,0,2,2,1,1,1,0,1,1,25.0,16.0,0.566
1,0,1,2,1,2,1,2,0,0,1,0,0,0,0,0,0,1,0,1,1,1,1,1,1,0,0,1,0,0,0,0,0,0,11.0,4.0,0.426
2,2,1,2,1,1,0,8,0,1,3,0,4,0,0,4,0,1,1,1,1,1,1,0,1,0,1,2,0,1,0,0,1,0,14.5,6.5,0.525
3,2,2,4,2,4,1,8,1,2,8,0,2,3,0,8,1,1,1,1,2,1,1,1,1,1,1,3,0,1,1,0,2,1,25.5,30.0,0.693
7,7,8,6,2,5,0,11,0,3,5,0,4,2,0,10,0,1,1,1,2,1,1,0,1,0,1,3,0,1,1,0,1,0,23.667,5.0,0.336
3,4,2,4,2,3,0,3,0,3,3,2,4,0,0,8,0,1,1,1,2,1,1,0,1,0,2,2,1,1,0,0,2,0,20.5,15.25,0.552
2,1,1,2,0,2,0,2,0,2,1,0,3,1,0,1,0,1,1,1,2,0,1,0,1,0,2,1,0,1,1,0,1,0,9.0,6.0,0.5
4,2,1,3,2,1,0,2,0,1,6,0,5,0,0,4,0,1,1,1,2,1,1,0,1,0,1,3,0,1,0,0,2,0,31.0,18.571,0.635
1,3,3,2,2,4,0,7,0,0,4,0,2,2,0,6,0,1,1,1,1,1,1,0,1,0,0,4,0,1,1,0,1,0,12.0,5.667,0.707
2,4,1,0,2,0,0,4,0,0,3,1,5,0,0,1,2,1,1,1,0,1,0,0,1,0,0,3,1,1,0,0,1,1,6.0,1.0,0.433
1,5,0,2,0,3,1,5,0,0,4,0,2,0,0,4,0,1,1,0,2,0,1,1,1,0,0,4,0,1,0,0,1,0,13.5,8.5,0.816
7,2,1,2,1,0,0,12,0,1,1,3,11,0,2,2,0,1,1,1,2,1,0,0,1,0,1,1,1,1,0,1,1,0,43.0,4.0,0.323
1,2,0,0,0,1,0,3,0,1,1,1,0,0,0,1,0,1,1,0,0,0,1,0,1,0,1,1,1,0,0,0,1,0,11.0,2.0,0.426
3,1,0,4,1,0,0,2,0,0,1,0,1,0,0,1,0,1,1,0,2,1,0,0,1,0,0,1,0,1,0,0,1,0,14.0,7.0,0.567
0,0,0,1,1,1,1,1,0,4,1,0,0,0,0,3,0,0,0,0,1,1,1,1,1,0,2,1,0,0,0,0,2,0,15.0,27.0,0.73
6,7,7,6,3,4,1,18,0,5,15,0,12,3,0,15,0,1,1,1,3,1,1,1,1,0,2,8,0,1,1,0,1,0,17.0,11.167,0.77
7,4,2,2,0,4,1,9,1,0,3,2,21,0,0,3,3,1,1,1,2,0,1,1,1,1,0,3,1,1,0,0,2,1,15.0,5.0,0.548
6,2,3,3,0,4,1,7,0,0,4,0,7,1,0,2,3,1,1,1,1,0,1,1,1,0,0,4,0,1,1,0,2,1,14.333,8.333,0.647
0,3,4,2,0,2,0,5,0,0,4,0,4,0,0,2,1,0,1,1,2,0,1,0,1,0,0,2,0,1,0,0,1,1,27.0,12.571,0.544
4,6,9,2,2,3,0,13,0,1,8,0,3,2,0,8,0,1,1,1,2,1,1,0,1,0,1,3,0,1,1,0,2,0,30.5,13.0,0.453
0,0,1,3,1,1,0,1,1,0,2,0,1,0,0,0,1,0,0,1,2,1,1,0,1,1,0,1,0,1,0,0,0,1,12.0,8.0,0.612
7,7,2,3,1,6,1,14,2,0,7,3,9,1,0,10,3,1,1,1,2,1,1,1,1,1,0,3,1,1,1,0,2,1,19.0,3.75,0.324
4,7,0,1,3,7,0,13,1,3,10,0,6,2,0,10,1,1,1,0,1,1,1,0,1,1,2,4,0,1,1,0,2,1,17.0,11.75,0.514
4,2,2,5,0,3,0,7,0,2,4,1,5,2,0,4,1,1,1,1,2,0,1,0,1,0,1,2,1,1,1,0,1,1,20.0,15.5,0.559
3,2,5,4,3,2,0,7,1,0,6,4,4,0,0,6,0,1,1,1,2,1,1,0,1,1,0,4,1,1,0,0,1,0,15.667,4.667,0.516
1,2,2,4,0,3,0,4,0,0,1,0,2,0,0,0,0,1,1,1,1,0,1,0,1,0,0,1,0,1,0,0,0,0,9.5,1.5,0.324
5,6,8,8,2,6,0,11,1,2,3,6,15,4,0,7,0,1,1,1,3,1,1,0,1,1,1,2,1,1,1,0,2,0,16.4,5.2,0.312
5,5,5,3,1,4,0,10,0,3,3,1,12,4,0,4,0,1,1,1,2,1,1,0,1,0,2,1,1,1,1,0,1,0,20.0,5.333,0.274
3,0,0,2,0,0,0,3,0,1,0,0,3,0,0,1,0,1,0,0,2,0,0,0,1,0,1,0,0,1,0,0,1,0,4.667,0.667,0.378
1,5,2,4,4,2,0,10,0,1,5,0,3,1,0,6,1,1,1,1,1,1,1,0,1,0,1,3,0,1,1,0,1,1,15.0,6.667,0.316
4,4,3,4,4,5,0,8,1,4,5,2,9,1,1,7,1,1,1,1,2,1,1,0,1,1,2,2,1,1,1,1,1,1,15.5,9.0,0.449
8,19,13,14,4,16,1,28,3,9,22,1,21,6,1,24,3,1,1,1,2,1,1,1,1,1,2,6,1,1,1,1,4,1,24.0,13.0,0.51
2,3,4,2,0,3,2,10,1,1,2,0,22,0,0,3,3,1,1,1,2,0,1,1,1,1,1,2,0,1,0,0,2,1,15.0,6.25,0.548
6,2,3,3,0,4,1,7,0,0,4,0,7,1,0,2,3,1,1,1,1,0,1,1,1,0,0,4,0,1,1,0,2,1,14.333,8.333,0.647
0,1,1,0,1,1,0,2,1,0,2,1,1,1,0,3,1,0,1,1,0,1,1,0,1,1,0,2,1,0,1,0,1,1,15.0,6.0,0.548
2,4,1,2,1,1,1,6,0,0,3,3,4,0,0,2,0,1,1,1,2,1,1,1,1,0,0,3,1,1,0,0,1,0,15.0,3.5,0.516
2,9,3,3,1,5,0,10,0,0,5,0,5,0,0,2,1,1,1,1,2,1,1,0,1,0,0,3,0,1,0,0,1,1,15.333,2.333,0.417
0,2,1,1,0,2,0,4,0,0,2,0,2,0,0,1,0,0,1,1,1,0,1,0,1,0,0,1,0,1,0,0,1,0,7.5,1.0,0.365
0,3,0,2,1,3,0,7,1,2,2,0,0,1,0,4,0,0,1,0,2,1,1,0,1,1,2,2,0,0,1,0,1,0,26.0,13.0,0.693
4,5,6,1,2,3,0,11,1,0,3,0,7,3,0,5,0,1,1,1,1,1,1,0,1,1,0,2,0,1,1,0,1,0,13.0,3.5,0.392
2,4,2,2,1,2,0,6,0,2,5,0,3,1,0,4,0,1,1,1,2,1,1,0,1,0,2,4,0,1,1,0,2,0,17.0,16.0,0.849
1,3,1,2,0,3,0,4,0,1,2,0,2,0,0,1,1,1,1,1,2,0,1,0,1,0,1,2,0,1,0,0,1,1,21.0,19.0,0.772
2,2,2,5,3,1,0,3,0,1,9,1,4,2,0,7,1,1,1,1,3,1,1,0,1,0,1,3,1,1,1,0,2,1,21.5,23.0,0.647
27,28,25,24,16,20,1,42,1,8,35,8,45,6,2,34,4,1,1,1,4,1,1,1,1,1,2,7,1,1,1,1,2,1,24.692,10.857,0.434
5,0,0,4,3,2,0,9,0,1,5,1,9,3,0,3,0,1,0,0,2,1,1,0,1,0,1,3,1,1,1,0,1,0,15.0,7.667,0.527
10,12,5,7,5,8,0,18,0,1,17,0,7,2,0,14,1,1,1,1,3,1,1,0,1,0,1,5,0,1,1,0,2,1,26.75,9.875,0.479
3,11,1,2,4,6,3,9,0,1,3,0,10,0,0,7,0,1,1,1,1,1,1,1,1,0,1,2,0,1,0,0,1,0,61.0,15.0,0.362
5,13,7,9,8,5,0,12,0,4,22,4,5,2,0,16,0,1,1,1,2,1,1,0,1,0,1,7,1,1,1,0,1,0,16.0,13.0,0.601
3,6,2,3,2,2,0,4,0,1,5,2,2,1,0,7,0,1,1,1,1,1,1,0,1,0,1,3,1,1,1,0,1,0,13.333,7.667,0.447
5,2,1,3,0,2,1,2,0,1,3,0,3,0,0,1,0,1,1,1,1,0,1,1,1,0,1,3,0,1,0,0,1,0,12.0,7.5,0.577
3,4,5,4,0,4,1,9,0,0,5,11,10,1,0,8,2,1,1,1,2,0,1,1,1,0,0,4,1,1,1,0,3,1,13.4,7.6,0.691
2,3,0,2,0,3,0,3,0,0,0,2,1,0,0,1,1,1,1,0,1,0,1,0,1,0,0,0,1,1,0,0,1,1,9.0,0.0,0.167
12,23,10,10,7,12,0,32,1,1,18,7,22,4,1,24,4,1,1,1,2,1,1,0,1,1,1,5,1,1,1,1,2,1,17.182,5.455,0.411
4,1,0,6,2,5,0,5,0,2,3,0,7,0,0,2,0,1,1,0,1,1,1,0,1,0,1,2,0,1,0,0,1,0,37.0,18.0,0.349
3,1,0,2,1,1,0,1,0,0,2,0,1,1,0,1,0,1,1,0,1,1,1,0,1,0,0,1,0,1,1,0,1,0,14.0,10.0,0.567
5,3,3,3,2,3,0,8,0,0,7,0,2,4,0,8,0,1,1,1,3,1,1,0,1,0,0,4,0,1,1,0,2,0,48.0,28.0,0.612
2,2,4,2,2,3,0,7,0,0,5,6,7,0,0,4,0,1,1,1,1,1,1,0,1,0,0,4,1,1,0,0,1,0,11.25,5.5,0.527
1,1,3,3,2,3,0,7,0,1,7,0,2,1,0,6,0,1,1,1,2,1,1,0,1,0,1,4,0,1,1,0,1,0,37.0,32.0,0.814
0,2,0,0,1,3,1,4,0,0,0,0,2,0,0,0,0,0,1,0,0,1,1,1,1,0,0,0,0,1,0,0,0,0,13.0,0.0,0.196
1,1,1,0,0,1,1,3,0,0,2,0,1,0,0,2,0,1,1,1,0,0,1,1,1,0,0,2,0,1,0,0,1,0,6.5,4.0,0.588
2,3,1,0,2,1,0,5,1,0,7,0,3,3,0,8,0,1,1,1,0,1,1,0,1,1,0,5,0,1,1,0,1,0,18.0,14.5,0.589
4,1,3,6,1,3,0,3,0,1,2,2,3,1,0,2,0,1,1,1,2,1,1,0,1,0,1,1,1,1,1,0,1,0,16.0,7.5,0.5
29,24,8,17,9,15,0,32,0,9,32,7,21,5,0,24,1,1,1,1,3,1,1,0,1,0,2,10,1,1,1,0,3,1,25.778,15.333,0.65
5,8,5,4,3,5,1,12,0,2,16,0,15,3,0,16,0,1,1,1,2,1,1,1,1,0,1,5,0,1,1,0,2,0,23.75,10.5,0.508
8,4,4,6,2,5,0,13,0,4,8,1,3,1,0,6,1,1,1,1,3,1,1,0,1,0,2,4,1,1,1,0,1,1,33.0,14.5,0.609
4,5,0,4,1,3,0,5,0,3,4,4,4,1,0,5,1,1,1,0,3,1,1,0,1,0,2,3,1,1,1,0,1,1,14.333,7.5,0.647
12,12,11,11,6,15,1,24,0,4,16,3,28,4,0,23,4,1,1,1,2,1,1,1,1,0,1,7,1,1,1,0,2,1,34.2,12.6,0.487
3,1,2,2,0,1,0,3,0,1,2,0,0,0,0,0,0,1,1,1,1,0,1,0,1,0,1,2,0,0,0,0,0,0,15.0,17.0,0.913
2,2,0,2,2,1,0,3,1,1,4,0,0,0,0,2,0,1,1,0,1,1,1,0,1,1,1,2,0,0,0,0,1,0,20.0,13.0,0.632
0,1,0,0,1,3,0,5,0,0,0,1,3,0,0,0,0,0,1,0,0,1,1,0,1,0,0,0,1,1,0,0,0,0,14.0,0.0,0.189
0,2,4,1,2,0,0,3,0,1,3,0,2,0,0,4,0,0,1,1,1,1,0,0,1,0,1,3,0,1,0,0,2,0,11.0,11.125,0.905
4,4,3,3,1,2,1,4,0,0,4,3,5,1,0,1,2,1,1,1,2,1,1,1,1,0,0,3,1,1,1,0,1,1,19.5,7.5,0.566
11,16,9,7,8,11,0,34,0,5,14,2,10,2,0,18,2,1,1,1,2,1,1,0,1,0,2,5,1,1,1,0,2,1,30.2,8.8,0.403
15,12,7,12,8,10,0,28,0,7,13,7,17,5,0,20,2,1,1,1,3,1,1,0,1,0,2,8,1,1,1,0,2,1,23.571,14.4,0.606
0,0,1,0,1,2,0,3,0,1,1,2,1,0,0,3,0,0,0,1,0,1,1,0,1,0,1,1,1,1,0,0,1,0,15.0,4.0,0.365
0,0,0,1,0,1,0,1,1,1,4,0,2,0,0,2,1,0,0,0,1,0,1,0,1,1,1,3,0,1,0,0,2,1,4.667,11.667,1.134
2,1,3,2,0,0,0,1,0,2,2,0,3,0,0,1,0,1,1,1,2,0,0,0,1,0,1,1,0,1,0,0,1,0,5.667,8.0,0.686
8,15,14,13,6,9,0,27,1,3,24,3,16,3,0,21,4,1,1,1,2,1,1,0,1,1,2,6,1,1,1,0,2,1,13.917,6.083,0.492
1,0,3,2,2,0,0,2,1,2,5,0,0,2,0,2,0,1,0,1,2,1,0,0,1,1,1,4,0,0,1,0,1,0,22.0,35.0,1.055
3,2,0,0,2,2,0,6,1,0,1,0,4,0,0,2,1,1,1,0,0,1,1,0,1,1,0,1,0,1,0,0,1,1,8.0,0.667,0.289
3,2,0,6,1,4,0,5,0,0,3,3,4,0,0,5,0,1,1,0,2,1,1,0,1,0,0,3,1,1,0,0,1,0,18.0,9.0,0.589
1,3,3,1,2,0,0,2,1,2,4,0,4,0,0,6,0,1,1,1,1,1,0,0,1,1,2,1,0,1,0,0,1,0,7.25,4.75,0.394
0,5,3,2,4,5,1,6,0,0,5,1,9,0,0,10,1,0,1,1,2,1,1,1,1,0,0,4,1,1,0,0,2,1,13.0,4.75,0.588
0,2,2,1,0,1,0,2,0,1,5,0,1,0,0,3,2,0,1,1,1,0,1,0,1,0,1,3,0,1,0,0,1,1,10.0,5.0,0.632
0,0,4,0,0,0,0,0,0,0,4,0,0,1,0,4,0,0,0,1,0,0,0,0,0,0,0,2,0,0,1,0,1,0,13.0,4.0,0.392
3,1,1,1,1,1,0,3,0,1,4,0,2,0,0,2,0,1,1,1,1,1,1,0,1,0,1,2,0,1,0,0,2,0,20.0,20.0,0.791
2,0,3,2,0,1,0,4,0,1,4,0,3,0,0,2,0,1,0,1,2,0,1,0,1,0,1,3,0,1,0,0,1,0,11.0,11.5,0.905
3,0,1,0,0,1,0,2,0,0,2,0,2,1,0,2,0,1,0,1,0,0,1,0,1,0,0,2,0,1,1,0,2,0,7.0,8.0,0.756
1,2,2,4,1,2,1,6,1,3,3,2,0,1,0,1,2,1,1,1,2,1,1,1,1,1,1,3,1,1,1,0,1,1,33.0,19.0,0.492
1,0,0,2,0,0,0,0,0,0,3,0,3,1,0,2,0,1,0,0,2,0,0,0,0,0,0,2,0,1,1,0,1,0,6.0,8.0,0.816
1,0,0,4,1,0,1,3,0,1,3,3,4,3,0,4,0,1,0,0,2,1,0,1,1,0,1,3,1,1,1,0,1,0,7.0,4.75,0.535
2,2,0,3,2,3,0,5,1,2,5,0,2,1,0,3,0,1,1,0,2,1,1,0,1,1,1,3,0,1,1,0,1,0,15.5,14.0,0.635
3,3,0,0,0,1,0,6,0,1,1,0,1,0,0,3,1,1,1,0,0,0,1,0,1,0,1,1,0,0,0,0,1,1,19.0,4.0,0.324
4,4,1,2,0,4,0,6,1,0,3,0,5,0,0,1,0,1,1,1,1,0,1,0,1,1,0,2,0,1,0,0,1,0,15.5,6.0,0.508
9,4,4,4,2,7,0,12,2,6,9,8,10,3,0,13,1,1,1,1,1,1,1,0,1,1,2,5,1,1,1,0,2,1,18.8,10.2,0.583
0,1,0,2,1,2,1,2,0,0,2,0,3,2,0,2,0,0,1,0,1,1,1,1,1,0,0,1,0,1,1,0,1,0,9.0,6.0,0.333
3,3,1,1,0,0,0,2,0,1,3,0,2,1,0,4,0,1,1,1,1,0,0,0,1,0,1,3,0,1,1,0,1,0,10.5,12.0,0.926
10,6,9,7,2,4,0,19,1,6,10,1,17,3,0,12,1,1,1,1,2,1,1,0,1,1,2,5,1,1,1,0,2,1,15.286,9.429,0.547
1,0,0,2,1,2,0,2,0,1,3,0,0,0,0,2,1,1,0,0,2,1,1,0,1,0,1,2,0,0,0,0,1,1,7.5,8.0,0.913
0,7,2,2,0,3,0,17,2,0,7,1,8,2,0,6,0,0,1,1,2,0,1,0,1,1,0,4,1,1,1,0,1,0,14.25,5.0,0.562
3,1,1,1,1,2,0,3,0,1,3,0,1,0,0,1,0,1,1,1,1,1,1,0,1,0,1,3,0,1,0,0,1,0,18.0,16.0,1.0
4,2,3,4,1,4,0,6,0,6,9,1,3,3,0,7,0,1,1,1,1,1,1,0,1,0,2,5,1,1,1,0,2,0,26.5,20.0,0.68
1,2,2,5,0,1,0,1,2,2,4,0,2,2,0,4,1,1,1,1,2,0,1,0,1,1,2,3,0,1,1,0,1,1,9.667,8.667,0.788
1,0,1,3,1,1,0,3,1,0,0,0,1,1,0,1,1,1,0,1,2,1,1,0,1,1,0,0,0,1,1,0,1,1,7.5,1.0,0.365
4,1,5,2,2,2,0,11,0,1,4,10,17,0,1,5,2,1,1,1,2,1,1,0,1,0,1,1,1,1,0,1,1,1,16.75,4.25,0.346
22,21,9,19,8,16,0,34,0,4,19,2,17,3,0,16,1,1,1,1,4,1,1,0,1,0,2,3,1,1,1,0,1,1,23.875,10.062,0.358
11,8,7,10,2,9,0,16,0,3,15,1,10,6,0,17,1,1,1,1,3,1,1,0,1,0,1,7,1,1,1,0,1,1,29.0,20.938,0.657
1,0,0,3,1,1,0,0,0,1,5,0,1,0,0,1,0,1,0,0,2,1,1,0,0,0,1,2,0,1,0,0,1,0,14.0,18.0,0.756
4,2,2,8,1,7,0,7,2,6,10,0,6,1,0,12,1,1,1,1,3,1,1,0,1,1,2,4,0,1,1,0,1,1,23.0,16.333,0.596
1,2,0,2,0,1,0,2,0,1,4,0,1,2,0,3,0,1,1,0,2,0,1,0,1,0,1,4,0,1,1,0,1,0,19.0,25.0,0.973
7,11,7,6,4,5,1,23,2,7,13,1,19,7,2,17,3,1,1,1,3,1,1,1,1,1,2,7,1,1,1,1,1,1,22.0,12.0,0.615
5,9,9,1,2,3,1,12,0,2,8,0,7,4,0,10,0,1,1,1,1,1,1,1,1,0,1,6,0,1,1,0,3,0,24.333,10.667,0.745
6,4,5,6,2,3,0,7,0,2,11,2,7,3,0,6,1,1,1,1,2,1,1,0,1,0,2,6,1,1,1,0,2,1,16.25,13.5,0.877
22,16,5,17,10,6,0,29,1,5,25,4,18,5,0,15,1,1,1,1,2,1,1,0,1,1,2,8,1,1,1,0,1,1,25.571,14.143,0.529
35,32,16,31,6,24,0,59,1,12,42,0,26,17,1,39,0,1,1,1,2,1,1,0,1,1,2,7,0,1,1,1,2,0,24.286,13.857,0.383
5,4,2,5,2,4,0,15,0,1,7,0,10,1,0,5,0,1,1,1,2,1,1,0,1,0,1,3,0,1,1,0,1,0,15.25,4.0,0.362
3,4,4,2,2,5,0,12,0,1,6,1,8,0,0,5,1,1,1,1,1,1,1,0,1,0,1,3,1,1,0,0,1,1,18.0,5.0,0.385
10,11,3,8,6,7,0,20,1,3,11,7,12,0,1,11,1,1,1,1,3,1,1,0,1,1,1,3,1,1,0,1,1,1,22.4,11.1,0.334
11,6,3,7,3,2,0,16,0,4,10,4,9,4,3,12,0,1,1,1,4,1,1,0,1,0,2,5,1,1,1,1,1,0,22.75,15.188,0.667
4,3,4,4,3,0,0,10,1,0,3,4,10,1,4,2,2,1,1,1,2,1,0,0,1,1,0,3,1,1,1,1,1,1,16.667,5.0,0.5
2,1,2,2,2,0,0,3,0,0,1,2,1,0,0,2,1,1,1,1,2,1,0,0,1,0,0,1,1,0,0,0,1,1,9.0,2.0,0.5
7,3,3,5,1,1,0,4,0,1,7,0,4,0,0,5,1,1,1,1,1,1,1,0,1,0,1,4,0,1,0,0,1,1,42.0,21.0,0.546
3,3,2,1,1,0,0,3,0,0,0,0,0,0,0,2,0,1,1,1,1,1,0,0,1,0,0,0,0,0,0,0,1,0,15.0,3.0,0.365
1,2,1,2,0,1,0,2,0,2,5,0,1,1,0,4,0,1,1,1,1,0,1,0,1,0,2,4,0,1,1,0,1,0,22.0,24.0,0.754
2,1,2,1,2,1,0,4,0,1,2,0,4,0,0,2,0,1,1,1,1,1,1,0,1,0,1,2,0,1,0,0,1,0,11.0,6.5,0.603
7,14,6,12,6,12,0,37,5,0,15,6,33,10,5,23,2,1,1,1,2,1,1,0,1,1,0,6,1,1,1,1,1,1,23.625,7.125,0.36
3,2,1,4,2,2,0,12,1,1,2,0,8,1,0,5,2,1,1,1,1,1,1,0,1,1,1,1,0,1,1,0,1,1,15.333,1.333,0.209
21,17,11,12,7,9,0,27,0,4,38,0,25,5,0,33,2,1,1,1,3,1,1,0,1,0,2,8,0,1,1,0,4,1,21.1,14.5,0.584
2,3,0,2,1,2,0,5,0,1,3,0,1,0,0,3,0,1,1,0,2,1,1,0,1,0,1,2,0,1,0,0,1,0,23.0,20.75,0.737
1,7,6,3,7,3,0,4,2,1,2,17,11,0,1,4,0,1,1,1,2,1,1,0,1,1,1,1,1,1,0,1,1,0,35.0,10.0,0.338
5,0,2,2,3,2,0,7,0,4,1,0,2,1,0,6,0,1,0,1,2,1,1,0,1,0,2,1,0,1,1,0,1,0,35.0,13.0,0.478
3,0,1,1,0,0,0,3,0,2,1,0,4,0,0,1,0,1,0,1,1,0,0,0,1,0,2,1,0,1,0,0,1,0,16.0,9.0,0.53
0,2,0,1,0,1,0,2,0,0,1,4,4,0,0,1,0,0,1,0,1,0,1,0,1,0,0,1,1,1,0,0,1,0,8.0,0.0,0.177
2,1,2,2,1,1,0,2,0,1,4,0,2,0,0,2,0,1,1,1,2,1,1,0,1,0,1,3,0,1,0,0,1,0,20.0,19.0,0.949
4,1,0,1,1,1,0,4,0,0,2,0,2,0,0,2,0,1,1,0,1,1,1,0,1,0,0,2,0,1,0,0,1,0,9.0,2.0,0.5
2,2,2,2,3,1,0,4,0,1,6,0,5,0,0,6,0,1,1,1,2,1,1,0,1,0,1,2,0,1,0,0,1,0,11.333,4.667,0.364
4,1,0,4,0,2,0,4,0,1,1,0,8,2,0,3,0,1,1,0,2,0,1,0,1,0,1,1,0,1,1,0,1,0,30.0,18.0,0.516
1,0,0,5,1,3,0,4,0,2,2,0,2,1,0,4,0,1,0,0,1,1,1,0,1,0,2,2,0,1,1,0,1,0,25.0,12.0,0.566
7,23,13,15,7,9,0,23,5,8,21,3,25,4,1,26,3,1,1,1,4,1,1,0,1,1,2,7,1,1,1,1,2,1,17.545,10.552,0.611
2,2,0,0,1,1,0,7,0,0,2,0,4,0,0,1,1,1,1,0,0,1,1,0,1,0,0,2,0,1,0,0,1,1,10.5,5.5,0.617
1,1,3,3,3,3,0,3,0,1,6,4,2,0,0,3,0,1,1,1,1,1,1,0,1,0,1,4,1,1,0,0,1,0,33.0,26.0,0.615
0,0,2,2,1,0,0,2,0,0,3,1,3,1,0,1,0,0,0,1,2,1,0,0,1,0,0,3,1,1,1,0,1,0,16.0,14.0,0.884
2,1,0,2,1,1,0,2,0,1,3,0,4,1,0,5,0,1,1,0,2,1,1,0,1,0,1,2,0,1,1,0,2,0,11.5,12.0,0.59
5,4,5,4,1,4,0,5,0,1,5,0,3,1,0,4,0,1,1,1,3,1,1,0,1,0,1,3,0,1,1,0,1,0,14.0,11.0,0.655
5,3,3,4,0,5,0,7,1,2,5,1,7,1,0,4,0,1,1,1,2,0,1,0,1,1,1,2,1,1,1,0,1,0,16.0,2.0,0.306
5,7,3,3,0,3,0,10,0,2,7,2,11,0,0,9,0,1,1,1,2,0,1,0,1,0,2,3,1,1,0,0,1,0,21.333,10.333,0.442
1,3,3,3,3,4,1,10,0,0,4,0,4,0,0,4,0,1,1,1,2,1,1,1,1,0,0,3,0,1,0,0,2,0,20.0,8.5,0.559
0,1,0,0,1,1,0,5,0,0,2,0,2,0,0,5,0,0,1,0,0,1,1,0,1,0,0,2,0,1,0,0,1,0,8.5,4.0,0.514
0,0,1,1,1,0,1,2,0,1,3,0,2,1,0,4,0,0,0,1,1,1,0,1,1,0,1,2,0,1,1,0,1,0,8.5,4.0,0.514
0,1,1,1,0,1,0,2,0,0,2,0,2,0,0,1,0,0,1,1,1,0,1,0,1,0,0,2,0,1,0,0,1,0,5.5,2.0,0.64
1,3,2,1,0,1,0,2,0,0,4,0,2,1,0,2,0,1,1,1,1,0,1,0,1,0,0,2,0,1,1,0,1,0,19.0,16.0,0.487
9,17,4,1,2,4,0,33,11,1,3,7,32,0,0,8,2,1,1,1,1,1,1,0,1,1,1,2,1,1,0,0,2,1,32.5,6.25,0.31
4,4,6,5,2,3,0,10,0,0,9,1,5,1,0,5,0,1,1,1,2,1,1,0,1,0,0,6,1,1,1,0,1,0,18.333,16.333,0.858
3,5,2,5,1,3,0,6,1,2,5,0,3,3,0,5,0,1,1,1,3,1,1,0,1,1,2,3,0,1,1,0,1,0,14.667,10.0,0.746
1,0,0,1,1,1,0,4,0,0,4,0,1,0,0,2,0,1,0,0,1,1,1,0,1,0,0,4,0,1,0,0,1,0,7.5,5.0,0.913
4,1,1,1,0,3,0,3,0,0,1,0,3,0,0,2,1,1,1,1,1,0,1,0,1,0,0,1,0,1,0,0,1,1,10.0,2.5,0.474
4,4,1,5,1,3,0,13,1,2,3,0,6,1,0,1,1,1,1,1,1,1,1,0,1,1,2,1,0,1,1,0,1,1,15.333,8.667,0.417
0,2,2,2,1,2,0,0,3,0,2,4,6,1,1,3,1,0,1,1,2,1,1,0,0,1,0,1,1,1,1,1,1,1,29.0,6.0,0.394
26,32,6,17,19,22,0,64,4,5,26,1,29,3,2,27,1,1,1,1,4,1,1,0,1,1,2,8,1,1,1,1,2,1,40.286,20.714,0.505
0,1,1,1,1,2,0,4,0,0,3,0,3,2,0,1,0,0,1,1,1,1,1,0,1,0,0,2,0,1,1,0,1,0,6.333,4.0,0.649
3,0,1,3,0,2,0,4,0,1,1,0,1,2,0,1,0,1,0,1,2,0,1,0,1,0,1,1,0,1,1,0,1,0,19.0,18.0,0.649
5,3,5,4,1,3,0,5,1,1,3,1,5,1,0,3,0,1,1,1,2,1,1,0,1,1,1,2,1,1,1,0,1,0,13.667,9.667,0.552
3,5,5,4,1,7,0,9,1,1,6,4,5,1,0,5,1,1,1,1,2,1,1,0,1,1,1,3,1,1,1,0,1,1,19.333,7.667,0.464
2,2,1,1,0,1,0,2,0,0,2,1,2,0,0,0,1,1,1,1,1,0,1,0,1,0,0,2,1,1,0,0,0,1,7.5,2.0,0.548
9,13,2,12,3,12,0,18,11,0,9,14,22,4,4,8,4,1,1,1,3,1,1,0,1,1,0,6,1,1,1,1,1,1,35.0,11.125,0.478
1,3,1,2,0,1,0,6,0,2,3,0,2,2,0,3,0,1,1,1,2,0,1,0,1,0,1,2,0,1,1,0,1,0,13.0,15.5,0.832
1,4,2,1,1,2,0,4,1,0,1,0,2,0,0,2,0,1,1,1,1,1,1,0,1,1,0,1,0,1,0,0,1,0,10.5,1.0,0.309
2,2,2,2,0,2,0,5,0,0,4,0,5,1,0,3,0,1,1,1,2,0,1,0,1,0,0,3,0,1,1,0,2,0,13.5,9.5,0.816
3,1,0,2,0,1,0,1,0,0,1,1,2,0,0,1,0,1,1,0,1,0,1,0,1,0,0,1,1,1,0,0,1,0,12.0,2.0,0.408
1,2,2,4,0,2,0,6,0,1,2,0,5,1,0,1,2,1,1,1,2,0,1,0,1,0,1,2,0,1,1,0,1,1,9.667,6.0,0.657
2,1,1,1,0,1,0,2,0,0,1,1,0,1,0,1,0,1,1,1,1,0,1,0,1,0,0,1,1,1,1,0,1,0,13.0,5.0,0.588
4,1,5,4,0,2,0,5,0,2,3,0,5,0,0,3,1,1,1,1,2,0,1,0,1,0,1,2,0,1,0,0,2,1,11.667,8.0,0.478
3,2,3,3,4,3,0,6,2,0,5,3,6,1,1,5,0,1,1,1,2,1,1,0,1,1,0,4,1,1,1,1,1,0,15.333,5.667,0.521
3,1,2,2,0,1,0,1,0,1,1,0,0,0,0,0,0,1,1,1,2,0,1,0,1,0,1,1,0,0,0,0,0,0,12.0,5.0,0.612
3,2,5,2,0,3,0,4,0,1,3,0,3,1,0,1,0,1,1,1,1,0,1,0,1,0,1,2,0,1,1,0,1,0,9.333,8.333,0.535
7,5,4,5,1,1,0,3,8,0,4,0,5,2,0,1,1,1,1,1,1,1,1,0,1,1,0,3,0,1,1,0,1,1,15.667,5.333,0.413
5,5,4,6,1,6,1,17,4,3,13,1,4,0,1,12,5,1,1,1,2,1,1,1,1,1,2,3,1,1,0,1,2,1,17.4,10.2,0.455
0,1,0,1,0,2,0,1,2,0,2,4,4,0,1,1,1,0,1,0,1,0,1,0,1,1,0,1,1,1,0,1,1,1,9.5,3.0,0.487
7,6,5,4,3,5,0,6,0,2,9,0,3,2,0,6,0,1,1,1,3,1,1,0,1,0,1,4,0,1,1,0,2,0,29.0,22.0,0.65
10,14,4,4,5,9,0,21,4,2,12,4,13,7,0,18,0,1,1,1,1,1,1,0,1,1,1,4,1,1,1,0,2,0,63.5,25.0,0.439
4,6,1,5,2,3,0,13,2,3,8,0,5,1,0,8,0,1,1,1,2,1,1,0,1,1,2,4,0,1,1,0,2,0,30.5,16.5,0.634
1,0,0,0,0,2,0,2,0,1,1,0,1,1,0,3,0,1,0,0,0,0,1,0,1,0,1,1,0,1,1,0,2,0,12.0,18.0,0.816
14,13,13,10,6,9,0,19,4,6,28,3,16,7,1,20,1,1,1,1,4,1,1,0,1,1,2,7,1,1,1,1,2,1,24.0,18.439,0.709
2,0,3,2,2,1,0,3,1,0,2,3,2,0,0,1,0,1,0,1,1,1,1,0,1,1,0,2,1,1,0,0,1,0,22.0,12.0,0.603
1,1,4,1,0,1,0,4,0,1,3,0,1,0,0,4,0,1,1,1,1,0,1,0,1,0,1,3,0,1,0,0,1,0,10.5,2.5,0.463
0,1,0,1,0,0,0,2,2,0,2,2,3,0,0,1,0,0,1,0,1,0,0,0,1,1,0,2,1,1,0,0,1,0,12.0,4.0,0.612
0,0,1,0,0,1,0,5,0,0,2,0,0,1,0,1,0,0,0,1,0,0,1,0,1,0,0,2,0,0,1,0,1,0,11.0,4.0,0.64
5,3,3,2,1,1,0,3,0,2,3,0,3,0,0,6,0,1,1,1,1,1,1,0,1,0,1,3,0,1,0,0,2,0,10.667,4.667,0.5
0,1,0,1,1,0,0,1,2,0,3,1,2,0,0,1,0,0,1,0,1,1,0,0,1,1,0,2,1,1,0,0,1,0,6.5,2.0,0.588
1,5,2,2,0,1,1,6,0,0,1,2,6,0,1,3,2,1,1,1,1,0,1,1,1,0,0,1,1,1,0,1,1,1,6.4,0.4,0.25
6,2,3,8,2,5,0,6,0,5,9,0,5,5,0,8,1,1,1,1,2,1,1,0,1,0,2,3,0,1,1,0,2,1,21.667,21.333,0.614
1,1,2,0,0,1,2,2,0,1,5,0,4,0,0,5,0,1,1,1,0,0,1,1,1,0,1,3,0,1,0,0,1,0,8.0,6.0,0.577
0,1,0,0,0,0,2,1,0,0,0,1,5,0,0,1,0,0,1,0,0,0,0,1,1,0,0,0,1,1,0,0,1,0,3.667,0.0,0.213
3,1,0,4,1,5,0,5,1,0,2,0,2,0,0,2,0,1,1,0,3,1,1,0,1,1,0,1,0,1,0,0,1,0,13.0,7.5,0.555
7,2,6,4,2,5,1,7,0,1,8,0,6,1,0,5,0,1,1,1,3,1,1,1,1,0,1,5,0,1,1,0,3,0,13.75,9.25,0.667
4,2,3,3,1,4,0,7,0,2,3,0,3,1,0,1,0,1,1,1,2,1,1,0,1,0,2,3,0,1,1,0,1,0,11.333,6.0,0.728
3,7,5,7,5,9,0,9,5,1,7,2,3,3,0,3,1,1,1,1,3,1,1,0,1,1,1,3,1,1,1,0,2,1,35.0,19.875,0.592
10,10,3,7,2,5,1,15,1,3,15,5,20,3,0,11,0,1,1,1,2,1,1,1,1,1,2,4,1,1,1,0,1,0,12.222,5.778,0.405
9,4,4,3,0,4,0,13,0,1,5,0,6,0,0,8,0,1,1,1,3,0,1,0,1,0,1,4,0,1,0,0,1,0,19.0,7.0,0.562
12,25,8,13,6,7,0,24,27,1,10,44,57,5,8,16,14,1,1,1,4,1,1,0,1,1,1,6,1,1,1,1,1,1,86.333,15.5,0.395
9,5,2,4,5,3,0,12,1,1,4,0,6,2,0,4,1,1,1,1,1,1,1,0,1,1,1,2,0,1,1,0,1,1,19.333,7.0,0.371
0,2,0,1,0,1,0,4,2,1,2,1,3,0,2,2,0,0,1,0,1,0,1,0,1,1,1,2,1,1,0,1,1,0,19.0,17.5,0.649
5,8,3,8,2,6,0,8,5,3,8,12,11,2,0,11,2,1,1,1,1,1,1,0,1,1,2,4,1,1,1,0,1,1,18.8,7.4,0.438
14,11,9,8,2,11,0,13,4,2,10,9,15,4,0,3,0,1,1,1,2,1,1,0,1,1,1,5,1,1,1,0,1,0,28.0,16.0,0.535
3,4,8,2,2,1,0,2,1,0,3,2,1,1,0,4,0,1,1,1,1,1,1,0,1,1,0,3,1,1,1,0,2,0,34.0,16.0,0.606
1,9,3,3,0,3,1,11,5,1,2,0,7,1,0,6,1,1,1,1,2,0,1,1,1,1,1,1,0,1,1,0,1,1,10.8,3.2,0.385
0,1,1,2,0,1,0,2,0,1,3,0,2,0,0,2,0,0,1,1,2,0,1,0,1,0,1,2,0,1,0,0,1,0,15.0,19.0,0.913
2,3,0,2,0,2,0,1,1,0,0,2,2,1,0,2,0,1,1,0,2,0,1,0,1,1,0,0,1,1,1,0,1,0,18.0,9.0,0.5
2,1,2,2,0,1,1,5,2,1,2,0,5,1,1,2,1,1,1,1,2,0,1,1,1,1,1,2,0,1,1,1,1,1,14.0,11.0,0.802
3,7,3,5,1,1,1,11,2,1,4,3,7,0,0,8,1,1,1,1,2,1,1,1,1,1,1,3,1,1,0,0,1,1,14.5,5.5,0.557
3,5,4,5,1,1,0,7,2,2,6,2,6,1,0,6,1,1,1,1,1,1,1,0,1,1,1,3,1,1,1,0,1,1,13.0,6.75,0.392
0,1,0,0,1,1,0,2,0,0,0,7,3,0,0,0,0,0,1,0,0,1,1,0,1,0,0,0,1,1,0,0,0,0,15.0,0.0,0.183
4,2,2,1,0,2,0,2,0,0,3,0,3,1,0,3,0,1,1,1,1,0,1,0,1,0,0,2,0,1,1,0,1,0,11.0,6.786,0.603
0,0,1,2,1,0,0,0,0,1,4,0,1,0,0,3,0,0,0,1,2,1,0,0,0,0,1,2,0,1,0,0,1,0,6.5,9.5,0.981
0,1,0,1,0,1,0,1,1,1,2,0,2,0,0,1,1,0,1,0,1,0,1,0,1,1,1,2,0,1,0,0,1,1,12.0,12.0,0.816
2,0,1,1,0,1,0,2,1,0,0,1,1,1,0,0,0,1,0,1,1,0,1,0,1,1,0,0,1,1,1,0,0,0,11.0,2.0,0.426
2,2,1,1,0,0,0,3,0,0,2,0,1,0,0,1,0,1,1,1,1,0,0,0,1,0,0,2,0,1,0,0,1,0,13.0,6.0,0.784
4,4,4,2,1,0,0,4,0,0,4,1,2,1,0,5,0,1,1,1,1,1,0,0,1,0,0,3,1,1,1,0,2,0,16.0,6.5,0.5
2,4,4,3,1,1,0,4,0,1,3,0,3,0,0,1,0,1,1,1,2,1,1,0,1,0,1,3,0,1,0,0,1,0,13.5,13.5,0.816
2,1,2,1,0,0,0,2,0,0,2,0,2,0,0,0,0,1,1,1,1,0,0,0,1,0,0,2,0,1,0,0,0,0,12.0,6.0,0.816
8,2,7,5,4,1,1,12,0,1,7,2,7,3,0,8,2,1,1,1,2,1,1,1,1,0,1,4,1,1,1,0,2,1,14.0,6.0,0.507
9,19,9,6,6,8,0,28,3,2,19,6,10,5,0,17,1,1,1,1,3,1,1,0,1,1,2,7,1,1,1,0,2,1,21.143,8.429,0.581
12,13,5,8,2,7,0,14,7,1,5,8,10,2,1,8,0,1,1,1,3,1,1,0,1,1,1,3,1,1,1,1,1,0,34.0,7.5,0.35
11,1,6,7,3,2,0,10,1,5,7,6,15,2,2,8,0,1,1,1,2,1,1,0,1,1,2,6,1,1,1,1,2,0,16.6,11.6,0.776
1,2,1,1,1,3,1,5,0,1,4,1,3,0,0,4,0,1,1,1,1,1,1,1,1,0,1,3,1,1,0,0,1,0,9.333,6.0,0.535
5,4,3,5,0,3,0,8,0,3,3,0,7,2,0,5,0,1,1,1,2,0,1,0,1,0,1,2,0,1,1,0,1,0,15.667,11.0,0.516
3,6,4,0,0,3,0,6,5,1,5,2,4,1,1,6,0,1,1,1,0,0,1,0,1,1,1,3,1,1,1,1,1,0,15.333,2.667,0.313
4,8,7,3,1,4,0,9,0,0,6,6,7,4,0,7,0,1,1,1,2,1,1,0,1,0,0,4,1,1,1,0,1,0,22.0,8.0,0.435
4,8,3,5,3,6,0,18,0,4,4,2,6,0,0,8,1,1,1,1,2,1,1,0,1,0,2,3,1,1,0,0,1,1,24.0,9.667,0.417
4,2,0,4,3,5,0,11,0,1,3,2,6,0,0,3,0,1,1,0,2,1,1,0,1,0,1,2,1,1,0,0,1,0,14.667,4.333,0.426
3,7,4,8,4,5,0,10,3,4,5,1,5,0,1,8,2,1,1,1,1,1,1,0,1,1,1,4,1,1,0,1,1,1,34.5,6.5,0.341
6,7,2,5,5,12,0,25,0,5,8,4,15,1,0,14,3,1,1,1,2,1,1,0,1,0,2,4,1,1,1,0,1,1,22.4,6.4,0.401
0,3,0,0,1,1,0,5,0,0,3,0,1,1,0,4,0,0,1,0,0,1,1,0,1,0,0,2,0,1,1,0,1,0,19.0,6.0,0.487
0,2,0,4,1,2,0,7,0,1,4,0,5,2,0,6,0,0,1,0,1,1,1,0,1,0,1,3,0,1,1,0,1,0,34.0,24.0,0.606
6,9,7,11,2,4,0,16,0,5,11,2,5,4,0,11,1,1,1,1,3,1,1,0,1,0,2,6,1,1,1,0,2,1,31.333,22.667,0.656
6,6,8,4,3,6,0,20,1,4,2,2,10,2,0,12,1,1,1,1,3,1,1,0,1,1,2,2,1,1,1,0,1,1,21.75,7.893,0.455
2,0,1,0,0,2,0,5,0,0,0,0,24,0,0,2,0,1,0,1,0,0,1,0,1,0,0,0,0,1,0,0,1,0,18.0,0.0,0.118
3,3,1,5,1,3,0,8,1,1,1,0,3,0,0,3,0,1,1,1,2,1,1,0,1,1,1,1,0,1,0,0,1,0,33.0,2.0,0.246
7,9,4,5,1,4,0,9,0,4,6,0,4,2,0,7,0,1,1,1,2,1,1,0,1,0,1,4,0,1,1,0,1,0,20.333,4.667,0.453
1,3,1,2,0,2,0,4,0,3,2,0,1,0,0,3,0,1,1,1,1,0,1,0,1,0,2,2,0,1,0,0,1,0,11.0,10.0,0.603
4,5,1,2,1,3,1,14,0,0,4,0,5,1,0,3,1,1,1,1,1,1,1,1,1,0,0,3,0,1,1,0,1,1,15.0,5.667,0.422
5,1,4,2,1,3,0,9,0,1,0,1,8,0,0,2,1,1,1,1,1,1,1,0,1,0,1,0,1,1,0,0,1,1,12.667,3.667,0.344
6,7,2,1,1,5,0,18,2,1,2,3,6,1,0,11,3,1,1,1,1,1,1,0,1,1,1,2,1,1,1,0,2,1,17.25,6.0,0.255
7,11,5,11,4,14,0,21,0,6,14,2,17,2,0,14,0,1,1,1,3,1,1,0,1,0,2,5,1,1,1,0,3,0,21.333,12.167,0.562
1,0,0,1,3,1,0,4,0,2,1,0,2,0,0,2,0,1,0,0,1,1,1,0,1,0,1,1,0,1,0,0,1,0,17.0,21.0,0.514
6,10,2,5,7,7,1,24,0,5,8,0,10,3,0,15,2,1,1,1,2,1,1,1,1,0,2,4,0,1,1,0,2,1,17.5,7.167,0.483
0,0,0,2,1,2,0,6,0,2,0,0,2,0,0,1,0,0,0,0,2,1,1,0,1,0,1,0,0,1,0,0,1,0,16.0,16.0,0.53
4,6,6,9,1,6,0,13,2,5,19,1,12,4,0,16,1,1,1,1,2,1,1,0,1,1,3,5,1,1,1,0,3,1,15.0,12.893,0.69
6,4,5,8,3,11,0,26,0,6,6,1,15,1,0,11,3,1,1,1,3,1,1,0,1,0,2,3,1,1,1,0,1,1,15.286,6.796,0.41
5,5,1,5,0,2,0,3,0,1,10,0,3,1,0,5,0,1,1,1,3,0,1,0,1,0,1,6,0,1,1,0,2,0,41.0,47.0,0.883
5,3,1,6,2,3,0,9,0,1,5,2,9,0,0,4,1,1,1,1,3,1,1,0,1,0,1,1,1,1,0,0,1,1,16.667,11.667,0.5
1,3,1,1,0,1,1,2,0,1,2,1,4,0,0,2,0,1,1,1,1,0,1,1,1,0,1,2,1,1,0,0,1,0,10.0,1.0,0.316
6,7,4,4,4,8,0,18,0,3,7,2,11,2,0,9,0,1,1,1,2,1,1,0,1,0,2,4,1,1,1,0,2,0,21.25,14.393,0.537
11,8,4,7,1,3,0,18,0,4,5,0,8,1,0,9,1,1,1,1,3,1,1,0,1,0,2,3,0,1,1,0,1,1,16.0,6.75,0.474
12,8,4,11,6,6,0,25,1,5,12,0,8,6,0,19,0,1,1,1,4,1,1,0,1,1,2,4,0,1,1,0,4,0,24.6,13.8,0.51
2,0,2,0,1,2,0,5,1,0,3,1,10,1,0,3,1,1,0,1,0,1,1,0,1,1,0,3,1,1,1,0,1,1,9.667,2.667,0.394
6,4,7,8,1,9,0,9,0,1,7,1,7,3,0,9,0,1,1,1,3,1,1,0,1,0,1,4,1,1,1,0,1,0,14.4,8.6,0.667
3,1,1,3,2,1,0,5,0,0,3,2,2,0,0,4,0,1,1,1,2,1,1,0,1,0,0,1,1,1,0,0,1,0,13.5,4.0,0.408
4,6,6,2,1,2,0,7,0,2,4,0,3,0,0,2,1,1,1,1,1,1,1,0,1,0,1,4,0,1,0,0,1,1,13.333,4.667,0.559
12,19,7,6,4,13,0,31,7,4,11,6,32,4,9,20,2,1,1,1,2,1,1,0,1,1,2,5,1,1,1,1,2,1,22.5,4.25,0.422
1,0,0,2,0,0,0,12,0,0,1,7,21,0,9,2,2,1,0,0,1,0,0,0,1,0,0,1,1,1,0,1,1,1,47.0,10.0,0.309
1,0,1,2,0,1,0,1,0,1,2,0,1,0,0,3,0,1,0,1,2,0,1,0,1,0,1,1,0,1,0,0,1,0,13.0,17.571,0.784
11,5,5,7,1,5,0,12,0,4,9,1,10,5,0,5,0,1,1,1,2,1,1,0,1,0,2,5,1,1,1,0,1,0,19.75,15.0,0.557
0,1,0,1,1,2,0,2,1,0,3,0,1,0,0,4,0,0,1,0,1,1,1,0,1,1,0,3,0,1,0,0,1,0,16.0,8.0,0.53
19,14,8,7,5,9,0,26,0,3,10,0,14,3,0,10,1,1,1,1,3,1,1,0,1,0,1,3,0,1,1,0,1,1,21.0,8.833,0.378
3,6,4,4,0,3,0,8,1,0,3,1,3,2,0,5,0,1,1,1,3,0,1,0,1,1,0,2,1,1,1,0,2,0,14.667,9.0,0.533
16,14,8,15,5,17,0,48,1,5,12,1,20,6,3,21,9,1,1,1,3,1,1,0,1,1,2,6,1,1,1,1,3,1,49.5,15.125,0.503
5,9,9,5,1,3,0,10,0,4,12,1,7,2,0,12,2,1,1,1,2,1,1,0,1,0,2,7,1,1,1,0,1,1,27.333,16.333,0.703
3,2,2,4,1,2,0,2,0,1,3,1,1,1,0,2,1,1,1,1,2,1,1,0,1,0,1,2,1,1,1,0,1,1,13.0,7.5,0.555
9,8,6,3,5,8,0,15,1,1,8,10,9,5,0,13,0,1,1,1,2,1,1,0,1,1,1,4,1,1,1,0,2,0,25.0,8.5,0.424
9,12,9,10,3,9,0,19,0,8,27,0,12,5,0,21,1,1,1,1,4,1,1,0,1,0,2,10,0,1,1,0,2,1,36.25,40.143,0.881
10,10,5,3,5,18,0,37,3,6,13,6,13,7,0,20,5,1,1,1,2,1,1,0,1,1,2,6,1,1,1,0,1,1,19.625,5.5,0.451
1,1,2,2,0,2,0,2,0,0,0,3,1,0,0,0,0,1,1,1,1,0,1,0,1,0,0,0,1,1,0,0,0,0,14.0,0.0,0.189
5,4,1,5,1,5,0,11,2,3,11,1,7,3,0,10,2,1,1,1,3,1,1,0,1,1,2,6,1,1,1,0,1,1,17.75,9.625,0.755
1,1,3,2,2,0,0,4,0,0,2,0,1,0,0,3,0,1,1,1,1,1,0,0,1,0,0,2,0,1,0,0,1,0,19.0,6.0,0.487
18,21,12,17,7,12,0,33,1,8,18,1,25,5,0,16,0,1,1,1,3,1,1,0,1,1,1,7,1,1,1,0,1,0,27.571,17.082,0.509
3,0,1,1,0,2,0,2,0,0,2,1,3,1,0,2,0,1,0,1,1,0,1,0,1,0,0,2,1,1,1,0,2,0,9.0,8.5,0.833
2,1,2,1,0,0,0,1,0,2,2,0,1,2,0,3,0,1,1,1,1,0,0,0,1,0,1,2,0,1,1,0,1,0,17.0,13.0,0.686
1,2,2,1,1,3,0,3,0,0,2,3,4,0,0,3,2,1,1,1,1,1,1,0,1,0,0,2,1,1,0,0,1,1,26.0,2.0,0.277
20,26,10,21,12,22,0,51,0,11,28,17,34,3,0,33,2,1,1,1,4,1,1,0,1,0,2,8,1,1,1,0,1,1,20.786,9.071,0.497
2,2,5,3,0,0,1,1,1,2,5,0,2,0,0,2,1,1,1,1,2,0,0,1,1,1,1,3,0,1,0,0,1,1,13.5,19.0,0.816
1,1,0,0,0,4,1,3,1,1,0,0,4,0,0,2,0,1,1,0,0,0,1,1,1,1,1,0,0,1,0,0,2,0,18.0,7.0,0.333
22,20,21,23,12,13,0,48,1,8,29,4,23,7,0,36,11,1,1,1,4,1,1,0,1,1,2,6,1,1,1,0,2,1,25.273,12.636,0.424
4,1,2,1,1,2,1,3,1,1,7,0,5,0,0,5,0,1,1,1,1,1,1,1,1,1,1,4,0,1,0,0,2,0,11.333,14.0,0.97
1,3,3,2,2,0,0,3,0,1,3,0,0,0,0,1,0,1,1,1,1,1,0,0,1,0,1,2,0,0,0,0,1,0,19.0,19.0,0.649
1,0,0,2,1,2,0,2,0,0,5,2,5,0,1,1,0,1,0,0,1,1,1,0,1,0,0,2,1,1,0,1,1,0,21.0,7.0,0.463
2,5,2,4,1,0,0,0,0,3,7,0,5,1,0,5,0,1,1,1,1,1,0,0,0,0,2,4,0,1,1,0,1,0,17.5,14.5,0.598
2,1,2,1,0,1,0,1,0,0,2,1,1,0,0,1,0,1,1,1,1,0,1,0,1,0,0,2,1,1,0,0,1,0,6.5,3.5,0.784
4,3,5,3,1,3,0,5,2,2,6,3,10,2,0,10,1,1,1,1,3,1,1,0,1,1,1,2,1,1,1,0,1,1,15.0,5.25,0.456
2,5,3,5,4,3,0,12,0,4,4,1,10,2,0,9,0,1,1,1,2,1,1,0,1,0,2,3,1,1,1,0,1,0,16.0,9.25,0.442
3,2,2,3,1,2,1,3,1,1,4,1,2,1,0,3,0,1,1,1,2,1,1,1,1,1,1,3,1,1,1,0,1,0,15.0,5.5,0.516
1,3,0,2,2,4,0,5,0,0,5,0,4,1,0,3,0,1,1,0,1,1,1,0,1,0,0,3,0,1,1,0,1,0,30.0,6.0,0.387
19,21,14,11,13,22,0,30,8,5,21,11,27,6,1,21,3,1,1,1,2,1,1,0,1,1,2,5,1,1,1,1,2,1,57.75,21.25,0.326
1,1,0,1,0,2,0,5,0,0,1,1,1,0,0,1,0,1,1,0,1,0,1,0,1,0,0,1,1,1,0,0,1,0,14.0,4.0,0.567
4,4,3,2,3,3,0,7,0,2,6,1,5,1,0,4,0,1,1,1,2,1,1,0,1,0,1,2,1,1,1,0,2,0,15.0,9.667,0.527
2,3,1,3,1,0,0,4,0,1,4,0,1,3,0,4,0,1,1,1,2,1,0,0,1,0,1,2,0,1,1,0,1,0,27.0,21.0,0.68
6,7,5,6,2,4,1,10,0,3,10,3,5,3,0,9,0,1,1,1,4,1,1,1,1,0,1,4,1,1,1,0,1,0,18.5,9.393,0.575
14,12,10,8,4,8,0,17,1,2,12,4,17,6,0,13,0,1,1,1,4,1,1,0,1,1,2,4,1,1,1,0,1,0,25.4,13.8,0.502
4,5,1,3,3,3,0,9,1,0,2,0,3,1,0,2,1,1,1,1,2,1,1,0,1,1,0,2,0,1,1,0,1,1,19.0,9.5,0.574
5,3,4,3,2,5,0,7,0,1,4,1,4,4,0,5,0,1,1,1,2,1,1,0,1,0,1,3,1,1,1,0,1,0,24.0,11.0,0.612
4,7,4,8,2,11,0,22,0,3,6,0,8,3,1,9,0,1,1,1,4,1,1,0,1,0,2,3,0,1,1,1,2,0,29.0,13.0,0.531
5,4,5,5,1,2,0,7,0,1,5,1,4,2,0,3,0,1,1,1,4,1,1,0,1,0,1,4,1,1,1,0,1,0,22.5,16.786,0.843
0,3,0,0,2,0,1,4,0,1,2,3,2,0,0,2,1,0,1,0,0,1,0,1,1,0,1,2,1,1,0,0,1,1,10.5,2.5,0.463
1,2,0,1,0,1,0,1,0,0,3,0,0,1,0,1,0,1,1,0,1,0,1,0,1,0,0,2,0,0,1,0,1,0,11.0,11.0,0.64
0,2,0,0,0,0,0,4,0,0,1,2,2,0,0,2,0,0,1,0,0,0,0,0,1,0,0,1,1,1,0,0,2,0,6.5,3.5,0.392
4,2,0,4,2,1,0,4,2,2,9,0,4,2,1,4,0,1,1,0,2,1,1,0,1,1,2,5,0,1,1,1,1,0,20.0,13.5,0.783
1,1,4,1,1,1,1,1,2,1,0,0,0,0,0,1,0,1,1,1,1,1,1,1,1,1,1,0,0,0,0,0,1,0,15.0,9.0,0.548
0,1,1,1,1,0,0,0,2,0,2,0,0,0,0,3,0,0,1,1,1,1,0,0,0,1,0,1,0,0,0,0,1,0,11.0,6.0,0.64
1,3,5,2,1,1,0,3,2,0,4,2,0,1,0,3,0,1,1,1,1,1,1,0,1,1,0,1,1,0,1,0,1,0,28.0,12.0,0.401
2,3,0,1,0,2,1,4,1,0,2,0,3,0,0,2,0,1,1,0,1,0,1,1,1,1,0,2,0,1,0,0,1,0,10.5,3.5,0.463
1,2,1,3,0,1,0,3,0,0,5,0,2,3,0,4,0,1,1,1,2,0,1,0,1,0,0,3,0,1,1,0,1,0,12.5,15.286,0.707
5,12,12,6,4,6,0,17,1,5,13,4,14,2,0,13,4,1,1,1,2,1,1,0,1,1,1,5,1,1,1,0,3,1,14.625,12.0,0.523
4,1,1,2,0,2,0,0,1,1,1,0,2,0,0,1,0,1,1,1,2,0,1,0,0,1,1,1,0,1,0,0,1,0,8.0,5.5,0.707
2,3,0,2,2,3,0,8,0,1,6,2,4,1,0,5,1,1,1,0,1,1,1,0,1,0,1,4,1,1,1,0,1,1,13.333,5.333,0.559
3,6,2,5,3,1,0,8,1,2,7,0,1,3,0,6,0,1,1,1,2,1,1,0,1,1,1,5,0,1,1,0,2,0,24.0,21.25,0.919
0,1,1,0,1,2,0,3,0,0,4,0,2,2,1,4,0,0,1,1,0,1,1,0,1,0,0,2,0,1,1,1,2,0,20.0,5.0,0.474
8,8,2,5,1,8,1,14,3,0,10,1,13,1,0,8,0,1,1,1,2,1,1,1,1,1,0,3,1,1,1,0,2,0,11.571,2.714,0.314
1,2,1,3,2,1,0,1,0,1,5,0,0,1,0,2,0,1,1,1,3,1,1,0,1,0,1,3,0,0,1,0,1,0,5.0,7.0,0.949
1,4,4,3,2,2,0,3,1,1,4,0,3,0,0,1,0,1,1,1,1,1,1,0,1,1,1,4,0,1,0,0,1,0,14.5,10.0,0.657
2,1,0,1,2,2,0,5,0,0,5,0,4,0,3,3,0,1,1,0,1,1,1,0,1,0,0,4,0,1,0,1,1,0,13.5,7.0,0.68
0,0,2,1,0,2,0,2,0,0,3,0,7,0,0,2,0,0,0,1,1,0,1,0,1,0,0,1,0,1,0,0,1,0,9.5,2.5,0.324
1,1,0,1,0,1,0,2,0,1,2,0,1,0,0,3,0,1,1,0,1,0,1,0,1,0,1,2,0,1,0,0,1,0,13.0,8.0,0.588
1,2,1,1,1,1,0,5,0,1,1,0,2,0,0,1,0,1,1,1,1,1,1,0,1,0,1,1,0,1,0,0,1,0,17.0,2.0,0.343
7,6,5,12,2,4,0,8,0,1,11,0,5,3,0,4,1,1,1,1,4,1,1,0,1,0,1,4,0,1,1,0,1,1,17.25,17.875,0.681
4,4,3,4,2,4,0,6,1,4,7,4,3,1,0,6,0,1,1,1,2,1,1,0,1,1,1,5,1,1,1,0,2,0,26.5,13.5,0.68
0,0,1,1,0,1,0,2,0,0,4,0,3,1,0,3,0,0,0,1,1,0,1,0,1,0,0,3,0,1,1,0,1,0,16.0,18.0,0.707
4,3,1,6,3,1,0,10,0,6,7,1,3,4,0,7,1,1,1,1,3,1,1,0,1,0,2,6,1,1,1,0,1,1,28.5,27.375,0.843
7,13,8,7,3,10,2,18,1,5,20,2,11,1,0,20,0,1,1,1,3,1,1,1,1,1,2,8,1,1,1,0,3,0,18.143,15.857,0.816
0,0,1,1,0,0,0,3,0,1,2,3,2,0,0,1,0,0,0,1,1,0,0,0,1,0,1,2,1,1,0,0,1,0,14.0,11.0,0.756
2,2,0,1,1,1,0,4,0,0,2,0,1,0,0,1,0,1,1,0,1,1,1,0,1,0,0,2,0,1,0,0,1,0,16.0,8.0,0.53
7,1,2,4,2,1,0,3,0,3,5,1,6,0,0,5,0,1,1,1,2,1,1,0,1,0,2,2,1,1,0,0,1,0,10.0,6.25,0.559
9,4,8,9,4,5,0,14,2,4,21,3,11,5,0,16,0,1,1,1,2,1,1,0,1,1,2,7,1,1,1,0,2,0,16.429,12.571,0.659
2,2,0,3,1,3,0,4,0,1,7,0,3,3,0,4,0,1,1,0,1,1,1,0,1,0,1,5,0,1,1,0,1,0,33.0,31.0,0.862
1,1,2,3,0,0,0,2,0,0,8,0,3,1,1,3,0,1,1,1,1,0,0,0,1,0,0,3,0,1,1,1,1,0,24.0,14.0,0.577
1,2,0,1,0,2,0,2,1,1,2,1,1,0,0,3,0,1,1,0,1,0,1,0,1,1,1,2,1,1,0,0,1,0,17.0,9.0,0.514
2,2,1,1,0,1,0,4,1,1,1,0,2,0,0,2,0,1,1,1,1,0,1,0,1,1,1,1,0,1,0,0,1,0,18.0,17.571,0.667
35,34,20,21,6,16,0,50,2,3,37,21,54,10,2,36,6,1,1,1,4,1,1,0,1,1,2,7,1,1,1,1,3,1,18.421,6.947,0.454
6,6,2,0,0,2,0,11,2,0,6,1,5,0,1,4,0,1,1,1,0,0,1,0,1,1,0,4,1,1,0,1,1,0,22.5,5.0,0.422
1,1,1,0,1,2,0,3,0,0,1,0,3,0,0,3,0,1,1,1,0,1,1,0,1,0,0,1,0,1,0,0,1,0,8.0,1.0,0.354
1,1,1,2,0,3,0,3,2,1,0,0,2,1,1,1,0,1,1,1,2,0,1,0,1,1,1,0,0,1,1,1,1,0,18.0,14.75,0.667
4,1,2,3,1,1,0,2,1,2,5,0,0,1,0,1,0,1,1,1,1,1,1,0,1,1,1,3,0,0,1,0,1,0,12.0,15.5,0.866
3,5,2,3,3,0,1,9,0,2,5,0,2,0,0,5,0,1,1,1,1,1,0,1,1,0,2,4,0,1,0,0,1,0,20.0,20.0,0.783
0,1,0,2,0,0,1,2,1,2,2,0,0,0,0,2,0,0,1,0,2,0,0,1,1,1,2,2,0,0,0,0,1,0,13.0,20.0,0.981
11,6,12,6,1,6,0,10,5,2,6,0,8,0,0,6,0,1,1,1,3,1,1,0,1,1,1,2,0,1,0,0,2,0,13.167,5.762,0.398
4,2,6,7,2,1,0,2,6,1,7,0,8,3,3,4,1,1,1,1,2,1,1,0,1,1,1,2,0,1,1,1,1,1,27.0,25.786,0.577
3,0,1,2,1,2,1,3,1,1,4,0,3,0,0,3,0,1,0,1,2,1,1,1,1,1,1,2,0,1,0,0,1,0,12.5,5.0,0.566
6,6,6,5,1,2,1,10,6,1,10,0,7,2,0,9,0,1,1,1,1,1,1,1,1,1,1,5,0,1,1,0,1,0,14.4,8.4,0.583
2,3,7,2,2,1,0,3,1,1,4,2,3,0,0,5,0,1,1,1,1,1,1,0,1,1,1,3,1,1,0,0,1,0,18.0,6.0,0.471
5,7,2,4,1,2,1,5,5,1,9,1,7,3,0,8,0,1,1,1,2,1,1,1,1,1,1,5,1,1,1,0,1,0,12.2,4.4,0.543
2,1,1,0,0,1,0,3,0,0,0,0,2,0,0,2,0,1,1,1,0,0,1,0,1,0,0,0,0,1,0,0,1,0,6.0,0.0,0.204
7,14,9,13,5,15,0,23,2,2,14,0,11,3,1,16,0,1,1,1,3,1,1,0,1,1,2,5,0,1,1,1,1,0,19.143,10.245,0.489
1,4,2,9,4,4,0,13,1,3,11,0,11,2,0,9,0,1,1,1,3,1,1,0,1,1,2,5,0,1,1,0,1,0,18.5,15.036,0.658
2,3,2,3,0,5,1,16,3,0,3,1,24,0,0,3,3,1,1,1,2,0,1,1,1,1,0,2,1,1,0,0,2,1,16.5,5.75,0.435
6,2,3,3,0,4,1,7,0,0,4,0,7,1,0,2,3,1,1,1,1,0,1,1,1,0,0,4,0,1,1,0,2,1,14.333,8.333,0.647
1,4,3,2,3,3,0,6,1,1,3,7,7,1,0,5,1,1,1,1,2,1,1,0,1,1,1,3,1,1,1,0,1,1,16.0,7.0,0.714
2,2,4,1,2,2,0,7,0,1,6,0,5,0,0,6,1,1,1,1,1,1,1,0,1,0,1,3,0,1,0,0,1,1,13.0,9.0,0.566
1,2,2,1,1,2,0,6,0,1,6,0,1,0,0,6,0,1,1,1,1,1,1,0,1,0,1,3,0,1,0,0,1,0,14.5,7.0,0.657
7,4,6,3,5,0,0,14,0,0,6,1,6,0,0,2,1,1,1,1,1,1,0,0,1,0,0,3,1,1,0,0,1,1,18.0,6.333,0.481
5,3,8,6,2,6,0,8,0,1,6,5,5,2,0,7,1,1,1,1,2,1,1,0,1,0,1,5,1,1,1,0,1,1,21.667,5.0,0.526
3,4,2,5,1,2,0,7,0,2,5,0,4,1,0,9,0,1,1,1,2,1,1,0,1,0,1,3,0,1,1,0,2,0,15.0,7.0,0.527
6,15,8,10,2,10,0,21,1,0,12,5,9,3,0,12,0,1,1,1,1,1,1,0,1,1,0,6,1,1,1,0,2,0,22.8,12.0,0.596
6,5,7,8,3,5,0,15,0,3,7,2,7,2,0,10,2,1,1,1,3,1,1,0,1,0,1,4,1,1,1,0,2,1,20.5,14.25,0.625
0,2,1,2,1,1,0,6,1,0,1,0,2,0,0,2,0,0,1,1,2,1,1,0,1,1,0,1,0,1,0,0,1,0,19.0,2.0,0.324
3,1,3,1,2,4,0,5,0,2,5,3,5,1,0,6,1,1,1,1,1,1,1,0,1,0,1,3,1,1,1,0,1,1,21.0,14.5,0.546
0,0,1,0,2,0,0,1,0,1,1,4,1,0,0,1,1,0,0,1,0,1,0,0,1,0,1,1,1,1,0,0,1,1,13.0,9.0,0.588
1,1,0,1,0,0,0,0,0,1,1,3,2,0,0,1,0,1,1,0,1,0,0,0,0,0,1,1,1,1,0,0,1,0,11.0,2.0,0.426
1,0,4,0,0,0,0,1,0,0,0,1,3,0,0,1,0,1,0,1,0,0,0,0,1,0,0,0,1,1,0,0,1,0,5.5,0.0,0.213
2,3,0,1,0,1,0,4,0,0,3,1,1,0,0,2,0,1,1,0,1,0,1,0,1,0,0,2,1,1,0,0,1,0,9.0,4.0,0.667
5,2,3,0,2,2,0,4,0,0,3,1,4,1,0,3,0,1,1,1,0,1,1,0,1,0,0,3,1,1,1,0,1,0,30.0,9.0,0.387
4,3,0,4,1,1,0,3,0,3,5,0,4,0,0,3,0,1,1,0,2,1,1,0,1,0,2,3,0,1,0,0,1,0,31.0,33.0,0.635
1,3,0,1,0,1,0,4,0,2,5,0,2,0,0,6,0,1,1,0,1,0,1,0,1,0,2,3,0,1,0,0,2,0,12.5,15.5,0.99
0,1,2,1,1,2,0,5,0,0,4,0,3,0,0,6,0,0,1,1,1,1,1,0,1,0,0,3,0,1,0,0,1,0,8.333,3.333,0.566
1,6,1,2,1,4,0,6,0,1,2,2,4,0,0,2,0,1,1,1,1,1,1,0,1,0,1,2,1,1,0,0,1,0,32.0,7.0,0.375
1,2,0,1,2,2,2,6,0,0,5,0,3,0,1,2,0,1,1,0,1,1,1,1,1,0,0,3,0,1,0,1,1,0,26.0,8.0,0.555
1,0,1,0,0,2,0,1,0,0,2,1,2,0,0,2,0,1,0,1,0,0,1,0,1,0,0,1,1,1,0,0,1,0,12.0,4.0,0.408
2,1,1,4,1,0,1,0,1,1,3,0,2,0,0,0,0,1,1,1,2,1,0,1,0,1,1,3,0,1,0,0,0,0,8.5,8.0,0.857
3,1,2,1,0,2,0,2,0,0,5,0,2,2,0,3,0,1,1,1,1,0,1,0,1,0,0,2,0,1,1,0,1,0,11.5,7.5,0.59
1,0,3,4,0,0,1,0,1,1,2,1,0,1,0,3,0,1,0,1,2,0,0,1,0,1,1,1,1,0,1,0,1,0,18.0,22.75,0.833
10,16,7,7,4,18,0,28,1,2,19,2,21,5,0,16,2,1,1,1,2,1,1,0,1,1,2,8,1,1,1,0,2,1,22.571,14.143,0.675
2,1,3,1,0,0,0,2,2,0,1,0,1,0,0,1,0,1,1,1,1,0,0,0,1,1,0,1,0,1,0,0,1,0,14.0,2.0,0.378
4,2,1,5,1,3,0,3,5,0,0,0,3,0,2,0,0,1,1,1,2,1,1,0,1,1,0,0,0,1,0,1,0,0,13.5,10.0,0.408
1,1,0,2,0,1,1,1,1,0,2,1,3,0,0,0,0,1,1,0,1,0,1,1,1,1,0,2,1,1,0,0,0,0,4.667,3.0,0.756
7,3,7,3,1,5,1,11,0,2,5,4,5,1,0,3,0,1,1,1,1,1,1,1,1,0,1,4,1,1,1,0,2,0,14.5,7.25,0.557
3,11,15,7,3,5,1,16,6,1,1,15,19,4,2,13,2,1,1,1,3,1,1,1,1,1,1,1,1,1,1,1,2,1,20.333,6.167,0.32
2,2,4,1,1,2,0,4,3,3,1,1,3,0,0,5,0,1,1,1,1,1,1,0,1,1,2,1,1,1,0,0,1,0,16.0,4.5,0.375
0,4,1,2,2,4,0,7,3,0,4,1,3,2,0,7,0,0,1,1,1,1,1,0,1,1,0,2,1,1,1,0,2,0,20.0,4.5,0.335
8,7,2,5,3,1,0,7,1,3,11,0,5,3,0,8,0,1,1,1,3,1,1,0,1,1,1,6,0,1,1,0,1,0,32.0,32.0,0.795
5,7,6,2,3,6,1,11,3,2,4,3,13,2,1,5,0,1,1,1,1,1,1,1,1,1,1,3,1,1,1,1,2,0,24.0,8.667,0.417
4,4,5,5,1,2,0,7,1,2,6,3,4,3,0,6,0,1,1,1,2,1,1,0,1,1,1,4,1,1,1,0,1,0,26.5,6.5,0.486
4,11,8,7,0,5,0,14,0,4,8,1,5,3,0,12,4,1,1,1,3,0,1,0,1,0,2,6,1,1,1,0,1,1,28.667,17.857,0.686
3,0,3,1,1,0,0,1,0,0,1,3,2,0,0,0,0,1,0,1,1,1,0,0,1,0,0,1,1,1,0,0,0,0,15.0,6.0,0.548
5,5,2,3,3,3,1,2,3,1,7,3,5,0,0,4,0,1,1,1,2,1,1,1,1,1,1,4,1,1,0,0,1,0,15.667,10.333,0.619
2,3,2,1,0,1,0,4,3,0,1,0,4,1,1,3,0,1,1,1,1,0,1,0,1,1,0,1,0,1,1,1,2,0,24.0,16.0,0.433
4,2,2,1,0,2,0,5,2,0,1,1,3,0,1,0,0,1,1,1,1,0,1,0,1,1,0,1,1,1,0,1,0,0,23.0,6.0,0.442
4,3,1,4,1,5,1,9,2,5,4,2,6,2,0,8,2,1,1,1,3,1,1,1,1,1,2,3,1,1,1,0,1,1,11.8,7.95,0.552
1,3,3,3,1,5,0,9,1,0,2,0,3,1,0,4,0,1,1,1,2,1,1,0,1,1,0,2,0,1,1,0,2,0,12.0,8.0,0.471
6,13,3,2,4,8,0,19,4,5,5,0,8,0,0,7,0,1,1,1,2,1,1,0,1,1,2,3,0,1,0,0,1,0,27.333,17.0,0.469
6,10,7,8,5,4,0,18,7,2,17,1,9,2,0,19,0,1,1,1,2,1,1,0,1,1,2,5,1,1,1,0,4,0,14.375,8.906,0.593
0,1,2,4,1,1,0,9,2,1,1,0,2,1,0,1,0,0,1,1,1,1,1,0,1,1,1,1,0,1,1,0,1,0,26.0,19.0,0.555
1,2,2,1,1,2,0,1,0,0,4,0,2,0,0,4,0,1,1,1,1,1,1,0,1,0,0,2,0,1,0,0,1,0,20.0,4.0,0.316
0,0,0,1,0,1,1,4,0,1,0,0,2,0,0,1,0,0,0,0,1,0,1,1,1,0,1,0,0,1,0,0,1,0,5.5,3.5,0.426
10,15,14,12,5,5,1,12,7,2,16,2,16,4,4,16,2,1,1,1,3,1,1,1,1,1,2,4,1,1,1,1,1,1,19.857,13.25,0.42
3,6,4,7,3,7,0,10,11,3,7,10,12,2,5,10,0,1,1,1,4,1,1,0,1,1,2,2,1,1,1,1,1,0,47.0,16.036,0.438
4,3,0,1,2,3,0,8,0,0,4,0,3,0,0,5,0,1,1,0,1,1,1,0,1,0,0,3,0,1,0,0,2,0,11.0,3.667,0.492
0,3,1,2,2,0,2,0,5,2,3,0,1,1,1,5,0,0,1,1,2,1,0,1,0,1,1,2,0,0,1,1,1,0,13.5,5.0,0.544
3,6,4,8,0,5,0,9,1,3,7,1,5,1,0,5,0,1,1,1,2,0,1,0,1,1,2,5,1,1,1,0,1,0,29.0,17.5,0.65
2,2,0,1,2,3,0,9,1,0,0,1,3,0,0,0,0,1,1,0,1,1,1,0,1,1,0,0,1,1,0,0,0,0,12.0,1.0,0.289
5,4,5,2,5,5,0,21,0,0,5,7,12,1,0,9,8,1,1,1,1,1,1,0,1,0,0,2,1,1,1,0,2,1,22.25,14.0,0.375
4,2,2,2,0,2,0,2,0,1,4,0,2,1,0,2,0,1,1,1,1,0,1,0,1,0,1,4,0,1,1,0,1,0,24.0,15.0,0.722
2,3,2,7,1,4,2,8,0,1,7,3,2,1,0,4,0,1,1,1,3,1,1,1,1,0,1,3,1,1,1,0,1,0,23.5,12.375,0.619
1,2,0,1,0,2,1,4,0,1,2,0,3,0,0,3,0,1,1,0,1,0,1,1,1,0,1,1,0,1,0,0,1,0,10.0,5.286,0.474
2,2,1,2,1,1,0,4,0,0,2,0,5,0,0,2,0,1,1,1,1,1,1,0,1,0,0,1,0,1,0,0,1,0,7.333,5.333,0.452
1,1,0,2,1,0,0,0,0,2,3,0,0,0,0,4,0,1,1,0,1,1,0,0,0,0,2,3,0,0,0,0,1,0,14.0,15.0,0.756
2,4,1,3,1,3,0,6,1,0,5,1,1,0,0,4,1,1,1,1,2,1,1,0,1,1,0,4,1,1,0,0,2,1,16.5,11.5,0.862
5,6,3,9,2,6,1,7,0,2,10,5,4,2,0,7,0,1,1,1,3,1,1,1,1,0,1,6,1,1,1,0,1,0,23.0,19.167,0.766
1,5,3,6,1,2,0,3,0,2,8,2,3,1,0,4,0,1,1,1,2,1,1,0,1,0,1,3,1,1,1,0,2,0,41.0,31.571,0.663
9,10,8,9,4,9,2,16,0,1,17,0,14,1,0,10,3,1,1,1,3,1,1,1,1,0,1,6,0,1,1,0,2,1,15.714,11.939,0.607
9,10,19,10,9,9,1,17,1,4,12,0,19,2,0,12,1,1,1,1,3,1,1,1,1,1,2,5,0,1,1,0,3,1,22.333,10.333,0.489
1,0,1,2,0,0,0,1,1,1,1,0,2,0,0,1,0,1,0,1,1,0,0,0,1,1,1,1,0,1,0,0,1,0,11.0,13.0,0.853
0,2,2,0,0,2,0,4,1,0,2,0,1,0,0,2,0,0,1,1,0,0,1,0,1,1,0,2,0,0,0,0,1,0,15.0,3.0,0.365
4,2,2,4,2,2,0,6,0,2,4,2,6,1,0,3,1,1,1,1,2,1,1,0,1,0,1,2,1,1,1,0,1,1,10.25,8.0,0.552
3,3,3,2,1,3,1,7,0,1,4,2,4,0,0,4,0,1,1,1,1,1,1,1,1,0,1,2,1,1,0,0,2,0,19.0,4.5,0.344
5,2,3,5,0,1,0,7,0,2,3,0,6,1,0,4,0,1,1,1,3,0,1,0,1,0,2,2,0,1,1,0,1,0,12.667,8.0,0.574
0,4,1,1,1,1,0,3,0,0,4,0,2,1,0,3,0,0,1,1,1,1,1,0,1,0,0,3,0,1,1,0,1,0,21.0,17.0,0.617
3,1,1,4,1,1,0,2,2,2,3,0,3,1,0,3,0,1,1,1,2,1,1,0,1,1,1,1,0,1,1,0,1,0,13.0,11.0,0.555
4,5,8,3,3,11,1,9,1,3,5,5,10,2,0,10,4,1,1,1,2,1,1,1,1,1,2,2,1,1,1,0,2,1,14.0,5.5,0.463
4,1,1,1,1,1,0,4,0,0,0,0,2,0,0,2,1,1,1,1,1,1,1,0,1,0,0,0,0,1,0,0,1,1,18.0,7.0,0.333
4,6,3,3,0,3,0,5,1,1,11,0,5,3,0,8,1,1,1,1,2,0,1,0,1,1,1,4,0,1,1,0,1,1,13.5,8.0,0.481
0,4,1,4,0,1,0,6,3,2,6,0,6,1,0,5,0,0,1,1,2,0,1,0,1,1,1,3,0,1,1,0,1,0,20.0,12.0,0.559
4,11,4,7,3,8,2,15,6,2,8,2,19,1,0,14,2,1,1,1,3,1,1,1,1,1,2,5,1,1,1,0,2,1,13.625,5.75,0.542
4,11,9,8,4,4,0,4,6,2,16,2,12,5,0,12,0,1,1,1,3,1,1,0,1,1,2,4,1,1,1,0,1,0,19.8,11.75,0.497
16,12,10,11,5,10,0,28,0,5,13,2,19,3,1,18,0,1,1,1,3,1,1,0,1,0,2,4,1,1,1,1,3,0,38.0,23.75,0.459
0,2,2,1,1,1,0,3,0,0,2,1,3,0,0,2,0,0,1,1,1,1,1,0,1,0,0,1,1,1,0,0,1,0,18.0,4.0,0.333
5,4,3,1,1,4,0,8,0,4,9,1,5,3,0,10,1,1,1,1,1,1,1,0,1,0,2,4,1,1,1,0,2,1,59.0,30.0,0.552
3,0,0,0,1,1,0,2,0,1,1,0,1,0,0,3,0,1,0,0,0,1,1,0,1,0,1,1,0,1,0,0,1,0,13.0,2.0,0.392
7,6,1,2,1,2,0,4,0,1,10,1,7,0,0,7,1,1,1,1,1,1,1,0,1,0,1,7,1,1,0,0,1,1,16.667,12.667,0.8
5,4,1,1,1,7,0,7,0,0,3,2,4,0,1,4,0,1,1,1,1,1,1,0,1,0,0,3,1,1,0,1,2,0,13.0,9.667,0.679
5,4,3,9,4,3,0,16,6,7,14,0,3,4,0,6,0,1,1,1,2,1,1,0,1,1,2,4,0,1,1,0,1,0,28.0,26.333,0.617
2,0,1,1,3,2,0,3,4,2,2,16,8,0,0,2,7,1,0,1,1,1,1,0,1,1,1,1,1,1,0,0,2,1,17.667,1.333,0.194
4,2,1,1,0,3,0,5,0,1,0,0,1,0,0,0,0,1,1,1,1,0,1,0,1,0,1,0,0,1,0,0,0,0,18.0,9.0,0.5
3,5,6,3,2,1,2,6,0,2,11,2,8,0,0,6,1,1,1,1,3,1,1,1,1,0,1,5,1,1,0,0,2,1,9.667,7.583,0.743
2,0,2,1,2,1,0,3,1,0,2,0,4,0,0,2,0,1,0,1,1,1,1,0,1,1,0,1,0,1,0,0,1,0,20.0,6.0,0.474
0,1,2,4,2,3,0,9,0,0,3,1,4,2,0,3,0,0,1,1,1,1,1,0,1,0,0,3,1,1,1,0,1,0,8.5,3.25,0.485
3,3,1,3,1,3,1,5,1,2,4,0,6,1,0,5,1,1,1,1,1,1,1,1,1,1,2,3,0,1,1,0,1,1,20.0,10.5,0.671
0,0,0,1,0,1,0,2,2,0,2,0,3,0,1,1,0,0,0,0,1,0,1,0,1,1,0,2,0,1,0,1,1,0,6.0,2.5,0.612
4,2,1,2,0,1,1,4,0,2,2,1,3,0,0,2,0,1,1,1,1,0,1,1,1,0,2,2,1,1,0,0,1,0,12.5,7.5,0.566
6,4,4,6,5,5,3,11,1,2,14,2,5,1,0,11,0,1,1,1,3,1,1,1,1,1,1,4,1,1,1,0,1,0,15.8,9.543,0.477
11,9,3,3,3,11,0,15,0,2,8,3,8,0,1,6,0,1,1,1,2,1,1,0,1,0,2,5,1,1,0,1,2,0,27.333,9.0,0.625
2,3,5,4,2,1,0,2,2,1,7,0,3,1,0,5,0,1,1,1,3,1,1,0,1,1,1,4,0,1,1,0,2,0,19.0,21.286,0.918
1,4,2,4,2,3,0,2,0,2,6,0,2,3,0,3,0,1,1,1,2,1,1,0,1,0,1,4,0,1,1,0,1,0,34.0,43.0,0.728
10,14,10,14,3,14,0,29,2,6,17,6,11,6,0,21,1,1,1,1,3,1,1,0,1,1,2,5,1,1,1,0,2,1,41.0,21.75,0.442
11,7,2,7,5,6,0,11,1,4,12,0,7,5,0,13,1,1,1,1,2,1,1,0,1,1,1,4,0,1,1,0,1,1,30.667,14.333,0.369
3,5,0,3,1,4,1,9,0,0,7,0,2,1,0,4,0,1,1,0,2,1,1,1,1,0,0,5,0,1,1,0,1,0,20.0,13.786,0.783
1,2,1,2,0,1,0,0,0,1,1,2,1,1,0,2,0,1,1,1,1,0,1,0,0,0,1,1,1,1,1,0,1,0,15.0,2.0,0.365
7,6,2,0,3,4,0,13,1,0,5,0,4,1,0,8,0,1,1,1,0,1,1,0,1,1,0,3,0,1,1,0,2,0,17.667,4.667,0.389
1,1,3,1,1,1,0,1,0,1,6,0,1,0,0,3,0,1,1,1,1,1,1,0,1,0,1,3,0,1,0,0,1,0,10.0,4.5,0.474
0,3,1,2,0,2,1,2,0,2,6,2,5,0,0,3,0,0,1,1,1,0,1,1,1,0,2,3,1,1,0,0,1,0,9.667,5.0,0.525
3,0,5,2,0,2,0,6,1,2,7,0,8,1,0,8,1,1,0,1,1,0,1,0,1,1,2,5,0,1,1,0,2,1,11.5,7.25,0.73
9,11,13,12,6,7,0,22,2,6,21,1,17,5,0,20,1,1,1,1,4,1,1,0,1,1,2,7,1,1,1,0,1,1,21.571,11.286,0.633
1,1,1,1,0,3,1,2,0,0,3,0,2,2,0,2,0,1,1,1,1,0,1,1,1,0,0,2,0,1,1,0,1,0,9.5,8.5,0.649
3,4,2,2,0,4,0,6,1,3,5,3,3,0,0,6,0,1,1,1,2,0,1,0,1,1,2,4,1,1,0,0,1,0,21.0,12.25,0.764
0,6,1,1,1,4,0,7,0,0,5,1,4,1,0,6,0,0,1,1,1,1,1,0,1,0,0,4,1,1,1,0,1,0,18.5,3.5,0.465
0,1,2,3,0,1,0,2,0,2,4,0,3,0,0,3,0,0,1,1,2,0,1,0,1,0,1,3,0,1,0,0,1,0,7.0,8.857,0.772
2,1,2,2,1,1,0,2,1,1,3,0,5,1,0,2,0,1,1,1,2,1,1,0,1,1,1,3,0,1,1,0,1,0,24.0,19.571,0.722
3,4,0,3,1,4,0,6,0,3,5,4,3,0,0,6,0,1,1,0,2,1,1,0,1,0,2,3,1,1,0,0,1,0,14.0,8.667,0.546
1,5,3,5,2,2,0,10,0,5,7,0,4,0,0,10,0,1,1,1,4,1,1,0,1,0,2,4,0,1,0,0,2,0,18.0,19.667,0.77
3,4,6,9,2,3,0,6,0,3,7,1,5,4,0,8,0,1,1,1,3,1,1,0,1,0,1,4,1,1,1,0,2,0,30.5,25.875,0.724
2,1,1,1,0,0,1,2,0,0,1,0,1,1,1,3,0,1,1,1,1,0,0,1,1,0,0,1,0,0,1,1,1,0,14.0,2.0,0.378
4,3,4,4,0,2,0,6,0,1,5,1,4,2,0,2,1,1,1,1,3,0,1,0,1,0,1,4,1,1,1,0,1,1,39.0,26.0,0.793
3,3,1,2,2,2,1,6,0,0,4,0,1,1,0,3,0,1,1,1,1,1,1,1,1,0,0,3,0,1,1,0,2,0,14.5,16.0,0.788
7,4,2,2,0,3,0,6,0,1,3,0,5,0,0,2,0,1,1,1,2,0,1,0,1,0,1,3,0,1,0,0,2,0,17.0,6.0,0.485
3,2,3,3,2,1,1,3,0,1,3,0,6,0,0,3,0,1,1,1,2,1,1,1,1,0,1,1,0,1,0,0,1,0,15.5,7.5,0.508
6,2,4,4,2,2,0,1,0,3,9,0,5,1,0,7,0,1,1,1,3,1,1,0,1,0,1,4,0,1,1,0,3,0,15.333,19.0,0.834
0,1,2,4,1,4,0,6,0,0,6,3,4,0,0,6,0,0,1,1,3,1,1,0,1,0,0,3,1,1,0,0,1,0,9.25,10.143,0.697
3,3,3,3,1,5,0,5,0,1,5,0,3,2,0,4,0,1,1,1,1,1,1,0,1,0,1,3,0,1,1,0,1,0,19.0,8.5,0.574
4,5,5,4,1,6,0,8,0,1,7,0,3,1,0,6,0,1,1,1,2,1,1,0,1,0,1,2,0,1,1,0,1,0,17.0,6.333,0.396
5,4,3,4,1,4,0,5,0,1,4,0,3,1,0,3,0,1,1,1,2,1,1,0,1,0,1,3,0,1,1,0,1,0,19.0,11.5,0.688
5,6,2,4,1,6,0,8,0,0,8,1,3,5,0,7,0,1,1,1,1,1,1,0,1,0,0,4,1,1,1,0,2,0,18.667,21.0,0.567
3,9,2,6,3,1,0,4,1,3,8,3,6,2,0,8,0,1,1,1,3,1,1,0,1,1,2,2,1,1,1,0,1,0,19.667,11.25,0.46
9,8,5,6,1,4,0,12,1,0,7,0,9,3,0,3,0,1,1,1,2,1,1,0,1,1,0,3,0,1,1,0,1,0,34.0,13.5,0.343
5,1,10,8,2,4,0,6,0,5,10,0,9,4,0,8,0,1,1,1,3,1,1,0,1,0,2,4,0,1,1,0,1,0,18.0,21.938,0.583
3,7,3,6,1,6,0,9,0,5,15,0,10,2,0,15,2,1,1,1,2,1,1,0,1,0,2,6,0,1,1,0,2,1,11.857,15.143,0.699
5,4,3,8,3,3,1,16,0,5,12,0,5,4,0,12,2,1,1,1,2,1,1,1,1,0,2,6,0,1,1,0,1,1,27.667,23.333,0.621
8,3,1,3,2,3,0,6,1,3,3,0,5,1,0,10,0,1,1,1,1,1,1,0,1,1,2,2,0,1,1,0,1,0,24.5,13.0,0.303
7,7,0,2,2,6,1,10,0,0,0,0,1,0,0,7,0,1,1,0,1,1,1,1,1,0,0,0,0,1,0,0,2,0,43.0,11.0,0.323
2,0,1,0,2,0,0,1,0,0,1,1,3,0,0,1,1,1,0,1,0,1,0,0,1,0,0,1,1,1,0,0,1,1,4.333,0.667,0.392
0,1,1,0,1,0,1,2,0,0,1,2,0,0,0,3,0,0,1,1,0,1,0,1,1,0,0,1,1,0,0,0,2,0,6.0,3.5,0.612
0,6,4,3,2,0,0,5,0,0,13,0,7,1,0,9,0,0,1,1,1,1,0,0,1,0,0,5,0,1,1,0,2,0,10.0,11.2,0.6
2,2,3,1,0,0,0,2,0,0,0,1,2,0,0,0,0,1,1,1,1,0,0,0,1,0,0,0,1,1,0,0,0,0,6.5,1.0,0.392
2,0,1,1,0,1,1,3,0,1,1,0,2,0,0,2,0,1,0,1,1,0,1,1,1,0,1,1,0,1,0,0,2,0,7.5,6.5,0.73
0,1,0,0,0,0,0,3,0,0,1,3,3,1,0,2,0,0,1,0,0,0,0,0,1,0,0,1,1,1,1,0,1,0,7.0,3.0,0.378
2,2,0,1,0,3,1,5,0,1,1,1,0,1,0,1,0,1,1,0,1,0,1,1,1,0,1,1,1,0,1,0,1,0,19.0,4.0,0.487
1,1,0,0,0,0,0,3,0,0,1,0,3,0,1,1,0,1,1,0,0,0,0,0,1,0,0,1,0,1,0,1,1,0,5.5,3.0,0.426
2,1,1,1,1,1,0,5,0,1,5,0,3,1,0,6,0,1,1,1,1,1,1,0,1,0,1,3,0,1,1,0,1,0,14.0,14.5,0.535
2,1,1,2,1,1,0,5,0,1,3,0,3,0,0,4,0,1,1,1,1,1,1,0,1,0,1,1,0,1,0,0,1,0,12.0,9.5,0.433
0,2,3,4,1,2,0,3,0,1,7,0,3,1,0,6,1,0,1,1,3,1,1,0,1,0,1,4,0,1,1,0,1,1,11.333,10.667,0.849
2,2,0,2,1,1,1,6,0,2,1,0,2,0,0,4,0,1,1,0,2,1,1,1,1,0,2,1,0,1,0,0,1,0,24.0,9.0,0.433
1,1,1,2,1,2,0,3,0,2,4,1,7,1,0,8,0,1,1,1,2,1,1,0,1,0,2,4,1,1,1,0,2,0,11.333,6.417,0.849
2,2,1,1,0,1,0,3,0,0,1,2,2,0,0,1,1,1,1,1,1,0,1,0,1,0,0,1,1,1,0,0,1,1,8.5,4.0,0.514
2,0,2,2,0,0,0,1,0,1,0,0,2,0,0,1,0,1,0,1,2,0,0,0,1,0,1,0,0,1,0,0,1,0,5.5,4.5,0.64
0,0,2,2,0,1,0,1,0,0,2,0,2,0,0,1,0,0,0,1,2,0,1,0,1,0,0,2,0,1,0,0,1,0,11.0,8.0,0.64
3,6,2,2,0,1,0,7,0,3,5,9,8,1,0,7,0,1,1,1,2,0,1,0,1,0,1,4,1,1,1,0,1,0,25.5,9.5,0.495
0,0,0,0,2,0,0,6,0,0,2,0,2,0,0,0,0,0,0,0,0,1,0,0,1,0,0,1,0,1,0,0,0,0,12.0,8.0,0.408
1,1,1,2,0,0,1,0,0,0,6,0,6,0,0,6,0,1,1,1,1,0,0,1,0,0,0,2,0,1,0,0,1,0,6.0,9.75,0.433
2,1,1,1,0,0,1,1,0,1,5,0,3,1,0,4,0,1,1,1,1,0,0,1,1,0,1,3,0,1,1,0,1,0,21.0,27.0,0.772
1,1,0,2,1,1,0,1,0,1,2,0,2,0,0,3,0,1,1,0,2,1,1,0,1,0,1,2,0,1,0,0,1,0,15.0,14.0,0.73
1,2,0,0,0,0,1,0,0,2,1,0,2,2,0,4,0,1,1,0,0,0,0,1,0,0,2,1,0,1,1,0,1,0,7.5,4.5,0.548
5,2,1,4,2,1,0,1,2,0,5,0,5,1,0,5,0,1,1,1,1,1,1,0,1,1,0,3,0,1,1,0,1,0,17.0,4.5,0.364
1,0,1,1,0,1,0,2,0,0,1,0,3,0,0,2,0,1,0,1,1,0,1,0,1,0,0,1,0,1,0,0,1,0,12.0,6.0,0.408
1,1,5,1,0,1,0,3,0,0,2,0,6,0,0,2,0,1,1,1,1,0,1,0,1,0,0,1,0,1,0,0,1,0,11.0,8.0,0.452
1,0,1,0,0,0,0,1,0,1,1,0,3,0,0,3,0,1,0,1,0,0,0,0,1,0,1,1,0,1,0,0,1,0,11.0,2.0,0.426
1,5,3,3,2,5,1,13,1,3,8,1,7,0,0,7,0,1,1,1,2,1,1,1,1,1,2,3,1,1,0,0,2,0,19.667,13.0,0.46
2,5,2,3,2,2,0,8,0,1,5,0,3,1,0,4,0,1,1,1,2,1,1,0,1,0,1,2,0,1,1,0,1,0,19.0,13.786,0.688
0,1,1,2,0,0,0,2,0,2,1,2,4,0,0,1,0,0,1,1,2,0,0,0,1,0,2,1,1,1,0,0,1,0,8.0,6.5,0.707
2,1,3,1,1,2,0,5,1,1,2,0,2,1,0,4,1,1,1,1,1,1,1,0,1,1,1,2,0,1,1,0,1,1,13.5,6.5,0.68
2,2,1,4,0,3,1,5,1,1,3,2,2,0,0,2,0,1,1,1,3,0,1,1,1,1,1,2,1,1,0,0,1,0,29.0,19.0,0.657
4,4,4,9,3,3,0,9,0,8,14,5,10,1,0,10,1,1,1,1,3,1,1,0,1,0,2,6,1,1,1,0,1,1,21.25,16.75,0.69
0,0,0,1,0,1,0,1,2,0,2,0,2,1,1,1,0,0,0,0,1,0,1,0,1,1,0,2,0,1,1,1,1,0,11.0,6.0,0.64
7,3,2,2,2,4,0,7,0,0,0,7,4,0,0,0,0,1,1,1,1,1,1,0,1,0,0,0,1,1,0,0,0,0,12.333,1.333,0.232
2,0,2,1,0,0,0,3,0,0,5,9,0,0,0,3,3,1,0,1,1,0,0,0,1,0,0,2,1,0,0,0,1,1,28.0,14.0,0.401
2,0,4,4,1,2,1,2,0,0,4,0,3,3,0,3,0,1,0,1,1,1,1,1,1,0,0,2,0,1,1,0,1,0,9.667,6.667,0.394
7,7,2,2,1,3,0,11,2,2,7,0,8,0,5,6,1,1,1,1,1,1,1,0,1,1,2,4,0,1,0,1,2,1,15.75,9.25,0.624
2,2,3,0,1,1,0,1,0,0,2,0,3,0,0,2,0,1,1,1,0,1,1,0,1,0,0,1,0,1,0,0,1,0,5.667,0.0,0.171
2,1,0,1,0,1,0,1,0,0,2,0,2,0,0,3,1,1,1,0,1,0,1,0,1,0,0,2,0,1,0,0,1,1,7.0,4.0,0.567
1,0,2,1,1,1,0,2,0,0,1,2,0,0,0,3,0,1,0,1,1,1,1,0,1,0,0,1,1,0,0,0,1,0,14.0,4.0,0.567
0,0,0,0,0,1,0,5,0,1,2,0,1,0,0,3,0,0,0,0,0,0,1,0,1,0,1,2,0,1,0,0,1,0,13.0,3.0,0.392
1,5,1,4,1,4,0,5,1,3,9,2,4,0,0,3,0,1,1,1,2,1,1,0,1,1,1,5,1,1,0,0,2,0,21.5,26.5,0.863
4,3,4,4,1,5,0,9,0,1,4,1,1,2,0,3,0,1,1,1,2,1,1,0,1,0,1,4,1,1,1,0,1,0,21.0,14.875,0.764
2,6,1,3,4,3,0,8,1,4,10,0,6,1,0,4,0,1,1,1,3,1,1,0,1,1,1,6,0,1,1,0,2,0,17.667,23.167,0.971
0,1,0,0,1,0,0,3,1,0,0,1,7,0,0,0,0,0,1,0,0,1,0,0,1,1,0,0,1,1,0,0,0,0,11.0,0.0,0.213
1,0,2,1,0,0,0,1,0,0,2,0,2,0,0,2,0,1,0,1,1,0,0,0,1,0,0,2,0,1,0,0,1,0,11.0,4.0,0.426
4,4,0,6,4,2,1,5,1,1,8,8,7,1,0,3,0,1,1,0,2,1,1,1,1,1,1,5,1,1,1,0,1,0,18.333,10.667,0.763
1,1,3,1,0,2,0,2,0,1,0,2,3,0,0,1,0,1,1,1,1,0,1,0,1,0,1,0,1,1,0,0,1,0,17.0,9.0,0.514
4,2,3,2,2,3,0,4,1,0,4,0,2,2,0,4,0,1,1,1,2,1,1,0,1,1,0,2,0,1,1,0,2,0,33.0,18.0,0.492
7,7,4,8,2,5,0,15,0,3,13,1,9,2,0,12,3,1,1,1,3,1,1,0,1,0,2,7,1,1,1,0,2,1,15.167,11.833,0.815
0,3,1,5,1,3,0,14,0,2,4,0,4,1,0,3,0,0,1,1,2,1,1,0,1,0,1,4,0,1,1,0,1,0,10.25,8.5,0.663
3,1,0,1,1,0,0,2,0,1,3,0,1,0,0,2,0,1,1,0,1,1,0,0,1,0,1,3,0,1,0,0,2,0,15.0,19.0,1.095
1,2,3,2,0,3,0,7,2,1,5,0,4,0,0,2,0,1,1,1,1,0,1,0,1,1,1,4,0,1,0,0,1,0,10.667,6.0,0.75
0,0,1,2,1,1,0,3,0,2,0,0,2,0,0,2,0,0,0,1,2,1,1,0,1,0,1,0,0,1,0,0,1,0,7.0,9.5,0.567
2,0,2,2,0,1,0,1,0,0,2,0,1,0,0,1,0,1,0,1,1,0,1,0,1,0,0,1,0,1,0,0,1,0,12.0,10.0,0.612
1,2,1,2,0,0,1,0,0,1,3,0,1,1,0,1,0,1,1,1,2,0,0,1,0,0,1,2,0,1,1,0,1,0,14.0,20.0,0.945
10,5,4,13,6,5,0,10,2,12,16,2,9,3,0,15,1,1,1,1,3,1,1,0,1,1,2,4,1,1,1,0,2,1,18.833,18.262,0.466
1,1,0,2,0,2,0,3,0,2,4,0,3,0,0,3,0,1,1,0,2,0,1,0,1,0,2,3,0,1,0,0,1,0,10.5,11.0,0.926
1,6,3,7,4,4,0,16,3,4,11,3,7,2,0,10,0,1,1,1,2,1,1,0,1,1,2,6,1,1,1,0,1,0,27.0,19.917,0.707
1,0,5,3,0,0,0,1,0,2,3,0,4,1,0,1,0,1,0,1,2,0,0,0,1,0,1,1,0,1,1,0,1,0,21.0,28.0,0.617
3,6,9,8,4,3,2,17,1,4,16,2,10,3,0,13,1,1,1,1,2,1,1,1,1,1,2,6,1,1,1,0,2,1,20.6,18.0,0.627
5,4,0,8,0,2,0,6,1,4,5,3,4,1,0,2,0,1,1,0,4,0,1,0,1,1,2,4,1,1,1,0,1,0,22.5,25.286,0.843
4,8,2,7,1,5,0,15,9,0,5,7,19,0,4,6,2,1,1,1,2,1,1,0,1,1,0,3,1,1,0,1,1,1,30.0,2.667,0.298
0,3,7,3,1,2,0,8,0,4,6,0,4,0,0,7,1,0,1,1,2,1,1,0,1,0,2,4,0,1,0,0,2,1,15.333,14.0,0.834
0,1,1,0,0,1,0,4,0,0,0,2,1,0,0,1,0,0,1,1,0,0,1,0,1,0,0,0,1,1,0,0,1,0,11.0,0.0,0.213
0,1,2,3,0,1,0,5,0,1,3,0,1,2,0,4,0,0,1,1,2,0,1,0,1,0,1,1,0,1,1,0,1,0,23.0,22.0,0.442
8,13,12,13,1,11,1,22,4,6,17,3,16,6,1,11,2,1,1,1,2,1,1,1,1,1,2,4,1,1,1,1,2,1,21.0,12.0,0.35
5,6,3,5,4,6,1,13,2,3,6,2,8,2,0,8,0,1,1,1,2,1,1,1,1,1,2,3,1,1,1,0,3,0,14.8,4.2,0.493
13,17,8,7,10,9,1,22,5,6,16,2,24,6,0,24,4,1,1,1,4,1,1,1,1,1,2,5,1,1,1,0,2,1,24.571,11.224,0.485
2,2,1,0,0,2,0,3,1,0,1,0,2,1,0,1,0,1,1,1,0,0,1,0,1,1,0,1,0,1,1,0,1,0,16.0,4.0,0.354
8,23,9,9,3,14,0,44,6,3,12,6,28,5,3,20,10,1,1,1,4,1,1,0,1,1,2,5,1,1,1,1,2,1,18.273,6.068,0.449
1,0,0,2,0,0,0,11,0,0,1,7,21,0,9,2,2,1,0,0,1,0,0,0,1,0,0,1,1,1,0,1,1,1,47.0,10.0,0.309
11,26,14,23,7,18,1,33,13,3,13,7,30,10,1,20,6,1,1,1,2,1,1,1,1,1,1,4,1,1,1,1,2,1,29.375,7.625,0.277
5,1,0,2,0,3,0,5,0,1,5,0,2,2,0,6,2,1,1,0,2,0,1,0,1,0,1,2,0,1,1,0,1,1,34.0,23.0,0.606
1,0,3,1,0,1,0,1,0,0,0,0,3,1,0,0,1,1,0,1,1,0,1,0,1,0,0,0,0,1,1,0,0,1,12.0,2.0,0.408
6,16,6,12,5,1,0,7,10,2,15,0,7,5,0,14,1,1,1,1,3,1,1,0,1,1,1,5,0,1,1,0,1,1,26.5,15.893,0.549
7,5,1,6,3,8,0,16,3,6,10,1,7,3,0,10,0,1,1,1,2,1,1,0,1,1,2,7,1,1,1,0,2,0,17.0,15.4,0.767
2,2,5,4,0,5,0,7,1,3,7,0,3,1,0,5,0,1,1,1,3,0,1,0,1,1,2,4,0,1,1,0,2,0,15.0,16.917,0.843
2,3,5,6,2,5,0,6,2,5,6,5,5,2,0,10,0,1,1,1,3,1,1,0,1,1,2,4,1,1,1,0,2,0,32.0,21.75,0.707
6,4,7,7,4,4,0,9,10,2,10,5,11,4,4,15,2,1,1,1,3,1,1,0,1,1,2,4,1,1,1,1,3,1,49.5,31.25,0.569
6,3,3,2,1,6,0,7,0,0,5,4,4,1,0,4,2,1,1,1,2,1,1,0,1,0,0,3,1,1,1,0,2,1,12.0,6.0,0.612
4,9,5,8,5,3,2,6,0,1,11,5,7,1,0,9,0,1,1,1,3,1,1,1,1,0,1,6,1,1,1,0,1,0,38.0,22.0,0.73
8,5,10,5,4,4,2,11,0,2,13,4,9,4,0,8,1,1,1,1,2,1,1,1,1,0,2,6,1,1,1,0,2,1,15.0,13.333,0.671
2,1,5,0,1,1,0,3,0,2,4,1,2,1,0,8,0,1,1,1,0,1,1,0,1,0,1,3,1,1,1,0,1,0,31.0,9.0,0.508
7,10,9,9,1,9,0,22,6,5,6,10,17,7,0,14,3,1,1,1,2,1,1,0,1,1,2,2,1,1,1,0,2,1,45.0,17.0,0.365
1,2,0,2,0,0,0,2,0,0,3,1,0,0,0,1,0,1,1,0,1,0,0,0,1,0,0,1,1,0,0,0,1,0,12.0,10.0,0.612
0,1,2,0,1,0,0,1,0,0,2,0,2,0,0,4,0,0,1,1,0,1,0,0,1,0,0,1,0,1,0,0,2,0,13.0,7.0,0.588
1,2,2,3,1,1,0,3,1,0,5,0,0,0,0,2,0,1,1,1,1,1,1,0,1,1,0,2,0,0,0,0,1,0,7.0,5.333,0.617
4,1,2,3,1,2,0,3,1,3,2,0,2,0,0,3,0,1,1,1,2,1,1,0,1,1,1,2,0,1,0,0,1,0,6.75,7.25,0.68
1,4,1,0,0,2,0,3,1,0,3,0,3,0,0,1,0,1,1,1,0,0,1,0,1,1,0,3,0,1,0,0,1,0,9.5,2.5,0.487
27,25,5,17,3,16,0,30,16,11,4,14,37,5,3,12,11,1,1,1,3,1,1,0,1,1,1,4,1,1,1,1,1,1,25.667,3.722,0.279
5,8,4,7,2,6,0,11,1,3,12,1,6,0,0,16,2,1,1,1,3,1,1,0,1,1,2,7,1,1,0,0,2,1,16.8,9.6,0.849
3,5,4,6,2,3,1,6,1,3,8,0,3,1,0,5,0,1,1,1,2,1,1,1,1,1,2,4,0,1,1,0,1,0,25.5,25.0,0.693
0,1,0,1,0,1,0,4,0,0,3,3,2,2,0,4,0,0,1,0,1,0,1,0,1,0,0,3,1,1,1,0,1,0,7.0,2.0,0.617
0,1,0,1,1,1,0,5,0,0,3,1,0,0,0,2,0,0,1,0,1,1,1,0,1,0,0,3,1,0,0,0,1,0,15.0,6.0,0.73
7,9,4,5,2,1,0,9,0,3,7,0,5,2,0,9,1,1,1,1,1,1,1,0,1,0,1,4,0,1,1,0,1,1,16.0,11.75,0.53
1,1,0,1,1,2,0,4,1,0,2,0,2,0,0,3,0,1,1,0,1,1,1,0,1,1,0,2,0,1,0,0,1,0,8.5,4.0,0.686
1,3,1,2,2,1,1,2,1,2,8,0,4,2,0,6,0,1,1,1,1,1,1,1,1,1,2,5,0,1,1,0,2,0,12.0,10.667,0.825
14,10,8,12,4,9,0,20,0,4,15,3,6,7,0,16,1,1,1,1,3,1,1,0,1,0,2,7,1,1,1,0,3,1,25.8,15.4,0.623
6,7,2,1,2,5,2,13,0,2,6,2,10,0,0,7,1,1,1,1,1,1,1,1,1,0,2,5,1,1,0,0,2,1,22.0,8.333,0.696
2,2,1,1,0,1,0,1,0,0,2,1,1,0,0,1,0,1,1,1,1,0,1,0,1,0,0,1,1,1,0,0,1,0,13.0,2.0,0.392
3,2,1,0,1,2,0,6,2,0,2,0,2,0,0,3,0,1,1,1,0,1,1,0,1,1,0,2,0,1,0,0,2,0,8.0,3.333,0.577
20,16,10,13,8,17,0,34,2,7,20,3,23,7,2,26,0,1,1,1,2,1,1,0,1,1,2,7,1,1,1,1,2,0,22.889,14.889,0.493
1,0,0,0,0,2,0,2,0,0,2,1,1,0,0,2,0,1,0,0,0,0,1,0,1,0,0,2,1,1,0,0,1,0,5.5,1.0,0.426
12,18,11,12,4,8,1,22,0,9,30,1,15,5,0,31,1,1,1,1,3,1,1,1,1,0,2,5,1,1,1,0,2,1,16.364,10.886,0.422
0,2,0,0,0,1,0,5,0,0,1,1,1,0,0,1,0,0,1,0,0,0,1,0,1,0,0,1,1,1,0,0,1,0,12.0,5.0,0.612
8,8,3,1,1,9,1,11,0,3,6,0,4,2,0,8,0,1,1,1,1,1,1,1,1,0,2,4,0,1,1,0,2,0,21.667,7.0,0.526
7,6,2,8,3,8,0,13,0,4,13,0,9,2,0,11,1,1,1,1,3,1,1,0,1,0,2,6,0,1,1,0,2,1,17.4,14.6,0.758
4,2,1,2,1,1,0,2,0,0,0,2,2,0,0,0,0,1,1,1,1,1,1,0,1,0,0,0,1,1,0,0,0,0,17.0,4.0,0.343
1,2,2,1,0,1,0,2,1,0,4,0,3,0,0,5,0,1,1,1,1,0,1,0,1,1,0,4,0,1,0,0,1,0,11.0,5.5,0.603
2,0,3,3,0,2,0,4,0,0,3,0,1,1,0,1,0,1,0,1,1,0,1,0,1,0,0,3,0,1,1,0,1,0,10.0,5.0,0.632
3,4,0,4,0,1,0,5,1,2,4,0,4,3,0,5,0,1,1,0,3,0,1,0,1,1,2,3,0,1,1,0,2,0,18.0,18.125,1.061
3,2,1,1,0,1,0,3,0,0,2,0,0,1,0,2,0,1,1,1,1,0,1,0,1,0,0,2,0,0,1,0,1,0,16.0,2.0,0.354
3,3,5,14,2,6,0,14,14,4,8,8,16,8,5,5,2,1,1,1,3,1,1,0,1,1,2,4,1,1,1,1,1,1,37.333,19.167,0.468
28,27,14,23,4,35,0,38,0,10,30,22,47,9,0,41,8,1,1,1,5,1,1,0,1,0,2,8,1,1,1,0,2,1,16.8,6.854,0.501
3,3,2,5,0,2,1,5,0,1,2,2,3,0,0,3,0,1,1,1,3,0,1,1,1,0,1,2,1,1,0,0,1,0,10.667,4.0,0.5
5,5,5,5,2,4,1,9,0,2,8,5,6,2,0,8,1,1,1,1,2,1,1,1,1,0,2,6,1,1,1,0,2,1,13.6,9.2,0.772
6,4,1,4,0,2,1,5,0,2,10,2,6,2,0,9,0,1,1,1,1,0,1,1,1,0,1,5,1,1,1,0,2,0,10.8,7.2,0.674
1,1,1,0,0,0,0,5,0,0,2,0,0,0,0,3,0,1,1,1,0,0,0,0,1,0,0,2,0,0,0,0,1,0,13.0,2.0,0.392
11,9,5,7,0,8,0,14,0,5,13,4,11,4,0,16,1,1,1,1,2,0,1,0,1,0,2,4,1,1,1,0,2,1,15.429,8.143,0.476
5,2,2,0,0,1,1,6,0,0,3,1,3,0,0,2,0,1,1,1,0,0,1,1,1,0,0,3,1,1,0,0,1,0,8.667,2.0,0.416
3,9,4,4,2,3,1,11,0,1,5,3,5,0,2,7,1,1,1,1,2,1,1,1,1,0,1,3,1,1,0,1,1,1,60.0,29.0,0.365
10,19,6,4,4,10,1,19,1,8,13,12,8,4,0,18,0,1,1,1,3,1,1,1,1,1,2,4,1,1,1,0,2,0,27.6,8.4,0.482
10,13,7,10,0,9,1,20,2,6,15,4,18,3,0,14,2,1,1,1,3,0,1,1,1,1,2,7,1,1,1,0,3,1,14.889,9.306,0.733
7,7,9,4,4,3,0,10,1,5,10,1,7,1,0,13,0,1,1,1,3,1,1,0,1,1,3,4,1,1,1,0,4,0,20.5,13.562,0.781
2,8,3,6,0,6,0,8,0,3,13,1,9,6,0,15,0,1,1,1,2,0,1,0,1,0,2,6,1,1,1,0,2,0,16.0,14.4,0.712
1,0,2,3,0,0,0,0,0,2,3,0,1,1,0,3,0,1,0,1,2,0,0,0,0,0,2,2,0,1,1,0,1,0,16.0,27.0,0.884
2,3,0,0,0,2,0,4,1,0,0,1,0,0,0,0,0,1,1,0,0,0,1,0,1,1,0,0,1,0,0,0,0,0,13.0,0.0,0.196
1,2,1,0,1,2,0,1,0,0,2,5,2,0,0,4,0,1,1,1,0,1,1,0,1,0,0,1,1,1,0,0,1,0,21.0,4.0,0.309
3,3,5,4,2,2,0,9,0,2,8,0,2,2,0,8,2,1,1,1,2,1,1,0,1,0,1,4,0,1,1,0,1,1,26.0,13.5,0.49
1,2,1,0,1,4,1,7,0,2,3,0,4,0,0,4,0,1,1,1,0,1,1,1,1,0,2,3,0,1,0,0,2,0,15.0,9.0,0.645
27,39,12,20,7,23,0,69,4,10,20,11,34,3,0,25,7,1,1,1,3,1,1,0,1,1,2,8,1,1,1,0,1,1,31.1,12.8,0.441
4,3,3,2,1,2,0,10,0,1,3,2,9,1,2,7,0,1,1,1,2,1,1,0,1,0,1,2,1,1,1,1,1,0,9.6,3.6,0.51
4,3,3,1,1,1,0,8,0,1,3,5,2,0,0,0,0,1,1,1,1,1,1,0,1,0,1,2,1,1,0,0,0,0,32.0,17.0,0.5
1,1,2,1,0,2,0,5,0,1,2,1,2,0,0,3,0,1,1,1,1,0,1,0,1,0,1,2,1,1,0,0,1,0,10.5,2.0,0.463
0,4,1,1,0,1,1,3,1,0,2,1,3,0,0,3,0,0,1,1,1,0,1,1,1,1,0,1,1,1,0,0,1,0,10.5,3.0,0.463
1,2,5,3,2,3,0,4,0,3,7,0,0,1,0,8,1,1,1,1,3,1,1,0,1,0,2,4,0,0,1,0,1,1,13.333,15.25,0.894
3,3,2,1,2,2,0,4,0,0,4,0,0,1,0,2,0,1,1,1,1,1,1,0,1,0,0,2,0,0,1,0,1,0,24.0,6.0,0.433
1,5,2,2,0,3,0,5,0,0,5,1,1,1,0,4,0,1,1,1,1,0,1,0,1,0,0,4,1,1,1,0,1,0,15.0,6.5,0.516
0,2,2,3,0,1,0,1,3,0,2,1,1,0,0,2,0,0,1,1,2,0,1,0,1,1,0,1,1,1,0,0,1,0,18.0,6.0,0.5
2,3,1,2,0,1,0,4,0,0,2,0,0,0,0,1,0,1,1,1,1,0,1,0,1,0,0,1,0,0,0,0,1,0,16.0,8.0,0.53
1,1,0,3,0,1,1,1,0,1,1,1,0,1,0,2,0,1,1,0,2,0,1,1,1,0,1,1,1,0,1,0,1,0,14.0,18.0,0.945
0,0,0,0,1,1,0,7,0,1,1,0,0,0,0,2,2,0,0,0,0,1,1,0,1,0,1,1,0,0,0,0,1,1,15.0,7.0,0.365
1,1,3,1,0,3,0,5,0,1,4,0,4,1,0,4,0,1,1,1,1,0,1,0,1,0,1,3,0,1,1,0,1,0,7.0,3.5,0.668
1,2,1,1,1,0,0,3,0,3,1,0,0,0,0,3,0,1,1,1,1,1,0,0,1,0,2,1,0,0,0,0,1,0,16.0,11.0,0.53
0,0,0,1,1,0,0,2,1,1,3,0,3,0,0,2,0,0,0,0,1,1,0,0,1,1,1,2,0,1,0,0,1,0,7.0,7.0,0.567
12,13,8,13,4,13,0,18,0,7,15,0,18,1,0,12,1,1,1,1,3,1,1,0,1,0,2,5,0,1,1,0,1,1,26.8,19.15,0.489
0,0,1,3,0,3,0,4,0,0,4,0,2,0,0,4,0,0,0,1,1,0,1,0,1,0,0,2,0,1,0,0,1,0,10.5,9.0,0.309
2,3,0,3,0,4,0,6,1,1,6,0,0,2,0,8,1,1,1,0,2,0,1,0,1,1,1,3,0,0,1,0,1,1,37.0,19.0,0.581
6,7,6,9,4,7,0,8,2,6,14,2,10,0,1,12,2,1,1,1,4,1,1,0,1,1,3,3,1,1,0,1,5,1,18.8,16.85,0.656
1,3,0,0,2,2,0,5,0,0,1,0,2,0,0,4,0,1,1,0,0,1,1,0,1,0,0,1,0,1,0,0,1,0,10.0,1.0,0.316
2,0,0,1,0,2,0,4,0,0,6,1,2,1,0,4,0,1,0,0,1,0,1,0,1,0,0,5,1,1,1,0,2,0,7.667,6.0,1.032
1,2,1,1,1,1,0,5,2,1,3,0,0,0,0,2,0,1,1,1,1,1,1,0,1,1,1,2,0,0,0,0,1,0,10.0,2.0,0.316
2,3,2,3,0,5,1,17,3,0,3,0,24,0,0,3,3,1,1,1,2,0,1,1,1,1,0,2,0,1,0,0,2,1,16.5,5.75,0.435
0,1,3,2,0,2,0,4,0,2,2,0,0,0,0,3,0,0,1,1,1,0,1,0,1,0,1,1,0,0,0,0,1,0,19.0,4.0,0.324
2,2,1,4,2,1,0,2,0,1,7,1,4,1,0,5,0,1,1,1,2,1,1,0,1,0,1,3,1,1,1,0,1,0,16.5,13.0,0.615
1,9,4,1,1,5,0,12,4,0,5,0,6,2,1,6,0,1,1,1,1,1,1,0,1,1,0,2,0,1,1,1,1,0,56.0,6.0,0.283
2,1,0,2,1,1,0,4,0,0,2,0,2,0,0,1,0,1,1,0,1,1,1,0,1,0,0,2,0,1,0,0,1,0,15.0,6.0,0.548
3,0,0,3,1,3,0,4,0,1,3,0,3,0,0,4,0,1,0,0,2,1,1,0,1,0,1,1,0,1,0,0,1,0,12.5,8.5,0.566
3,6,1,4,0,4,1,11,5,1,3,1,9,0,2,3,0,1,1,1,3,0,1,1,1,1,1,3,1,1,0,1,1,0,25.5,12.0,0.594
1,3,0,1,0,1,0,2,2,1,1,1,1,0,1,0,0,1,1,0,1,0,1,0,1,1,1,1,1,0,0,1,0,0,14.0,4.0,0.567
1,2,2,2,1,0,0,0,1,0,2,3,4,0,0,2,1,1,1,1,2,1,0,0,0,1,0,2,1,1,0,0,1,1,20.0,11.0,0.632
6,4,3,5,0,2,0,7,1,0,6,0,5,2,0,6,0,1,1,1,2,0,1,0,1,1,0,4,0,1,1,0,2,0,9.4,6.6,0.619
0,0,0,2,0,2,0,2,0,1,2,0,2,0,0,2,0,0,0,0,2,0,1,0,1,0,1,1,0,1,0,0,1,0,13.0,18.0,0.981
0,1,1,2,0,0,0,1,2,1,4,0,3,0,1,3,0,0,1,1,2,0,0,0,1,1,1,3,0,1,0,1,1,0,6.0,7.333,0.833
4,11,5,6,5,8,1,16,0,4,20,1,8,3,0,16,4,1,1,1,3,1,1,1,1,0,2,6,1,1,1,0,3,1,22.4,14.8,0.668
7,7,6,6,3,6,0,18,0,5,10,10,25,1,0,14,4,1,1,1,2,1,1,0,1,0,2,5,1,1,1,0,2,1,13.556,6.667,0.512
4,9,5,5,6,6,0,12,0,3,15,1,8,4,0,16,0,1,1,1,2,1,1,0,1,0,2,6,1,1,1,0,2,0,23.5,13.25,0.729
1,0,0,0,1,2,0,5,0,0,0,0,1,0,0,2,0,1,0,0,0,1,1,0,1,0,0,0,0,1,0,0,2,0,12.0,3.0,0.408
14,17,9,20,5,11,0,26,3,9,19,3,22,6,2,22,4,1,1,1,6,1,1,0,1,1,2,5,1,1,1,1,3,1,12.8,11.488,0.612
2,2,2,2,0,3,0,2,1,1,5,0,3,0,0,2,0,1,1,1,1,0,1,0,1,1,1,3,0,1,0,0,1,0,8.333,7.667,0.707
0,3,1,1,0,2,0,0,1,0,2,0,0,0,0,1,0,0,1,1,1,0,1,0,0,1,0,2,0,0,0,0,1,0,11.0,7.0,0.853
0,3,0,0,0,3,0,3,0,0,1,0,0,0,0,3,0,0,1,0,0,0,1,0,1,0,0,1,0,0,0,0,1,0,13.0,3.0,0.392
2,1,4,4,1,0,0,3,2,2,4,5,5,1,1,6,0,1,1,1,2,1,0,0,1,1,1,3,1,1,1,1,1,0,13.333,7.667,0.559
4,5,3,8,1,2,0,9,7,2,4,0,6,1,2,3,0,1,1,1,2,1,1,0,1,1,2,4,0,1,1,1,1,0,13.75,7.0,0.572
1,2,0,0,2,0,0,4,0,0,1,1,0,0,0,4,0,1,1,0,0,1,0,0,1,0,0,1,1,0,0,0,1,0,15.0,2.0,0.365
1,2,0,0,1,2,0,2,0,0,2,0,1,0,0,1,0,1,1,0,0,1,1,0,1,0,0,2,0,1,0,0,1,0,12.0,3.0,0.408
5,7,4,4,4,3,1,11,4,2,5,1,5,1,2,6,0,1,1,1,2,1,1,1,1,1,1,2,1,1,1,1,1,0,21.0,3.333,0.267
1,1,0,0,0,1,1,1,2,0,0,3,1,0,0,0,0,1,1,0,0,0,1,1,1,1,0,0,1,1,0,0,0,0,5.5,0.0,0.213
0,2,1,1,2,2,0,3,0,1,7,0,0,0,0,5,0,0,1,1,1,1,1,0,1,0,1,4,0,0,0,0,1,0,8.0,6.333,0.722
3,2,2,4,1,5,0,6,2,0,3,1,2,1,0,2,0,1,1,1,2,1,1,0,1,1,0,3,1,1,1,0,1,0,34.0,11.0,0.485
4,14,8,8,0,10,1,21,2,4,22,2,13,0,1,22,2,1,1,1,3,0,1,1,1,1,2,7,1,1,0,1,1,1,14.889,7.556,0.611
4,3,7,10,3,5,0,7,0,6,10,6,10,3,0,7,0,1,1,1,4,1,1,0,1,0,2,2,1,1,1,0,2,0,16.2,20.35,0.629
2,3,2,3,0,5,1,16,3,0,3,1,24,0,0,3,3,1,1,1,2,0,1,1,1,1,0,2,1,1,0,0,2,1,16.5,5.75,0.435
2,2,1,4,0,0,0,4,1,0,4,0,1,2,0,2,0,1,1,1,2,0,0,0,1,1,0,3,0,1,1,0,1,0,23.0,12.0,0.59
0,2,0,3,0,1,0,3,1,1,2,0,1,0,0,3,0,0,1,0,2,0,1,0,1,1,1,2,0,1,0,0,2,0,8.5,9.125,1.029
3,6,6,3,2,5,0,4,2,1,7,9,5,3,0,6,0,1,1,1,1,1,1,0,1,1,1,4,1,1,1,0,2,0,20.667,7.667,0.539
